{"resultSet":{"vehicle":[{"tripID":4419232,"serviceDate":1395730800000,"direction":1,"garage":"POWELL","type":"bus","lastLocID":8746,"messageCode":813,"time":1395760415319,"expires":1395760831000,"signMessageLong":"77  Broadway/Halsey to Montgomery Park","extraBlockID":null,"locationInScheduleDay":29630,"longitude":-122.3953622,"blockID":7735,"offRoute":false,"nextLocID":2346,"vehicleID":2222,"signMessage":"77 Montgomry Pk","extraTripID":null,"nextStopSeq":4,"routeNumber":77,"vehicleLoad":"unknown","bearing":264,"lastStopSeq":3,"inCongestion":false,"delay":19,"latitude":45.5392061},{"tripID":4419092,"serviceDate":1395730800000,"direction":0,"garage":"POWELL","type":"bus","lastLocID":2360,"messageCode":809,"time":1395760401013,"expires":1395760818000,"signMessageLong":"77  Broadway/Halsey to Troutdale","extraBlockID":null,"locationInScheduleDay":29678,"longitude":-122.5444343,"blockID":7736,"offRoute":false,"nextLocID":2364,"vehicleID":2221,"signMessage":"77 To Troutdale","extraTripID":null,"nextStopSeq":61,"routeNumber":77,"vehicleLoad":"unknown","bearing":89,"lastStopSeq":60,"inCongestion":false,"delay":80,"latitude":45.5335151},{"tripID":4411318,"serviceDate":1395730800000,"direction":0,"garage":"POWELL","type":"bus","lastLocID":7666,"messageCode":266,"time":1395760415308,"expires":1395760833000,"signMessageLong":"14  Hawthorne to 94th & Foster","extraBlockID":null,"locationInScheduleDay":29629,"longitude":-122.6113721,"blockID":1438,"offRoute":false,"nextLocID":1792,"vehicleID":2220,"signMessage":"14 To 94-Foster","extraTripID":null,"nextStopSeq":29,"routeNumber":14,"vehicleLoad":"unknown","bearing":180,"lastStopSeq":28,"inCongestion":false,"delay":16,"latitude":45.497865},{"tripID":4418202,"serviceDate":1395730800000,"direction":1,"garage":"POWELL","type":"bus","lastLocID":7986,"messageCode":760,"time":1395760401015,"expires":1395760818000,"signMessageLong":"72  Killingsworth/82nd to Clackamas TC","extraBlockID":null,"locationInScheduleDay":29645,"longitude":-122.5788378,"blockID":7248,"offRoute":false,"nextLocID":8041,"vehicleID":2215,"signMessage":"72 Clackamas TC","extraTripID":null,"nextStopSeq":87,"routeNumber":72,"vehicleLoad":"unknown","bearing":180,"lastStopSeq":86,"inCongestion":false,"delay":47,"latitude":45.4889002},{"tripID":4418200,"serviceDate":1395730800000,"direction":1,"garage":"POWELL","type":"bus","lastLocID":12921,"messageCode":760,"time":1395760418560,"expires":1395760834000,"signMessageLong":"72  Killingsworth/82nd to Clackamas TC","extraBlockID":null,"locationInScheduleDay":29619,"longitude":-122.5689813,"blockID":7247,"offRoute":false,"nextLocID":13247,"vehicleID":2250,"signMessage":"72 Clackamas TC","extraTripID":null,"nextStopSeq":111,"routeNumber":72,"vehicleLoad":"unknown","bearing":81,"lastStopSeq":110,"inCongestion":false,"delay":0,"latitude":45.4354978},{"tripID":4417876,"serviceDate":1395730800000,"direction":0,"garage":"POWELL","type":"bus","lastLocID":3210,"messageCode":766,"time":1395760403435,"expires":1395760820000,"signMessageLong":"72  Killingsworth/82nd to Swan Island-Anchor St","extraBlockID":null,"locationInScheduleDay":29578,"longitude":-122.6006361,"blockID":7250,"offRoute":false,"nextLocID":3209,"vehicleID":2242,"signMessage":"72 Swan Island","extraTripID":null,"nextStopSeq":69,"routeNumber":72,"vehicleLoad":"unknown","bearing":270,"lastStopSeq":68,"inCongestion":false,"delay":-22,"latitude":45.5627549},{"tripID":4419093,"serviceDate":1395730800000,"direction":0,"garage":"POWELL","type":"bus","lastLocID":10870,"messageCode":809,"time":1395760370209,"expires":1395760788000,"signMessageLong":"77  Broadway/Halsey to Troutdale","extraBlockID":null,"locationInScheduleDay":29700,"longitude":-122.6206027,"blockID":7737,"offRoute":false,"nextLocID":7509,"vehicleID":2285,"signMessage":"77 To Troutdale","extraTripID":null,"nextStopSeq":36,"routeNumber":77,"vehicleLoad":"unknown","bearing":91,"lastStopSeq":35,"inCongestion":false,"delay":132,"latitude":45.5333119},{"tripID":4418205,"serviceDate":1395730800000,"direction":1,"garage":"POWELL","type":"bus","lastLocID":3204,"messageCode":760,"time":1395760403545,"expires":1395760821000,"signMessageLong":"72  Killingsworth/82nd to Clackamas TC","extraBlockID":null,"locationInScheduleDay":29676,"longitude":-122.6069853,"blockID":7252,"offRoute":false,"nextLocID":3208,"vehicleID":2283,"signMessage":"72 Clackamas TC","extraTripID":null,"nextStopSeq":44,"routeNumber":72,"vehicleLoad":"unknown","bearing":90,"lastStopSeq":43,"inCongestion":false,"delay":75,"latitude":45.5627578},{"tripID":4418204,"serviceDate":1395730800000,"direction":1,"garage":"POWELL","type":"bus","lastLocID":8035,"messageCode":760,"time":1395760406536,"expires":1395760824000,"signMessageLong":"72  Killingsworth/82nd to Clackamas TC","extraBlockID":null,"locationInScheduleDay":29664,"longitude":-122.5789516,"blockID":7244,"offRoute":false,"nextLocID":8056,"vehicleID":2276,"signMessage":"72 Clackamas TC","extraTripID":null,"nextStopSeq":63,"routeNumber":72,"vehicleLoad":"unknown","bearing":180,"lastStopSeq":62,"inCongestion":false,"delay":60,"latitude":45.5388392},{"tripID":4411319,"serviceDate":1395730800000,"direction":0,"garage":"POWELL","type":"bus","lastLocID":2599,"messageCode":266,"time":1395760373316,"expires":1395760792000,"signMessageLong":"14  Hawthorne to 94th & Foster","extraBlockID":null,"locationInScheduleDay":29520,"longitude":-122.6538685,"blockID":1439,"offRoute":false,"nextLocID":2595,"vehicleID":2275,"signMessage":"14 To 94-Foster","extraTripID":null,"nextStopSeq":7,"routeNumber":14,"vehicleLoad":"unknown","bearing":90,"lastStopSeq":6,"inCongestion":false,"delay":-52,"latitude":45.5121915},{"tripID":4413883,"serviceDate":1395730800000,"direction":1,"garage":"CENTER","type":"bus","lastLocID":3249,"messageCode":464,"time":1395760403179,"expires":1395760821000,"signMessageLong":"31  To Portland via Milwaukie","extraBlockID":null,"locationInScheduleDay":29608,"longitude":-122.5964235,"blockID":3003,"offRoute":false,"nextLocID":3235,"vehicleID":2119,"signMessage":"31 To Portland","extraTripID":null,"nextStopSeq":9,"routeNumber":31,"vehicleLoad":"unknown","bearing":270,"lastStopSeq":8,"inCongestion":false,"delay":7,"latitude":45.4479376},{"tripID":4417322,"serviceDate":1395730800000,"direction":1,"garage":"CENTER","type":"bus","lastLocID":7382,"messageCode":788,"time":1395760421226,"expires":1395760837000,"signMessageLong":"70  12th/NE 33rd Ave to Milwaukie","extraBlockID":null,"locationInScheduleDay":29344,"longitude":-122.630683,"blockID":7006,"offRoute":false,"nextLocID":7372,"vehicleID":2150,"signMessage":"70 To Milwaukie","extraTripID":null,"nextStopSeq":19,"routeNumber":70,"vehicleLoad":"unknown","bearing":180,"lastStopSeq":18,"inCongestion":false,"delay":-273,"latitude":45.5628069},{"tripID":4417170,"serviceDate":1395730800000,"direction":0,"garage":"CENTER","type":"bus","lastLocID":6578,"messageCode":780,"time":1395760424109,"expires":1395760840000,"signMessageLong":"70  12th/NE 33rd Ave to NE Sunderland","extraBlockID":null,"locationInScheduleDay":29473,"longitude":-122.6537312,"blockID":7008,"offRoute":false,"nextLocID":6581,"vehicleID":2506,"signMessage":"70 To Sunderlnd","extraTripID":null,"nextStopSeq":25,"routeNumber":70,"vehicleLoad":"unknown","bearing":0,"lastStopSeq":24,"inCongestion":false,"delay":-147,"latitude":45.5047538},{"tripID":4417881,"serviceDate":1395730800000,"direction":0,"garage":"POWELL","type":"bus","lastLocID":8017,"messageCode":766,"time":1395760421348,"expires":1395760837000,"signMessageLong":"72  Killingsworth/82nd to Swan Island-Anchor St","extraBlockID":null,"locationInScheduleDay":29571,"longitude":-122.5791148,"blockID":7238,"offRoute":false,"nextLocID":7983,"vehicleID":2527,"signMessage":"72 Swan Island","extraTripID":null,"nextStopSeq":9,"routeNumber":72,"vehicleLoad":"unknown","bearing":0,"lastStopSeq":8,"inCongestion":false,"delay":-46,"latitude":45.4563171},{"tripID":4417321,"serviceDate":1395730800000,"direction":1,"garage":"CENTER","type":"bus","lastLocID":8937,"messageCode":789,"time":1395760403331,"expires":1395760819000,"signMessageLong":"70  12th Ave to Milwaukie via 17th & Tacoma","extraBlockID":null,"locationInScheduleDay":29520,"longitude":-122.6548037,"blockID":7002,"offRoute":false,"nextLocID":6583,"vehicleID":2524,"signMessage":"70 To Milw via 17","extraTripID":null,"nextStopSeq":45,"routeNumber":70,"vehicleLoad":"unknown","bearing":90,"lastStopSeq":44,"inCongestion":false,"delay":-79,"latitude":45.5299993},{"tripID":4411571,"serviceDate":1395730800000,"direction":1,"garage":"CENTER","type":"bus","lastLocID":1798,"messageCode":268,"time":1395760400953,"expires":1395760818000,"signMessageLong":"14  Hawthorne to Portland","extraBlockID":null,"locationInScheduleDay":28884,"longitude":-122.607488,"blockID":1405,"offRoute":false,"nextLocID":1793,"vehicleID":2520,"signMessage":"14 To Portland","extraTripID":null,"nextStopSeq":17,"routeNumber":14,"vehicleLoad":"unknown","bearing":306,"lastStopSeq":16,"inCongestion":false,"delay":-714,"latitude":45.4948854},{"tripID":4419230,"serviceDate":1395730800000,"direction":1,"garage":"CENTER","type":"bus","lastLocID":2451,"messageCode":813,"time":1395760358306,"expires":1395760774000,"signMessageLong":"77  Broadway/Halsey to Montgomery Park","extraBlockID":null,"locationInScheduleDay":29513,"longitude":-122.5905093,"blockID":7701,"offRoute":false,"nextLocID":2445,"vehicleID":2512,"signMessage":"77 Montgomry Pk","extraTripID":null,"nextStopSeq":57,"routeNumber":77,"vehicleLoad":"unknown","bearing":272,"lastStopSeq":56,"inCongestion":false,"delay":-41,"latitude":45.5336147},{"tripID":4418199,"serviceDate":1395730800000,"direction":1,"garage":"POWELL","type":"bus","lastLocID":12921,"messageCode":760,"time":1395760025362,"expires":1395760443000,"signMessageLong":"72  Killingsworth/82nd to Clackamas TC","extraBlockID":null,"locationInScheduleDay":29068,"longitude":-122.5690736,"blockID":7240,"offRoute":false,"nextLocID":13247,"vehicleID":2533,"signMessage":"72 Clackamas TC","extraTripID":null,"nextStopSeq":111,"routeNumber":72,"vehicleLoad":"unknown","bearing":173,"lastStopSeq":110,"inCongestion":false,"delay":0,"latitude":45.4357746},{"tripID":4417874,"serviceDate":1395730800000,"direction":0,"garage":"POWELL","type":"bus","lastLocID":3174,"messageCode":768,"time":1395760421565,"expires":1395760839000,"signMessageLong":"72  Killingsworth/82nd to Swan Island-Shipyards","extraBlockID":null,"locationInScheduleDay":29678,"longitude":-122.6767987,"blockID":7249,"offRoute":false,"nextLocID":3170,"vehicleID":2558,"signMessage":"72 Swan Island","extraTripID":null,"nextStopSeq":99,"routeNumber":72,"vehicleLoad":"unknown","bearing":269,"lastStopSeq":98,"inCongestion":false,"delay":59,"latitude":45.5626774},{"tripID":4417880,"serviceDate":1395730800000,"direction":0,"garage":"POWELL","type":"bus","lastLocID":8040,"messageCode":766,"time":1395760418759,"expires":1395760837000,"signMessageLong":"72  Killingsworth/82nd to Swan Island-Anchor St","extraBlockID":null,"locationInScheduleDay":29533,"longitude":-122.5788269,"blockID":7236,"offRoute":false,"nextLocID":7984,"vehicleID":2552,"signMessage":"72 Swan Island","extraTripID":null,"nextStopSeq":25,"routeNumber":72,"vehicleLoad":"unknown","bearing":0,"lastStopSeq":24,"inCongestion":false,"delay":-84,"latitude":45.4893851},{"tripID":4418203,"serviceDate":1395730800000,"direction":1,"garage":"POWELL","type":"bus","lastLocID":7980,"messageCode":760,"time":1395760403701,"expires":1395760822000,"signMessageLong":"72  Killingsworth/82nd to Clackamas TC","extraBlockID":null,"locationInScheduleDay":29606,"longitude":-122.5787009,"blockID":7242,"offRoute":false,"nextLocID":8008,"vehicleID":2548,"signMessage":"72 Clackamas TC","extraTripID":null,"nextStopSeq":77,"routeNumber":72,"vehicleLoad":"unknown","bearing":177,"lastStopSeq":76,"inCongestion":false,"delay":4,"latitude":45.5120658},{"tripID":4411569,"serviceDate":1395730800000,"direction":1,"garage":"POWELL","type":"bus","lastLocID":3633,"messageCode":268,"time":1395760403653,"expires":1395760821000,"signMessageLong":"14  Hawthorne to Portland","extraBlockID":null,"locationInScheduleDay":29572,"longitude":-122.6606011,"blockID":1440,"offRoute":false,"nextLocID":2642,"vehicleID":2308,"signMessage":"14 To Portland","extraTripID":null,"nextStopSeq":42,"routeNumber":14,"vehicleLoad":"unknown","bearing":270,"lastStopSeq":41,"inCongestion":false,"delay":-29,"latitude":45.5129375},{"tripID":4417879,"serviceDate":1395730800000,"direction":0,"garage":"POWELL","type":"bus","lastLocID":8014,"messageCode":766,"time":1395760403634,"expires":1395760822000,"signMessageLong":"72  Killingsworth/82nd to Swan Island-Anchor St","extraBlockID":null,"locationInScheduleDay":29792,"longitude":-122.5790475,"blockID":7253,"offRoute":false,"nextLocID":7987,"vehicleID":2318,"signMessage":"72 Swan Island","extraTripID":null,"nextStopSeq":46,"routeNumber":72,"vehicleLoad":"unknown","bearing":0,"lastStopSeq":45,"inCongestion":false,"delay":190,"latitude":45.5295494},{"tripID":4411572,"serviceDate":1395730800000,"direction":1,"garage":"POWELL","type":"bus","lastLocID":7658,"messageCode":268,"time":1395760415378,"expires":1395760831000,"signMessageLong":"14  Hawthorne to Portland","extraBlockID":null,"locationInScheduleDay":29677,"longitude":-122.6115671,"blockID":1435,"offRoute":false,"nextLocID":13734,"vehicleID":2316,"signMessage":"14 To Portland","extraTripID":null,"nextStopSeq":25,"routeNumber":14,"vehicleLoad":"unknown","bearing":356,"lastStopSeq":24,"inCongestion":false,"delay":66,"latitude":45.5117721},{"tripID":4411573,"serviceDate":1395730800000,"direction":1,"garage":"CENTER","type":"bus","lastLocID":1793,"messageCode":268,"time":1395760400950,"expires":1395760818000,"signMessageLong":"14  Hawthorne to Portland","extraBlockID":null,"locationInScheduleDay":29714,"longitude":-122.6099735,"blockID":1403,"offRoute":false,"nextLocID":7656,"vehicleID":2725,"signMessage":"14 To Portland","extraTripID":null,"nextStopSeq":18,"routeNumber":14,"vehicleLoad":"unknown","bearing":313,"lastStopSeq":17,"inCongestion":false,"delay":116,"latitude":45.4963244},{"tripID":4419231,"serviceDate":1395730800000,"direction":1,"garage":"CENTER","type":"bus","lastLocID":2399,"messageCode":813,"time":1395760370072,"expires":1395760787000,"signMessageLong":"77  Broadway/Halsey to Montgomery Park","extraBlockID":null,"locationInScheduleDay":29470,"longitude":-122.4861403,"blockID":7705,"offRoute":false,"nextLocID":2398,"vehicleID":2720,"signMessage":"77 Montgomry Pk","extraTripID":null,"nextStopSeq":25,"routeNumber":77,"vehicleLoad":"unknown","bearing":270,"lastStopSeq":24,"inCongestion":false,"delay":-97,"latitude":45.5347009},{"tripID":4411574,"serviceDate":1395730800000,"direction":1,"garage":"CENTER","type":"bus","lastLocID":1818,"messageCode":268,"time":1395760415277,"expires":1395760831000,"signMessageLong":"14  Hawthorne to Portland","extraBlockID":null,"locationInScheduleDay":29655,"longitude":-122.5805403,"blockID":1404,"offRoute":false,"nextLocID":1815,"vehicleID":2718,"signMessage":"14 To Portland","extraTripID":null,"nextStopSeq":7,"routeNumber":14,"vehicleLoad":"unknown","bearing":298,"lastStopSeq":6,"inCongestion":false,"delay":44,"latitude":45.4834353},{"tripID":4417320,"serviceDate":1395730800000,"direction":1,"garage":"CENTER","type":"bus","lastLocID":6545,"messageCode":790,"time":1395760409126,"expires":1395760826000,"signMessageLong":"70  12th Ave to Milwaukie via 13th & Tacoma","extraBlockID":null,"locationInScheduleDay":29473,"longitude":-122.6547486,"blockID":7007,"offRoute":false,"nextLocID":6544,"vehicleID":2709,"signMessage":"70 To Milw via 13","extraTripID":null,"nextStopSeq":56,"routeNumber":70,"vehicleLoad":"unknown","bearing":180,"lastStopSeq":55,"inCongestion":false,"delay":-133,"latitude":45.5049482},{"tripID":4417168,"serviceDate":1395730800000,"direction":0,"garage":"CENTER","type":"bus","lastLocID":8883,"messageCode":783,"time":1395760421266,"expires":1395760839000,"signMessageLong":"70  33rd Ave to NE Sunderland","extraBlockID":null,"locationInScheduleDay":29624,"longitude":-122.643528,"blockID":7001,"offRoute":false,"nextLocID":8854,"vehicleID":2704,"signMessage":"70 To Sunderlnd","extraTripID":null,"nextStopSeq":71,"routeNumber":70,"vehicleLoad":"unknown","bearing":28,"lastStopSeq":70,"inCongestion":false,"delay":5,"latitude":45.5820119},{"tripID":4417171,"serviceDate":1395730800000,"direction":0,"garage":"CENTER","type":"bus","lastLocID":6699,"messageCode":782,"time":1395760421248,"expires":1395760839000,"signMessageLong":"70  12th/NE 33rd Ave to NE Sunderland via 13th & Tacoma","extraBlockID":null,"locationInScheduleDay":29648,"longitude":-122.6530145,"blockID":7003,"offRoute":false,"nextLocID":6693,"vehicleID":2705,"signMessage":"70 To Sunderland via 13th","extraTripID":null,"nextStopSeq":12,"routeNumber":70,"vehicleLoad":"unknown","bearing":0,"lastStopSeq":11,"inCongestion":false,"delay":29,"latitude":45.4672995},{"tripID":4417167,"serviceDate":1395730800000,"direction":0,"garage":"CENTER","type":"bus","lastLocID":13040,"messageCode":783,"time":1395760415248,"expires":1395760831000,"signMessageLong":"70  33rd Ave to NE Sunderland","extraBlockID":null,"locationInScheduleDay":28980,"longitude":-122.6357648,"blockID":7004,"offRoute":false,"nextLocID":9368,"vehicleID":2701,"signMessage":"70 To Sunderlnd","extraTripID":null,"nextStopSeq":83,"routeNumber":70,"vehicleLoad":"unknown","bearing":180,"lastStopSeq":82,"inCongestion":false,"delay":0,"latitude":45.5898735},{"tripID":4419094,"serviceDate":1395730800000,"direction":0,"garage":"CENTER","type":"bus","lastLocID":11817,"messageCode":809,"time":1395760403597,"expires":1395760820000,"signMessageLong":"77  Broadway/Halsey to Troutdale","extraBlockID":null,"locationInScheduleDay":29653,"longitude":-122.6653965,"blockID":7704,"offRoute":false,"nextLocID":13708,"vehicleID":2614,"signMessage":"77 To Troutdale","extraTripID":null,"nextStopSeq":20,"routeNumber":77,"vehicleLoad":"unknown","bearing":90,"lastStopSeq":19,"inCongestion":false,"delay":53,"latitude":45.5307994},{"tripID":4411317,"serviceDate":1395730800000,"direction":0,"garage":"CENTER","type":"bus","lastLocID":1827,"messageCode":266,"time":1395760403586,"expires":1395760820000,"signMessageLong":"14  Hawthorne to 94th & Foster","extraBlockID":null,"locationInScheduleDay":29600,"longitude":-122.5704134,"blockID":1401,"offRoute":false,"nextLocID":6427,"vehicleID":2608,"signMessage":"14 To 94-Foster","extraTripID":null,"nextStopSeq":46,"routeNumber":14,"vehicleLoad":"unknown","bearing":157,"lastStopSeq":45,"inCongestion":false,"delay":0,"latitude":45.4797951},{"tripID":4417169,"serviceDate":1395730800000,"direction":0,"garage":"CENTER","type":"bus","lastLocID":4050,"messageCode":783,"time":1395760397135,"expires":1395760816000,"signMessageLong":"70  33rd Ave to NE Sunderland","extraBlockID":null,"locationInScheduleDay":29581,"longitude":-122.6448587,"blockID":7010,"offRoute":false,"nextLocID":7107,"vehicleID":2623,"signMessage":"70 To Sunderlnd","extraTripID":null,"nextStopSeq":41,"routeNumber":70,"vehicleLoad":"unknown","bearing":359,"lastStopSeq":40,"inCongestion":false,"delay":-15,"latitude":45.531484},{"tripID":4419229,"serviceDate":1395730800000,"direction":1,"garage":"CENTER","type":"bus","lastLocID":641,"messageCode":813,"time":1395760394020,"expires":1395760811000,"signMessageLong":"77  Broadway/Halsey to Montgomery Park","extraBlockID":null,"locationInScheduleDay":29546,"longitude":-122.6352399,"blockID":7707,"offRoute":false,"nextLocID":639,"vehicleID":2653,"signMessage":"77 Montgomry Pk","extraTripID":null,"nextStopSeq":75,"routeNumber":77,"vehicleLoad":"unknown","bearing":267,"lastStopSeq":74,"inCongestion":false,"delay":-45,"latitude":45.5352071},{"tripID":4417319,"serviceDate":1395730800000,"direction":1,"garage":"CENTER","type":"bus","lastLocID":6902,"messageCode":791,"time":1395760418656,"expires":1395760837000,"signMessageLong":"70  To Milwaukie","extraBlockID":null,"locationInScheduleDay":29633,"longitude":-122.6455932,"blockID":7009,"offRoute":false,"nextLocID":6903,"vehicleID":2626,"signMessage":"70 To Milwaukie","extraTripID":null,"nextStopSeq":77,"routeNumber":70,"vehicleLoad":"unknown","bearing":158,"lastStopSeq":76,"inCongestion":false,"delay":16,"latitude":45.4519555},{"tripID":4419228,"serviceDate":1395730800000,"direction":1,"garage":"CENTER","type":"bus","lastLocID":9311,"messageCode":813,"time":1395760397140,"expires":1395760816000,"signMessageLong":"77  Broadway/Halsey to Montgomery Park","extraBlockID":null,"locationInScheduleDay":29410,"longitude":-122.6739685,"blockID":7703,"offRoute":false,"nextLocID":1997,"vehicleID":2630,"signMessage":"77 Montgomry Pk","extraTripID":null,"nextStopSeq":88,"routeNumber":77,"vehicleLoad":"unknown","bearing":260,"lastStopSeq":87,"inCongestion":false,"delay":-186,"latitude":45.526763},{"tripID":4419233,"serviceDate":1395730800000,"direction":1,"garage":"CENTER","type":"bus","lastLocID":9481,"messageCode":813,"time":1395760427200,"expires":1395760846000,"signMessageLong":"77  Broadway/Halsey to Montgomery Park","extraBlockID":null,"locationInScheduleDay":29626,"longitude":-122.3982117,"blockID":7706,"offRoute":false,"nextLocID":9471,"vehicleID":2632,"signMessage":"77 Montgomry Pk","extraTripID":null,"nextStopSeq":2,"routeNumber":77,"vehicleLoad":"unknown","bearing":85,"lastStopSeq":1,"inCongestion":false,"delay":0,"latitude":45.5443612},{"tripID":4418206,"serviceDate":1395730800000,"direction":1,"garage":"POWELL","type":"bus","lastLocID":5927,"messageCode":760,"time":1395760424095,"expires":1395760841000,"signMessageLong":"72  Killingsworth/82nd to Clackamas TC","extraBlockID":null,"locationInScheduleDay":29634,"longitude":-122.6615093,"blockID":7237,"offRoute":false,"nextLocID":46,"vehicleID":3004,"signMessage":"72 Clackamas TC","extraTripID":null,"nextStopSeq":21,"routeNumber":72,"vehicleLoad":"unknown","bearing":180,"lastStopSeq":20,"inCongestion":false,"delay":13,"latitude":45.562344},{"tripID":4413882,"serviceDate":1395730800000,"direction":1,"garage":"POWELL","type":"bus","lastLocID":13488,"messageCode":466,"time":1395760421072,"expires":1395760839000,"signMessageLong":"31  Portland","extraBlockID":null,"locationInScheduleDay":29624,"longitude":-122.6607331,"blockID":3136,"offRoute":false,"nextLocID":2171,"vehicleID":3007,"signMessage":"31 To Portland","extraTripID":null,"nextStopSeq":35,"routeNumber":31,"vehicleLoad":"unknown","bearing":355,"lastStopSeq":34,"inCongestion":false,"delay":5,"latitude":45.5021914},{"tripID":4417878,"serviceDate":1395730800000,"direction":0,"garage":"POWELL","type":"bus","lastLocID":7927,"messageCode":766,"time":1395760400852,"expires":1395760818000,"signMessageLong":"72  Killingsworth/82nd to Swan Island-Anchor St","extraBlockID":null,"locationInScheduleDay":29675,"longitude":-122.5785195,"blockID":7251,"offRoute":false,"nextLocID":3216,"vehicleID":3003,"signMessage":"72 Swan Island","extraTripID":null,"nextStopSeq":62,"routeNumber":72,"vehicleLoad":"unknown","bearing":0,"lastStopSeq":61,"inCongestion":false,"delay":77,"latitude":45.5611294},{"tripID":4417873,"serviceDate":1395730800000,"direction":0,"garage":"POWELL","type":"bus","lastLocID":2202,"messageCode":766,"time":1395760409126,"expires":1395760826000,"signMessageLong":"72  Killingsworth/82nd to Swan Island-Anchor St","extraBlockID":null,"locationInScheduleDay":29606,"longitude":-122.6954904,"blockID":7241,"offRoute":false,"nextLocID":2161,"vehicleID":3048,"signMessage":"72 Swan Island","extraTripID":null,"nextStopSeq":107,"routeNumber":72,"vehicleLoad":"unknown","bearing":270,"lastStopSeq":106,"inCongestion":false,"delay":0,"latitude":45.5559997},{"tripID":4418201,"serviceDate":1395730800000,"direction":1,"garage":"POWELL","type":"bus","lastLocID":7969,"messageCode":760,"time":1395760403297,"expires":1395760819000,"signMessageLong":"72  Killingsworth/82nd to Clackamas TC","extraBlockID":null,"locationInScheduleDay":29731,"longitude":-122.5788976,"blockID":7235,"offRoute":false,"nextLocID":7990,"vehicleID":3053,"signMessage":"72 Clackamas TC","extraTripID":null,"nextStopSeq":107,"routeNumber":72,"vehicleLoad":"unknown","bearing":177,"lastStopSeq":106,"inCongestion":false,"delay":132,"latitude":45.4469194},{"tripID":4418207,"serviceDate":1395730800000,"direction":1,"garage":"POWELL","type":"bus","lastLocID":9399,"messageCode":760,"time":1395760415248,"expires":1395760832000,"signMessageLong":"72  Killingsworth/82nd to Clackamas TC","extraBlockID":null,"locationInScheduleDay":29756,"longitude":-122.6917767,"blockID":7245,"offRoute":false,"nextLocID":2195,"vehicleID":3052,"signMessage":"72 Clackamas TC","extraTripID":null,"nextStopSeq":4,"routeNumber":72,"vehicleLoad":"unknown","bearing":244,"lastStopSeq":3,"inCongestion":false,"delay":144,"latitude":45.5553562},{"tripID":4417875,"serviceDate":1395730800000,"direction":0,"garage":"POWELL","type":"bus","lastLocID":64,"messageCode":766,"time":1395760397100,"expires":1395760816000,"signMessageLong":"72  Killingsworth/82nd to Swan Island-Anchor St","extraBlockID":null,"locationInScheduleDay":29596,"longitude":-122.6384785,"blockID":7234,"offRoute":false,"nextLocID":61,"vehicleID":3054,"signMessage":"72 Swan Island","extraTripID":null,"nextStopSeq":84,"routeNumber":72,"vehicleLoad":"unknown","bearing":270,"lastStopSeq":83,"inCongestion":false,"delay":0,"latitude":45.5590579},{"tripID":4419091,"serviceDate":1395730800000,"direction":0,"garage":"POWELL","type":"bus","lastLocID":2327,"messageCode":809,"time":1395760415289,"expires":1395760831000,"signMessageLong":"77  Broadway/Halsey to Troutdale","extraBlockID":null,"locationInScheduleDay":29467,"longitude":-122.4396655,"blockID":7734,"offRoute":false,"nextLocID":2436,"vehicleID":3046,"signMessage":"77 To Troutdale","extraTripID":null,"nextStopSeq":88,"routeNumber":77,"vehicleLoad":"unknown","bearing":80,"lastStopSeq":87,"inCongestion":false,"delay":-144,"latitude":45.5341403},{"tripID":4419226,"serviceDate":1395730800000,"direction":1,"garage":"POWELL","type":"bus","lastLocID":8483,"messageCode":813,"time":1395760406238,"expires":1395760823000,"signMessageLong":"77  Broadway/Halsey to Montgomery Park","extraBlockID":null,"locationInScheduleDay":28360,"longitude":-122.7069345,"blockID":7738,"offRoute":false,"nextLocID":8484,"vehicleID":3035,"signMessage":"77 Montgomry Pk","extraTripID":null,"nextStopSeq":109,"routeNumber":77,"vehicleLoad":"unknown","bearing":178,"lastStopSeq":108,"inCongestion":false,"delay":-43,"latitude":45.5377966},{"tripID":4411570,"serviceDate":1395730800000,"direction":1,"garage":"POWELL","type":"bus","lastLocID":2602,"messageCode":268,"time":1395760397088,"expires":1395760816000,"signMessageLong":"14  Hawthorne to Portland","extraBlockID":null,"locationInScheduleDay":29735,"longitude":-122.653683,"blockID":1434,"offRoute":false,"nextLocID":3637,"vehicleID":3027,"signMessage":"14 To Portland","extraTripID":null,"nextStopSeq":39,"routeNumber":14,"vehicleLoad":"unknown","bearing":359,"lastStopSeq":38,"inCongestion":false,"delay":139,"latitude":45.5124786},{"tripID":4417877,"serviceDate":1395730800000,"direction":0,"garage":"POWELL","type":"bus","lastLocID":8001,"messageCode":766,"time":1395760418444,"expires":1395760835000,"signMessageLong":"72  Killingsworth/82nd to Swan Island-Anchor St","extraBlockID":null,"locationInScheduleDay":29679,"longitude":-122.5788696,"blockID":7243,"offRoute":false,"nextLocID":8046,"vehicleID":3025,"signMessage":"72 Swan Island","extraTripID":null,"nextStopSeq":54,"routeNumber":72,"vehicleLoad":"unknown","bearing":0,"lastStopSeq":53,"inCongestion":false,"delay":64,"latitude":45.5432071},{"tripID":4419227,"serviceDate":1395730800000,"direction":1,"garage":"CENTER","type":"bus","lastLocID":4105,"messageCode":813,"time":1395760421369,"expires":1395760839000,"signMessageLong":"77  Broadway/Halsey to Montgomery Park","extraBlockID":null,"locationInScheduleDay":29308,"longitude":-122.7069496,"blockID":7702,"offRoute":false,"nextLocID":8483,"vehicleID":2005,"signMessage":"77 Montgomry Pk","extraTripID":null,"nextStopSeq":108,"routeNumber":77,"vehicleLoad":"unknown","bearing":177,"lastStopSeq":107,"inCongestion":false,"delay":-311,"latitude":45.5382427},{"tripID":4411568,"serviceDate":1395730800000,"direction":1,"garage":"CENTER","type":"bus","lastLocID":11956,"messageCode":267,"time":1395760406288,"expires":1395760824000,"signMessageLong":"14  Downtown Only","extraBlockID":null,"locationInScheduleDay":29371,"longitude":-122.6773831,"blockID":1402,"offRoute":false,"nextLocID":13169,"vehicleID":2014,"signMessage":"14 Downtown Only","extraTripID":null,"nextStopSeq":44,"routeNumber":14,"vehicleLoad":"unknown","bearing":318,"lastStopSeq":43,"inCongestion":false,"delay":-233,"latitude":45.5157325}],"queryTime":1395760429011}}
