{"resultSet":{"vehicle":[{"tripID":4411577,"serviceDate":1395730800000,"direction":1,"garage":"POWELL","type":"bus","lastLocID":2624,"messageCode":268,"time":1395762923524,"expires":1395763342000,"signMessageLong":"14  Hawthorne to Portland","extraBlockID":null,"locationInScheduleDay":32218,"longitude":-122.6266571,"blockID":1436,"offRoute":false,"nextLocID":12892,"vehicleID":2206,"signMessage":"14 To Portland","extraTripID":null,"nextStopSeq":30,"routeNumber":14,"vehicleLoad":"unknown","bearing":270,"lastStopSeq":29,"inCongestion":false,"delay":96,"latitude":45.5120528},{"tripID":4419232,"serviceDate":1395730800000,"direction":1,"garage":"POWELL","type":"bus","lastLocID":7510,"messageCode":813,"time":1395762926265,"expires":1395763344000,"signMessageLong":"77  Broadway/Halsey to Montgomery Park","extraBlockID":null,"locationInScheduleDay":32307,"longitude":-122.6205341,"blockID":7735,"offRoute":false,"nextLocID":10869,"vehicleID":2222,"signMessage":"77 Montgomry Pk","extraTripID":null,"nextStopSeq":68,"routeNumber":77,"vehicleLoad":"unknown","bearing":270,"lastStopSeq":67,"inCongestion":false,"delay":183,"latitude":45.5336912},{"tripID":4419235,"serviceDate":1395730800000,"direction":1,"garage":"POWELL","type":"bus","lastLocID":9481,"messageCode":813,"time":1395762932390,"expires":1395763351000,"signMessageLong":"77  Broadway/Halsey to Montgomery Park","extraBlockID":null,"locationInScheduleDay":32131,"longitude":-122.3982117,"blockID":7736,"offRoute":false,"nextLocID":9471,"vehicleID":2221,"signMessage":"77 Montgomry Pk","extraTripID":null,"nextStopSeq":2,"routeNumber":77,"vehicleLoad":"unknown","bearing":85,"lastStopSeq":1,"inCongestion":false,"delay":0,"latitude":45.5443612},{"tripID":4411578,"serviceDate":1395730800000,"direction":1,"garage":"POWELL","type":"bus","lastLocID":7656,"messageCode":268,"time":1395762935506,"expires":1395763354000,"signMessageLong":"14  Hawthorne to Portland","extraBlockID":null,"locationInScheduleDay":32116,"longitude":-122.6113708,"blockID":1438,"offRoute":false,"nextLocID":7665,"vehicleID":2220,"signMessage":"14 To Portland","extraTripID":null,"nextStopSeq":19,"routeNumber":14,"vehicleLoad":"unknown","bearing":0,"lastStopSeq":18,"inCongestion":false,"delay":-18,"latitude":45.4986695},{"tripID":4411575,"serviceDate":1395730800000,"direction":1,"garage":"POWELL","type":"bus","lastLocID":11956,"messageCode":267,"time":1395762938604,"expires":1395763354000,"signMessageLong":"14  Downtown Only","extraBlockID":null,"locationInScheduleDay":32215,"longitude":-122.6756,"blockID":1437,"offRoute":false,"nextLocID":13169,"vehicleID":2270,"signMessage":"14 Downtown Only","extraTripID":null,"nextStopSeq":44,"routeNumber":14,"vehicleLoad":"unknown","bearing":290,"lastStopSeq":43,"inCongestion":false,"delay":81,"latitude":45.5151999},{"tripID":4417884,"serviceDate":1395730800000,"direction":0,"garage":"POWELL","type":"bus","lastLocID":8023,"messageCode":766,"time":1395762923558,"expires":1395763342000,"signMessageLong":"72  Killingsworth/82nd to Swan Island-Anchor St","extraBlockID":null,"locationInScheduleDay":32160,"longitude":-122.578735,"blockID":7247,"offRoute":false,"nextLocID":8052,"vehicleID":2250,"signMessage":"72 Swan Island","extraTripID":null,"nextStopSeq":30,"routeNumber":72,"vehicleLoad":"unknown","bearing":0,"lastStopSeq":29,"inCongestion":false,"delay":38,"latitude":45.4978227},{"tripID":4417882,"serviceDate":1395730800000,"direction":0,"garage":"POWELL","type":"bus","lastLocID":7933,"messageCode":766,"time":1395762902004,"expires":1395763320000,"signMessageLong":"72  Killingsworth/82nd to Swan Island-Anchor St","extraBlockID":null,"locationInScheduleDay":32107,"longitude":-122.5786942,"blockID":7246,"offRoute":false,"nextLocID":8039,"vehicleID":2296,"signMessage":"72 Swan Island","extraTripID":null,"nextStopSeq":58,"routeNumber":72,"vehicleLoad":"unknown","bearing":0,"lastStopSeq":57,"inCongestion":false,"delay":7,"latitude":45.5521999},{"tripID":4419093,"serviceDate":1395730800000,"direction":0,"garage":"POWELL","type":"bus","lastLocID":2339,"messageCode":809,"time":1395762920408,"expires":1395763337000,"signMessageLong":"77  Broadway/Halsey to Troutdale","extraBlockID":null,"locationInScheduleDay":31899,"longitude":-122.4064794,"blockID":7737,"offRoute":false,"nextLocID":10598,"vehicleID":2285,"signMessage":"77 To Troutdale","extraTripID":null,"nextStopSeq":96,"routeNumber":77,"vehicleLoad":"unknown","bearing":83,"lastStopSeq":95,"inCongestion":false,"delay":-218,"latitude":45.538692},{"tripID":4418205,"serviceDate":1395730800000,"direction":1,"garage":"POWELL","type":"bus","lastLocID":7942,"messageCode":760,"time":1395762935558,"expires":1395763352000,"signMessageLong":"72  Killingsworth/82nd to Clackamas TC","extraBlockID":null,"locationInScheduleDay":32257,"longitude":-122.5789283,"blockID":7252,"offRoute":false,"nextLocID":12921,"vehicleID":2283,"signMessage":"72 Clackamas TC","extraTripID":null,"nextStopSeq":110,"routeNumber":72,"vehicleLoad":"unknown","bearing":180,"lastStopSeq":109,"inCongestion":false,"delay":125,"latitude":45.4415529},{"tripID":4418204,"serviceDate":1395730800000,"direction":1,"garage":"POWELL","type":"bus","lastLocID":12921,"messageCode":760,"time":1395762656716,"expires":1395763074000,"signMessageLong":"72  Killingsworth/82nd to Clackamas TC","extraBlockID":null,"locationInScheduleDay":31851,"longitude":-122.5685071,"blockID":7244,"offRoute":false,"nextLocID":13247,"vehicleID":2276,"signMessage":"72 Clackamas TC","extraTripID":null,"nextStopSeq":111,"routeNumber":72,"vehicleLoad":"unknown","bearing":86,"lastStopSeq":110,"inCongestion":false,"delay":0,"latitude":45.4355671},{"tripID":4411579,"serviceDate":1395730800000,"direction":1,"garage":"POWELL","type":"bus","lastLocID":1831,"messageCode":268,"time":1395762920395,"expires":1395763337000,"signMessageLong":"14  Hawthorne to Portland","extraBlockID":null,"locationInScheduleDay":32117,"longitude":-122.5662917,"blockID":1439,"offRoute":false,"nextLocID":13236,"vehicleID":2275,"signMessage":"14 To Portland","extraTripID":null,"nextStopSeq":2,"routeNumber":14,"vehicleLoad":"unknown","bearing":291,"lastStopSeq":1,"inCongestion":false,"delay":0,"latitude":45.4791765},{"tripID":4417322,"serviceDate":1395730800000,"direction":1,"garage":"CENTER","type":"bus","lastLocID":6846,"messageCode":790,"time":1395762923478,"expires":1395763341000,"signMessageLong":"70  12th Ave to Milwaukie via 13th & Tacoma","extraBlockID":null,"locationInScheduleDay":31665,"longitude":-122.6483718,"blockID":7006,"offRoute":false,"nextLocID":6862,"vehicleID":2150,"signMessage":"70 To Milw via 13","extraTripID":null,"nextStopSeq":65,"routeNumber":70,"vehicleLoad":"unknown","bearing":180,"lastStopSeq":64,"inCongestion":false,"delay":-456,"latitude":45.4841658},{"tripID":4417326,"serviceDate":1395730800000,"direction":1,"garage":"CENTER","type":"bus","lastLocID":9368,"messageCode":788,"time":1395762920283,"expires":1395763337000,"signMessageLong":"70  12th/NE 33rd Ave to Milwaukie","extraBlockID":null,"locationInScheduleDay":32117,"longitude":-122.6357648,"blockID":7008,"offRoute":false,"nextLocID":9414,"vehicleID":2506,"signMessage":"70 To Milwaukie","extraTripID":null,"nextStopSeq":2,"routeNumber":70,"vehicleLoad":"unknown","bearing":180,"lastStopSeq":1,"inCongestion":false,"delay":0,"latitude":45.5898735},{"tripID":4417881,"serviceDate":1395730800000,"direction":0,"garage":"POWELL","type":"bus","lastLocID":3194,"messageCode":766,"time":1395762929336,"expires":1395763346000,"signMessageLong":"72  Killingsworth/82nd to Swan Island-Anchor St","extraBlockID":null,"locationInScheduleDay":32163,"longitude":-122.6301196,"blockID":7238,"offRoute":false,"nextLocID":3192,"vehicleID":2527,"signMessage":"72 Swan Island","extraTripID":null,"nextStopSeq":78,"routeNumber":72,"vehicleLoad":"unknown","bearing":269,"lastStopSeq":77,"inCongestion":false,"delay":37,"latitude":45.5627276},{"tripID":4417174,"serviceDate":1395730800000,"direction":0,"garage":"CENTER","type":"bus","lastLocID":13477,"messageCode":781,"time":1395762926234,"expires":1395763343000,"signMessageLong":"70  12th/NE 33rd Ave to NE Sunderland via 17th & Tacoma","extraBlockID":null,"locationInScheduleDay":32123,"longitude":-122.6407309,"blockID":7002,"offRoute":false,"nextLocID":8225,"vehicleID":2524,"signMessage":"70 To Sunderland via 17th","extraTripID":null,"nextStopSeq":2,"routeNumber":70,"vehicleLoad":"unknown","bearing":81,"lastStopSeq":1,"inCongestion":false,"delay":0,"latitude":45.4448667},{"tripID":4419230,"serviceDate":1395730800000,"direction":1,"garage":"CENTER","type":"bus","lastLocID":8802,"messageCode":813,"time":1395762911439,"expires":1395763330000,"signMessageLong":"77  Broadway/Halsey to Montgomery Park","extraBlockID":null,"locationInScheduleDay":32172,"longitude":-122.7066904,"blockID":7701,"offRoute":false,"nextLocID":8481,"vehicleID":2512,"signMessage":"77 Montgomry Pk","extraTripID":null,"nextStopSeq":105,"routeNumber":77,"vehicleLoad":"unknown","bearing":268,"lastStopSeq":104,"inCongestion":false,"delay":62,"latitude":45.5367882},{"tripID":4418208,"serviceDate":1395730800000,"direction":1,"garage":"POWELL","type":"bus","lastLocID":10600,"messageCode":760,"time":1395762893155,"expires":1395763312000,"signMessageLong":"72  Killingsworth/82nd to Clackamas TC","extraBlockID":null,"locationInScheduleDay":32095,"longitude":-122.5892489,"blockID":7239,"offRoute":false,"nextLocID":3211,"vehicleID":2540,"signMessage":"72 Clackamas TC","extraTripID":null,"nextStopSeq":49,"routeNumber":72,"vehicleLoad":"unknown","bearing":93,"lastStopSeq":48,"inCongestion":false,"delay":3,"latitude":45.5626828},{"tripID":4417883,"serviceDate":1395730800000,"direction":0,"garage":"POWELL","type":"bus","lastLocID":7972,"messageCode":766,"time":1395762938376,"expires":1395763355000,"signMessageLong":"72  Killingsworth/82nd to Swan Island-Anchor St","extraBlockID":null,"locationInScheduleDay":32135,"longitude":-122.5790569,"blockID":7240,"offRoute":false,"nextLocID":8014,"vehicleID":2533,"signMessage":"72 Swan Island","extraTripID":null,"nextStopSeq":45,"routeNumber":72,"vehicleLoad":"unknown","bearing":0,"lastStopSeq":44,"inCongestion":false,"delay":0,"latitude":45.5269336},{"tripID":4417880,"serviceDate":1395730800000,"direction":0,"garage":"POWELL","type":"bus","lastLocID":10184,"messageCode":766,"time":1395762923644,"expires":1395763342000,"signMessageLong":"72  Killingsworth/82nd to Swan Island-Anchor St","extraBlockID":null,"locationInScheduleDay":32123,"longitude":-122.6597624,"blockID":7236,"offRoute":false,"nextLocID":5890,"vehicleID":2552,"signMessage":"72 Swan Island","extraTripID":null,"nextStopSeq":92,"routeNumber":72,"vehicleLoad":"unknown","bearing":269,"lastStopSeq":91,"inCongestion":false,"delay":1,"latitude":45.5591241},{"tripID":4413884,"serviceDate":1395730800000,"direction":1,"garage":"POWELL","type":"bus","lastLocID":2570,"messageCode":458,"time":1395762926308,"expires":1395763344000,"signMessageLong":"31  To Milwaukie","extraBlockID":null,"locationInScheduleDay":32155,"longitude":-122.6380408,"blockID":3134,"offRoute":false,"nextLocID":13339,"vehicleID":2555,"signMessage":"31 To Milwaukie","extraTripID":null,"nextStopSeq":23,"routeNumber":31,"vehicleLoad":"unknown","bearing":268,"lastStopSeq":22,"inCongestion":false,"delay":31,"latitude":45.4464117},{"tripID":4417886,"serviceDate":1395730800000,"direction":0,"garage":"POWELL","type":"bus","lastLocID":13248,"messageCode":766,"time":1395762935588,"expires":1395763354000,"signMessageLong":"72  Killingsworth/82nd to Swan Island-Anchor St","extraBlockID":null,"locationInScheduleDay":32184,"longitude":-122.5690815,"blockID":7242,"offRoute":false,"nextLocID":12922,"vehicleID":2548,"signMessage":"72 Swan Island","extraTripID":null,"nextStopSeq":2,"routeNumber":72,"vehicleLoad":"unknown","bearing":353,"lastStopSeq":1,"inCongestion":false,"delay":50,"latitude":45.4358222},{"tripID":4411320,"serviceDate":1395730800000,"direction":0,"garage":"POWELL","type":"bus","lastLocID":8134,"messageCode":266,"time":1395762923637,"expires":1395763340000,"signMessageLong":"14  Hawthorne to 94th & Foster","extraBlockID":null,"locationInScheduleDay":32073,"longitude":-122.5644598,"blockID":1440,"offRoute":false,"nextLocID":1831,"vehicleID":2308,"signMessage":"14 To 94-Foster","extraTripID":null,"nextStopSeq":49,"routeNumber":14,"vehicleLoad":"unknown","bearing":291,"lastStopSeq":48,"inCongestion":false,"delay":0,"latitude":45.4786783},{"tripID":4417879,"serviceDate":1395730800000,"direction":0,"garage":"POWELL","type":"bus","lastLocID":3161,"messageCode":766,"time":1395762944472,"expires":1395763360000,"signMessageLong":"72  Killingsworth/82nd to Swan Island-Anchor St","extraBlockID":null,"locationInScheduleDay":32074,"longitude":-122.6951786,"blockID":7253,"offRoute":false,"nextLocID":3167,"vehicleID":2318,"signMessage":"72 Swan Island","extraTripID":null,"nextStopSeq":104,"routeNumber":72,"vehicleLoad":"unknown","bearing":270,"lastStopSeq":103,"inCongestion":false,"delay":-66,"latitude":45.5627447},{"tripID":4411321,"serviceDate":1395730800000,"direction":0,"garage":"POWELL","type":"bus","lastLocID":2633,"messageCode":266,"time":1395762902015,"expires":1395763320000,"signMessageLong":"14  Hawthorne to 94th & Foster","extraBlockID":null,"locationInScheduleDay":32048,"longitude":-122.6132162,"blockID":1435,"offRoute":false,"nextLocID":7651,"vehicleID":2316,"signMessage":"14 To 94-Foster","extraTripID":null,"nextStopSeq":22,"routeNumber":14,"vehicleLoad":"unknown","bearing":90,"lastStopSeq":21,"inCongestion":false,"delay":-52,"latitude":45.5120251},{"tripID":4419231,"serviceDate":1395730800000,"direction":1,"garage":"CENTER","type":"bus","lastLocID":10876,"messageCode":813,"time":1395762938289,"expires":1395763355000,"signMessageLong":"77  Broadway/Halsey to Montgomery Park","extraBlockID":null,"locationInScheduleDay":32237,"longitude":-122.6600744,"blockID":7705,"offRoute":false,"nextLocID":4043,"vehicleID":2720,"signMessage":"77 Montgomry Pk","extraTripID":null,"nextStopSeq":84,"routeNumber":77,"vehicleLoad":"unknown","bearing":270,"lastStopSeq":83,"inCongestion":false,"delay":102,"latitude":45.5315086},{"tripID":4411574,"serviceDate":1395730800000,"direction":1,"garage":"CENTER","type":"bus","lastLocID":13169,"messageCode":266,"time":1395762944422,"expires":1395763361000,"signMessageLong":"14  Hawthorne to 94th & Foster","extraBlockID":null,"locationInScheduleDay":31920,"longitude":-122.6785444,"blockID":1404,"offRoute":false,"nextLocID":3639,"vehicleID":2718,"signMessage":"14 To 94-Foster","extraTripID":null,"nextStopSeq":45,"routeNumber":14,"vehicleLoad":"unknown","bearing":110,"lastStopSeq":44,"inCongestion":false,"delay":-221,"latitude":45.5152424},{"tripID":4417173,"serviceDate":1395730800000,"direction":0,"garage":"CENTER","type":"bus","lastLocID":6688,"messageCode":782,"time":1395762923494,"expires":1395763341000,"signMessageLong":"70  12th/NE 33rd Ave to NE Sunderland via 13th & Tacoma","extraBlockID":null,"locationInScheduleDay":31939,"longitude":-122.653006,"blockID":7007,"offRoute":false,"nextLocID":6711,"vehicleID":2709,"signMessage":"70 To Sunderland via 13th","extraTripID":null,"nextStopSeq":9,"routeNumber":70,"vehicleLoad":"unknown","bearing":0,"lastStopSeq":8,"inCongestion":false,"delay":-182,"latitude":45.4619441},{"tripID":4417324,"serviceDate":1395730800000,"direction":1,"garage":"CENTER","type":"bus","lastLocID":644,"messageCode":788,"time":1395762926222,"expires":1395763345000,"signMessageLong":"70  12th/NE 33rd Ave to Milwaukie","extraBlockID":null,"locationInScheduleDay":32040,"longitude":-122.6311514,"blockID":7001,"offRoute":false,"nextLocID":643,"vehicleID":2704,"signMessage":"70 To Milwaukie","extraTripID":null,"nextStopSeq":33,"routeNumber":70,"vehicleLoad":"unknown","bearing":270,"lastStopSeq":32,"inCongestion":false,"delay":-85,"latitude":45.5351596},{"tripID":4417171,"serviceDate":1395730800000,"direction":0,"garage":"CENTER","type":"bus","lastLocID":7393,"messageCode":783,"time":1395762896312,"expires":1395763313000,"signMessageLong":"70  33rd Ave to NE Sunderland","extraBlockID":null,"locationInScheduleDay":32174,"longitude":-122.630707,"blockID":7003,"offRoute":false,"nextLocID":7398,"vehicleID":2705,"signMessage":"70 To Sunderlnd","extraTripID":null,"nextStopSeq":56,"routeNumber":70,"vehicleLoad":"unknown","bearing":0,"lastStopSeq":55,"inCongestion":false,"delay":81,"latitude":45.5530888},{"tripID":4417323,"serviceDate":1395730800000,"direction":1,"garage":"CENTER","type":"bus","lastLocID":6555,"messageCode":789,"time":1395762932364,"expires":1395763351000,"signMessageLong":"70  12th Ave to Milwaukie via 17th & Tacoma","extraBlockID":null,"locationInScheduleDay":32246,"longitude":-122.6547338,"blockID":7004,"offRoute":false,"nextLocID":6553,"vehicleID":2701,"signMessage":"70 To Milw via 17","extraTripID":null,"nextStopSeq":54,"routeNumber":70,"vehicleLoad":"unknown","bearing":180,"lastStopSeq":53,"inCongestion":false,"delay":115,"latitude":45.5068423},{"tripID":4419094,"serviceDate":1395730800000,"direction":0,"garage":"CENTER","type":"bus","lastLocID":2393,"messageCode":809,"time":1395762932426,"expires":1395763351000,"signMessageLong":"77  Broadway/Halsey to Troutdale","extraBlockID":null,"locationInScheduleDay":32089,"longitude":-122.496428,"blockID":7704,"offRoute":false,"nextLocID":2396,"vehicleID":2614,"signMessage":"77 To Troutdale","extraTripID":null,"nextStopSeq":74,"routeNumber":77,"vehicleLoad":"unknown","bearing":71,"lastStopSeq":73,"inCongestion":false,"delay":-42,"latitude":45.5341474},{"tripID":4411576,"serviceDate":1395730800000,"direction":1,"garage":"CENTER","type":"bus","lastLocID":3637,"messageCode":268,"time":1395762944465,"expires":1395763360000,"signMessageLong":"14  Hawthorne to Portland","extraBlockID":null,"locationInScheduleDay":32220,"longitude":-122.6545542,"blockID":1401,"offRoute":false,"nextLocID":3641,"vehicleID":2608,"signMessage":"14 To Portland","extraTripID":null,"nextStopSeq":40,"routeNumber":14,"vehicleLoad":"unknown","bearing":270,"lastStopSeq":39,"inCongestion":false,"delay":80,"latitude":45.5129288},{"tripID":4417325,"serviceDate":1395730800000,"direction":1,"garage":"CENTER","type":"bus","lastLocID":9368,"messageCode":788,"time":1395762917227,"expires":1395763336000,"signMessageLong":"70  12th/NE 33rd Ave to Milwaukie","extraBlockID":null,"locationInScheduleDay":32116,"longitude":-122.6357648,"blockID":7010,"offRoute":false,"nextLocID":9414,"vehicleID":2623,"signMessage":"70 To Milwaukie","extraTripID":null,"nextStopSeq":2,"routeNumber":70,"vehicleLoad":"unknown","bearing":180,"lastStopSeq":1,"inCongestion":false,"delay":0,"latitude":45.5898735},{"tripID":4419229,"serviceDate":1395730800000,"direction":1,"garage":"CENTER","type":"bus","lastLocID":8483,"messageCode":813,"time":1395762926280,"expires":1395763344000,"signMessageLong":"77  Broadway/Halsey to Montgomery Park","extraBlockID":null,"locationInScheduleDay":31362,"longitude":-122.7069345,"blockID":7707,"offRoute":false,"nextLocID":8484,"vehicleID":2653,"signMessage":"77 Montgomry Pk","extraTripID":null,"nextStopSeq":109,"routeNumber":77,"vehicleLoad":"unknown","bearing":178,"lastStopSeq":108,"inCongestion":false,"delay":0,"latitude":45.5377966},{"tripID":4417172,"serviceDate":1395730800000,"direction":0,"garage":"CENTER","type":"bus","lastLocID":6588,"messageCode":780,"time":1395762938588,"expires":1395763354000,"signMessageLong":"70  12th/NE 33rd Ave to NE Sunderland","extraBlockID":null,"locationInScheduleDay":32181,"longitude":-122.6536532,"blockID":7009,"offRoute":false,"nextLocID":6594,"vehicleID":2626,"signMessage":"70 To Sunderlnd","extraTripID":null,"nextStopSeq":29,"routeNumber":70,"vehicleLoad":"unknown","bearing":0,"lastStopSeq":28,"inCongestion":false,"delay":47,"latitude":45.5170609},{"tripID":4419097,"serviceDate":1395730800000,"direction":0,"garage":"CENTER","type":"bus","lastLocID":10693,"messageCode":809,"time":1395762938606,"expires":1395763355000,"signMessageLong":"77  Broadway/Halsey to Troutdale","extraBlockID":null,"locationInScheduleDay":32101,"longitude":-122.6947303,"blockID":7703,"offRoute":false,"nextLocID":7132,"vehicleID":2630,"signMessage":"77 To Troutdale","extraTripID":null,"nextStopSeq":6,"routeNumber":77,"vehicleLoad":"unknown","bearing":178,"lastStopSeq":5,"inCongestion":false,"delay":-34,"latitude":45.5344366},{"tripID":4419233,"serviceDate":1395730800000,"direction":1,"garage":"CENTER","type":"bus","lastLocID":6226,"messageCode":813,"time":1395762938607,"expires":1395763357000,"signMessageLong":"77  Broadway/Halsey to Montgomery Park","extraBlockID":null,"locationInScheduleDay":32081,"longitude":-122.5480158,"blockID":7706,"offRoute":false,"nextLocID":6225,"vehicleID":2632,"signMessage":"77 Montgomry Pk","extraTripID":null,"nextStopSeq":43,"routeNumber":77,"vehicleLoad":"unknown","bearing":269,"lastStopSeq":42,"inCongestion":false,"delay":-56,"latitude":45.5341427},{"tripID":4418206,"serviceDate":1395730800000,"direction":1,"garage":"POWELL","type":"bus","lastLocID":8024,"messageCode":760,"time":1395762923466,"expires":1395763342000,"signMessageLong":"72  Killingsworth/82nd to Clackamas TC","extraBlockID":null,"locationInScheduleDay":32134,"longitude":-122.5787586,"blockID":7237,"offRoute":false,"nextLocID":13707,"vehicleID":3004,"signMessage":"72 Clackamas TC","extraTripID":null,"nextStopSeq":84,"routeNumber":72,"vehicleLoad":"unknown","bearing":180,"lastStopSeq":83,"inCongestion":false,"delay":12,"latitude":45.4957153},{"tripID":4417878,"serviceDate":1395730800000,"direction":0,"garage":"POWELL","type":"bus","lastLocID":2161,"messageCode":766,"time":1395762929323,"expires":1395763347000,"signMessageLong":"72  Killingsworth/82nd to Swan Island-Anchor St","extraBlockID":null,"locationInScheduleDay":31734,"longitude":-122.7039353,"blockID":7251,"offRoute":false,"nextLocID":115,"vehicleID":3003,"signMessage":"72 Swan Island","extraTripID":null,"nextStopSeq":108,"routeNumber":72,"vehicleLoad":"unknown","bearing":185,"lastStopSeq":107,"inCongestion":false,"delay":0,"latitude":45.5570695},{"tripID":4418209,"serviceDate":1395730800000,"direction":1,"garage":"POWELL","type":"bus","lastLocID":52,"messageCode":760,"time":1395762926207,"expires":1395763345000,"signMessageLong":"72  Killingsworth/82nd to Clackamas TC","extraBlockID":null,"locationInScheduleDay":32015,"longitude":-122.6497323,"blockID":7241,"offRoute":false,"nextLocID":54,"vehicleID":3048,"signMessage":"72 Clackamas TC","extraTripID":null,"nextStopSeq":27,"routeNumber":72,"vehicleLoad":"unknown","bearing":89,"lastStopSeq":26,"inCongestion":false,"delay":-110,"latitude":45.5590996},{"tripID":4417885,"serviceDate":1395730800000,"direction":0,"garage":"POWELL","type":"bus","lastLocID":7962,"messageCode":766,"time":1395762920292,"expires":1395763339000,"signMessageLong":"72  Killingsworth/82nd to Swan Island-Anchor St","extraBlockID":null,"locationInScheduleDay":32165,"longitude":-122.5790544,"blockID":7235,"offRoute":false,"nextLocID":7982,"vehicleID":3053,"signMessage":"72 Swan Island","extraTripID":null,"nextStopSeq":16,"routeNumber":72,"vehicleLoad":"unknown","bearing":359,"lastStopSeq":15,"inCongestion":false,"delay":46,"latitude":45.4687714},{"tripID":4418207,"serviceDate":1395730800000,"direction":1,"garage":"POWELL","type":"bus","lastLocID":8000,"messageCode":760,"time":1395762926222,"expires":1395763344000,"signMessageLong":"72  Killingsworth/82nd to Clackamas TC","extraBlockID":null,"locationInScheduleDay":32100,"longitude":-122.5791014,"blockID":7245,"offRoute":false,"nextLocID":7978,"vehicleID":3052,"signMessage":"72 Clackamas TC","extraTripID":null,"nextStopSeq":66,"routeNumber":72,"vehicleLoad":"unknown","bearing":180,"lastStopSeq":65,"inCongestion":false,"delay":-24,"latitude":45.5334929},{"tripID":4418210,"serviceDate":1395730800000,"direction":1,"garage":"POWELL","type":"bus","lastLocID":3158,"messageCode":760,"time":1395762932369,"expires":1395763351000,"signMessageLong":"72  Killingsworth/82nd to Clackamas TC","extraBlockID":null,"locationInScheduleDay":32205,"longitude":-122.6850213,"blockID":7234,"offRoute":false,"nextLocID":3169,"vehicleID":3054,"signMessage":"72 Clackamas TC","extraTripID":null,"nextStopSeq":12,"routeNumber":72,"vehicleLoad":"unknown","bearing":91,"lastStopSeq":11,"inCongestion":false,"delay":74,"latitude":45.562681},{"tripID":4419234,"serviceDate":1395730800000,"direction":1,"garage":"POWELL","type":"bus","lastLocID":8825,"messageCode":813,"time":1395762941253,"expires":1395763358000,"signMessageLong":"77  Broadway/Halsey to Montgomery Park","extraBlockID":null,"locationInScheduleDay":32190,"longitude":-122.4589826,"blockID":7734,"offRoute":false,"nextLocID":2326,"vehicleID":3046,"signMessage":"77 Montgomry Pk","extraTripID":null,"nextStopSeq":19,"routeNumber":77,"vehicleLoad":"unknown","bearing":269,"lastStopSeq":18,"inCongestion":false,"delay":52,"latitude":45.5336379},{"tripID":4419095,"serviceDate":1395730800000,"direction":0,"garage":"POWELL","type":"bus","lastLocID":651,"messageCode":809,"time":1395762926197,"expires":1395763343000,"signMessageLong":"77  Broadway/Halsey to Troutdale","extraBlockID":null,"locationInScheduleDay":31935,"longitude":-122.6172391,"blockID":7738,"offRoute":false,"nextLocID":653,"vehicleID":3035,"signMessage":"77 To Troutdale","extraTripID":null,"nextStopSeq":38,"routeNumber":77,"vehicleLoad":"unknown","bearing":90,"lastStopSeq":37,"inCongestion":false,"delay":-188,"latitude":45.5351259},{"tripID":4419096,"serviceDate":1395730800000,"direction":0,"garage":"CENTER","type":"bus","lastLocID":13708,"messageCode":809,"time":1395762935505,"expires":1395763352000,"signMessageLong":"77  Broadway/Halsey to Troutdale","extraBlockID":null,"locationInScheduleDay":32128,"longitude":-122.662209,"blockID":7702,"offRoute":false,"nextLocID":4042,"vehicleID":2005,"signMessage":"77 To Troutdale","extraTripID":null,"nextStopSeq":21,"routeNumber":77,"vehicleLoad":"unknown","bearing":62,"lastStopSeq":20,"inCongestion":false,"delay":-4,"latitude":45.5314558}],"queryTime":1395762949119}}
