{"resultSet":{"vehicle":[{"tripID":4419232,"serviceDate":1395730800000,"direction":1,"garage":"POWELL","type":"bus","lastLocID":2331,"messageCode":813,"time":1395760655486,"expires":1395761071000,"signMessageLong":"77  Broadway/Halsey to Montgomery Park","extraBlockID":null,"locationInScheduleDay":29913,"longitude":-122.4249874,"blockID":7735,"offRoute":false,"nextLocID":2419,"vehicleID":2222,"signMessage":"77 Montgomry Pk","extraTripID":null,"nextStopSeq":11,"routeNumber":77,"vehicleLoad":"unknown","bearing":259,"lastStopSeq":10,"inCongestion":false,"delay":62,"latitude":45.5362586},{"tripID":4419092,"serviceDate":1395730800000,"direction":0,"garage":"POWELL","type":"bus","lastLocID":2380,"messageCode":809,"time":1395760610453,"expires":1395761028000,"signMessageLong":"77  Broadway/Halsey to Troutdale","extraBlockID":null,"locationInScheduleDay":29911,"longitude":-122.515771,"blockID":7736,"offRoute":false,"nextLocID":2383,"vehicleID":2221,"signMessage":"77 To Troutdale","extraTripID":null,"nextStopSeq":68,"routeNumber":77,"vehicleLoad":"unknown","bearing":90,"lastStopSeq":67,"inCongestion":false,"delay":103,"latitude":45.5336884},{"tripID":4411318,"serviceDate":1395730800000,"direction":0,"garage":"POWELL","type":"bus","lastLocID":10196,"messageCode":266,"time":1395760655469,"expires":1395761073000,"signMessageLong":"14  Hawthorne to 94th & Foster","extraBlockID":null,"locationInScheduleDay":29825,"longitude":-122.5980356,"blockID":1438,"offRoute":false,"nextLocID":1802,"vehicleID":2220,"signMessage":"14 To 94-Foster","extraTripID":null,"nextStopSeq":35,"routeNumber":14,"vehicleLoad":"unknown","bearing":120,"lastStopSeq":34,"inCongestion":false,"delay":-28,"latitude":45.4901778},{"tripID":4418202,"serviceDate":1395730800000,"direction":1,"garage":"POWELL","type":"bus","lastLocID":8028,"messageCode":760,"time":1395760640586,"expires":1395761058000,"signMessageLong":"72  Killingsworth/82nd to Clackamas TC","extraBlockID":null,"locationInScheduleDay":29778,"longitude":-122.5790215,"blockID":7248,"offRoute":false,"nextLocID":8060,"vehicleID":2215,"signMessage":"72 Clackamas TC","extraTripID":null,"nextStopSeq":92,"routeNumber":72,"vehicleLoad":"unknown","bearing":181,"lastStopSeq":91,"inCongestion":false,"delay":-60,"latitude":45.4798909},{"tripID":4411575,"serviceDate":1395730800000,"direction":1,"garage":"POWELL","type":"bus","lastLocID":13236,"messageCode":268,"time":1395760655525,"expires":1395761072000,"signMessageLong":"14  Hawthorne to Portland","extraBlockID":null,"locationInScheduleDay":29918,"longitude":-122.5684362,"blockID":1437,"offRoute":false,"nextLocID":1829,"vehicleID":2270,"signMessage":"14 To Portland","extraTripID":null,"nextStopSeq":3,"routeNumber":14,"vehicleLoad":"unknown","bearing":291,"lastStopSeq":2,"inCongestion":false,"delay":66,"latitude":45.4797673},{"tripID":4418200,"serviceDate":1395730800000,"direction":1,"garage":"POWELL","type":"bus","lastLocID":12921,"messageCode":760,"time":1395760448330,"expires":1395760866000,"signMessageLong":"72  Killingsworth/82nd to Clackamas TC","extraBlockID":null,"locationInScheduleDay":29619,"longitude":-122.5689813,"blockID":7247,"offRoute":false,"nextLocID":13247,"vehicleID":2250,"signMessage":"72 Clackamas TC","extraTripID":null,"nextStopSeq":111,"routeNumber":72,"vehicleLoad":"unknown","bearing":81,"lastStopSeq":110,"inCongestion":false,"delay":0,"latitude":45.4354978},{"tripID":4417876,"serviceDate":1395730800000,"direction":0,"garage":"POWELL","type":"bus","lastLocID":3200,"messageCode":766,"time":1395760643524,"expires":1395761061000,"signMessageLong":"72  Killingsworth/82nd to Swan Island-Anchor St","extraBlockID":null,"locationInScheduleDay":29756,"longitude":-122.6215702,"blockID":7250,"offRoute":false,"nextLocID":3197,"vehicleID":2242,"signMessage":"72 Swan Island","extraTripID":null,"nextStopSeq":75,"routeNumber":72,"vehicleLoad":"unknown","bearing":269,"lastStopSeq":74,"inCongestion":false,"delay":-85,"latitude":45.5628025},{"tripID":4417882,"serviceDate":1395730800000,"direction":0,"garage":"POWELL","type":"bus","lastLocID":12922,"messageCode":766,"time":1395760655509,"expires":1395761071000,"signMessageLong":"72  Killingsworth/82nd to Swan Island-Anchor St","extraBlockID":null,"locationInScheduleDay":29836,"longitude":-122.575439,"blockID":7246,"offRoute":false,"nextLocID":7941,"vehicleID":2296,"signMessage":"72 Swan Island","extraTripID":null,"nextStopSeq":3,"routeNumber":72,"vehicleLoad":"unknown","bearing":271,"lastStopSeq":2,"inCongestion":false,"delay":-15,"latitude":45.4372595},{"tripID":4419093,"serviceDate":1395730800000,"direction":0,"garage":"POWELL","type":"bus","lastLocID":651,"messageCode":809,"time":1395760664088,"expires":1395761081000,"signMessageLong":"77  Broadway/Halsey to Troutdale","extraBlockID":null,"locationInScheduleDay":29771,"longitude":-122.6175424,"blockID":7737,"offRoute":false,"nextLocID":653,"vehicleID":2285,"signMessage":"77 To Troutdale","extraTripID":null,"nextStopSeq":38,"routeNumber":77,"vehicleLoad":"unknown","bearing":90,"lastStopSeq":37,"inCongestion":false,"delay":-90,"latitude":45.5351275},{"tripID":4418205,"serviceDate":1395730800000,"direction":1,"garage":"POWELL","type":"bus","lastLocID":10600,"messageCode":760,"time":1395760640705,"expires":1395761057000,"signMessageLong":"72  Killingsworth/82nd to Clackamas TC","extraBlockID":null,"locationInScheduleDay":29852,"longitude":-122.5911381,"blockID":7252,"offRoute":false,"nextLocID":3211,"vehicleID":2283,"signMessage":"72 Clackamas TC","extraTripID":null,"nextStopSeq":49,"routeNumber":72,"vehicleLoad":"unknown","bearing":60,"lastStopSeq":48,"inCongestion":false,"delay":15,"latitude":45.5627598},{"tripID":4418204,"serviceDate":1395730800000,"direction":1,"garage":"POWELL","type":"bus","lastLocID":7973,"messageCode":760,"time":1395760646593,"expires":1395761065000,"signMessageLong":"72  Killingsworth/82nd to Clackamas TC","extraBlockID":null,"locationInScheduleDay":30022,"longitude":-122.5790687,"blockID":7244,"offRoute":false,"nextLocID":7956,"vehicleID":2276,"signMessage":"72 Clackamas TC","extraTripID":null,"nextStopSeq":69,"routeNumber":72,"vehicleLoad":"unknown","bearing":180,"lastStopSeq":68,"inCongestion":false,"delay":177,"latitude":45.5255949},{"tripID":4411319,"serviceDate":1395730800000,"direction":0,"garage":"POWELL","type":"bus","lastLocID":2614,"messageCode":266,"time":1395760613757,"expires":1395761032000,"signMessageLong":"14  Hawthorne to 94th & Foster","extraBlockID":null,"locationInScheduleDay":29750,"longitude":-122.6370475,"blockID":1439,"offRoute":false,"nextLocID":2615,"vehicleID":2275,"signMessage":"14 To 94-Foster","extraTripID":null,"nextStopSeq":14,"routeNumber":14,"vehicleLoad":"unknown","bearing":90,"lastStopSeq":13,"inCongestion":false,"delay":-62,"latitude":45.5120721},{"tripID":4413883,"serviceDate":1395730800000,"direction":1,"garage":"CENTER","type":"bus","lastLocID":7524,"messageCode":464,"time":1395760643306,"expires":1395761061000,"signMessageLong":"31  To Portland via Milwaukie","extraBlockID":null,"locationInScheduleDay":29932,"longitude":-122.6195372,"blockID":3003,"offRoute":false,"nextLocID":2583,"vehicleID":2119,"signMessage":"31 To Portland","extraTripID":null,"nextStopSeq":16,"routeNumber":31,"vehicleLoad":"unknown","bearing":180,"lastStopSeq":15,"inCongestion":false,"delay":91,"latitude":45.4467707},{"tripID":4417322,"serviceDate":1395730800000,"direction":1,"garage":"CENTER","type":"bus","lastLocID":7374,"messageCode":788,"time":1395760658154,"expires":1395761077000,"signMessageLong":"70  12th/NE 33rd Ave to Milwaukie","extraBlockID":null,"locationInScheduleDay":29640,"longitude":-122.6307205,"blockID":7006,"offRoute":false,"nextLocID":7396,"vehicleID":2150,"signMessage":"70 To Milwaukie","extraTripID":null,"nextStopSeq":26,"routeNumber":70,"vehicleLoad":"unknown","bearing":180,"lastStopSeq":25,"inCongestion":false,"delay":-217,"latitude":45.5483808},{"tripID":4417170,"serviceDate":1395730800000,"direction":0,"garage":"CENTER","type":"bus","lastLocID":6585,"messageCode":780,"time":1395760662694,"expires":1395761080000,"signMessageLong":"70  12th/NE 33rd Ave to NE Sunderland","extraBlockID":null,"locationInScheduleDay":29806,"longitude":-122.6536589,"blockID":7008,"offRoute":false,"nextLocID":6588,"vehicleID":2506,"signMessage":"70 To Sunderlnd","extraTripID":null,"nextStopSeq":28,"routeNumber":70,"vehicleLoad":"unknown","bearing":0,"lastStopSeq":27,"inCongestion":false,"delay":-54,"latitude":45.5166903},{"tripID":4417881,"serviceDate":1395730800000,"direction":0,"garage":"POWELL","type":"bus","lastLocID":7962,"messageCode":766,"time":1395760658225,"expires":1395761077000,"signMessageLong":"72  Killingsworth/82nd to Swan Island-Anchor St","extraBlockID":null,"locationInScheduleDay":29797,"longitude":-122.5790595,"blockID":7238,"offRoute":false,"nextLocID":7982,"vehicleID":2527,"signMessage":"72 Swan Island","extraTripID":null,"nextStopSeq":16,"routeNumber":72,"vehicleLoad":"unknown","bearing":359,"lastStopSeq":15,"inCongestion":false,"delay":-60,"latitude":45.4705833},{"tripID":4417321,"serviceDate":1395730800000,"direction":1,"garage":"CENTER","type":"bus","lastLocID":6577,"messageCode":789,"time":1395760640543,"expires":1395761059000,"signMessageLong":"70  12th Ave to Milwaukie via 17th & Tacoma","extraBlockID":null,"locationInScheduleDay":29782,"longitude":-122.6538104,"blockID":7002,"offRoute":false,"nextLocID":6541,"vehicleID":2524,"signMessage":"70 To Milw via 17","extraTripID":null,"nextStopSeq":48,"routeNumber":70,"vehicleLoad":"unknown","bearing":232,"lastStopSeq":47,"inCongestion":false,"delay":-57,"latitude":45.5226204},{"tripID":4411571,"serviceDate":1395730800000,"direction":1,"garage":"CENTER","type":"bus","lastLocID":8242,"messageCode":268,"time":1395760640555,"expires":1395761058000,"signMessageLong":"14  Hawthorne to Portland","extraBlockID":null,"locationInScheduleDay":29085,"longitude":-122.6110303,"blockID":1405,"offRoute":false,"nextLocID":7654,"vehicleID":2520,"signMessage":"14 To Portland","extraTripID":null,"nextStopSeq":21,"routeNumber":14,"vehicleLoad":"unknown","bearing":0,"lastStopSeq":20,"inCongestion":false,"delay":-753,"latitude":45.5022926},{"tripID":4419230,"serviceDate":1395730800000,"direction":1,"garage":"CENTER","type":"bus","lastLocID":2425,"messageCode":813,"time":1395760655426,"expires":1395761071000,"signMessageLong":"77  Broadway/Halsey to Montgomery Park","extraBlockID":null,"locationInScheduleDay":29953,"longitude":-122.6142957,"blockID":7701,"offRoute":false,"nextLocID":7571,"vehicleID":2512,"signMessage":"77 Montgomry Pk","extraTripID":null,"nextStopSeq":65,"routeNumber":77,"vehicleLoad":"unknown","bearing":270,"lastStopSeq":64,"inCongestion":false,"delay":102,"latitude":45.533763},{"tripID":4417874,"serviceDate":1395730800000,"direction":0,"garage":"POWELL","type":"bus","lastLocID":3163,"messageCode":768,"time":1395760663030,"expires":1395761078000,"signMessageLong":"72  Killingsworth/82nd to Swan Island-Shipyards","extraBlockID":null,"locationInScheduleDay":29829,"longitude":-122.687676,"blockID":7249,"offRoute":false,"nextLocID":3180,"vehicleID":2558,"signMessage":"72 Swan Island","extraTripID":null,"nextStopSeq":102,"routeNumber":72,"vehicleLoad":"unknown","bearing":270,"lastStopSeq":101,"inCongestion":false,"delay":-29,"latitude":45.5627076},{"tripID":4417880,"serviceDate":1395730800000,"direction":0,"garage":"POWELL","type":"bus","lastLocID":8052,"messageCode":766,"time":1395760658443,"expires":1395761077000,"signMessageLong":"72  Killingsworth/82nd to Swan Island-Anchor St","extraBlockID":null,"locationInScheduleDay":29786,"longitude":-122.5787231,"blockID":7236,"offRoute":false,"nextLocID":8061,"vehicleID":2552,"signMessage":"72 Swan Island","extraTripID":null,"nextStopSeq":31,"routeNumber":72,"vehicleLoad":"unknown","bearing":0,"lastStopSeq":30,"inCongestion":false,"delay":-71,"latitude":45.5001342},{"tripID":4418203,"serviceDate":1395730800000,"direction":1,"garage":"POWELL","type":"bus","lastLocID":8053,"messageCode":760,"time":1395760643645,"expires":1395761062000,"signMessageLong":"72  Killingsworth/82nd to Clackamas TC","extraBlockID":null,"locationInScheduleDay":29880,"longitude":-122.578729,"blockID":7242,"offRoute":false,"nextLocID":8024,"vehicleID":2548,"signMessage":"72 Clackamas TC","extraTripID":null,"nextStopSeq":83,"routeNumber":72,"vehicleLoad":"unknown","bearing":180,"lastStopSeq":82,"inCongestion":false,"delay":38,"latitude":45.4992522},{"tripID":4411569,"serviceDate":1395730800000,"direction":1,"garage":"POWELL","type":"bus","lastLocID":11956,"messageCode":266,"time":1395760643623,"expires":1395761061000,"signMessageLong":"14  Hawthorne to 94th & Foster","extraBlockID":null,"locationInScheduleDay":29880,"longitude":-122.6758532,"blockID":1440,"offRoute":false,"nextLocID":13169,"vehicleID":2308,"signMessage":"14 To 94-Foster","extraTripID":null,"nextStopSeq":44,"routeNumber":14,"vehicleLoad":"unknown","bearing":290,"lastStopSeq":43,"inCongestion":false,"delay":39,"latitude":45.5152672},{"tripID":4417879,"serviceDate":1395730800000,"direction":0,"garage":"POWELL","type":"bus","lastLocID":8010,"messageCode":766,"time":1395760646704,"expires":1395761064000,"signMessageLong":"72  Killingsworth/82nd to Swan Island-Anchor St","extraBlockID":null,"locationInScheduleDay":29844,"longitude":-122.5790393,"blockID":7253,"offRoute":false,"nextLocID":7999,"vehicleID":2318,"signMessage":"72 Swan Island","extraTripID":null,"nextStopSeq":48,"routeNumber":72,"vehicleLoad":"unknown","bearing":0,"lastStopSeq":47,"inCongestion":false,"delay":0,"latitude":45.5319685},{"tripID":4411572,"serviceDate":1395730800000,"direction":1,"garage":"POWELL","type":"bus","lastLocID":2629,"messageCode":268,"time":1395760625445,"expires":1395761042000,"signMessageLong":"14  Hawthorne to Portland","extraBlockID":null,"locationInScheduleDay":29822,"longitude":-122.6198407,"blockID":1435,"offRoute":false,"nextLocID":2626,"vehicleID":2316,"signMessage":"14 To Portland","extraTripID":null,"nextStopSeq":28,"routeNumber":14,"vehicleLoad":"unknown","bearing":270,"lastStopSeq":27,"inCongestion":false,"delay":0,"latitude":45.5120393},{"tripID":4411573,"serviceDate":1395730800000,"direction":1,"garage":"CENTER","type":"bus","lastLocID":7654,"messageCode":268,"time":1395760640533,"expires":1395761057000,"signMessageLong":"14  Hawthorne to Portland","extraBlockID":null,"locationInScheduleDay":29934,"longitude":-122.6110231,"blockID":1403,"offRoute":false,"nextLocID":7659,"vehicleID":2725,"signMessage":"14 To Portland","extraTripID":null,"nextStopSeq":22,"routeNumber":14,"vehicleLoad":"unknown","bearing":353,"lastStopSeq":21,"inCongestion":false,"delay":97,"latitude":45.505117},{"tripID":4419231,"serviceDate":1395730800000,"direction":1,"garage":"CENTER","type":"bus","lastLocID":2381,"messageCode":813,"time":1395760658220,"expires":1395761077000,"signMessageLong":"77  Broadway/Halsey to Montgomery Park","extraBlockID":null,"locationInScheduleDay":29795,"longitude":-122.5221322,"blockID":7705,"offRoute":false,"nextLocID":2379,"vehicleID":2720,"signMessage":"77 Montgomry Pk","extraTripID":null,"nextStopSeq":34,"routeNumber":77,"vehicleLoad":"unknown","bearing":266,"lastStopSeq":33,"inCongestion":false,"delay":-62,"latitude":45.5335939},{"tripID":4411574,"serviceDate":1395730800000,"direction":1,"garage":"CENTER","type":"bus","lastLocID":1811,"messageCode":268,"time":1395760655425,"expires":1395761072000,"signMessageLong":"14  Hawthorne to Portland","extraBlockID":null,"locationInScheduleDay":29862,"longitude":-122.5923511,"blockID":1404,"offRoute":false,"nextLocID":1807,"vehicleID":2718,"signMessage":"14 To Portland","extraTripID":null,"nextStopSeq":10,"routeNumber":14,"vehicleLoad":"unknown","bearing":300,"lastStopSeq":9,"inCongestion":false,"delay":10,"latitude":45.487806},{"tripID":4417320,"serviceDate":1395730800000,"direction":1,"garage":"CENTER","type":"bus","lastLocID":3916,"messageCode":790,"time":1395760649263,"expires":1395761066000,"signMessageLong":"70  12th Ave to Milwaukie via 13th & Tacoma","extraBlockID":null,"locationInScheduleDay":29607,"longitude":-122.6540475,"blockID":7007,"offRoute":false,"nextLocID":3941,"vehicleID":2709,"signMessage":"70 To Milw via 13","extraTripID":null,"nextStopSeq":59,"routeNumber":70,"vehicleLoad":"unknown","bearing":169,"lastStopSeq":58,"inCongestion":false,"delay":-239,"latitude":45.4982065},{"tripID":4417168,"serviceDate":1395730800000,"direction":0,"garage":"CENTER","type":"bus","lastLocID":9339,"messageCode":783,"time":1395760655397,"expires":1395761073000,"signMessageLong":"70  33rd Ave to NE Sunderland","extraBlockID":null,"locationInScheduleDay":29868,"longitude":-122.6354689,"blockID":7001,"offRoute":false,"nextLocID":11171,"vehicleID":2704,"signMessage":"70 To Sunderlnd","extraTripID":null,"nextStopSeq":77,"routeNumber":70,"vehicleLoad":"unknown","bearing":346,"lastStopSeq":76,"inCongestion":false,"delay":15,"latitude":45.5951816},{"tripID":4417171,"serviceDate":1395730800000,"direction":0,"garage":"CENTER","type":"bus","lastLocID":6898,"messageCode":780,"time":1395760662655,"expires":1395761078000,"signMessageLong":"70  12th/NE 33rd Ave to NE Sunderland","extraBlockID":null,"locationInScheduleDay":29935,"longitude":-122.6481241,"blockID":7003,"offRoute":false,"nextLocID":6867,"vehicleID":2705,"signMessage":"70 To Sunderlnd","extraTripID":null,"nextStopSeq":18,"routeNumber":70,"vehicleLoad":"unknown","bearing":1,"lastStopSeq":17,"inCongestion":false,"delay":77,"latitude":45.4772664},{"tripID":4417323,"serviceDate":1395730800000,"direction":1,"garage":"CENTER","type":"bus","lastLocID":9368,"messageCode":788,"time":1395760655393,"expires":1395761071000,"signMessageLong":"70  12th/NE 33rd Ave to Milwaukie","extraBlockID":null,"locationInScheduleDay":29767,"longitude":-122.6354403,"blockID":7004,"offRoute":false,"nextLocID":9414,"vehicleID":2701,"signMessage":"70 To Milwaukie","extraTripID":null,"nextStopSeq":2,"routeNumber":70,"vehicleLoad":"unknown","bearing":116,"lastStopSeq":1,"inCongestion":false,"delay":-84,"latitude":45.5894208},{"tripID":4419094,"serviceDate":1395730800000,"direction":0,"garage":"CENTER","type":"bus","lastLocID":4042,"messageCode":809,"time":1395760643601,"expires":1395761060000,"signMessageLong":"77  Broadway/Halsey to Troutdale","extraBlockID":null,"locationInScheduleDay":29841,"longitude":-122.6569901,"blockID":7704,"offRoute":false,"nextLocID":10866,"vehicleID":2614,"signMessage":"77 To Troutdale","extraTripID":null,"nextStopSeq":22,"routeNumber":77,"vehicleLoad":"unknown","bearing":90,"lastStopSeq":21,"inCongestion":false,"delay":1,"latitude":45.5314973},{"tripID":4411576,"serviceDate":1395730800000,"direction":1,"garage":"CENTER","type":"bus","lastLocID":1831,"messageCode":268,"time":1395760643595,"expires":1395761060000,"signMessageLong":"14  Hawthorne to Portland","extraBlockID":null,"locationInScheduleDay":29840,"longitude":-122.5662917,"blockID":1401,"offRoute":false,"nextLocID":13236,"vehicleID":2608,"signMessage":"14 To Portland","extraTripID":null,"nextStopSeq":2,"routeNumber":14,"vehicleLoad":"unknown","bearing":291,"lastStopSeq":1,"inCongestion":false,"delay":0,"latitude":45.4791765},{"tripID":4417169,"serviceDate":1395730800000,"direction":0,"garage":"CENTER","type":"bus","lastLocID":642,"messageCode":783,"time":1395760640649,"expires":1395761057000,"signMessageLong":"70  33rd Ave to NE Sunderland","extraBlockID":null,"locationInScheduleDay":29862,"longitude":-122.6311086,"blockID":7010,"offRoute":false,"nextLocID":7392,"vehicleID":2623,"signMessage":"70 To Sunderlnd","extraTripID":null,"nextStopSeq":48,"routeNumber":70,"vehicleLoad":"unknown","bearing":90,"lastStopSeq":47,"inCongestion":false,"delay":25,"latitude":45.5351596},{"tripID":4419229,"serviceDate":1395730800000,"direction":1,"garage":"CENTER","type":"bus","lastLocID":631,"messageCode":813,"time":1395760643558,"expires":1395761062000,"signMessageLong":"77  Broadway/Halsey to Montgomery Park","extraBlockID":null,"locationInScheduleDay":29858,"longitude":-122.6522055,"blockID":7707,"offRoute":false,"nextLocID":629,"vehicleID":2653,"signMessage":"77 Montgomry Pk","extraTripID":null,"nextStopSeq":81,"routeNumber":77,"vehicleLoad":"unknown","bearing":270,"lastStopSeq":80,"inCongestion":false,"delay":16,"latitude":45.5350459},{"tripID":4417172,"serviceDate":1395730800000,"direction":0,"garage":"CENTER","type":"bus","lastLocID":13477,"messageCode":781,"time":1395760658371,"expires":1395761076000,"signMessageLong":"70  12th/NE 33rd Ave to NE Sunderland via 17th & Tacoma","extraBlockID":null,"locationInScheduleDay":29856,"longitude":-122.6407309,"blockID":7009,"offRoute":false,"nextLocID":8225,"vehicleID":2626,"signMessage":"70 To Sunderland via 17th","extraTripID":null,"nextStopSeq":2,"routeNumber":70,"vehicleLoad":"unknown","bearing":81,"lastStopSeq":1,"inCongestion":false,"delay":0,"latitude":45.4448667},{"tripID":4419228,"serviceDate":1395730800000,"direction":1,"garage":"CENTER","type":"bus","lastLocID":1997,"messageCode":813,"time":1395760640673,"expires":1395761057000,"signMessageLong":"77  Broadway/Halsey to Montgomery Park","extraBlockID":null,"locationInScheduleDay":29504,"longitude":-122.6808783,"blockID":7703,"offRoute":false,"nextLocID":2011,"vehicleID":2630,"signMessage":"77 Montgomry Pk","extraTripID":null,"nextStopSeq":89,"routeNumber":77,"vehicleLoad":"unknown","bearing":268,"lastStopSeq":88,"inCongestion":false,"delay":-333,"latitude":45.5265506},{"tripID":4419233,"serviceDate":1395730800000,"direction":1,"garage":"CENTER","type":"bus","lastLocID":9481,"messageCode":813,"time":1395760637493,"expires":1395761055000,"signMessageLong":"77  Broadway/Halsey to Montgomery Park","extraBlockID":null,"locationInScheduleDay":29835,"longitude":-122.3982117,"blockID":7706,"offRoute":false,"nextLocID":9471,"vehicleID":2632,"signMessage":"77 Montgomry Pk","extraTripID":null,"nextStopSeq":2,"routeNumber":77,"vehicleLoad":"unknown","bearing":85,"lastStopSeq":1,"inCongestion":false,"delay":0,"latitude":45.5443612},{"tripID":4418206,"serviceDate":1395730800000,"direction":1,"garage":"POWELL","type":"bus","lastLocID":54,"messageCode":760,"time":1395760664041,"expires":1395761081000,"signMessageLong":"72  Killingsworth/82nd to Clackamas TC","extraBlockID":null,"locationInScheduleDay":29894,"longitude":-122.6468992,"blockID":7237,"offRoute":false,"nextLocID":11471,"vehicleID":3004,"signMessage":"72 Clackamas TC","extraTripID":null,"nextStopSeq":28,"routeNumber":72,"vehicleLoad":"unknown","bearing":89,"lastStopSeq":27,"inCongestion":false,"delay":33,"latitude":45.5590864},{"tripID":4413882,"serviceDate":1395730800000,"direction":1,"garage":"POWELL","type":"bus","lastLocID":2642,"messageCode":467,"time":1395760660980,"expires":1395761078000,"signMessageLong":"31  Downtown Only","extraBlockID":null,"locationInScheduleDay":29899,"longitude":-122.6661479,"blockID":3136,"offRoute":false,"nextLocID":11956,"vehicleID":3007,"signMessage":"31 Downtown Only","extraTripID":null,"nextStopSeq":37,"routeNumber":31,"vehicleLoad":"unknown","bearing":256,"lastStopSeq":36,"inCongestion":false,"delay":41,"latitude":45.5129151},{"tripID":4417878,"serviceDate":1395730800000,"direction":0,"garage":"POWELL","type":"bus","lastLocID":10601,"messageCode":766,"time":1395760640362,"expires":1395761058000,"signMessageLong":"72  Killingsworth/82nd to Swan Island-Anchor St","extraBlockID":null,"locationInScheduleDay":29880,"longitude":-122.5938595,"blockID":7251,"offRoute":false,"nextLocID":3147,"vehicleID":3003,"signMessage":"72 Swan Island","extraTripID":null,"nextStopSeq":67,"routeNumber":72,"vehicleLoad":"unknown","bearing":270,"lastStopSeq":66,"inCongestion":false,"delay":42,"latitude":45.5627143},{"tripID":4418209,"serviceDate":1395730800000,"direction":1,"garage":"POWELL","type":"bus","lastLocID":115,"messageCode":760,"time":1395760649241,"expires":1395761066000,"signMessageLong":"72  Killingsworth/82nd to Clackamas TC","extraBlockID":null,"locationInScheduleDay":29846,"longitude":-122.703865,"blockID":7241,"offRoute":false,"nextLocID":8681,"vehicleID":3048,"signMessage":"72 Clackamas TC","extraTripID":null,"nextStopSeq":2,"routeNumber":72,"vehicleLoad":"unknown","bearing":159,"lastStopSeq":1,"inCongestion":false,"delay":0,"latitude":45.5567629},{"tripID":4418201,"serviceDate":1395730800000,"direction":1,"garage":"POWELL","type":"bus","lastLocID":12921,"messageCode":760,"time":1395760643412,"expires":1395761060000,"signMessageLong":"72  Killingsworth/82nd to Clackamas TC","extraBlockID":null,"locationInScheduleDay":30068,"longitude":-122.5691691,"blockID":7235,"offRoute":false,"nextLocID":13247,"vehicleID":3053,"signMessage":"72 Clackamas TC","extraTripID":null,"nextStopSeq":111,"routeNumber":72,"vehicleLoad":"unknown","bearing":173,"lastStopSeq":110,"inCongestion":false,"delay":0,"latitude":45.4363448},{"tripID":4418207,"serviceDate":1395730800000,"direction":1,"garage":"POWELL","type":"bus","lastLocID":3162,"messageCode":760,"time":1395760655400,"expires":1395761073000,"signMessageLong":"72  Killingsworth/82nd to Clackamas TC","extraBlockID":null,"locationInScheduleDay":30031,"longitude":-122.686113,"blockID":7245,"offRoute":false,"nextLocID":3158,"vehicleID":3052,"signMessage":"72 Clackamas TC","extraTripID":null,"nextStopSeq":11,"routeNumber":72,"vehicleLoad":"unknown","bearing":91,"lastStopSeq":10,"inCongestion":false,"delay":178,"latitude":45.5626951},{"tripID":4417875,"serviceDate":1395730800000,"direction":0,"garage":"POWELL","type":"bus","lastLocID":10184,"messageCode":766,"time":1395760640403,"expires":1395761057000,"signMessageLong":"72  Killingsworth/82nd to Swan Island-Anchor St","extraBlockID":null,"locationInScheduleDay":29976,"longitude":-122.6606718,"blockID":7234,"offRoute":false,"nextLocID":5890,"vehicleID":3054,"signMessage":"72 Swan Island","extraTripID":null,"nextStopSeq":92,"routeNumber":72,"vehicleLoad":"unknown","bearing":270,"lastStopSeq":91,"inCongestion":false,"delay":139,"latitude":45.5591215},{"tripID":4419091,"serviceDate":1395730800000,"direction":0,"garage":"POWELL","type":"bus","lastLocID":2330,"messageCode":809,"time":1395760583453,"expires":1395761002000,"signMessageLong":"77  Broadway/Halsey to Troutdale","extraBlockID":null,"locationInScheduleDay":29648,"longitude":-122.4209614,"blockID":7734,"offRoute":false,"nextLocID":2421,"vehicleID":3046,"signMessage":"77 To Troutdale","extraTripID":null,"nextStopSeq":93,"routeNumber":77,"vehicleLoad":"unknown","bearing":83,"lastStopSeq":92,"inCongestion":false,"delay":-134,"latitude":45.5367902},{"tripID":4419095,"serviceDate":1395730800000,"direction":0,"garage":"POWELL","type":"bus","lastLocID":8484,"messageCode":809,"time":1395760616422,"expires":1395761033000,"signMessageLong":"77  Broadway/Halsey to Troutdale","extraBlockID":null,"locationInScheduleDay":29585,"longitude":-122.7068969,"blockID":7738,"offRoute":false,"nextLocID":8385,"vehicleID":3035,"signMessage":"77 To Troutdale","extraTripID":null,"nextStopSeq":2,"routeNumber":77,"vehicleLoad":"unknown","bearing":178,"lastStopSeq":1,"inCongestion":false,"delay":-228,"latitude":45.5368572},{"tripID":4411570,"serviceDate":1395730800000,"direction":1,"garage":"POWELL","type":"bus","lastLocID":2642,"messageCode":267,"time":1395760667110,"expires":1395761086000,"signMessageLong":"14  Downtown Only","extraBlockID":null,"locationInScheduleDay":30155,"longitude":-122.6747484,"blockID":1434,"offRoute":false,"nextLocID":11956,"vehicleID":3027,"signMessage":"14 Downtown Only","extraTripID":null,"nextStopSeq":43,"routeNumber":14,"vehicleLoad":"unknown","bearing":335,"lastStopSeq":42,"inCongestion":false,"delay":289,"latitude":45.5147765},{"tripID":4417877,"serviceDate":1395730800000,"direction":0,"garage":"POWELL","type":"bus","lastLocID":8026,"messageCode":766,"time":1395760598278,"expires":1395761016000,"signMessageLong":"72  Killingsworth/82nd to Swan Island-Anchor St","extraBlockID":null,"locationInScheduleDay":29879,"longitude":-122.5786347,"blockID":7243,"offRoute":false,"nextLocID":8063,"vehicleID":3025,"signMessage":"72 Swan Island","extraTripID":null,"nextStopSeq":60,"routeNumber":72,"vehicleLoad":"unknown","bearing":0,"lastStopSeq":59,"inCongestion":false,"delay":83,"latitude":45.5553404},{"tripID":4419227,"serviceDate":1395730800000,"direction":1,"garage":"CENTER","type":"bus","lastLocID":8483,"messageCode":813,"time":1395760662808,"expires":1395761078000,"signMessageLong":"77  Broadway/Halsey to Montgomery Park","extraBlockID":null,"locationInScheduleDay":29320,"longitude":-122.7069345,"blockID":7702,"offRoute":false,"nextLocID":8484,"vehicleID":2005,"signMessage":"77 Montgomry Pk","extraTripID":null,"nextStopSeq":109,"routeNumber":77,"vehicleLoad":"unknown","bearing":178,"lastStopSeq":108,"inCongestion":false,"delay":0,"latitude":45.5377966},{"tripID":4411568,"serviceDate":1395730800000,"direction":1,"garage":"CENTER","type":"bus","lastLocID":13169,"messageCode":267,"time":1395760646460,"expires":1395761064000,"signMessageLong":"14  Downtown Only","extraBlockID":null,"locationInScheduleDay":29496,"longitude":-122.6797495,"blockID":1402,"offRoute":false,"nextLocID":3639,"vehicleID":2014,"signMessage":"14 Downtown Only","extraTripID":null,"nextStopSeq":45,"routeNumber":14,"vehicleLoad":"unknown","bearing":111,"lastStopSeq":44,"inCongestion":false,"delay":-348,"latitude":45.5155654}],"queryTime":1395760669018}}
