{"resultSet":{"vehicle":[{"tripID":4411313,"serviceDate":1395730800000,"direction":0,"garage":"POWELL","type":"bus","lastLocID":2620,"messageCode":266,"time":1395754942829,"expires":1395755360000,"signMessageLong":"14  Hawthorne to 94th & Foster","extraBlockID":null,"locationInScheduleDay":24384,"longitude":-122.6257514,"blockID":1436,"offRoute":false,"nextLocID":2623,"vehicleID":2206,"signMessage":"14 To 94-Foster","extraTripID":null,"nextStopSeq":17,"routeNumber":14,"vehicleLoad":"unknown","bearing":90,"lastStopSeq":16,"inCongestion":false,"delay":244,"latitude":45.5120518},{"tripID":4419089,"serviceDate":1395730800000,"direction":0,"garage":"POWELL","type":"bus","lastLocID":1615,"messageCode":809,"time":1395754942876,"expires":1395755362000,"signMessageLong":"77  Broadway/Halsey to Troutdale","extraBlockID":null,"locationInScheduleDay":24027,"longitude":-122.6935976,"blockID":7735,"offRoute":false,"nextLocID":1611,"vehicleID":2222,"signMessage":"77 To Troutdale","extraTripID":null,"nextStopSeq":12,"routeNumber":77,"vehicleLoad":"unknown","bearing":87,"lastStopSeq":11,"inCongestion":false,"delay":-115,"latitude":45.5248957},{"tripID":4419223,"serviceDate":1395730800000,"direction":1,"garage":"POWELL","type":"bus","lastLocID":10867,"messageCode":813,"time":1395754949303,"expires":1395755364000,"signMessageLong":"77  Broadway/Halsey to Montgomery Park","extraBlockID":null,"locationInScheduleDay":24095,"longitude":-122.6565888,"blockID":7736,"offRoute":false,"nextLocID":10876,"vehicleID":2221,"signMessage":"77 Montgomry Pk","extraTripID":null,"nextStopSeq":83,"routeNumber":77,"vehicleLoad":"unknown","bearing":180,"lastStopSeq":82,"inCongestion":false,"delay":-49,"latitude":45.533736},{"tripID":4419224,"serviceDate":1395730800000,"direction":1,"garage":"POWELL","type":"bus","lastLocID":2425,"messageCode":813,"time":1395754955232,"expires":1395755372000,"signMessageLong":"77  Broadway/Halsey to Montgomery Park","extraBlockID":null,"locationInScheduleDay":24136,"longitude":-122.6144141,"blockID":7737,"offRoute":false,"nextLocID":7571,"vehicleID":2285,"signMessage":"77 Montgomry Pk","extraTripID":null,"nextStopSeq":65,"routeNumber":77,"vehicleLoad":"unknown","bearing":270,"lastStopSeq":64,"inCongestion":false,"delay":-16,"latitude":45.533764},{"tripID":4417869,"serviceDate":1395730800000,"direction":0,"garage":"POWELL","type":"bus","lastLocID":8010,"messageCode":766,"time":1395754942944,"expires":1395755360000,"signMessageLong":"72  Killingsworth/82nd to Swan Island-Anchor St","extraBlockID":null,"locationInScheduleDay":24105,"longitude":-122.579037,"blockID":7244,"offRoute":false,"nextLocID":7999,"vehicleID":2276,"signMessage":"72 Swan Island","extraTripID":null,"nextStopSeq":48,"routeNumber":72,"vehicleLoad":"unknown","bearing":0,"lastStopSeq":47,"inCongestion":false,"delay":-35,"latitude":45.5326781},{"tripID":4417163,"serviceDate":1395730800000,"direction":0,"garage":"CENTER","type":"bus","lastLocID":7105,"messageCode":783,"time":1395754942674,"expires":1395755361000,"signMessageLong":"70  33rd Ave to NE Sunderland","extraBlockID":null,"locationInScheduleDay":24016,"longitude":-122.6439379,"blockID":7005,"offRoute":false,"nextLocID":8883,"vehicleID":2132,"signMessage":"70 To Sunderlnd","extraTripID":null,"nextStopSeq":73,"routeNumber":70,"vehicleLoad":"unknown","bearing":0,"lastStopSeq":72,"inCongestion":false,"delay":-125,"latitude":45.5794415},{"tripID":4413878,"serviceDate":1395730800000,"direction":1,"garage":"CENTER","type":"bus","lastLocID":7524,"messageCode":462,"time":1395754942695,"expires":1395755360000,"signMessageLong":"31L Portland Limited","extraBlockID":null,"locationInScheduleDay":23968,"longitude":-122.6195304,"blockID":3001,"offRoute":false,"nextLocID":2574,"vehicleID":2123,"signMessage":"31L To Portland Limited","extraTripID":null,"nextStopSeq":5,"routeNumber":31,"vehicleLoad":"unknown","bearing":179,"lastStopSeq":4,"inCongestion":false,"delay":-172,"latitude":45.4474847},{"tripID":4417166,"serviceDate":1395730800000,"direction":0,"garage":"CENTER","type":"bus","lastLocID":13477,"messageCode":781,"time":1395754955016,"expires":1395755373000,"signMessageLong":"70  12th/NE 33rd Ave to NE Sunderland via 17th & Tacoma","extraBlockID":null,"locationInScheduleDay":24153,"longitude":-122.6407309,"blockID":7006,"offRoute":false,"nextLocID":8225,"vehicleID":2150,"signMessage":"70 To Sunderland via 17th","extraTripID":null,"nextStopSeq":2,"routeNumber":70,"vehicleLoad":"unknown","bearing":81,"lastStopSeq":1,"inCongestion":false,"delay":0,"latitude":45.4448667},{"tripID":4418197,"serviceDate":1395730800000,"direction":1,"garage":"POWELL","type":"bus","lastLocID":3162,"messageCode":760,"time":1395754963738,"expires":1395755381000,"signMessageLong":"72  Killingsworth/82nd to Clackamas TC","extraBlockID":null,"locationInScheduleDay":24271,"longitude":-122.6856612,"blockID":7238,"offRoute":false,"nextLocID":3158,"vehicleID":2527,"signMessage":"72 Clackamas TC","extraTripID":null,"nextStopSeq":11,"routeNumber":72,"vehicleLoad":"unknown","bearing":91,"lastStopSeq":10,"inCongestion":false,"delay":110,"latitude":45.5626893},{"tripID":4417165,"serviceDate":1395730800000,"direction":0,"garage":"CENTER","type":"bus","lastLocID":6867,"messageCode":780,"time":1395754963743,"expires":1395755378000,"signMessageLong":"70  12th/NE 33rd Ave to NE Sunderland","extraBlockID":null,"locationInScheduleDay":24105,"longitude":-122.6484178,"blockID":7002,"offRoute":false,"nextLocID":6861,"vehicleID":2524,"signMessage":"70 To Sunderlnd","extraTripID":null,"nextStopSeq":19,"routeNumber":70,"vehicleLoad":"unknown","bearing":356,"lastStopSeq":18,"inCongestion":false,"delay":-53,"latitude":45.4799503},{"tripID":4419087,"serviceDate":1395730800000,"direction":0,"garage":"CENTER","type":"bus","lastLocID":2454,"messageCode":809,"time":1395754940022,"expires":1395755356000,"signMessageLong":"77  Broadway/Halsey to Troutdale","extraBlockID":null,"locationInScheduleDay":24206,"longitude":-122.5797838,"blockID":7701,"offRoute":false,"nextLocID":9217,"vehicleID":2512,"signMessage":"77 To Troutdale","extraTripID":null,"nextStopSeq":51,"routeNumber":77,"vehicleLoad":"unknown","bearing":89,"lastStopSeq":50,"inCongestion":false,"delay":70,"latitude":45.5324144},{"tripID":4417866,"serviceDate":1395730800000,"direction":0,"garage":"POWELL","type":"bus","lastLocID":2161,"messageCode":766,"time":1395754940030,"expires":1395755357000,"signMessageLong":"72  Killingsworth/82nd to Swan Island-Anchor St","extraBlockID":null,"locationInScheduleDay":23783,"longitude":-122.7021949,"blockID":7240,"offRoute":false,"nextLocID":115,"vehicleID":2533,"signMessage":"72 Swan Island","extraTripID":null,"nextStopSeq":108,"routeNumber":72,"vehicleLoad":"unknown","bearing":307,"lastStopSeq":107,"inCongestion":false,"delay":0,"latitude":45.5573516},{"tripID":4418196,"serviceDate":1395730800000,"direction":1,"garage":"POWELL","type":"bus","lastLocID":69,"messageCode":760,"time":1395754963898,"expires":1395755379000,"signMessageLong":"72  Killingsworth/82nd to Clackamas TC","extraBlockID":null,"locationInScheduleDay":24180,"longitude":-122.6560309,"blockID":7236,"offRoute":false,"nextLocID":48,"vehicleID":2552,"signMessage":"72 Clackamas TC","extraTripID":null,"nextStopSeq":24,"routeNumber":72,"vehicleLoad":"unknown","bearing":90,"lastStopSeq":23,"inCongestion":false,"delay":21,"latitude":45.5591139},{"tripID":4413798,"serviceDate":1395730800000,"direction":0,"garage":"POWELL","type":"bus","lastLocID":3233,"messageCode":457,"time":1395754940135,"expires":1395755359000,"signMessageLong":"31  Clackamas Town Center, continuing to Estacada","extraBlockID":null,"locationInScheduleDay":24121,"longitude":-122.6105799,"blockID":3134,"offRoute":false,"nextLocID":3245,"vehicleID":2555,"signMessage":"31 To Estacada via Clackamas","extraTripID":null,"nextStopSeq":11,"routeNumber":31,"vehicleLoad":"unknown","bearing":90,"lastStopSeq":10,"inCongestion":false,"delay":-18,"latitude":45.448003},{"tripID":4417868,"serviceDate":1395730800000,"direction":0,"garage":"POWELL","type":"bus","lastLocID":3212,"messageCode":768,"time":1395754958063,"expires":1395755375000,"signMessageLong":"72  Killingsworth/82nd to Swan Island-Shipyards","extraBlockID":null,"locationInScheduleDay":23979,"longitude":-122.5918578,"blockID":7242,"offRoute":false,"nextLocID":10601,"vehicleID":2548,"signMessage":"72 Swan Island","extraTripID":null,"nextStopSeq":66,"routeNumber":72,"vehicleLoad":"unknown","bearing":270,"lastStopSeq":65,"inCongestion":false,"delay":-176,"latitude":45.5627044},{"tripID":4411561,"serviceDate":1395730800000,"direction":1,"garage":"POWELL","type":"bus","lastLocID":1805,"messageCode":268,"time":1395754963890,"expires":1395755378000,"signMessageLong":"14  Hawthorne to Portland","extraBlockID":null,"locationInScheduleDay":23990,"longitude":-122.59424,"blockID":1435,"offRoute":false,"nextLocID":1803,"vehicleID":2316,"signMessage":"14 To Portland","extraTripID":null,"nextStopSeq":12,"routeNumber":14,"vehicleLoad":"unknown","bearing":301,"lastStopSeq":11,"inCongestion":false,"delay":-168,"latitude":45.4886022},{"tripID":4413879,"serviceDate":1395730800000,"direction":1,"garage":"CENTER","type":"bus","lastLocID":13248,"messageCode":464,"time":1395754963727,"expires":1395755379000,"signMessageLong":"31  To Portland via Milwaukie","extraBlockID":null,"locationInScheduleDay":24012,"longitude":-122.5689134,"blockID":1403,"offRoute":false,"nextLocID":12922,"vehicleID":2725,"signMessage":"31 To Portland","extraTripID":null,"nextStopSeq":2,"routeNumber":31,"vehicleLoad":"unknown","bearing":261,"lastStopSeq":1,"inCongestion":false,"delay":-147,"latitude":45.4355628},{"tripID":4419088,"serviceDate":1395730800000,"direction":0,"garage":"CENTER","type":"bus","lastLocID":6237,"messageCode":809,"time":1395754955117,"expires":1395755374000,"signMessageLong":"77  Broadway/Halsey to Troutdale","extraBlockID":null,"locationInScheduleDay":24144,"longitude":-122.6413446,"blockID":7705,"offRoute":false,"nextLocID":6239,"vehicleID":2720,"signMessage":"77 To Troutdale","extraTripID":null,"nextStopSeq":28,"routeNumber":77,"vehicleLoad":"unknown","bearing":90,"lastStopSeq":27,"inCongestion":false,"delay":-10,"latitude":45.5342993},{"tripID":4417164,"serviceDate":1395730800000,"direction":0,"garage":"CENTER","type":"bus","lastLocID":8513,"messageCode":783,"time":1395754963706,"expires":1395755380000,"signMessageLong":"70  33rd Ave to NE Sunderland","extraBlockID":null,"locationInScheduleDay":24120,"longitude":-122.6545979,"blockID":7007,"offRoute":false,"nextLocID":8938,"vehicleID":2709,"signMessage":"70 To Sunderlnd","extraTripID":null,"nextStopSeq":34,"routeNumber":70,"vehicleLoad":"unknown","bearing":0,"lastStopSeq":33,"inCongestion":false,"delay":-40,"latitude":45.5298956},{"tripID":4417315,"serviceDate":1395730800000,"direction":1,"garage":"CENTER","type":"bus","lastLocID":6577,"messageCode":789,"time":1395754963701,"expires":1395755379000,"signMessageLong":"70  12th Ave to Milwaukie via 17th & Tacoma","extraBlockID":null,"locationInScheduleDay":24012,"longitude":-122.65363,"blockID":7001,"offRoute":false,"nextLocID":6541,"vehicleID":2704,"signMessage":"70 To Milw via 17","extraTripID":null,"nextStopSeq":48,"routeNumber":70,"vehicleLoad":"unknown","bearing":185,"lastStopSeq":47,"inCongestion":false,"delay":-147,"latitude":45.5229258},{"tripID":4417317,"serviceDate":1395730800000,"direction":1,"garage":"CENTER","type":"bus","lastLocID":9368,"messageCode":788,"time":1395754955072,"expires":1395755372000,"signMessageLong":"70  12th/NE 33rd Ave to Milwaukie","extraBlockID":null,"locationInScheduleDay":24152,"longitude":-122.6357648,"blockID":7003,"offRoute":false,"nextLocID":9414,"vehicleID":2705,"signMessage":"70 To Milwaukie","extraTripID":null,"nextStopSeq":2,"routeNumber":70,"vehicleLoad":"unknown","bearing":180,"lastStopSeq":1,"inCongestion":false,"delay":0,"latitude":45.5898735},{"tripID":4417314,"serviceDate":1395730800000,"direction":1,"garage":"CENTER","type":"bus","lastLocID":6902,"messageCode":791,"time":1395754940006,"expires":1395755357000,"signMessageLong":"70  To Milwaukie","extraBlockID":null,"locationInScheduleDay":24263,"longitude":-122.6444333,"blockID":7004,"offRoute":false,"nextLocID":6903,"vehicleID":2701,"signMessage":"70 To Milwaukie","extraTripID":null,"nextStopSeq":81,"routeNumber":70,"vehicleLoad":"unknown","bearing":161,"lastStopSeq":80,"inCongestion":false,"delay":126,"latitude":45.4497383},{"tripID":4419225,"serviceDate":1395730800000,"direction":1,"garage":"CENTER","type":"bus","lastLocID":2375,"messageCode":813,"time":1395754943008,"expires":1395755361000,"signMessageLong":"77  Broadway/Halsey to Montgomery Park","extraBlockID":null,"locationInScheduleDay":23970,"longitude":-122.5269819,"blockID":7704,"offRoute":false,"nextLocID":2373,"vehicleID":2614,"signMessage":"77 Montgomry Pk","extraTripID":null,"nextStopSeq":36,"routeNumber":77,"vehicleLoad":"unknown","bearing":268,"lastStopSeq":35,"inCongestion":false,"delay":-171,"latitude":45.533521},{"tripID":4411312,"serviceDate":1395730800000,"direction":0,"garage":"CENTER","type":"bus","lastLocID":1823,"messageCode":266,"time":1395754958016,"expires":1395755375000,"signMessageLong":"14  Hawthorne to 94th & Foster","extraBlockID":null,"locationInScheduleDay":24171,"longitude":-122.5718399,"blockID":1401,"offRoute":false,"nextLocID":1827,"vehicleID":2608,"signMessage":"14 To 94-Foster","extraTripID":null,"nextStopSeq":45,"routeNumber":14,"vehicleLoad":"unknown","bearing":113,"lastStopSeq":44,"inCongestion":false,"delay":16,"latitude":45.4808008},{"tripID":4419086,"serviceDate":1395730800000,"direction":0,"garage":"CENTER","type":"bus","lastLocID":2327,"messageCode":809,"time":1395754886312,"expires":1395755302000,"signMessageLong":"77  Broadway/Halsey to Troutdale","extraBlockID":null,"locationInScheduleDay":24117,"longitude":-122.4409061,"blockID":7703,"offRoute":false,"nextLocID":2436,"vehicleID":2630,"signMessage":"77 To Troutdale","extraTripID":null,"nextStopSeq":88,"routeNumber":77,"vehicleLoad":"unknown","bearing":80,"lastStopSeq":87,"inCongestion":false,"delay":35,"latitude":45.5339887},{"tripID":4417870,"serviceDate":1395730800000,"direction":0,"garage":"POWELL","type":"bus","lastLocID":7993,"messageCode":768,"time":1395754963679,"expires":1395755379000,"signMessageLong":"72  Killingsworth/82nd to Swan Island-Shipyards","extraBlockID":null,"locationInScheduleDay":23800,"longitude":-122.5790517,"blockID":7237,"offRoute":false,"nextLocID":7962,"vehicleID":3004,"signMessage":"72 Swan Island","extraTripID":null,"nextStopSeq":15,"routeNumber":72,"vehicleLoad":"unknown","bearing":0,"lastStopSeq":14,"inCongestion":false,"delay":-359,"latitude":45.4670255},{"tripID":4418193,"serviceDate":1395730800000,"direction":1,"garage":"POWELL","type":"bus","lastLocID":8018,"messageCode":760,"time":1395754949217,"expires":1395755362000,"signMessageLong":"72  Killingsworth/82nd to Clackamas TC","extraBlockID":null,"locationInScheduleDay":23932,"longitude":-122.5791284,"blockID":7241,"offRoute":false,"nextLocID":8016,"vehicleID":3048,"signMessage":"72 Clackamas TC","extraTripID":null,"nextStopSeq":105,"routeNumber":72,"vehicleLoad":"unknown","bearing":178,"lastStopSeq":104,"inCongestion":false,"delay":-210,"latitude":45.4534674},{"tripID":4417867,"serviceDate":1395730800000,"direction":0,"garage":"POWELL","type":"bus","lastLocID":5890,"messageCode":768,"time":1395754891952,"expires":1395755311000,"signMessageLong":"72  Killingsworth/82nd to Swan Island-Shipyards","extraBlockID":null,"locationInScheduleDay":24046,"longitude":-122.6613763,"blockID":7235,"offRoute":false,"nextLocID":10957,"vehicleID":3053,"signMessage":"72 Swan Island","extraTripID":null,"nextStopSeq":93,"routeNumber":72,"vehicleLoad":"unknown","bearing":0,"lastStopSeq":92,"inCongestion":false,"delay":-45,"latitude":45.5624688},{"tripID":4417871,"serviceDate":1395730800000,"direction":0,"garage":"POWELL","type":"bus","lastLocID":7941,"messageCode":766,"time":1395754955080,"expires":1395755374000,"signMessageLong":"72  Killingsworth/82nd to Swan Island-Anchor St","extraBlockID":null,"locationInScheduleDay":24173,"longitude":-122.5789281,"blockID":7245,"offRoute":false,"nextLocID":7920,"vehicleID":3052,"signMessage":"72 Swan Island","extraTripID":null,"nextStopSeq":4,"routeNumber":72,"vehicleLoad":"unknown","bearing":0,"lastStopSeq":3,"inCongestion":false,"delay":19,"latitude":45.4418444},{"tripID":4418194,"serviceDate":1395730800000,"direction":1,"garage":"POWELL","type":"bus","lastLocID":7958,"messageCode":760,"time":1395754963720,"expires":1395755379000,"signMessageLong":"72  Killingsworth/82nd to Clackamas TC","extraBlockID":null,"locationInScheduleDay":24176,"longitude":-122.578704,"blockID":7234,"offRoute":false,"nextLocID":7948,"vehicleID":3054,"signMessage":"72 Clackamas TC","extraTripID":null,"nextStopSeq":80,"routeNumber":72,"vehicleLoad":"unknown","bearing":180,"lastStopSeq":79,"inCongestion":false,"delay":17,"latitude":45.5038394},{"tripID":4419222,"serviceDate":1395730800000,"direction":1,"garage":"POWELL","type":"bus","lastLocID":6014,"messageCode":813,"time":1395754955117,"expires":1395755374000,"signMessageLong":"77  Broadway/Halsey to Montgomery Park","extraBlockID":null,"locationInScheduleDay":23730,"longitude":-122.7007491,"blockID":7734,"offRoute":false,"nextLocID":8414,"vehicleID":3046,"signMessage":"77 Montgomry Pk","extraTripID":null,"nextStopSeq":103,"routeNumber":77,"vehicleLoad":"unknown","bearing":268,"lastStopSeq":102,"inCongestion":false,"delay":-424,"latitude":45.5368959},{"tripID":4419226,"serviceDate":1395730800000,"direction":1,"garage":"POWELL","type":"bus","lastLocID":2437,"messageCode":813,"time":1395754955038,"expires":1395755372000,"signMessageLong":"77  Broadway/Halsey to Montgomery Park","extraBlockID":null,"locationInScheduleDay":24181,"longitude":-122.4403443,"blockID":7738,"offRoute":false,"nextLocID":2414,"vehicleID":3035,"signMessage":"77 Montgomry Pk","extraTripID":null,"nextStopSeq":15,"routeNumber":77,"vehicleLoad":"unknown","bearing":260,"lastStopSeq":14,"inCongestion":false,"delay":29,"latitude":45.534057},{"tripID":4411560,"serviceDate":1395730800000,"direction":1,"garage":"POWELL","type":"bus","lastLocID":2626,"messageCode":268,"time":1395754942747,"expires":1395755362000,"signMessageLong":"14  Hawthorne to Portland","extraBlockID":null,"locationInScheduleDay":23640,"longitude":-122.623213,"blockID":1434,"offRoute":false,"nextLocID":2624,"vehicleID":3027,"signMessage":"14 To Portland","extraTripID":null,"nextStopSeq":29,"routeNumber":14,"vehicleLoad":"unknown","bearing":270,"lastStopSeq":28,"inCongestion":false,"delay":-502,"latitude":45.5120449},{"tripID":4418195,"serviceDate":1395730800000,"direction":1,"garage":"POWELL","type":"bus","lastLocID":3148,"messageCode":760,"time":1395754957805,"expires":1395755375000,"signMessageLong":"72  Killingsworth/82nd to Clackamas TC","extraBlockID":null,"locationInScheduleDay":23871,"longitude":-122.5948262,"blockID":7243,"offRoute":false,"nextLocID":10600,"vehicleID":3025,"signMessage":"72 Clackamas TC","extraTripID":null,"nextStopSeq":48,"routeNumber":72,"vehicleLoad":"unknown","bearing":91,"lastStopSeq":47,"inCongestion":false,"delay":-284,"latitude":45.5627247},{"tripID":4419227,"serviceDate":1395730800000,"direction":1,"garage":"CENTER","type":"bus","lastLocID":9481,"messageCode":813,"time":1395754955128,"expires":1395755372000,"signMessageLong":"77  Broadway/Halsey to Montgomery Park","extraBlockID":null,"locationInScheduleDay":24152,"longitude":-122.3982117,"blockID":7702,"offRoute":false,"nextLocID":9471,"vehicleID":2005,"signMessage":"77 Montgomry Pk","extraTripID":null,"nextStopSeq":2,"routeNumber":77,"vehicleLoad":"unknown","bearing":85,"lastStopSeq":1,"inCongestion":false,"delay":0,"latitude":45.5443612},{"tripID":4413877,"serviceDate":1395730800000,"direction":1,"garage":"CENTER","type":"bus","lastLocID":3797,"messageCode":466,"time":1395754955137,"expires":1395755372000,"signMessageLong":"31  Portland","extraBlockID":null,"locationInScheduleDay":23812,"longitude":-122.6411937,"blockID":1402,"offRoute":false,"nextLocID":3785,"vehicleID":2014,"signMessage":"31 To Portland","extraTripID":null,"nextStopSeq":32,"routeNumber":31,"vehicleLoad":"unknown","bearing":350,"lastStopSeq":31,"inCongestion":false,"delay":-340,"latitude":45.4777439}],"queryTime":1395754968795}}
