{"resultSet":{"vehicle":[{"tripID":4419220,"serviceDate":1395730800000,"direction":1,"garage":"CENTER","type":"bus","lastLocID":2457,"messageCode":813,"time":1395748894525,"expires":1395749312000,"signMessageLong":"77  Broadway/Halsey to Montgomery Park","extraBlockID":null,"locationInScheduleDay":18187,"longitude":-122.574419,"blockID":7701,"offRoute":false,"nextLocID":10846,"vehicleID":2512,"signMessage":"77 Montgomry Pk","extraTripID":null,"nextStopSeq":6,"routeNumber":77,"vehicleLoad":"unknown","bearing":271,"lastStopSeq":5,"inCongestion":false,"delay":95,"latitude":45.533543},{"tripID":4417161,"serviceDate":1395730800000,"direction":0,"garage":"CENTER","type":"bus","lastLocID":8225,"messageCode":782,"time":1395748894523,"expires":1395749312000,"signMessageLong":"70  12th/NE 33rd Ave to NE Sunderland via 13th & Tacoma","extraBlockID":null,"locationInScheduleDay":18063,"longitude":-122.6405049,"blockID":7001,"offRoute":false,"nextLocID":6871,"vehicleID":2704,"signMessage":"70 To Sunderland via 13th","extraTripID":null,"nextStopSeq":3,"routeNumber":70,"vehicleLoad":"unknown","bearing":81,"lastStopSeq":2,"inCongestion":false,"delay":-29,"latitude":45.4448916},{"tripID":4418190,"serviceDate":1395730800000,"direction":1,"garage":"POWELL","type":"bus","lastLocID":8038,"messageCode":760,"time":1395748879774,"expires":1395749297000,"signMessageLong":"72  Killingsworth/82nd to Clackamas TC","extraBlockID":null,"locationInScheduleDay":18481,"longitude":-122.5786858,"blockID":7235,"offRoute":false,"nextLocID":7934,"vehicleID":3053,"signMessage":"72 Clackamas TC","extraTripID":null,"nextStopSeq":2,"routeNumber":72,"vehicleLoad":"unknown","bearing":180,"lastStopSeq":1,"inCongestion":false,"delay":404,"latitude":45.5526347},{"tripID":4417863,"serviceDate":1395730800000,"direction":0,"garage":"POWELL","type":"bus","lastLocID":7957,"messageCode":768,"time":1395748879788,"expires":1395749299000,"signMessageLong":"72  Killingsworth/82nd to Swan Island-Shipyards","extraBlockID":null,"locationInScheduleDay":18050,"longitude":-122.5786977,"blockID":7234,"offRoute":false,"nextLocID":12755,"vehicleID":3054,"signMessage":"72 Swan Island","extraTripID":null,"nextStopSeq":34,"routeNumber":72,"vehicleLoad":"unknown","bearing":0,"lastStopSeq":33,"inCongestion":false,"delay":-29,"latitude":45.5063004},{"tripID":4411556,"serviceDate":1395730800000,"direction":1,"garage":"POWELL","type":"bus","lastLocID":1811,"messageCode":268,"time":1395748897585,"expires":1395749314000,"signMessageLong":"14  Hawthorne to Portland","extraBlockID":null,"locationInScheduleDay":18121,"longitude":-122.5925849,"blockID":1434,"offRoute":false,"nextLocID":1807,"vehicleID":3027,"signMessage":"14 To Portland","extraTripID":null,"nextStopSeq":10,"routeNumber":14,"vehicleLoad":"unknown","bearing":300,"lastStopSeq":9,"inCongestion":false,"delay":27,"latitude":45.4879035}],"queryTime":1395748908559}}
