{"resultSet":{"vehicle":[{"tripID":4419221,"serviceDate":1395730800000,"direction":1,"garage":"POWELL","type":"bus","lastLocID":10876,"messageCode":813,"time":1395752006101,"expires":1395752422000,"signMessageLong":"77  Broadway/Halsey to Montgomery Park","extraBlockID":null,"locationInScheduleDay":21200,"longitude":-122.6589927,"blockID":7735,"offRoute":false,"nextLocID":4043,"vehicleID":2222,"signMessage":"77 Montgomry Pk","extraTripID":null,"nextStopSeq":38,"routeNumber":77,"vehicleLoad":"unknown","bearing":270,"lastStopSeq":37,"inCongestion":false,"delay":-2,"latitude":45.5315075},{"tripID":4419223,"serviceDate":1395730800000,"direction":1,"garage":"POWELL","type":"bus","lastLocID":2423,"messageCode":813,"time":1395751996661,"expires":1395752416000,"signMessageLong":"77  Broadway/Halsey to Montgomery Park","extraBlockID":null,"locationInScheduleDay":21218,"longitude":-122.4130269,"blockID":7736,"offRoute":false,"nextLocID":2333,"vehicleID":2221,"signMessage":"77 Montgomry Pk","extraTripID":null,"nextStopSeq":8,"routeNumber":77,"vehicleLoad":"unknown","bearing":259,"lastStopSeq":7,"inCongestion":false,"delay":22,"latitude":45.5378441},{"tripID":4413875,"serviceDate":1395730800000,"direction":1,"garage":"POWELL","type":"bus","lastLocID":3235,"messageCode":464,"time":1395752014844,"expires":1395752434000,"signMessageLong":"31  To Portland via Milwaukie","extraBlockID":null,"locationInScheduleDay":21060,"longitude":-122.5987302,"blockID":3137,"offRoute":false,"nextLocID":3232,"vehicleID":2258,"signMessage":"31 To Portland","extraTripID":null,"nextStopSeq":11,"routeNumber":31,"vehicleLoad":"unknown","bearing":270,"lastStopSeq":10,"inCongestion":false,"delay":-154,"latitude":45.4479493},{"tripID":4417163,"serviceDate":1395730800000,"direction":0,"garage":"CENTER","type":"bus","lastLocID":6901,"messageCode":782,"time":1395751999699,"expires":1395752419000,"signMessageLong":"70  12th/NE 33rd Ave to NE Sunderland via 13th & Tacoma","extraBlockID":null,"locationInScheduleDay":21259,"longitude":-122.6468385,"blockID":7005,"offRoute":false,"nextLocID":6885,"vehicleID":2132,"signMessage":"70 To Sunderland via 13th","extraTripID":null,"nextStopSeq":5,"routeNumber":70,"vehicleLoad":"unknown","bearing":352,"lastStopSeq":4,"inCongestion":false,"delay":60,"latitude":45.4583286},{"tripID":4417865,"serviceDate":1395730800000,"direction":0,"garage":"POWELL","type":"bus","lastLocID":8026,"messageCode":768,"time":1395751927829,"expires":1395752345000,"signMessageLong":"72  Killingsworth/82nd to Swan Island-Shipyards","extraBlockID":null,"locationInScheduleDay":21087,"longitude":-122.5786347,"blockID":7238,"offRoute":false,"nextLocID":8063,"vehicleID":2527,"signMessage":"72 Swan Island","extraTripID":null,"nextStopSeq":60,"routeNumber":72,"vehicleLoad":"unknown","bearing":0,"lastStopSeq":59,"inCongestion":false,"delay":-38,"latitude":45.5553404},{"tripID":4417312,"serviceDate":1395730800000,"direction":1,"garage":"CENTER","type":"bus","lastLocID":6554,"messageCode":789,"time":1395752006029,"expires":1395752421000,"signMessageLong":"70  12th Ave to Milwaukie via 17th & Tacoma","extraBlockID":null,"locationInScheduleDay":21106,"longitude":-122.6546625,"blockID":7002,"offRoute":false,"nextLocID":6542,"vehicleID":2524,"signMessage":"70 To Milw via 17","extraTripID":null,"nextStopSeq":50,"routeNumber":70,"vehicleLoad":"unknown","bearing":180,"lastStopSeq":49,"inCongestion":false,"delay":-95,"latitude":45.5176449},{"tripID":4419087,"serviceDate":1395730800000,"direction":0,"garage":"CENTER","type":"bus","lastLocID":8484,"messageCode":809,"time":1395751999756,"expires":1395752419000,"signMessageLong":"77  Broadway/Halsey to Troutdale","extraBlockID":null,"locationInScheduleDay":21199,"longitude":-122.7069049,"blockID":7701,"offRoute":false,"nextLocID":8385,"vehicleID":2512,"signMessage":"77 To Troutdale","extraTripID":null,"nextStopSeq":2,"routeNumber":77,"vehicleLoad":"unknown","bearing":178,"lastStopSeq":1,"inCongestion":false,"delay":0,"latitude":45.5370429},{"tripID":4418192,"serviceDate":1395730800000,"direction":1,"garage":"POWELL","type":"bus","lastLocID":10600,"messageCode":760,"time":1395752014811,"expires":1395752431000,"signMessageLong":"72  Killingsworth/82nd to Clackamas TC","extraBlockID":null,"locationInScheduleDay":21182,"longitude":-122.5937202,"blockID":7239,"offRoute":false,"nextLocID":3211,"vehicleID":2540,"signMessage":"72 Clackamas TC","extraTripID":null,"nextStopSeq":49,"routeNumber":72,"vehicleLoad":"unknown","bearing":90,"lastStopSeq":48,"inCongestion":false,"delay":-29,"latitude":45.5627136},{"tripID":4417866,"serviceDate":1395730800000,"direction":0,"garage":"POWELL","type":"bus","lastLocID":8023,"messageCode":766,"time":1395751999770,"expires":1395752417000,"signMessageLong":"72  Killingsworth/82nd to Swan Island-Anchor St","extraBlockID":null,"locationInScheduleDay":21120,"longitude":-122.578735,"blockID":7240,"offRoute":false,"nextLocID":8052,"vehicleID":2533,"signMessage":"72 Swan Island","extraTripID":null,"nextStopSeq":30,"routeNumber":72,"vehicleLoad":"unknown","bearing":0,"lastStopSeq":29,"inCongestion":false,"delay":-77,"latitude":45.4978227},{"tripID":4417864,"serviceDate":1395730800000,"direction":0,"garage":"POWELL","type":"bus","lastLocID":64,"messageCode":768,"time":1395752020810,"expires":1395752438000,"signMessageLong":"72  Killingsworth/82nd to Swan Island-Shipyards","extraBlockID":null,"locationInScheduleDay":20834,"longitude":-122.6377806,"blockID":7236,"offRoute":false,"nextLocID":61,"vehicleID":2552,"signMessage":"72 Swan Island","extraTripID":null,"nextStopSeq":84,"routeNumber":72,"vehicleLoad":"unknown","bearing":270,"lastStopSeq":83,"inCongestion":false,"delay":-384,"latitude":45.5590564},{"tripID":4413874,"serviceDate":1395730800000,"direction":1,"garage":"POWELL","type":"bus","lastLocID":13488,"messageCode":466,"time":1395752014900,"expires":1395752434000,"signMessageLong":"31  Portland","extraBlockID":null,"locationInScheduleDay":21242,"longitude":-122.658091,"blockID":3134,"offRoute":false,"nextLocID":2171,"vehicleID":2555,"signMessage":"31 To Portland","extraTripID":null,"nextStopSeq":35,"routeNumber":31,"vehicleLoad":"unknown","bearing":336,"lastStopSeq":34,"inCongestion":false,"delay":28,"latitude":45.4952754},{"tripID":4411557,"serviceDate":1395730800000,"direction":1,"garage":"POWELL","type":"bus","lastLocID":13169,"messageCode":266,"time":1395752020804,"expires":1395752438000,"signMessageLong":"14  Hawthorne to 94th & Foster","extraBlockID":null,"locationInScheduleDay":21235,"longitude":-122.6808057,"blockID":1435,"offRoute":false,"nextLocID":3639,"vehicleID":2316,"signMessage":"14 To 94-Foster","extraTripID":null,"nextStopSeq":45,"routeNumber":14,"vehicleLoad":"unknown","bearing":290,"lastStopSeq":44,"inCongestion":false,"delay":17,"latitude":45.5166099},{"tripID":4417161,"serviceDate":1395730800000,"direction":0,"garage":"CENTER","type":"bus","lastLocID":4912,"messageCode":783,"time":1395752006005,"expires":1395752420000,"signMessageLong":"70  33rd Ave to NE Sunderland","extraBlockID":null,"locationInScheduleDay":21062,"longitude":-122.6336614,"blockID":7001,"offRoute":false,"nextLocID":9365,"vehicleID":2704,"signMessage":"70 To Sunderlnd","extraTripID":null,"nextStopSeq":77,"routeNumber":70,"vehicleLoad":"unknown","bearing":90,"lastStopSeq":76,"inCongestion":false,"delay":-138,"latitude":45.580083},{"tripID":4417162,"serviceDate":1395730800000,"direction":0,"garage":"CENTER","type":"bus","lastLocID":6585,"messageCode":780,"time":1395751999719,"expires":1395752417000,"signMessageLong":"70  12th/NE 33rd Ave to NE Sunderland","extraBlockID":null,"locationInScheduleDay":21240,"longitude":-122.6536782,"blockID":7003,"offRoute":false,"nextLocID":6588,"vehicleID":2705,"signMessage":"70 To Sunderlnd","extraTripID":null,"nextStopSeq":28,"routeNumber":70,"vehicleLoad":"unknown","bearing":359,"lastStopSeq":27,"inCongestion":false,"delay":43,"latitude":45.5131191},{"tripID":4417314,"serviceDate":1395730800000,"direction":1,"garage":"CENTER","type":"bus","lastLocID":9368,"messageCode":788,"time":1395751999720,"expires":1395752417000,"signMessageLong":"70  12th/NE 33rd Ave to Milwaukie","extraBlockID":null,"locationInScheduleDay":21143,"longitude":-122.6336908,"blockID":7004,"offRoute":false,"nextLocID":9414,"vehicleID":2701,"signMessage":"70 To Milwaukie","extraTripID":null,"nextStopSeq":2,"routeNumber":70,"vehicleLoad":"unknown","bearing":89,"lastStopSeq":1,"inCongestion":false,"delay":-54,"latitude":45.5893984},{"tripID":4411558,"serviceDate":1395730800000,"direction":1,"garage":"CENTER","type":"bus","lastLocID":7656,"messageCode":268,"time":1395752018157,"expires":1395752437000,"signMessageLong":"14  Hawthorne to Portland","extraBlockID":null,"locationInScheduleDay":21180,"longitude":-122.6113718,"blockID":1401,"offRoute":false,"nextLocID":7665,"vehicleID":2608,"signMessage":"14 To Portland","extraTripID":null,"nextStopSeq":19,"routeNumber":14,"vehicleLoad":"unknown","bearing":0,"lastStopSeq":18,"inCongestion":false,"delay":-37,"latitude":45.4980094},{"tripID":4418191,"serviceDate":1395730800000,"direction":1,"garage":"POWELL","type":"bus","lastLocID":8053,"messageCode":760,"time":1395752017938,"expires":1395752437000,"signMessageLong":"72  Killingsworth/82nd to Clackamas TC","extraBlockID":null,"locationInScheduleDay":21141,"longitude":-122.5787292,"blockID":7237,"offRoute":false,"nextLocID":8024,"vehicleID":3004,"signMessage":"72 Clackamas TC","extraTripID":null,"nextStopSeq":83,"routeNumber":72,"vehicleLoad":"unknown","bearing":180,"lastStopSeq":82,"inCongestion":false,"delay":-76,"latitude":45.4992109},{"tripID":4413796,"serviceDate":1395730800000,"direction":0,"garage":"POWELL","type":"bus","lastLocID":3224,"messageCode":457,"time":1395752017944,"expires":1395752435000,"signMessageLong":"31  Clackamas Town Center, continuing to Estacada","extraBlockID":null,"locationInScheduleDay":21244,"longitude":-122.5890622,"blockID":3136,"offRoute":false,"nextLocID":3251,"vehicleID":3007,"signMessage":"31 To Estacada via Clackamas","extraTripID":null,"nextStopSeq":18,"routeNumber":31,"vehicleLoad":"unknown","bearing":90,"lastStopSeq":17,"inCongestion":false,"delay":29,"latitude":45.4470631},{"tripID":4418193,"serviceDate":1395730800000,"direction":1,"garage":"POWELL","type":"bus","lastLocID":3156,"messageCode":760,"time":1395752005992,"expires":1395752420000,"signMessageLong":"72  Killingsworth/82nd to Clackamas TC","extraBlockID":null,"locationInScheduleDay":21224,"longitude":-122.6692789,"blockID":7241,"offRoute":false,"nextLocID":3183,"vehicleID":3048,"signMessage":"72 Clackamas TC","extraTripID":null,"nextStopSeq":17,"routeNumber":72,"vehicleLoad":"unknown","bearing":89,"lastStopSeq":16,"inCongestion":false,"delay":24,"latitude":45.5627125},{"tripID":4417867,"serviceDate":1395730800000,"direction":0,"garage":"POWELL","type":"bus","lastLocID":12922,"messageCode":768,"time":1395751996635,"expires":1395752416000,"signMessageLong":"72  Killingsworth/82nd to Swan Island-Shipyards","extraBlockID":null,"locationInScheduleDay":21201,"longitude":-122.5761424,"blockID":7235,"offRoute":false,"nextLocID":7941,"vehicleID":3053,"signMessage":"72 Swan Island","extraTripID":null,"nextStopSeq":3,"routeNumber":72,"vehicleLoad":"unknown","bearing":262,"lastStopSeq":2,"inCongestion":false,"delay":5,"latitude":45.4372558},{"tripID":4417863,"serviceDate":1395730800000,"direction":0,"garage":"POWELL","type":"bus","lastLocID":1042,"messageCode":768,"time":1395752017983,"expires":1395752436000,"signMessageLong":"72  Killingsworth/82nd to Swan Island-Shipyards","extraBlockID":null,"locationInScheduleDay":20758,"longitude":-122.7041941,"blockID":7234,"offRoute":false,"nextLocID":1041,"vehicleID":3054,"signMessage":"72 Swan Island","extraTripID":null,"nextStopSeq":117,"routeNumber":72,"vehicleLoad":"unknown","bearing":94,"lastStopSeq":116,"inCongestion":false,"delay":0,"latitude":45.5566863},{"tripID":4419222,"serviceDate":1395730800000,"direction":1,"garage":"POWELL","type":"bus","lastLocID":2384,"messageCode":813,"time":1395751984895,"expires":1395752402000,"signMessageLong":"77  Broadway/Halsey to Montgomery Park","extraBlockID":null,"locationInScheduleDay":20901,"longitude":-122.5154691,"blockID":7734,"offRoute":false,"nextLocID":2382,"vehicleID":3046,"signMessage":"77 Montgomry Pk","extraTripID":null,"nextStopSeq":32,"routeNumber":77,"vehicleLoad":"unknown","bearing":270,"lastStopSeq":31,"inCongestion":false,"delay":-281,"latitude":45.5336873},{"tripID":4411310,"serviceDate":1395730800000,"direction":0,"garage":"POWELL","type":"bus","lastLocID":6398,"messageCode":266,"time":1395752005966,"expires":1395752421000,"signMessageLong":"14  Hawthorne to 94th & Foster","extraBlockID":null,"locationInScheduleDay":21281,"longitude":-122.5651873,"blockID":1434,"offRoute":false,"nextLocID":8134,"vehicleID":3027,"signMessage":"14 To 94-Foster","extraTripID":null,"nextStopSeq":48,"routeNumber":14,"vehicleLoad":"unknown","bearing":110,"lastStopSeq":47,"inCongestion":false,"delay":80,"latitude":45.4781209},{"tripID":4419085,"serviceDate":1395730800000,"direction":0,"garage":"CENTER","type":"bus","lastLocID":2434,"messageCode":809,"time":1395751999773,"expires":1395752419000,"signMessageLong":"77  Broadway/Halsey to Troutdale","extraBlockID":null,"locationInScheduleDay":21208,"longitude":-122.6041745,"blockID":7702,"offRoute":false,"nextLocID":2439,"vehicleID":2005,"signMessage":"77 To Troutdale","extraTripID":null,"nextStopSeq":43,"routeNumber":77,"vehicleLoad":"unknown","bearing":90,"lastStopSeq":42,"inCongestion":false,"delay":9,"latitude":45.533718}],"queryTime":1395752028682}}
