{"resultSet":{"vehicle":[{"tripID":4411559,"serviceDate":1395730800000,"direction":1,"garage":"POWELL","type":"bus","lastLocID":2609,"messageCode":268,"time":1395753740107,"expires":1395754158000,"signMessageLong":"14  Hawthorne to Portland","extraBlockID":null,"locationInScheduleDay":22966,"longitude":-122.646401,"blockID":1436,"offRoute":false,"nextLocID":2606,"vehicleID":2206,"signMessage":"14 To Portland","extraTripID":null,"nextStopSeq":36,"routeNumber":14,"vehicleLoad":"unknown","bearing":269,"lastStopSeq":35,"inCongestion":false,"delay":28,"latitude":45.5121953},{"tripID":4419089,"serviceDate":1395730800000,"direction":0,"garage":"POWELL","type":"bus","lastLocID":8484,"messageCode":809,"time":1395753757953,"expires":1395754176000,"signMessageLong":"77  Broadway/Halsey to Troutdale","extraBlockID":null,"locationInScheduleDay":22956,"longitude":-122.7069049,"blockID":7735,"offRoute":false,"nextLocID":8385,"vehicleID":2222,"signMessage":"77 To Troutdale","extraTripID":null,"nextStopSeq":2,"routeNumber":77,"vehicleLoad":"unknown","bearing":178,"lastStopSeq":1,"inCongestion":false,"delay":0,"latitude":45.5370429},{"tripID":4419223,"serviceDate":1395730800000,"direction":1,"garage":"POWELL","type":"bus","lastLocID":10846,"messageCode":813,"time":1395753757894,"expires":1395754177000,"signMessageLong":"77  Broadway/Halsey to Montgomery Park","extraBlockID":null,"locationInScheduleDay":22620,"longitude":-122.5787742,"blockID":7736,"offRoute":false,"nextLocID":7916,"vehicleID":2221,"signMessage":"77 Montgomry Pk","extraTripID":null,"nextStopSeq":53,"routeNumber":77,"vehicleLoad":"unknown","bearing":271,"lastStopSeq":52,"inCongestion":false,"delay":-337,"latitude":45.5339672},{"tripID":4419224,"serviceDate":1395730800000,"direction":1,"garage":"POWELL","type":"bus","lastLocID":2390,"messageCode":813,"time":1395753756203,"expires":1395754173000,"signMessageLong":"77  Broadway/Halsey to Montgomery Park","extraBlockID":null,"locationInScheduleDay":22891,"longitude":-122.5045458,"blockID":7737,"offRoute":false,"nextLocID":2386,"vehicleID":2285,"signMessage":"77 Montgomry Pk","extraTripID":null,"nextStopSeq":30,"routeNumber":77,"vehicleLoad":"unknown","bearing":270,"lastStopSeq":29,"inCongestion":false,"delay":-62,"latitude":45.5336698},{"tripID":4417869,"serviceDate":1395730800000,"direction":0,"garage":"POWELL","type":"bus","lastLocID":8017,"messageCode":766,"time":1395753757986,"expires":1395754176000,"signMessageLong":"72  Killingsworth/82nd to Swan Island-Anchor St","extraBlockID":null,"locationInScheduleDay":22935,"longitude":-122.5791104,"blockID":7244,"offRoute":false,"nextLocID":7983,"vehicleID":2276,"signMessage":"72 Swan Island","extraTripID":null,"nextStopSeq":9,"routeNumber":72,"vehicleLoad":"unknown","bearing":0,"lastStopSeq":8,"inCongestion":false,"delay":-21,"latitude":45.456504},{"tripID":4417163,"serviceDate":1395730800000,"direction":0,"garage":"CENTER","type":"bus","lastLocID":8513,"messageCode":783,"time":1395753745596,"expires":1395754163000,"signMessageLong":"70  33rd Ave to NE Sunderland","extraBlockID":null,"locationInScheduleDay":22931,"longitude":-122.6546024,"blockID":7005,"offRoute":false,"nextLocID":8938,"vehicleID":2132,"signMessage":"70 To Sunderlnd","extraTripID":null,"nextStopSeq":37,"routeNumber":70,"vehicleLoad":"unknown","bearing":359,"lastStopSeq":36,"inCongestion":false,"delay":-12,"latitude":45.5304883},{"tripID":4413797,"serviceDate":1395730800000,"direction":0,"garage":"CENTER","type":"bus","lastLocID":7921,"messageCode":457,"time":1395753742848,"expires":1395754162000,"signMessageLong":"31  Clackamas Town Center, continuing to Estacada","extraBlockID":null,"locationInScheduleDay":22993,"longitude":-122.5789272,"blockID":3003,"offRoute":false,"nextLocID":7942,"vehicleID":2119,"signMessage":"31 To Estacada via Clackamas","extraTripID":null,"nextStopSeq":22,"routeNumber":31,"vehicleLoad":"unknown","bearing":180,"lastStopSeq":21,"inCongestion":false,"delay":51,"latitude":45.442644},{"tripID":4417313,"serviceDate":1395730800000,"direction":1,"garage":"CENTER","type":"bus","lastLocID":6899,"messageCode":738,"time":1395753754882,"expires":1395754174000,"signMessageLong":"70  12th Ave to Milwaukie via 13th & Tacoma","extraBlockID":null,"locationInScheduleDay":22761,"longitude":-122.6482174,"blockID":7006,"offRoute":false,"nextLocID":6857,"vehicleID":2150,"signMessage":"70 To Milwaukie","extraTripID":null,"nextStopSeq":25,"routeNumber":70,"vehicleLoad":"unknown","bearing":178,"lastStopSeq":24,"inCongestion":false,"delay":-193,"latitude":45.4774982},{"tripID":4417865,"serviceDate":1395730800000,"direction":0,"garage":"POWELL","type":"bus","lastLocID":3316,"messageCode":768,"time":1395753757866,"expires":1395754174000,"signMessageLong":"72  Killingsworth/82nd to Swan Island-Shipyards","extraBlockID":null,"locationInScheduleDay":22779,"longitude":-122.7064268,"blockID":7238,"offRoute":false,"nextLocID":3317,"vehicleID":2527,"signMessage":"72 Swan Island","extraTripID":null,"nextStopSeq":110,"routeNumber":72,"vehicleLoad":"unknown","bearing":307,"lastStopSeq":109,"inCongestion":false,"delay":-175,"latitude":45.5596285},{"tripID":4417165,"serviceDate":1395730800000,"direction":0,"garage":"CENTER","type":"bus","lastLocID":13477,"messageCode":782,"time":1395753761080,"expires":1395754177000,"signMessageLong":"70  12th/NE 33rd Ave to NE Sunderland via 13th & Tacoma","extraBlockID":null,"locationInScheduleDay":22957,"longitude":-122.6407309,"blockID":7002,"offRoute":false,"nextLocID":8225,"vehicleID":2524,"signMessage":"70 To Sunderland via 13th","extraTripID":null,"nextStopSeq":2,"routeNumber":70,"vehicleLoad":"unknown","bearing":81,"lastStopSeq":1,"inCongestion":false,"delay":0,"latitude":45.4448667},{"tripID":4419087,"serviceDate":1395730800000,"direction":0,"garage":"CENTER","type":"bus","lastLocID":6216,"messageCode":809,"time":1395753756062,"expires":1395754173000,"signMessageLong":"77  Broadway/Halsey to Troutdale","extraBlockID":null,"locationInScheduleDay":23008,"longitude":-122.6520184,"blockID":7701,"offRoute":false,"nextLocID":10425,"vehicleID":2512,"signMessage":"77 To Troutdale","extraTripID":null,"nextStopSeq":24,"routeNumber":77,"vehicleLoad":"unknown","bearing":90,"lastStopSeq":23,"inCongestion":false,"delay":55,"latitude":45.5343365},{"tripID":4418192,"serviceDate":1395730800000,"direction":1,"garage":"POWELL","type":"bus","lastLocID":7996,"messageCode":760,"time":1395753745633,"expires":1395754163000,"signMessageLong":"72  Killingsworth/82nd to Clackamas TC","extraBlockID":null,"locationInScheduleDay":22974,"longitude":-122.5791077,"blockID":7239,"offRoute":false,"nextLocID":7988,"vehicleID":2540,"signMessage":"72 Clackamas TC","extraTripID":null,"nextStopSeq":103,"routeNumber":72,"vehicleLoad":"unknown","bearing":180,"lastStopSeq":102,"inCongestion":false,"delay":31,"latitude":45.4573235},{"tripID":4417866,"serviceDate":1395730800000,"direction":0,"garage":"POWELL","type":"bus","lastLocID":61,"messageCode":766,"time":1395753742942,"expires":1395754160000,"signMessageLong":"72  Killingsworth/82nd to Swan Island-Anchor St","extraBlockID":null,"locationInScheduleDay":22707,"longitude":-122.6408047,"blockID":7240,"offRoute":false,"nextLocID":11472,"vehicleID":2533,"signMessage":"72 Swan Island","extraTripID":null,"nextStopSeq":85,"routeNumber":72,"vehicleLoad":"unknown","bearing":270,"lastStopSeq":84,"inCongestion":false,"delay":-233,"latitude":45.5590662},{"tripID":4417868,"serviceDate":1395730800000,"direction":0,"garage":"POWELL","type":"bus","lastLocID":7947,"messageCode":768,"time":1395753740310,"expires":1395754158000,"signMessageLong":"72  Killingsworth/82nd to Swan Island-Shipyards","extraBlockID":null,"locationInScheduleDay":22920,"longitude":-122.5787082,"blockID":7242,"offRoute":false,"nextLocID":7957,"vehicleID":2548,"signMessage":"72 Swan Island","extraTripID":null,"nextStopSeq":33,"routeNumber":72,"vehicleLoad":"unknown","bearing":0,"lastStopSeq":32,"inCongestion":false,"delay":-18,"latitude":45.5031519},{"tripID":4411311,"serviceDate":1395730800000,"direction":0,"garage":"POWELL","type":"bus","lastLocID":8134,"messageCode":266,"time":1395753761165,"expires":1395754177000,"signMessageLong":"14  Hawthorne to 94th & Foster","extraBlockID":null,"locationInScheduleDay":22957,"longitude":-122.5647304,"blockID":1435,"offRoute":false,"nextLocID":1831,"vehicleID":2316,"signMessage":"14 To 94-Foster","extraTripID":null,"nextStopSeq":49,"routeNumber":14,"vehicleLoad":"unknown","bearing":291,"lastStopSeq":48,"inCongestion":false,"delay":0,"latitude":45.4787534},{"tripID":4419088,"serviceDate":1395730800000,"direction":0,"garage":"CENTER","type":"bus","lastLocID":7112,"messageCode":809,"time":1395753757859,"expires":1395754174000,"signMessageLong":"77  Broadway/Halsey to Troutdale","extraBlockID":null,"locationInScheduleDay":22945,"longitude":-122.6942419,"blockID":7705,"offRoute":false,"nextLocID":1615,"vehicleID":2720,"signMessage":"77 To Troutdale","extraTripID":null,"nextStopSeq":11,"routeNumber":77,"vehicleLoad":"unknown","bearing":87,"lastStopSeq":10,"inCongestion":false,"delay":-9,"latitude":45.5248792},{"tripID":4413876,"serviceDate":1395730800000,"direction":1,"garage":"CENTER","type":"bus","lastLocID":2171,"messageCode":462,"time":1395753745625,"expires":1395754164000,"signMessageLong":"31L Portland Limited","extraBlockID":null,"locationInScheduleDay":22860,"longitude":-122.6608307,"blockID":3101,"offRoute":false,"nextLocID":2642,"vehicleID":2714,"signMessage":"31L To Portland Limited","extraTripID":null,"nextStopSeq":8,"routeNumber":31,"vehicleLoad":"unknown","bearing":270,"lastStopSeq":7,"inCongestion":false,"delay":-84,"latitude":45.5129382},{"tripID":4417164,"serviceDate":1395730800000,"direction":0,"garage":"CENTER","type":"bus","lastLocID":10302,"messageCode":781,"time":1395753740090,"expires":1395754159000,"signMessageLong":"70  12th/NE 33rd Ave to NE Sunderland via 17th & Tacoma","extraBlockID":null,"locationInScheduleDay":22810,"longitude":-122.6471062,"blockID":7007,"offRoute":false,"nextLocID":6873,"vehicleID":2709,"signMessage":"70 To Sunderland via 17th","extraTripID":null,"nextStopSeq":10,"routeNumber":70,"vehicleLoad":"unknown","bearing":338,"lastStopSeq":9,"inCongestion":false,"delay":-129,"latitude":45.4656261},{"tripID":4417315,"serviceDate":1395730800000,"direction":1,"garage":"CENTER","type":"bus","lastLocID":7382,"messageCode":788,"time":1395753756010,"expires":1395754174000,"signMessageLong":"70  12th/NE 33rd Ave to Milwaukie","extraBlockID":null,"locationInScheduleDay":22931,"longitude":-122.6306825,"blockID":7001,"offRoute":false,"nextLocID":7372,"vehicleID":2704,"signMessage":"70 To Milwaukie","extraTripID":null,"nextStopSeq":19,"routeNumber":70,"vehicleLoad":"unknown","bearing":180,"lastStopSeq":18,"inCongestion":false,"delay":-23,"latitude":45.5623308},{"tripID":4417162,"serviceDate":1395730800000,"direction":0,"garage":"CENTER","type":"bus","lastLocID":9339,"messageCode":783,"time":1395753745614,"expires":1395754165000,"signMessageLong":"70  33rd Ave to NE Sunderland","extraBlockID":null,"locationInScheduleDay":23027,"longitude":-122.6354371,"blockID":7003,"offRoute":false,"nextLocID":11171,"vehicleID":2705,"signMessage":"70 To Sunderlnd","extraTripID":null,"nextStopSeq":77,"routeNumber":70,"vehicleLoad":"unknown","bearing":346,"lastStopSeq":76,"inCongestion":false,"delay":82,"latitude":45.5950891},{"tripID":4417314,"serviceDate":1395730800000,"direction":1,"garage":"CENTER","type":"bus","lastLocID":6541,"messageCode":790,"time":1395753745603,"expires":1395754165000,"signMessageLong":"70  12th Ave to Milwaukie via 13th & Tacoma","extraBlockID":null,"locationInScheduleDay":22912,"longitude":-122.6546522,"blockID":7004,"offRoute":false,"nextLocID":6554,"vehicleID":2701,"signMessage":"70 To Milw via 13","extraTripID":null,"nextStopSeq":49,"routeNumber":70,"vehicleLoad":"unknown","bearing":180,"lastStopSeq":48,"inCongestion":false,"delay":-33,"latitude":45.5196115},{"tripID":4419225,"serviceDate":1395730800000,"direction":1,"garage":"CENTER","type":"bus","lastLocID":2340,"messageCode":813,"time":1395753740277,"expires":1395754157000,"signMessageLong":"77  Broadway/Halsey to Montgomery Park","extraBlockID":null,"locationInScheduleDay":22954,"longitude":-122.4063958,"blockID":7704,"offRoute":false,"nextLocID":2423,"vehicleID":2614,"signMessage":"77 Montgomry Pk","extraTripID":null,"nextStopSeq":7,"routeNumber":77,"vehicleLoad":"unknown","bearing":263,"lastStopSeq":6,"inCongestion":false,"delay":17,"latitude":45.5386991},{"tripID":4411312,"serviceDate":1395730800000,"direction":0,"garage":"CENTER","type":"bus","lastLocID":2614,"messageCode":266,"time":1395753761138,"expires":1395754179000,"signMessageLong":"14  Hawthorne to 94th & Foster","extraBlockID":null,"locationInScheduleDay":23117,"longitude":-122.6370475,"blockID":1401,"offRoute":false,"nextLocID":2615,"vehicleID":2608,"signMessage":"14 To 94-Foster","extraTripID":null,"nextStopSeq":14,"routeNumber":14,"vehicleLoad":"unknown","bearing":90,"lastStopSeq":13,"inCongestion":false,"delay":158,"latitude":45.5120721},{"tripID":4419086,"serviceDate":1395730800000,"direction":0,"garage":"CENTER","type":"bus","lastLocID":7999,"messageCode":809,"time":1395753761118,"expires":1395754177000,"signMessageLong":"77  Broadway/Halsey to Troutdale","extraBlockID":null,"locationInScheduleDay":22936,"longitude":-122.5780996,"blockID":7703,"offRoute":false,"nextLocID":2456,"vehicleID":2630,"signMessage":"77 To Troutdale","extraTripID":null,"nextStopSeq":53,"routeNumber":77,"vehicleLoad":"unknown","bearing":120,"lastStopSeq":52,"inCongestion":false,"delay":-21,"latitude":45.5337546},{"tripID":4418193,"serviceDate":1395730800000,"direction":1,"garage":"POWELL","type":"bus","lastLocID":8048,"messageCode":760,"time":1395753757816,"expires":1395754174000,"signMessageLong":"72  Killingsworth/82nd to Clackamas TC","extraBlockID":null,"locationInScheduleDay":22939,"longitude":-122.5790811,"blockID":7241,"offRoute":false,"nextLocID":7929,"vehicleID":3048,"signMessage":"72 Clackamas TC","extraTripID":null,"nextStopSeq":73,"routeNumber":72,"vehicleLoad":"unknown","bearing":179,"lastStopSeq":72,"inCongestion":false,"delay":-15,"latitude":45.5192953},{"tripID":4417867,"serviceDate":1395730800000,"direction":0,"garage":"POWELL","type":"bus","lastLocID":7967,"messageCode":768,"time":1395753740090,"expires":1395754157000,"signMessageLong":"72  Killingsworth/82nd to Swan Island-Shipyards","extraBlockID":null,"locationInScheduleDay":22894,"longitude":-122.5787746,"blockID":7235,"offRoute":false,"nextLocID":7933,"vehicleID":3053,"signMessage":"72 Swan Island","extraTripID":null,"nextStopSeq":57,"routeNumber":72,"vehicleLoad":"unknown","bearing":0,"lastStopSeq":56,"inCongestion":false,"delay":-43,"latitude":45.5478804},{"tripID":4418194,"serviceDate":1395730800000,"direction":1,"garage":"POWELL","type":"bus","lastLocID":3144,"messageCode":760,"time":1395753742907,"expires":1395754160000,"signMessageLong":"72  Killingsworth/82nd to Clackamas TC","extraBlockID":null,"locationInScheduleDay":22814,"longitude":-122.6127585,"blockID":7234,"offRoute":false,"nextLocID":3202,"vehicleID":3054,"signMessage":"72 Clackamas TC","extraTripID":null,"nextStopSeq":42,"routeNumber":72,"vehicleLoad":"unknown","bearing":90,"lastStopSeq":41,"inCongestion":false,"delay":-126,"latitude":45.5627745},{"tripID":4419222,"serviceDate":1395730800000,"direction":1,"garage":"POWELL","type":"bus","lastLocID":10867,"messageCode":813,"time":1395753757851,"expires":1395754174000,"signMessageLong":"77  Broadway/Halsey to Montgomery Park","extraBlockID":null,"locationInScheduleDay":22756,"longitude":-122.6565851,"blockID":7734,"offRoute":false,"nextLocID":10876,"vehicleID":3046,"signMessage":"77 Montgomry Pk","extraTripID":null,"nextStopSeq":83,"routeNumber":77,"vehicleLoad":"unknown","bearing":180,"lastStopSeq":82,"inCongestion":false,"delay":-198,"latitude":45.5344459},{"tripID":4411560,"serviceDate":1395730800000,"direction":1,"garage":"POWELL","type":"bus","lastLocID":1799,"messageCode":268,"time":1395753742892,"expires":1395754160000,"signMessageLong":"14  Hawthorne to Portland","extraBlockID":null,"locationInScheduleDay":23062,"longitude":-122.6032127,"blockID":1434,"offRoute":false,"nextLocID":1798,"vehicleID":3027,"signMessage":"14 To Portland","extraTripID":null,"nextStopSeq":16,"routeNumber":14,"vehicleLoad":"unknown","bearing":308,"lastStopSeq":15,"inCongestion":false,"delay":122,"latitude":45.4928728},{"tripID":4418195,"serviceDate":1395730800000,"direction":1,"garage":"POWELL","type":"bus","lastLocID":2195,"messageCode":760,"time":1395753755953,"expires":1395754171000,"signMessageLong":"72  Killingsworth/82nd to Clackamas TC","extraBlockID":null,"locationInScheduleDay":22635,"longitude":-122.6936136,"blockID":7243,"offRoute":false,"nextLocID":2201,"vehicleID":3025,"signMessage":"72 Clackamas TC","extraTripID":null,"nextStopSeq":5,"routeNumber":72,"vehicleLoad":"unknown","bearing":338,"lastStopSeq":4,"inCongestion":false,"delay":-316,"latitude":45.5586354},{"tripID":4419085,"serviceDate":1395730800000,"direction":0,"garage":"CENTER","type":"bus","lastLocID":2416,"messageCode":809,"time":1395753756093,"expires":1395754171000,"signMessageLong":"77  Broadway/Halsey to Troutdale","extraBlockID":null,"locationInScheduleDay":22921,"longitude":-122.4273692,"blockID":7702,"offRoute":false,"nextLocID":2418,"vehicleID":2005,"signMessage":"77 To Troutdale","extraTripID":null,"nextStopSeq":91,"routeNumber":77,"vehicleLoad":"unknown","bearing":79,"lastStopSeq":90,"inCongestion":false,"delay":-30,"latitude":45.535939},{"tripID":4413877,"serviceDate":1395730800000,"direction":1,"garage":"CENTER","type":"bus","lastLocID":3229,"messageCode":464,"time":1395753757897,"expires":1395754174000,"signMessageLong":"31  To Portland via Milwaukie","extraBlockID":null,"locationInScheduleDay":22794,"longitude":-122.5925959,"blockID":1402,"offRoute":false,"nextLocID":3249,"vehicleID":2014,"signMessage":"31 To Portland","extraTripID":null,"nextStopSeq":9,"routeNumber":31,"vehicleLoad":"unknown","bearing":288,"lastStopSeq":8,"inCongestion":false,"delay":-160,"latitude":45.4478624}],"queryTime":1395753768749}}
