{"resultSet":{"vehicle":[{"tripID":4411559,"serviceDate":1395730800000,"direction":1,"garage":"POWELL","type":"bus","lastLocID":2629,"messageCode":268,"time":1395753350155,"expires":1395753768000,"signMessageLong":"14  Hawthorne to Portland","extraBlockID":null,"locationInScheduleDay":22575,"longitude":-122.6198407,"blockID":1436,"offRoute":false,"nextLocID":2626,"vehicleID":2206,"signMessage":"14 To Portland","extraTripID":null,"nextStopSeq":28,"routeNumber":14,"vehicleLoad":"unknown","bearing":270,"lastStopSeq":27,"inCongestion":false,"delay":27,"latitude":45.5120393},{"tripID":4419089,"serviceDate":1395730800000,"direction":0,"garage":"POWELL","type":"bus","lastLocID":8484,"messageCode":809,"time":1395753397823,"expires":1395753815000,"signMessageLong":"77  Broadway/Halsey to Troutdale","extraBlockID":null,"locationInScheduleDay":22595,"longitude":-122.7069049,"blockID":7735,"offRoute":false,"nextLocID":8385,"vehicleID":2222,"signMessage":"77 To Troutdale","extraTripID":null,"nextStopSeq":2,"routeNumber":77,"vehicleLoad":"unknown","bearing":178,"lastStopSeq":1,"inCongestion":false,"delay":0,"latitude":45.5370429},{"tripID":4419223,"serviceDate":1395730800000,"direction":1,"garage":"POWELL","type":"bus","lastLocID":6225,"messageCode":813,"time":1395753397778,"expires":1395753817000,"signMessageLong":"77  Broadway/Halsey to Montgomery Park","extraBlockID":null,"locationInScheduleDay":22354,"longitude":-122.5489075,"blockID":7736,"offRoute":false,"nextLocID":6224,"vehicleID":2221,"signMessage":"77 Montgomry Pk","extraTripID":null,"nextStopSeq":44,"routeNumber":77,"vehicleLoad":"unknown","bearing":270,"lastStopSeq":43,"inCongestion":false,"delay":-243,"latitude":45.5341462},{"tripID":4413875,"serviceDate":1395730800000,"direction":1,"garage":"POWELL","type":"bus","lastLocID":2642,"messageCode":467,"time":1395753384575,"expires":1395753801000,"signMessageLong":"31  Downtown Only","extraBlockID":null,"locationInScheduleDay":22800,"longitude":-122.6749887,"blockID":3137,"offRoute":false,"nextLocID":11956,"vehicleID":2258,"signMessage":"31 Downtown Only","extraTripID":null,"nextStopSeq":38,"routeNumber":31,"vehicleLoad":"unknown","bearing":313,"lastStopSeq":37,"inCongestion":false,"delay":219,"latitude":45.5149935},{"tripID":4419224,"serviceDate":1395730800000,"direction":1,"garage":"POWELL","type":"bus","lastLocID":8825,"messageCode":813,"time":1395753379738,"expires":1395753799000,"signMessageLong":"77  Broadway/Halsey to Montgomery Park","extraBlockID":null,"locationInScheduleDay":22541,"longitude":-122.4613246,"blockID":7737,"offRoute":false,"nextLocID":2326,"vehicleID":2285,"signMessage":"77 Montgomry Pk","extraTripID":null,"nextStopSeq":19,"routeNumber":77,"vehicleLoad":"unknown","bearing":270,"lastStopSeq":18,"inCongestion":false,"delay":-38,"latitude":45.5336464},{"tripID":4417869,"serviceDate":1395730800000,"direction":0,"garage":"POWELL","type":"bus","lastLocID":12922,"messageCode":766,"time":1395753397856,"expires":1395753815000,"signMessageLong":"72  Killingsworth/82nd to Swan Island-Anchor St","extraBlockID":null,"locationInScheduleDay":22620,"longitude":-122.5740057,"blockID":7244,"offRoute":false,"nextLocID":7941,"vehicleID":2276,"signMessage":"72 Swan Island","extraTripID":null,"nextStopSeq":3,"routeNumber":72,"vehicleLoad":"unknown","bearing":271,"lastStopSeq":2,"inCongestion":false,"delay":25,"latitude":45.4374107},{"tripID":4417163,"serviceDate":1395730800000,"direction":0,"garage":"CENTER","type":"bus","lastLocID":6594,"messageCode":780,"time":1395753385709,"expires":1395753804000,"signMessageLong":"70  12th/NE 33rd Ave to NE Sunderland","extraBlockID":null,"locationInScheduleDay":22622,"longitude":-122.6536406,"blockID":7005,"offRoute":false,"nextLocID":6589,"vehicleID":2132,"signMessage":"70 To Sunderlnd","extraTripID":null,"nextStopSeq":33,"routeNumber":70,"vehicleLoad":"unknown","bearing":0,"lastStopSeq":32,"inCongestion":false,"delay":38,"latitude":45.5192286},{"tripID":4413797,"serviceDate":1395730800000,"direction":0,"garage":"CENTER","type":"bus","lastLocID":3245,"messageCode":457,"time":1395753385709,"expires":1395753803000,"signMessageLong":"31  Clackamas Town Center, continuing to Estacada","extraBlockID":null,"locationInScheduleDay":22589,"longitude":-122.6079775,"blockID":3003,"offRoute":false,"nextLocID":3238,"vehicleID":2119,"signMessage":"31 To Estacada via Clackamas","extraTripID":null,"nextStopSeq":12,"routeNumber":31,"vehicleLoad":"unknown","bearing":90,"lastStopSeq":11,"inCongestion":false,"delay":6,"latitude":45.4479911},{"tripID":4417313,"serviceDate":1395730800000,"direction":1,"garage":"CENTER","type":"bus","lastLocID":3909,"messageCode":738,"time":1395753406566,"expires":1395753826000,"signMessageLong":"70  12th Ave to Milwaukie via 13th & Tacoma","extraBlockID":null,"locationInScheduleDay":22485,"longitude":-122.6488756,"blockID":7006,"offRoute":false,"nextLocID":13658,"vehicleID":2150,"signMessage":"70 To Milwaukie","extraTripID":null,"nextStopSeq":18,"routeNumber":70,"vehicleLoad":"unknown","bearing":90,"lastStopSeq":17,"inCongestion":false,"delay":-121,"latitude":45.4939888},{"tripID":4417865,"serviceDate":1395730800000,"direction":0,"garage":"POWELL","type":"bus","lastLocID":3159,"messageCode":768,"time":1395753394995,"expires":1395753814000,"signMessageLong":"72  Killingsworth/82nd to Swan Island-Shipyards","extraBlockID":null,"locationInScheduleDay":22336,"longitude":-122.6852848,"blockID":7238,"offRoute":false,"nextLocID":3163,"vehicleID":2527,"signMessage":"72 Swan Island","extraTripID":null,"nextStopSeq":101,"routeNumber":72,"vehicleLoad":"unknown","bearing":271,"lastStopSeq":100,"inCongestion":false,"delay":-258,"latitude":45.5626844},{"tripID":4417165,"serviceDate":1395730800000,"direction":0,"garage":"CENTER","type":"bus","lastLocID":13477,"messageCode":782,"time":1395753397748,"expires":1395753817000,"signMessageLong":"70  12th/NE 33rd Ave to NE Sunderland via 13th & Tacoma","extraBlockID":null,"locationInScheduleDay":22597,"longitude":-122.6407309,"blockID":7002,"offRoute":false,"nextLocID":8225,"vehicleID":2524,"signMessage":"70 To Sunderland via 13th","extraTripID":null,"nextStopSeq":2,"routeNumber":70,"vehicleLoad":"unknown","bearing":81,"lastStopSeq":1,"inCongestion":false,"delay":0,"latitude":45.4448667},{"tripID":4419087,"serviceDate":1395730800000,"direction":0,"garage":"CENTER","type":"bus","lastLocID":11817,"messageCode":809,"time":1395753394992,"expires":1395753813000,"signMessageLong":"77  Broadway/Halsey to Troutdale","extraBlockID":null,"locationInScheduleDay":22680,"longitude":-122.6659959,"blockID":7701,"offRoute":false,"nextLocID":13708,"vehicleID":2512,"signMessage":"77 To Troutdale","extraTripID":null,"nextStopSeq":20,"routeNumber":77,"vehicleLoad":"unknown","bearing":86,"lastStopSeq":19,"inCongestion":false,"delay":87,"latitude":45.5307959},{"tripID":4418192,"serviceDate":1395730800000,"direction":1,"garage":"POWELL","type":"bus","lastLocID":8041,"messageCode":760,"time":1395753385767,"expires":1395753803000,"signMessageLong":"72  Killingsworth/82nd to Clackamas TC","extraBlockID":null,"locationInScheduleDay":22562,"longitude":-122.5788833,"blockID":7239,"offRoute":false,"nextLocID":8030,"vehicleID":2540,"signMessage":"72 Clackamas TC","extraTripID":null,"nextStopSeq":88,"routeNumber":72,"vehicleLoad":"unknown","bearing":180,"lastStopSeq":87,"inCongestion":false,"delay":-21,"latitude":45.4873793},{"tripID":4417866,"serviceDate":1395730800000,"direction":0,"garage":"POWELL","type":"bus","lastLocID":3205,"messageCode":766,"time":1395753384517,"expires":1395753800000,"signMessageLong":"72  Killingsworth/82nd to Swan Island-Anchor St","extraBlockID":null,"locationInScheduleDay":22359,"longitude":-122.6094254,"blockID":7240,"offRoute":false,"nextLocID":3203,"vehicleID":2533,"signMessage":"72 Swan Island","extraTripID":null,"nextStopSeq":72,"routeNumber":72,"vehicleLoad":"unknown","bearing":270,"lastStopSeq":71,"inCongestion":false,"delay":-221,"latitude":45.5627595},{"tripID":4417868,"serviceDate":1395730800000,"direction":0,"garage":"POWELL","type":"bus","lastLocID":7960,"messageCode":768,"time":1395753379768,"expires":1395753799000,"signMessageLong":"72  Killingsworth/82nd to Swan Island-Shipyards","extraBlockID":null,"locationInScheduleDay":22508,"longitude":-122.5790702,"blockID":7242,"offRoute":false,"nextLocID":8057,"vehicleID":2548,"signMessage":"72 Swan Island","extraTripID":null,"nextStopSeq":19,"routeNumber":72,"vehicleLoad":"unknown","bearing":0,"lastStopSeq":18,"inCongestion":false,"delay":-71,"latitude":45.4774651},{"tripID":4411311,"serviceDate":1395730800000,"direction":0,"garage":"POWELL","type":"bus","lastLocID":1814,"messageCode":266,"time":1395753401033,"expires":1395753818000,"signMessageLong":"14  Hawthorne to 94th & Foster","extraBlockID":null,"locationInScheduleDay":22643,"longitude":-122.5827883,"blockID":1435,"offRoute":false,"nextLocID":1816,"vehicleID":2316,"signMessage":"14 To 94-Foster","extraTripID":null,"nextStopSeq":41,"routeNumber":14,"vehicleLoad":"unknown","bearing":118,"lastStopSeq":40,"inCongestion":false,"delay":45,"latitude":45.4843027},{"tripID":4419088,"serviceDate":1395730800000,"direction":0,"garage":"CENTER","type":"bus","lastLocID":8385,"messageCode":809,"time":1395753400948,"expires":1395753818000,"signMessageLong":"77  Broadway/Halsey to Troutdale","extraBlockID":null,"locationInScheduleDay":22521,"longitude":-122.7022094,"blockID":7705,"offRoute":false,"nextLocID":6013,"vehicleID":2720,"signMessage":"77 To Troutdale","extraTripID":null,"nextStopSeq":3,"routeNumber":77,"vehicleLoad":"unknown","bearing":88,"lastStopSeq":2,"inCongestion":false,"delay":-77,"latitude":45.5368708},{"tripID":4413876,"serviceDate":1395730800000,"direction":1,"garage":"CENTER","type":"bus","lastLocID":2574,"messageCode":462,"time":1395753397735,"expires":1395753816000,"signMessageLong":"31L Portland Limited","extraBlockID":null,"locationInScheduleDay":22334,"longitude":-122.6419902,"blockID":3101,"offRoute":false,"nextLocID":3858,"vehicleID":2714,"signMessage":"31L To Portland Limited","extraTripID":null,"nextStopSeq":6,"routeNumber":31,"vehicleLoad":"unknown","bearing":344,"lastStopSeq":5,"inCongestion":false,"delay":-262,"latitude":45.4807352},{"tripID":4417315,"serviceDate":1395730800000,"direction":1,"garage":"CENTER","type":"bus","lastLocID":118,"messageCode":788,"time":1395753397724,"expires":1395753816000,"signMessageLong":"70  12th/NE 33rd Ave to Milwaukie","extraBlockID":null,"locationInScheduleDay":22640,"longitude":-122.6439517,"blockID":7001,"offRoute":false,"nextLocID":8304,"vehicleID":2704,"signMessage":"70 To Milwaukie","extraTripID":null,"nextStopSeq":9,"routeNumber":70,"vehicleLoad":"unknown","bearing":180,"lastStopSeq":8,"inCongestion":false,"delay":44,"latitude":45.5775993},{"tripID":4417162,"serviceDate":1395730800000,"direction":0,"garage":"CENTER","type":"bus","lastLocID":7369,"messageCode":783,"time":1395753379646,"expires":1395753799000,"signMessageLong":"70  33rd Ave to NE Sunderland","extraBlockID":null,"locationInScheduleDay":22652,"longitude":-122.6343993,"blockID":7003,"offRoute":false,"nextLocID":8508,"vehicleID":2705,"signMessage":"70 To Sunderlnd","extraTripID":null,"nextStopSeq":65,"routeNumber":70,"vehicleLoad":"unknown","bearing":287,"lastStopSeq":64,"inCongestion":false,"delay":73,"latitude":45.5744666},{"tripID":4417314,"serviceDate":1395730800000,"direction":1,"garage":"CENTER","type":"bus","lastLocID":4044,"messageCode":790,"time":1395753394945,"expires":1395753813000,"signMessageLong":"70  12th Ave to Milwaukie via 13th & Tacoma","extraBlockID":null,"locationInScheduleDay":22508,"longitude":-122.6562406,"blockID":7004,"offRoute":false,"nextLocID":8937,"vehicleID":2701,"signMessage":"70 To Milw via 13","extraTripID":null,"nextStopSeq":44,"routeNumber":70,"vehicleLoad":"unknown","bearing":269,"lastStopSeq":43,"inCongestion":false,"delay":-85,"latitude":45.5314923},{"tripID":4411312,"serviceDate":1395730800000,"direction":0,"garage":"CENTER","type":"bus","lastLocID":3635,"messageCode":266,"time":1395753401004,"expires":1395753818000,"signMessageLong":"14  Hawthorne to 94th & Foster","extraBlockID":null,"locationInScheduleDay":22601,"longitude":-122.6758047,"blockID":1401,"offRoute":false,"nextLocID":2641,"vehicleID":2608,"signMessage":"14 To 94-Foster","extraTripID":null,"nextStopSeq":3,"routeNumber":14,"vehicleLoad":"unknown","bearing":111,"lastStopSeq":2,"inCongestion":false,"delay":3,"latitude":45.5145167},{"tripID":4419086,"serviceDate":1395730800000,"direction":0,"garage":"CENTER","type":"bus","lastLocID":2430,"messageCode":809,"time":1395753400979,"expires":1395753820000,"signMessageLong":"77  Broadway/Halsey to Troutdale","extraBlockID":null,"locationInScheduleDay":22517,"longitude":-122.6050227,"blockID":7703,"offRoute":false,"nextLocID":2434,"vehicleID":2630,"signMessage":"77 To Troutdale","extraTripID":null,"nextStopSeq":42,"routeNumber":77,"vehicleLoad":"unknown","bearing":89,"lastStopSeq":41,"inCongestion":false,"delay":-83,"latitude":45.5337208},{"tripID":4418191,"serviceDate":1395730800000,"direction":1,"garage":"POWELL","type":"bus","lastLocID":12921,"messageCode":760,"time":1395753340847,"expires":1395753760000,"signMessageLong":"72  Killingsworth/82nd to Clackamas TC","extraBlockID":null,"locationInScheduleDay":22250,"longitude":-122.5685478,"blockID":7237,"offRoute":false,"nextLocID":13247,"vehicleID":3004,"signMessage":"72 Clackamas TC","extraTripID":null,"nextStopSeq":111,"routeNumber":72,"vehicleLoad":"unknown","bearing":86,"lastStopSeq":110,"inCongestion":false,"delay":0,"latitude":45.4355653},{"tripID":4418193,"serviceDate":1395730800000,"direction":1,"garage":"POWELL","type":"bus","lastLocID":8045,"messageCode":760,"time":1395753394934,"expires":1395753814000,"signMessageLong":"72  Killingsworth/82nd to Clackamas TC","extraBlockID":null,"locationInScheduleDay":22575,"longitude":-122.5788639,"blockID":7241,"offRoute":false,"nextLocID":8002,"vehicleID":3048,"signMessage":"72 Clackamas TC","extraTripID":null,"nextStopSeq":60,"routeNumber":72,"vehicleLoad":"unknown","bearing":180,"lastStopSeq":59,"inCongestion":false,"delay":-19,"latitude":45.5434773},{"tripID":4417867,"serviceDate":1395730800000,"direction":0,"garage":"POWELL","type":"bus","lastLocID":7936,"messageCode":768,"time":1395753406567,"expires":1395753826000,"signMessageLong":"72  Killingsworth/82nd to Swan Island-Shipyards","extraBlockID":null,"locationInScheduleDay":22523,"longitude":-122.5790788,"blockID":7235,"offRoute":false,"nextLocID":7955,"vehicleID":3053,"signMessage":"72 Swan Island","extraTripID":null,"nextStopSeq":43,"routeNumber":72,"vehicleLoad":"unknown","bearing":0,"lastStopSeq":42,"inCongestion":false,"delay":-83,"latitude":45.5236614},{"tripID":4418194,"serviceDate":1395730800000,"direction":1,"garage":"POWELL","type":"bus","lastLocID":50,"messageCode":760,"time":1395753384437,"expires":1395753801000,"signMessageLong":"72  Killingsworth/82nd to Clackamas TC","extraBlockID":null,"locationInScheduleDay":22375,"longitude":-122.6505943,"blockID":7234,"offRoute":false,"nextLocID":52,"vehicleID":3054,"signMessage":"72 Clackamas TC","extraTripID":null,"nextStopSeq":26,"routeNumber":72,"vehicleLoad":"unknown","bearing":89,"lastStopSeq":25,"inCongestion":false,"delay":-206,"latitude":45.5590991},{"tripID":4419222,"serviceDate":1395730800000,"direction":1,"garage":"POWELL","type":"bus","lastLocID":7484,"messageCode":813,"time":1395753394992,"expires":1395753814000,"signMessageLong":"77  Broadway/Halsey to Montgomery Park","extraBlockID":null,"locationInScheduleDay":22277,"longitude":-122.6232303,"blockID":7734,"offRoute":false,"nextLocID":649,"vehicleID":3046,"signMessage":"77 Montgomry Pk","extraTripID":null,"nextStopSeq":70,"routeNumber":77,"vehicleLoad":"unknown","bearing":269,"lastStopSeq":69,"inCongestion":false,"delay":-317,"latitude":45.5351487},{"tripID":4411560,"serviceDate":1395730800000,"direction":1,"garage":"POWELL","type":"bus","lastLocID":1824,"messageCode":268,"time":1395753384265,"expires":1395753801000,"signMessageLong":"14  Hawthorne to Portland","extraBlockID":null,"locationInScheduleDay":22656,"longitude":-122.5780069,"blockID":1434,"offRoute":false,"nextLocID":1818,"vehicleID":3027,"signMessage":"14 To Portland","extraTripID":null,"nextStopSeq":6,"routeNumber":14,"vehicleLoad":"unknown","bearing":298,"lastStopSeq":5,"inCongestion":false,"delay":75,"latitude":45.4824509},{"tripID":4418195,"serviceDate":1395730800000,"direction":1,"garage":"POWELL","type":"bus","lastLocID":9399,"messageCode":760,"time":1395753394908,"expires":1395753812000,"signMessageLong":"72  Killingsworth/82nd to Clackamas TC","extraBlockID":null,"locationInScheduleDay":22582,"longitude":-122.6921421,"blockID":7243,"offRoute":false,"nextLocID":2195,"vehicleID":3025,"signMessage":"72 Clackamas TC","extraTripID":null,"nextStopSeq":4,"routeNumber":72,"vehicleLoad":"unknown","bearing":256,"lastStopSeq":3,"inCongestion":false,"delay":-10,"latitude":45.5552632},{"tripID":4419085,"serviceDate":1395730800000,"direction":0,"garage":"CENTER","type":"bus","lastLocID":2401,"messageCode":809,"time":1395753395008,"expires":1395753812000,"signMessageLong":"77  Broadway/Halsey to Troutdale","extraBlockID":null,"locationInScheduleDay":22547,"longitude":-122.4725512,"blockID":7702,"offRoute":false,"nextLocID":2405,"vehicleID":2005,"signMessage":"77 To Troutdale","extraTripID":null,"nextStopSeq":79,"routeNumber":77,"vehicleLoad":"unknown","bearing":89,"lastStopSeq":78,"inCongestion":false,"delay":-45,"latitude":45.5336728},{"tripID":4413877,"serviceDate":1395730800000,"direction":1,"garage":"CENTER","type":"bus","lastLocID":12922,"messageCode":464,"time":1395753397777,"expires":1395753815000,"signMessageLong":"31  To Portland via Milwaukie","extraBlockID":null,"locationInScheduleDay":22491,"longitude":-122.5787305,"blockID":1402,"offRoute":false,"nextLocID":7941,"vehicleID":2014,"signMessage":"31 To Portland","extraTripID":null,"nextStopSeq":3,"routeNumber":31,"vehicleLoad":"unknown","bearing":271,"lastStopSeq":2,"inCongestion":false,"delay":-104,"latitude":45.4371855}],"queryTime":1395753408736}}
