{"resultSet":{"vehicle":[{"tripID":4411577,"serviceDate":1395730800000,"direction":1,"garage":"POWELL","type":"bus","lastLocID":11956,"messageCode":267,"time":1395763715374,"expires":1395764133000,"signMessageLong":"14  Downtown Only","extraBlockID":null,"locationInScheduleDay":33108,"longitude":-122.6774713,"blockID":1436,"offRoute":false,"nextLocID":13169,"vehicleID":2206,"signMessage":"14 Downtown Only","extraTripID":null,"nextStopSeq":44,"routeNumber":14,"vehicleLoad":"unknown","bearing":289,"lastStopSeq":43,"inCongestion":false,"delay":195,"latitude":45.5157763},{"tripID":4419232,"serviceDate":1395730800000,"direction":1,"garage":"POWELL","type":"bus","lastLocID":634,"messageCode":813,"time":1395763706087,"expires":1395764125000,"signMessageLong":"77  Broadway/Halsey to Montgomery Park","extraBlockID":null,"locationInScheduleDay":32888,"longitude":-122.647297,"blockID":7735,"offRoute":false,"nextLocID":632,"vehicleID":2222,"signMessage":"77 Montgomry Pk","extraTripID":null,"nextStopSeq":79,"routeNumber":77,"vehicleLoad":"unknown","bearing":270,"lastStopSeq":78,"inCongestion":false,"delay":-17,"latitude":45.5350297},{"tripID":4419235,"serviceDate":1395730800000,"direction":1,"garage":"POWELL","type":"bus","lastLocID":2342,"messageCode":813,"time":1395763694463,"expires":1395764110000,"signMessageLong":"77  Broadway/Halsey to Montgomery Park","extraBlockID":null,"locationInScheduleDay":32890,"longitude":-122.4348436,"blockID":7736,"offRoute":false,"nextLocID":2437,"vehicleID":2221,"signMessage":"77 Montgomry Pk","extraTripID":null,"nextStopSeq":14,"routeNumber":77,"vehicleLoad":"unknown","bearing":239,"lastStopSeq":13,"inCongestion":false,"delay":0,"latitude":45.5347017},{"tripID":4411578,"serviceDate":1395730800000,"direction":1,"garage":"POWELL","type":"bus","lastLocID":2611,"messageCode":268,"time":1395763721390,"expires":1395764139000,"signMessageLong":"14  Hawthorne to Portland","extraBlockID":null,"locationInScheduleDay":32950,"longitude":-122.6417161,"blockID":1438,"offRoute":false,"nextLocID":2609,"vehicleID":2220,"signMessage":"14 To Portland","extraTripID":null,"nextStopSeq":35,"routeNumber":14,"vehicleLoad":"unknown","bearing":270,"lastStopSeq":34,"inCongestion":false,"delay":31,"latitude":45.5120882},{"tripID":4417884,"serviceDate":1395730800000,"direction":0,"garage":"POWELL","type":"bus","lastLocID":7999,"messageCode":766,"time":1395763718100,"expires":1395764135000,"signMessageLong":"72  Killingsworth/82nd to Swan Island-Anchor St","extraBlockID":null,"locationInScheduleDay":32915,"longitude":-122.578962,"blockID":7247,"offRoute":false,"nextLocID":8042,"vehicleID":2250,"signMessage":"72 Swan Island","extraTripID":null,"nextStopSeq":49,"routeNumber":72,"vehicleLoad":"unknown","bearing":0,"lastStopSeq":48,"inCongestion":false,"delay":0,"latitude":45.533614},{"tripID":4417882,"serviceDate":1395730800000,"direction":0,"garage":"POWELL","type":"bus","lastLocID":3189,"messageCode":766,"time":1395763703454,"expires":1395764119000,"signMessageLong":"72  Killingsworth/82nd to Swan Island-Anchor St","extraBlockID":null,"locationInScheduleDay":32821,"longitude":-122.6337401,"blockID":7246,"offRoute":false,"nextLocID":7328,"vehicleID":2296,"signMessage":"72 Swan Island","extraTripID":null,"nextStopSeq":80,"routeNumber":72,"vehicleLoad":"unknown","bearing":270,"lastStopSeq":79,"inCongestion":false,"delay":-78,"latitude":45.5627192},{"tripID":4418205,"serviceDate":1395730800000,"direction":1,"garage":"POWELL","type":"bus","lastLocID":12921,"messageCode":760,"time":1395763325480,"expires":1395763743000,"signMessageLong":"72  Killingsworth/82nd to Clackamas TC","extraBlockID":null,"locationInScheduleDay":32559,"longitude":-122.5689813,"blockID":7252,"offRoute":false,"nextLocID":13247,"vehicleID":2283,"signMessage":"72 Clackamas TC","extraTripID":null,"nextStopSeq":111,"routeNumber":72,"vehicleLoad":"unknown","bearing":81,"lastStopSeq":110,"inCongestion":false,"delay":0,"latitude":45.4354978},{"tripID":4411579,"serviceDate":1395730800000,"direction":1,"garage":"POWELL","type":"bus","lastLocID":1798,"messageCode":268,"time":1395763727079,"expires":1395764146000,"signMessageLong":"14  Hawthorne to Portland","extraBlockID":null,"locationInScheduleDay":32888,"longitude":-122.6059209,"blockID":1439,"offRoute":false,"nextLocID":1793,"vehicleID":2275,"signMessage":"14 To Portland","extraTripID":null,"nextStopSeq":17,"routeNumber":14,"vehicleLoad":"unknown","bearing":301,"lastStopSeq":16,"inCongestion":false,"delay":-38,"latitude":45.4942077},{"tripID":4417322,"serviceDate":1395730800000,"direction":1,"garage":"CENTER","type":"bus","lastLocID":6872,"messageCode":791,"time":1395763706024,"expires":1395764125000,"signMessageLong":"70  To Milwaukie","extraBlockID":null,"locationInScheduleDay":32482,"longitude":-122.6431043,"blockID":7006,"offRoute":false,"nextLocID":13477,"vehicleID":2150,"signMessage":"70 To Milwaukie","extraTripID":null,"nextStopSeq":83,"routeNumber":70,"vehicleLoad":"unknown","bearing":95,"lastStopSeq":82,"inCongestion":false,"delay":-423,"latitude":45.445377},{"tripID":4417326,"serviceDate":1395730800000,"direction":1,"garage":"CENTER","type":"bus","lastLocID":9368,"messageCode":788,"time":1395763703415,"expires":1395764122000,"signMessageLong":"70  12th/NE 33rd Ave to Milwaukie","extraBlockID":null,"locationInScheduleDay":32902,"longitude":-122.6357648,"blockID":7008,"offRoute":false,"nextLocID":9414,"vehicleID":2506,"signMessage":"70 To Milwaukie","extraTripID":null,"nextStopSeq":2,"routeNumber":70,"vehicleLoad":"unknown","bearing":180,"lastStopSeq":1,"inCongestion":false,"delay":0,"latitude":45.5898735},{"tripID":4417881,"serviceDate":1395730800000,"direction":0,"garage":"POWELL","type":"bus","lastLocID":3157,"messageCode":766,"time":1395763709687,"expires":1395764126000,"signMessageLong":"72  Killingsworth/82nd to Swan Island-Anchor St","extraBlockID":null,"locationInScheduleDay":32955,"longitude":-122.6724359,"blockID":7238,"offRoute":false,"nextLocID":3154,"vehicleID":2527,"signMessage":"72 Swan Island","extraTripID":null,"nextStopSeq":97,"routeNumber":72,"vehicleLoad":"unknown","bearing":269,"lastStopSeq":96,"inCongestion":false,"delay":49,"latitude":45.562701},{"tripID":4417174,"serviceDate":1395730800000,"direction":0,"garage":"CENTER","type":"bus","lastLocID":13477,"messageCode":781,"time":1395763706048,"expires":1395764123000,"signMessageLong":"70  12th/NE 33rd Ave to NE Sunderland via 17th & Tacoma","extraBlockID":null,"locationInScheduleDay":32903,"longitude":-122.6407309,"blockID":7002,"offRoute":false,"nextLocID":8225,"vehicleID":2524,"signMessage":"70 To Sunderland via 17th","extraTripID":null,"nextStopSeq":2,"routeNumber":70,"vehicleLoad":"unknown","bearing":81,"lastStopSeq":1,"inCongestion":false,"delay":0,"latitude":45.4448667},{"tripID":4418208,"serviceDate":1395730800000,"direction":1,"garage":"POWELL","type":"bus","lastLocID":7973,"messageCode":760,"time":1395763718079,"expires":1395764136000,"signMessageLong":"72  Killingsworth/82nd to Clackamas TC","extraBlockID":null,"locationInScheduleDay":32941,"longitude":-122.5790573,"blockID":7239,"offRoute":false,"nextLocID":7956,"vehicleID":2540,"signMessage":"72 Clackamas TC","extraTripID":null,"nextStopSeq":69,"routeNumber":72,"vehicleLoad":"unknown","bearing":180,"lastStopSeq":68,"inCongestion":false,"delay":25,"latitude":45.5267627},{"tripID":4417883,"serviceDate":1395730800000,"direction":0,"garage":"POWELL","type":"bus","lastLocID":7927,"messageCode":766,"time":1395763658463,"expires":1395764077000,"signMessageLong":"72  Killingsworth/82nd to Swan Island-Anchor St","extraBlockID":null,"locationInScheduleDay":32876,"longitude":-122.5785105,"blockID":7240,"offRoute":false,"nextLocID":3216,"vehicleID":2533,"signMessage":"72 Swan Island","extraTripID":null,"nextStopSeq":62,"routeNumber":72,"vehicleLoad":"unknown","bearing":0,"lastStopSeq":61,"inCongestion":false,"delay":19,"latitude":45.5623894},{"tripID":4417880,"serviceDate":1395730800000,"direction":0,"garage":"POWELL","type":"bus","lastLocID":2161,"messageCode":766,"time":1395763706150,"expires":1395764122000,"signMessageLong":"72  Killingsworth/82nd to Swan Island-Anchor St","extraBlockID":null,"locationInScheduleDay":33010,"longitude":-122.7015777,"blockID":7236,"offRoute":false,"nextLocID":115,"vehicleID":2552,"signMessage":"72 Swan Island","extraTripID":null,"nextStopSeq":108,"routeNumber":72,"vehicleLoad":"unknown","bearing":307,"lastStopSeq":107,"inCongestion":false,"delay":0,"latitude":45.5570181},{"tripID":4417886,"serviceDate":1395730800000,"direction":0,"garage":"POWELL","type":"bus","lastLocID":7962,"messageCode":766,"time":1395763715529,"expires":1395764134000,"signMessageLong":"72  Killingsworth/82nd to Swan Island-Anchor St","extraBlockID":null,"locationInScheduleDay":32880,"longitude":-122.5790515,"blockID":7242,"offRoute":false,"nextLocID":7982,"vehicleID":2548,"signMessage":"72 Swan Island","extraTripID":null,"nextStopSeq":16,"routeNumber":72,"vehicleLoad":"unknown","bearing":0,"lastStopSeq":15,"inCongestion":false,"delay":-34,"latitude":45.4684883},{"tripID":4411580,"serviceDate":1395730800000,"direction":1,"garage":"POWELL","type":"bus","lastLocID":1831,"messageCode":268,"time":1395763703486,"expires":1395764120000,"signMessageLong":"14  Hawthorne to Portland","extraBlockID":null,"locationInScheduleDay":32900,"longitude":-122.5662917,"blockID":1440,"offRoute":false,"nextLocID":13236,"vehicleID":2308,"signMessage":"14 To Portland","extraTripID":null,"nextStopSeq":2,"routeNumber":14,"vehicleLoad":"unknown","bearing":291,"lastStopSeq":1,"inCongestion":false,"delay":0,"latitude":45.4791765},{"tripID":4418212,"serviceDate":1395730800000,"direction":1,"garage":"POWELL","type":"bus","lastLocID":8681,"messageCode":760,"time":1395763721504,"expires":1395764140000,"signMessageLong":"72  Killingsworth/82nd to Clackamas TC","extraBlockID":null,"locationInScheduleDay":33242,"longitude":-122.6992441,"blockID":7253,"offRoute":false,"nextLocID":9399,"vehicleID":2318,"signMessage":"72 Clackamas TC","extraTripID":null,"nextStopSeq":3,"routeNumber":72,"vehicleLoad":"unknown","bearing":101,"lastStopSeq":2,"inCongestion":false,"delay":322,"latitude":45.5562381},{"tripID":4411321,"serviceDate":1395730800000,"direction":0,"garage":"POWELL","type":"bus","lastLocID":6427,"messageCode":266,"time":1395763688310,"expires":1395764105000,"signMessageLong":"14  Hawthorne to 94th & Foster","extraBlockID":null,"locationInScheduleDay":32928,"longitude":-122.568775,"blockID":1435,"offRoute":false,"nextLocID":6398,"vehicleID":2316,"signMessage":"14 To 94-Foster","extraTripID":null,"nextStopSeq":47,"routeNumber":14,"vehicleLoad":"unknown","bearing":98,"lastStopSeq":46,"inCongestion":false,"delay":43,"latitude":45.4791324},{"tripID":4419231,"serviceDate":1395730800000,"direction":1,"garage":"CENTER","type":"bus","lastLocID":7113,"messageCode":813,"time":1395763718065,"expires":1395764136000,"signMessageLong":"77  Broadway/Halsey to Montgomery Park","extraBlockID":null,"locationInScheduleDay":32833,"longitude":-122.6944768,"blockID":7705,"offRoute":false,"nextLocID":7122,"vehicleID":2720,"signMessage":"77 Montgomry Pk","extraTripID":null,"nextStopSeq":96,"routeNumber":77,"vehicleLoad":"unknown","bearing":358,"lastStopSeq":95,"inCongestion":false,"delay":-83,"latitude":45.5276481},{"tripID":4411322,"serviceDate":1395730800000,"direction":0,"garage":"CENTER","type":"bus","lastLocID":2623,"messageCode":266,"time":1395763718055,"expires":1395764135000,"signMessageLong":"14  Hawthorne to 94th & Foster","extraBlockID":null,"locationInScheduleDay":32789,"longitude":-122.6250727,"blockID":1404,"offRoute":false,"nextLocID":2625,"vehicleID":2718,"signMessage":"14 To 94-Foster","extraTripID":null,"nextStopSeq":18,"routeNumber":14,"vehicleLoad":"unknown","bearing":90,"lastStopSeq":17,"inCongestion":false,"delay":-126,"latitude":45.51205},{"tripID":4417173,"serviceDate":1395730800000,"direction":0,"garage":"CENTER","type":"bus","lastLocID":6849,"messageCode":780,"time":1395763703408,"expires":1395764122000,"signMessageLong":"70  12th/NE 33rd Ave to NE Sunderland","extraBlockID":null,"locationInScheduleDay":32765,"longitude":-122.6483018,"blockID":7007,"offRoute":false,"nextLocID":13693,"vehicleID":2709,"signMessage":"70 To Sunderlnd","extraTripID":null,"nextStopSeq":25,"routeNumber":70,"vehicleLoad":"unknown","bearing":0,"lastStopSeq":24,"inCongestion":false,"delay":-137,"latitude":45.4968625},{"tripID":4417324,"serviceDate":1395730800000,"direction":1,"garage":"CENTER","type":"bus","lastLocID":8937,"messageCode":790,"time":1395763715332,"expires":1395764134000,"signMessageLong":"70  12th Ave to Milwaukie via 13th & Tacoma","extraBlockID":null,"locationInScheduleDay":32656,"longitude":-122.6535961,"blockID":7001,"offRoute":false,"nextLocID":6583,"vehicleID":2704,"signMessage":"70 To Milw via 13","extraTripID":null,"nextStopSeq":45,"routeNumber":70,"vehicleLoad":"unknown","bearing":180,"lastStopSeq":44,"inCongestion":false,"delay":-258,"latitude":45.5284875},{"tripID":4417171,"serviceDate":1395730800000,"direction":0,"garage":"CENTER","type":"bus","lastLocID":13040,"messageCode":783,"time":1395763727070,"expires":1395764146000,"signMessageLong":"70  33rd Ave to NE Sunderland","extraBlockID":null,"locationInScheduleDay":32938,"longitude":-122.635764,"blockID":7003,"offRoute":false,"nextLocID":9368,"vehicleID":2705,"signMessage":"70 To Sunderlnd","extraTripID":null,"nextStopSeq":83,"routeNumber":70,"vehicleLoad":"unknown","bearing":180,"lastStopSeq":82,"inCongestion":false,"delay":0,"latitude":45.5900621},{"tripID":4417323,"serviceDate":1395730800000,"direction":1,"garage":"CENTER","type":"bus","lastLocID":6847,"messageCode":789,"time":1395763721288,"expires":1395764139000,"signMessageLong":"70  12th Ave to Milwaukie via 17th & Tacoma","extraBlockID":null,"locationInScheduleDay":32947,"longitude":-122.6473345,"blockID":7004,"offRoute":false,"nextLocID":6890,"vehicleID":2701,"signMessage":"70 To Milw via 17","extraTripID":null,"nextStopSeq":70,"routeNumber":70,"vehicleLoad":"unknown","bearing":175,"lastStopSeq":69,"inCongestion":false,"delay":28,"latitude":45.4703708},{"tripID":4419094,"serviceDate":1395730800000,"direction":0,"garage":"CENTER","type":"bus","lastLocID":2421,"messageCode":809,"time":1395763697245,"expires":1395764116000,"signMessageLong":"77  Broadway/Halsey to Troutdale","extraBlockID":null,"locationInScheduleDay":32781,"longitude":-122.41399,"blockID":7704,"offRoute":false,"nextLocID":2422,"vehicleID":2614,"signMessage":"77 To Troutdale","extraTripID":null,"nextStopSeq":94,"routeNumber":77,"vehicleLoad":"unknown","bearing":79,"lastStopSeq":93,"inCongestion":false,"delay":-115,"latitude":45.5377164},{"tripID":4411323,"serviceDate":1395730800000,"direction":0,"garage":"CENTER","type":"bus","lastLocID":3635,"messageCode":266,"time":1395763724540,"expires":1395764141000,"signMessageLong":"14  Hawthorne to 94th & Foster","extraBlockID":null,"locationInScheduleDay":33022,"longitude":-122.6670536,"blockID":1401,"offRoute":false,"nextLocID":2641,"vehicleID":2608,"signMessage":"14 To 94-Foster","extraTripID":null,"nextStopSeq":3,"routeNumber":14,"vehicleLoad":"unknown","bearing":97,"lastStopSeq":2,"inCongestion":false,"delay":101,"latitude":45.512285},{"tripID":4417325,"serviceDate":1395730800000,"direction":1,"garage":"CENTER","type":"bus","lastLocID":7391,"messageCode":788,"time":1395763703463,"expires":1395764120000,"signMessageLong":"70  12th/NE 33rd Ave to Milwaukie","extraBlockID":null,"locationInScheduleDay":32884,"longitude":-122.6307027,"blockID":7010,"offRoute":false,"nextLocID":7397,"vehicleID":2623,"signMessage":"70 To Milwaukie","extraTripID":null,"nextStopSeq":22,"routeNumber":70,"vehicleLoad":"unknown","bearing":180,"lastStopSeq":21,"inCongestion":false,"delay":-16,"latitude":45.5554736},{"tripID":4419229,"serviceDate":1395730800000,"direction":1,"garage":"CENTER","type":"bus","lastLocID":8483,"messageCode":813,"time":1395763706107,"expires":1395764125000,"signMessageLong":"77  Broadway/Halsey to Montgomery Park","extraBlockID":null,"locationInScheduleDay":31362,"longitude":-122.7069345,"blockID":7707,"offRoute":false,"nextLocID":8484,"vehicleID":2653,"signMessage":"77 Montgomry Pk","extraTripID":null,"nextStopSeq":109,"routeNumber":77,"vehicleLoad":"unknown","bearing":178,"lastStopSeq":108,"inCongestion":false,"delay":0,"latitude":45.5377966},{"tripID":4417172,"serviceDate":1395730800000,"direction":0,"garage":"CENTER","type":"bus","lastLocID":6239,"messageCode":783,"time":1395763715486,"expires":1395764133000,"signMessageLong":"70  33rd Ave to NE Sunderland","extraBlockID":null,"locationInScheduleDay":32888,"longitude":-122.6411897,"blockID":7009,"offRoute":false,"nextLocID":636,"vehicleID":2626,"signMessage":"70 To Sunderlnd","extraTripID":null,"nextStopSeq":42,"routeNumber":70,"vehicleLoad":"unknown","bearing":38,"lastStopSeq":41,"inCongestion":false,"delay":-25,"latitude":45.5348915},{"tripID":4419097,"serviceDate":1395730800000,"direction":0,"garage":"CENTER","type":"bus","lastLocID":8886,"messageCode":809,"time":1395763718159,"expires":1395764135000,"signMessageLong":"77  Broadway/Halsey to Troutdale","extraBlockID":null,"locationInScheduleDay":32700,"longitude":-122.6753477,"blockID":7703,"offRoute":false,"nextLocID":1612,"vehicleID":2630,"signMessage":"77 To Troutdale","extraTripID":null,"nextStopSeq":18,"routeNumber":77,"vehicleLoad":"unknown","bearing":88,"lastStopSeq":17,"inCongestion":false,"delay":-215,"latitude":45.5252268},{"tripID":4419233,"serviceDate":1395730800000,"direction":1,"garage":"CENTER","type":"bus","lastLocID":2425,"messageCode":813,"time":1395763718162,"expires":1395764135000,"signMessageLong":"77  Broadway/Halsey to Montgomery Park","extraBlockID":null,"locationInScheduleDay":33056,"longitude":-122.6147151,"blockID":7706,"offRoute":false,"nextLocID":7571,"vehicleID":2632,"signMessage":"77 Montgomry Pk","extraTripID":null,"nextStopSeq":65,"routeNumber":77,"vehicleLoad":"unknown","bearing":270,"lastStopSeq":64,"inCongestion":false,"delay":141,"latitude":45.5337668},{"tripID":4418206,"serviceDate":1395730800000,"direction":1,"garage":"POWELL","type":"bus","lastLocID":7921,"messageCode":760,"time":1395763703385,"expires":1395764122000,"signMessageLong":"72  Killingsworth/82nd to Clackamas TC","extraBlockID":null,"locationInScheduleDay":32992,"longitude":-122.5789182,"blockID":7237,"offRoute":false,"nextLocID":7942,"vehicleID":3004,"signMessage":"72 Clackamas TC","extraTripID":null,"nextStopSeq":109,"routeNumber":72,"vehicleLoad":"unknown","bearing":180,"lastStopSeq":108,"inCongestion":false,"delay":90,"latitude":45.4442201},{"tripID":4413802,"serviceDate":1395730800000,"direction":0,"garage":"POWELL","type":"bus","lastLocID":7523,"messageCode":457,"time":1395763721270,"expires":1395764138000,"signMessageLong":"31  Clackamas Town Center, continuing to Estacada","extraBlockID":null,"locationInScheduleDay":32701,"longitude":-122.6161975,"blockID":3136,"offRoute":false,"nextLocID":3242,"vehicleID":3007,"signMessage":"31 To Estacada via Clackamas","extraTripID":null,"nextStopSeq":9,"routeNumber":31,"vehicleLoad":"unknown","bearing":90,"lastStopSeq":8,"inCongestion":false,"delay":-217,"latitude":45.4480274},{"tripID":4418211,"serviceDate":1395730800000,"direction":1,"garage":"POWELL","type":"bus","lastLocID":3158,"messageCode":760,"time":1395763709669,"expires":1395764127000,"signMessageLong":"72  Killingsworth/82nd to Clackamas TC","extraBlockID":null,"locationInScheduleDay":32952,"longitude":-122.6829238,"blockID":7251,"offRoute":false,"nextLocID":3169,"vehicleID":3003,"signMessage":"72 Clackamas TC","extraTripID":null,"nextStopSeq":12,"routeNumber":72,"vehicleLoad":"unknown","bearing":90,"lastStopSeq":11,"inCongestion":false,"delay":45,"latitude":45.5626623},{"tripID":4418209,"serviceDate":1395730800000,"direction":1,"garage":"POWELL","type":"bus","lastLocID":10600,"messageCode":760,"time":1395763685044,"expires":1395764102000,"signMessageLong":"72  Killingsworth/82nd to Clackamas TC","extraBlockID":null,"locationInScheduleDay":32792,"longitude":-122.5911381,"blockID":7241,"offRoute":false,"nextLocID":3211,"vehicleID":3048,"signMessage":"72 Clackamas TC","extraTripID":null,"nextStopSeq":49,"routeNumber":72,"vehicleLoad":"unknown","bearing":60,"lastStopSeq":48,"inCongestion":false,"delay":-90,"latitude":45.5627598},{"tripID":4417885,"serviceDate":1395730800000,"direction":0,"garage":"POWELL","type":"bus","lastLocID":12755,"messageCode":766,"time":1395763709680,"expires":1395764126000,"signMessageLong":"72  Killingsworth/82nd to Swan Island-Anchor St","extraBlockID":null,"locationInScheduleDay":32961,"longitude":-122.5786956,"blockID":7235,"offRoute":false,"nextLocID":8007,"vehicleID":3053,"signMessage":"72 Swan Island","extraTripID":null,"nextStopSeq":35,"routeNumber":72,"vehicleLoad":"unknown","bearing":359,"lastStopSeq":34,"inCongestion":false,"delay":55,"latitude":45.5096581},{"tripID":4418207,"serviceDate":1395730800000,"direction":1,"garage":"POWELL","type":"bus","lastLocID":8024,"messageCode":760,"time":1395763676365,"expires":1395764095000,"signMessageLong":"72  Killingsworth/82nd to Clackamas TC","extraBlockID":null,"locationInScheduleDay":32901,"longitude":-122.5787859,"blockID":7245,"offRoute":false,"nextLocID":13707,"vehicleID":3052,"signMessage":"72 Clackamas TC","extraTripID":null,"nextStopSeq":84,"routeNumber":72,"vehicleLoad":"unknown","bearing":180,"lastStopSeq":83,"inCongestion":false,"delay":26,"latitude":45.4937876},{"tripID":4418210,"serviceDate":1395730800000,"direction":1,"garage":"POWELL","type":"bus","lastLocID":60,"messageCode":760,"time":1395763715336,"expires":1395764132000,"signMessageLong":"72  Killingsworth/82nd to Clackamas TC","extraBlockID":null,"locationInScheduleDay":32855,"longitude":-122.6410418,"blockID":7234,"offRoute":false,"nextLocID":63,"vehicleID":3054,"signMessage":"72 Clackamas TC","extraTripID":null,"nextStopSeq":30,"routeNumber":72,"vehicleLoad":"unknown","bearing":90,"lastStopSeq":29,"inCongestion":false,"delay":-57,"latitude":45.5590674},{"tripID":4419234,"serviceDate":1395730800000,"direction":1,"garage":"POWELL","type":"bus","lastLocID":2365,"messageCode":813,"time":1395763718058,"expires":1395764137000,"signMessageLong":"77  Broadway/Halsey to Montgomery Park","extraBlockID":null,"locationInScheduleDay":32930,"longitude":-122.5432035,"blockID":7734,"offRoute":false,"nextLocID":2361,"vehicleID":3046,"signMessage":"77 Montgomry Pk","extraTripID":null,"nextStopSeq":41,"routeNumber":77,"vehicleLoad":"unknown","bearing":269,"lastStopSeq":40,"inCongestion":false,"delay":13,"latitude":45.5335242},{"tripID":4419095,"serviceDate":1395730800000,"direction":0,"garage":"POWELL","type":"bus","lastLocID":2356,"messageCode":809,"time":1395763700262,"expires":1395764118000,"signMessageLong":"77  Broadway/Halsey to Troutdale","extraBlockID":null,"locationInScheduleDay":32866,"longitude":-122.5524513,"blockID":7738,"offRoute":false,"nextLocID":2357,"vehicleID":3035,"signMessage":"77 To Troutdale","extraTripID":null,"nextStopSeq":58,"routeNumber":77,"vehicleLoad":"unknown","bearing":90,"lastStopSeq":57,"inCongestion":false,"delay":-32,"latitude":45.5335133},{"tripID":4419096,"serviceDate":1395730800000,"direction":0,"garage":"CENTER","type":"bus","lastLocID":648,"messageCode":809,"time":1395763721387,"expires":1395764140000,"signMessageLong":"77  Broadway/Halsey to Troutdale","extraBlockID":null,"locationInScheduleDay":33031,"longitude":-122.6244391,"blockID":7702,"offRoute":false,"nextLocID":10870,"vehicleID":2005,"signMessage":"77 To Troutdale","extraTripID":null,"nextStopSeq":35,"routeNumber":77,"vehicleLoad":"unknown","bearing":109,"lastStopSeq":34,"inCongestion":false,"delay":111,"latitude":45.5339129}],"queryTime":1395763729147}}
