{"resultSet":{"vehicle":[{"tripID":4411577,"serviceDate":1395730800000,"direction":1,"garage":"POWELL","type":"bus","lastLocID":3641,"messageCode":268,"time":1395763358431,"expires":1395763776000,"signMessageLong":"14  Hawthorne to Portland","extraBlockID":null,"locationInScheduleDay":32771,"longitude":-122.6588214,"blockID":1436,"offRoute":false,"nextLocID":3633,"vehicleID":2206,"signMessage":"14 To Portland","extraTripID":null,"nextStopSeq":41,"routeNumber":14,"vehicleLoad":"unknown","bearing":270,"lastStopSeq":40,"inCongestion":false,"delay":215,"latitude":45.5129243},{"tripID":4419232,"serviceDate":1395730800000,"direction":1,"garage":"POWELL","type":"bus","lastLocID":644,"messageCode":813,"time":1395763406803,"expires":1395763825000,"signMessageLong":"77  Broadway/Halsey to Montgomery Park","extraBlockID":null,"locationInScheduleDay":32600,"longitude":-122.6316373,"blockID":7735,"offRoute":false,"nextLocID":643,"vehicleID":2222,"signMessage":"77 Montgomry Pk","extraTripID":null,"nextStopSeq":73,"routeNumber":77,"vehicleLoad":"unknown","bearing":270,"lastStopSeq":72,"inCongestion":false,"delay":-5,"latitude":45.5351598},{"tripID":4419235,"serviceDate":1395730800000,"direction":1,"garage":"POWELL","type":"bus","lastLocID":2333,"messageCode":813,"time":1395763412431,"expires":1395763831000,"signMessageLong":"77  Broadway/Halsey to Montgomery Park","extraBlockID":null,"locationInScheduleDay":32714,"longitude":-122.4168194,"blockID":7736,"offRoute":false,"nextLocID":2420,"vehicleID":2221,"signMessage":"77 Montgomry Pk","extraTripID":null,"nextStopSeq":9,"routeNumber":77,"vehicleLoad":"unknown","bearing":259,"lastStopSeq":8,"inCongestion":false,"delay":103,"latitude":45.5373267},{"tripID":4411578,"serviceDate":1395730800000,"direction":1,"garage":"POWELL","type":"bus","lastLocID":2626,"messageCode":268,"time":1395763421825,"expires":1395763838000,"signMessageLong":"14  Hawthorne to Portland","extraBlockID":null,"locationInScheduleDay":32640,"longitude":-122.623213,"blockID":1438,"offRoute":false,"nextLocID":2624,"vehicleID":2220,"signMessage":"14 To Portland","extraTripID":null,"nextStopSeq":29,"routeNumber":14,"vehicleLoad":"unknown","bearing":270,"lastStopSeq":28,"inCongestion":false,"delay":22,"latitude":45.5120449},{"tripID":4417884,"serviceDate":1395730800000,"direction":0,"garage":"POWELL","type":"bus","lastLocID":7930,"messageCode":766,"time":1395763418687,"expires":1395763835000,"signMessageLong":"72  Killingsworth/82nd to Swan Island-Anchor St","extraBlockID":null,"locationInScheduleDay":32634,"longitude":-122.5790798,"blockID":7247,"offRoute":false,"nextLocID":7936,"vehicleID":2250,"signMessage":"72 Swan Island","extraTripID":null,"nextStopSeq":42,"routeNumber":72,"vehicleLoad":"unknown","bearing":0,"lastStopSeq":41,"inCongestion":false,"delay":19,"latitude":45.522247},{"tripID":4417882,"serviceDate":1395730800000,"direction":0,"garage":"POWELL","type":"bus","lastLocID":3209,"messageCode":766,"time":1395763400447,"expires":1395763819000,"signMessageLong":"72  Killingsworth/82nd to Swan Island-Anchor St","extraBlockID":null,"locationInScheduleDay":32546,"longitude":-122.6046718,"blockID":7246,"offRoute":false,"nextLocID":3207,"vehicleID":2296,"signMessage":"72 Swan Island","extraTripID":null,"nextStopSeq":70,"routeNumber":72,"vehicleLoad":"unknown","bearing":269,"lastStopSeq":69,"inCongestion":false,"delay":-53,"latitude":45.5627589},{"tripID":4418205,"serviceDate":1395730800000,"direction":1,"garage":"POWELL","type":"bus","lastLocID":12921,"messageCode":760,"time":1395763325480,"expires":1395763743000,"signMessageLong":"72  Killingsworth/82nd to Clackamas TC","extraBlockID":null,"locationInScheduleDay":32559,"longitude":-122.5689813,"blockID":7252,"offRoute":false,"nextLocID":13247,"vehicleID":2283,"signMessage":"72 Clackamas TC","extraTripID":null,"nextStopSeq":111,"routeNumber":72,"vehicleLoad":"unknown","bearing":81,"lastStopSeq":110,"inCongestion":false,"delay":0,"latitude":45.4354978},{"tripID":4411579,"serviceDate":1395730800000,"direction":1,"garage":"POWELL","type":"bus","lastLocID":1815,"messageCode":268,"time":1395763427600,"expires":1395763846000,"signMessageLong":"14  Hawthorne to Portland","extraBlockID":null,"locationInScheduleDay":32542,"longitude":-122.5848972,"blockID":1439,"offRoute":false,"nextLocID":12948,"vehicleID":2275,"signMessage":"14 To Portland","extraTripID":null,"nextStopSeq":8,"routeNumber":14,"vehicleLoad":"unknown","bearing":295,"lastStopSeq":7,"inCongestion":false,"delay":-84,"latitude":45.4850525},{"tripID":4417322,"serviceDate":1395730800000,"direction":1,"garage":"CENTER","type":"bus","lastLocID":6709,"messageCode":791,"time":1395763406729,"expires":1395763825000,"signMessageLong":"70  To Milwaukie","extraBlockID":null,"locationInScheduleDay":32132,"longitude":-122.6518892,"blockID":7006,"offRoute":false,"nextLocID":5884,"vehicleID":2150,"signMessage":"70 To Milwaukie","extraTripID":null,"nextStopSeq":76,"routeNumber":70,"vehicleLoad":"unknown","bearing":89,"lastStopSeq":75,"inCongestion":false,"delay":-473,"latitude":45.4628929},{"tripID":4417326,"serviceDate":1395730800000,"direction":1,"garage":"CENTER","type":"bus","lastLocID":9368,"messageCode":788,"time":1395763403585,"expires":1395763822000,"signMessageLong":"70  12th/NE 33rd Ave to Milwaukie","extraBlockID":null,"locationInScheduleDay":32602,"longitude":-122.6357648,"blockID":7008,"offRoute":false,"nextLocID":9414,"vehicleID":2506,"signMessage":"70 To Milwaukie","extraTripID":null,"nextStopSeq":2,"routeNumber":70,"vehicleLoad":"unknown","bearing":180,"lastStopSeq":1,"inCongestion":false,"delay":0,"latitude":45.5898735},{"tripID":4417881,"serviceDate":1395730800000,"direction":0,"garage":"POWELL","type":"bus","lastLocID":5890,"messageCode":766,"time":1395763409390,"expires":1395763826000,"signMessageLong":"72  Killingsworth/82nd to Swan Island-Anchor St","extraBlockID":null,"locationInScheduleDay":32760,"longitude":-122.6614271,"blockID":7238,"offRoute":false,"nextLocID":10957,"vehicleID":2527,"signMessage":"72 Swan Island","extraTripID":null,"nextStopSeq":93,"routeNumber":72,"vehicleLoad":"unknown","bearing":0,"lastStopSeq":92,"inCongestion":false,"delay":154,"latitude":45.5595755},{"tripID":4417174,"serviceDate":1395730800000,"direction":0,"garage":"CENTER","type":"bus","lastLocID":13477,"messageCode":781,"time":1395763406763,"expires":1395763823000,"signMessageLong":"70  12th/NE 33rd Ave to NE Sunderland via 17th & Tacoma","extraBlockID":null,"locationInScheduleDay":32603,"longitude":-122.6407309,"blockID":7002,"offRoute":false,"nextLocID":8225,"vehicleID":2524,"signMessage":"70 To Sunderland via 17th","extraTripID":null,"nextStopSeq":2,"routeNumber":70,"vehicleLoad":"unknown","bearing":81,"lastStopSeq":1,"inCongestion":false,"delay":0,"latitude":45.4448667},{"tripID":4418208,"serviceDate":1395730800000,"direction":1,"garage":"POWELL","type":"bus","lastLocID":8035,"messageCode":760,"time":1395763418661,"expires":1395763836000,"signMessageLong":"72  Killingsworth/82nd to Clackamas TC","extraBlockID":null,"locationInScheduleDay":32616,"longitude":-122.5789554,"blockID":7239,"offRoute":false,"nextLocID":8056,"vehicleID":2540,"signMessage":"72 Clackamas TC","extraTripID":null,"nextStopSeq":63,"routeNumber":72,"vehicleLoad":"unknown","bearing":180,"lastStopSeq":62,"inCongestion":false,"delay":0,"latitude":45.538599},{"tripID":4417883,"serviceDate":1395730800000,"direction":0,"garage":"POWELL","type":"bus","lastLocID":7967,"messageCode":766,"time":1395763418667,"expires":1395763836000,"signMessageLong":"72  Killingsworth/82nd to Swan Island-Anchor St","extraBlockID":null,"locationInScheduleDay":32660,"longitude":-122.5787488,"blockID":7240,"offRoute":false,"nextLocID":7933,"vehicleID":2533,"signMessage":"72 Swan Island","extraTripID":null,"nextStopSeq":57,"routeNumber":72,"vehicleLoad":"unknown","bearing":0,"lastStopSeq":56,"inCongestion":false,"delay":44,"latitude":45.5493507},{"tripID":4417880,"serviceDate":1395730800000,"direction":0,"garage":"POWELL","type":"bus","lastLocID":3159,"messageCode":766,"time":1395763406866,"expires":1395763823000,"signMessageLong":"72  Killingsworth/82nd to Swan Island-Anchor St","extraBlockID":null,"locationInScheduleDay":32564,"longitude":-122.6869447,"blockID":7236,"offRoute":false,"nextLocID":3163,"vehicleID":2552,"signMessage":"72 Swan Island","extraTripID":null,"nextStopSeq":101,"routeNumber":72,"vehicleLoad":"unknown","bearing":270,"lastStopSeq":100,"inCongestion":false,"delay":-39,"latitude":45.5627026},{"tripID":4417886,"serviceDate":1395730800000,"direction":0,"garage":"POWELL","type":"bus","lastLocID":7918,"messageCode":766,"time":1395763415625,"expires":1395763833000,"signMessageLong":"72  Killingsworth/82nd to Swan Island-Anchor St","extraBlockID":null,"locationInScheduleDay":32553,"longitude":-122.5789252,"blockID":7242,"offRoute":false,"nextLocID":7968,"vehicleID":2548,"signMessage":"72 Swan Island","extraTripID":null,"nextStopSeq":6,"routeNumber":72,"vehicleLoad":"unknown","bearing":357,"lastStopSeq":5,"inCongestion":false,"delay":-60,"latitude":45.4474014},{"tripID":4411580,"serviceDate":1395730800000,"direction":1,"garage":"POWELL","type":"bus","lastLocID":1831,"messageCode":268,"time":1395763403719,"expires":1395763821000,"signMessageLong":"14  Hawthorne to Portland","extraBlockID":null,"locationInScheduleDay":32601,"longitude":-122.5662917,"blockID":1440,"offRoute":false,"nextLocID":13236,"vehicleID":2308,"signMessage":"14 To Portland","extraTripID":null,"nextStopSeq":2,"routeNumber":14,"vehicleLoad":"unknown","bearing":291,"lastStopSeq":1,"inCongestion":false,"delay":0,"latitude":45.4791765},{"tripID":4417879,"serviceDate":1395730800000,"direction":0,"garage":"POWELL","type":"bus","lastLocID":2161,"messageCode":766,"time":1395763211412,"expires":1395763630000,"signMessageLong":"72  Killingsworth/82nd to Swan Island-Anchor St","extraBlockID":null,"locationInScheduleDay":32410,"longitude":-122.7015777,"blockID":7253,"offRoute":false,"nextLocID":115,"vehicleID":2318,"signMessage":"72 Swan Island","extraTripID":null,"nextStopSeq":108,"routeNumber":72,"vehicleLoad":"unknown","bearing":307,"lastStopSeq":107,"inCongestion":false,"delay":0,"latitude":45.5570181},{"tripID":4411321,"serviceDate":1395730800000,"direction":0,"garage":"POWELL","type":"bus","lastLocID":1804,"messageCode":266,"time":1395763418728,"expires":1395763835000,"signMessageLong":"14  Hawthorne to 94th & Foster","extraBlockID":null,"locationInScheduleDay":32585,"longitude":-122.5933142,"blockID":1435,"offRoute":false,"nextLocID":1808,"vehicleID":2316,"signMessage":"14 To 94-Foster","extraTripID":null,"nextStopSeq":37,"routeNumber":14,"vehicleLoad":"unknown","bearing":121,"lastStopSeq":36,"inCongestion":false,"delay":-30,"latitude":45.4882072},{"tripID":4419231,"serviceDate":1395730800000,"direction":1,"garage":"CENTER","type":"bus","lastLocID":2011,"messageCode":813,"time":1395763418657,"expires":1395763836000,"signMessageLong":"77  Broadway/Halsey to Montgomery Park","extraBlockID":null,"locationInScheduleDay":32627,"longitude":-122.6811003,"blockID":7705,"offRoute":false,"nextLocID":2030,"vehicleID":2720,"signMessage":"77 Montgomry Pk","extraTripID":null,"nextStopSeq":90,"routeNumber":77,"vehicleLoad":"unknown","bearing":268,"lastStopSeq":89,"inCongestion":false,"delay":11,"latitude":45.5265472},{"tripID":4411322,"serviceDate":1395730800000,"direction":0,"garage":"CENTER","type":"bus","lastLocID":2599,"messageCode":266,"time":1395763397259,"expires":1395763816000,"signMessageLong":"14  Hawthorne to 94th & Foster","extraBlockID":null,"locationInScheduleDay":32340,"longitude":-122.6538685,"blockID":1404,"offRoute":false,"nextLocID":2595,"vehicleID":2718,"signMessage":"14 To 94-Foster","extraTripID":null,"nextStopSeq":7,"routeNumber":14,"vehicleLoad":"unknown","bearing":90,"lastStopSeq":6,"inCongestion":false,"delay":-256,"latitude":45.5121915},{"tripID":4417173,"serviceDate":1395730800000,"direction":0,"garage":"CENTER","type":"bus","lastLocID":6861,"messageCode":780,"time":1395763403582,"expires":1395763822000,"signMessageLong":"70  12th/NE 33rd Ave to NE Sunderland","extraBlockID":null,"locationInScheduleDay":32496,"longitude":-122.6483718,"blockID":7007,"offRoute":false,"nextLocID":6882,"vehicleID":2709,"signMessage":"70 To Sunderlnd","extraTripID":null,"nextStopSeq":20,"routeNumber":70,"vehicleLoad":"unknown","bearing":0,"lastStopSeq":19,"inCongestion":false,"delay":-106,"latitude":45.4845815},{"tripID":4417324,"serviceDate":1395730800000,"direction":1,"garage":"CENTER","type":"bus","lastLocID":4044,"messageCode":790,"time":1395763400345,"expires":1395763818000,"signMessageLong":"70  12th Ave to Milwaukie via 13th & Tacoma","extraBlockID":null,"locationInScheduleDay":32516,"longitude":-122.6564168,"blockID":7001,"offRoute":false,"nextLocID":8937,"vehicleID":2704,"signMessage":"70 To Milw via 13","extraTripID":null,"nextStopSeq":44,"routeNumber":70,"vehicleLoad":"unknown","bearing":269,"lastStopSeq":43,"inCongestion":false,"delay":-82,"latitude":45.5314922},{"tripID":4417171,"serviceDate":1395730800000,"direction":0,"garage":"CENTER","type":"bus","lastLocID":8498,"messageCode":783,"time":1395763250181,"expires":1395763667000,"signMessageLong":"70  33rd Ave to NE Sunderland","extraBlockID":null,"locationInScheduleDay":32558,"longitude":-122.64298,"blockID":7003,"offRoute":false,"nextLocID":8303,"vehicleID":2705,"signMessage":"70 To Sunderlnd","extraTripID":null,"nextStopSeq":71,"routeNumber":70,"vehicleLoad":"unknown","bearing":287,"lastStopSeq":70,"inCongestion":false,"delay":111,"latitude":45.5763333},{"tripID":4417323,"serviceDate":1395730800000,"direction":1,"garage":"CENTER","type":"bus","lastLocID":6864,"messageCode":789,"time":1395763415502,"expires":1395763832000,"signMessageLong":"70  12th Ave to Milwaukie via 17th & Tacoma","extraBlockID":null,"locationInScheduleDay":32607,"longitude":-122.6483634,"blockID":7004,"offRoute":false,"nextLocID":6894,"vehicleID":2701,"signMessage":"70 To Milw via 17","extraTripID":null,"nextStopSeq":63,"routeNumber":70,"vehicleLoad":"unknown","bearing":180,"lastStopSeq":62,"inCongestion":false,"delay":-5,"latitude":45.4883692},{"tripID":4419094,"serviceDate":1395730800000,"direction":0,"garage":"CENTER","type":"bus","lastLocID":2353,"messageCode":809,"time":1395763353671,"expires":1395763771000,"signMessageLong":"77  Broadway/Halsey to Troutdale","extraBlockID":null,"locationInScheduleDay":32394,"longitude":-122.456397,"blockID":7704,"offRoute":false,"nextLocID":2410,"vehicleID":2614,"signMessage":"77 To Troutdale","extraTripID":null,"nextStopSeq":84,"routeNumber":77,"vehicleLoad":"unknown","bearing":94,"lastStopSeq":83,"inCongestion":false,"delay":-157,"latitude":45.5335251},{"tripID":4411576,"serviceDate":1395730800000,"direction":1,"garage":"CENTER","type":"bus","lastLocID":13169,"messageCode":266,"time":1395763424523,"expires":1395763841000,"signMessageLong":"14  Hawthorne to 94th & Foster","extraBlockID":null,"locationInScheduleDay":32757,"longitude":-122.6813145,"blockID":1401,"offRoute":false,"nextLocID":3639,"vehicleID":2608,"signMessage":"14 To 94-Foster","extraTripID":null,"nextStopSeq":45,"routeNumber":14,"vehicleLoad":"unknown","bearing":200,"lastStopSeq":44,"inCongestion":false,"delay":136,"latitude":45.5162143},{"tripID":4417325,"serviceDate":1395730800000,"direction":1,"garage":"CENTER","type":"bus","lastLocID":8499,"messageCode":788,"time":1395763301596,"expires":1395763720000,"signMessageLong":"70  12th/NE 33rd Ave to Milwaukie","extraBlockID":null,"locationInScheduleDay":32587,"longitude":-122.6343913,"blockID":7010,"offRoute":false,"nextLocID":7370,"vehicleID":2623,"signMessage":"70 To Milwaukie","extraTripID":null,"nextStopSeq":13,"routeNumber":70,"vehicleLoad":"unknown","bearing":107,"lastStopSeq":12,"inCongestion":false,"delay":87,"latitude":45.5744649},{"tripID":4419229,"serviceDate":1395730800000,"direction":1,"garage":"CENTER","type":"bus","lastLocID":8483,"messageCode":813,"time":1395763406836,"expires":1395763824000,"signMessageLong":"77  Broadway/Halsey to Montgomery Park","extraBlockID":null,"locationInScheduleDay":31362,"longitude":-122.7069345,"blockID":7707,"offRoute":false,"nextLocID":8484,"vehicleID":2653,"signMessage":"77 Montgomry Pk","extraTripID":null,"nextStopSeq":109,"routeNumber":77,"vehicleLoad":"unknown","bearing":178,"lastStopSeq":108,"inCongestion":false,"delay":0,"latitude":45.5377966},{"tripID":4417172,"serviceDate":1395730800000,"direction":0,"garage":"CENTER","type":"bus","lastLocID":8938,"messageCode":783,"time":1395763388951,"expires":1395763805000,"signMessageLong":"70  33rd Ave to NE Sunderland","extraBlockID":null,"locationInScheduleDay":32611,"longitude":-122.6546109,"blockID":7009,"offRoute":false,"nextLocID":4047,"vehicleID":2626,"signMessage":"70 To Sunderlnd","extraTripID":null,"nextStopSeq":35,"routeNumber":70,"vehicleLoad":"unknown","bearing":359,"lastStopSeq":34,"inCongestion":false,"delay":26,"latitude":45.5313506},{"tripID":4419097,"serviceDate":1395730800000,"direction":0,"garage":"CENTER","type":"bus","lastLocID":1615,"messageCode":809,"time":1395763388957,"expires":1395763805000,"signMessageLong":"77  Broadway/Halsey to Troutdale","extraBlockID":null,"locationInScheduleDay":32420,"longitude":-122.6906702,"blockID":7703,"offRoute":false,"nextLocID":1611,"vehicleID":2630,"signMessage":"77 To Troutdale","extraTripID":null,"nextStopSeq":12,"routeNumber":77,"vehicleLoad":"unknown","bearing":87,"lastStopSeq":11,"inCongestion":false,"delay":-165,"latitude":45.5249481},{"tripID":4419233,"serviceDate":1395730800000,"direction":1,"garage":"CENTER","type":"bus","lastLocID":2451,"messageCode":813,"time":1395763418710,"expires":1395763836000,"signMessageLong":"77  Broadway/Halsey to Montgomery Park","extraBlockID":null,"locationInScheduleDay":32535,"longitude":-122.5870797,"blockID":7706,"offRoute":false,"nextLocID":2445,"vehicleID":2632,"signMessage":"77 Montgomry Pk","extraTripID":null,"nextStopSeq":57,"routeNumber":77,"vehicleLoad":"unknown","bearing":269,"lastStopSeq":56,"inCongestion":false,"delay":-81,"latitude":45.533604},{"tripID":4418206,"serviceDate":1395730800000,"direction":1,"garage":"POWELL","type":"bus","lastLocID":7954,"messageCode":760,"time":1395763403535,"expires":1395763822000,"signMessageLong":"72  Killingsworth/82nd to Clackamas TC","extraBlockID":null,"locationInScheduleDay":32682,"longitude":-122.5790494,"blockID":7237,"offRoute":false,"nextLocID":7945,"vehicleID":3004,"signMessage":"72 Clackamas TC","extraTripID":null,"nextStopSeq":100,"routeNumber":72,"vehicleLoad":"unknown","bearing":180,"lastStopSeq":99,"inCongestion":false,"delay":80,"latitude":45.462797},{"tripID":4413802,"serviceDate":1395730800000,"direction":0,"garage":"POWELL","type":"bus","lastLocID":8225,"messageCode":457,"time":1395763421765,"expires":1395763838000,"signMessageLong":"31  Clackamas Town Center, continuing to Estacada","extraBlockID":null,"locationInScheduleDay":32423,"longitude":-122.6397063,"blockID":3136,"offRoute":false,"nextLocID":2569,"vehicleID":3007,"signMessage":"31 To Estacada via Clackamas","extraTripID":null,"nextStopSeq":2,"routeNumber":31,"vehicleLoad":"unknown","bearing":29,"lastStopSeq":1,"inCongestion":false,"delay":-195,"latitude":45.4458585},{"tripID":4418211,"serviceDate":1395730800000,"direction":1,"garage":"POWELL","type":"bus","lastLocID":9399,"messageCode":760,"time":1395763409378,"expires":1395763828000,"signMessageLong":"72  Killingsworth/82nd to Clackamas TC","extraBlockID":null,"locationInScheduleDay":32574,"longitude":-122.6952162,"blockID":7251,"offRoute":false,"nextLocID":2195,"vehicleID":3003,"signMessage":"72 Clackamas TC","extraTripID":null,"nextStopSeq":4,"routeNumber":72,"vehicleLoad":"unknown","bearing":90,"lastStopSeq":3,"inCongestion":false,"delay":-34,"latitude":45.5559993},{"tripID":4418209,"serviceDate":1395730800000,"direction":1,"garage":"POWELL","type":"bus","lastLocID":3198,"messageCode":760,"time":1395763346529,"expires":1395763765000,"signMessageLong":"72  Killingsworth/82nd to Clackamas TC","extraBlockID":null,"locationInScheduleDay":32462,"longitude":-122.620913,"blockID":7241,"offRoute":false,"nextLocID":3199,"vehicleID":3048,"signMessage":"72 Clackamas TC","extraTripID":null,"nextStopSeq":40,"routeNumber":72,"vehicleLoad":"unknown","bearing":89,"lastStopSeq":39,"inCongestion":false,"delay":-83,"latitude":45.5628084},{"tripID":4417885,"serviceDate":1395730800000,"direction":0,"garage":"POWELL","type":"bus","lastLocID":7943,"messageCode":766,"time":1395763406752,"expires":1395763825000,"signMessageLong":"72  Killingsworth/82nd to Swan Island-Anchor St","extraBlockID":null,"locationInScheduleDay":32649,"longitude":-122.5787837,"blockID":7235,"offRoute":false,"nextLocID":8031,"vehicleID":3053,"signMessage":"72 Swan Island","extraTripID":null,"nextStopSeq":28,"routeNumber":72,"vehicleLoad":"unknown","bearing":0,"lastStopSeq":27,"inCongestion":false,"delay":44,"latitude":45.4939608},{"tripID":4418207,"serviceDate":1395730800000,"direction":1,"garage":"POWELL","type":"bus","lastLocID":7980,"messageCode":760,"time":1395763406746,"expires":1395763824000,"signMessageLong":"72  Killingsworth/82nd to Clackamas TC","extraBlockID":null,"locationInScheduleDay":32495,"longitude":-122.5786939,"blockID":7245,"offRoute":false,"nextLocID":8008,"vehicleID":3052,"signMessage":"72 Clackamas TC","extraTripID":null,"nextStopSeq":77,"routeNumber":72,"vehicleLoad":"unknown","bearing":180,"lastStopSeq":76,"inCongestion":false,"delay":-109,"latitude":45.5115698},{"tripID":4418210,"serviceDate":1395730800000,"direction":1,"garage":"POWELL","type":"bus","lastLocID":5927,"messageCode":760,"time":1395763415510,"expires":1395763832000,"signMessageLong":"72  Killingsworth/82nd to Clackamas TC","extraBlockID":null,"locationInScheduleDay":32576,"longitude":-122.661374,"blockID":7234,"offRoute":false,"nextLocID":46,"vehicleID":3054,"signMessage":"72 Clackamas TC","extraTripID":null,"nextStopSeq":21,"routeNumber":72,"vehicleLoad":"unknown","bearing":90,"lastStopSeq":20,"inCongestion":false,"delay":-36,"latitude":45.5591229},{"tripID":4419234,"serviceDate":1395730800000,"direction":1,"garage":"POWELL","type":"bus","lastLocID":2386,"messageCode":813,"time":1395763415530,"expires":1395763832000,"signMessageLong":"77  Broadway/Halsey to Montgomery Park","extraBlockID":null,"locationInScheduleDay":32671,"longitude":-122.512025,"blockID":7734,"offRoute":false,"nextLocID":2384,"vehicleID":3046,"signMessage":"77 Montgomry Pk","extraTripID":null,"nextStopSeq":31,"routeNumber":77,"vehicleLoad":"unknown","bearing":270,"lastStopSeq":30,"inCongestion":false,"delay":59,"latitude":45.5336679},{"tripID":4419095,"serviceDate":1395730800000,"direction":0,"garage":"POWELL","type":"bus","lastLocID":2454,"messageCode":809,"time":1395763403563,"expires":1395763821000,"signMessageLong":"77  Broadway/Halsey to Troutdale","extraBlockID":null,"locationInScheduleDay":32478,"longitude":-122.580016,"blockID":7738,"offRoute":false,"nextLocID":9217,"vehicleID":3035,"signMessage":"77 To Troutdale","extraTripID":null,"nextStopSeq":51,"routeNumber":77,"vehicleLoad":"unknown","bearing":180,"lastStopSeq":50,"inCongestion":false,"delay":-123,"latitude":45.5327032},{"tripID":4419096,"serviceDate":1395730800000,"direction":0,"garage":"CENTER","type":"bus","lastLocID":636,"messageCode":809,"time":1395763424485,"expires":1395763841000,"signMessageLong":"77  Broadway/Halsey to Troutdale","extraBlockID":null,"locationInScheduleDay":32729,"longitude":-122.6381621,"blockID":7702,"offRoute":false,"nextLocID":638,"vehicleID":2005,"signMessage":"77 To Troutdale","extraTripID":null,"nextStopSeq":30,"routeNumber":77,"vehicleLoad":"unknown","bearing":90,"lastStopSeq":29,"inCongestion":false,"delay":108,"latitude":45.5351624}],"queryTime":1395763429136}}
