{"resultSet":{"vehicle":[{"tripID":4411642,"serviceDate":1395644400000,"direction":1,"garage":"CENTER","type":"bus","lastLocID":13169,"messageCode":266,"time":1395736520844,"expires":1395736939000,"signMessageLong":"14  Hawthorne to 94th & Foster","extraBlockID":null,"locationInScheduleDay":92119,"longitude":-122.6811191,"blockID":1406,"offRoute":false,"nextLocID":3639,"vehicleID":3128,"signMessage":"14 To 94-Foster","extraTripID":null,"nextStopSeq":45,"routeNumber":14,"vehicleLoad":"unknown","bearing":111,"lastStopSeq":44,"inCongestion":false,"delay":0,"latitude":45.5159298},{"tripID":4418298,"serviceDate":1395644400000,"direction":1,"garage":"POWELL","type":"bus","lastLocID":7969,"messageCode":760,"time":1395736520793,"expires":1395736939000,"signMessageLong":"72  Killingsworth/82nd to Clackamas TC","extraBlockID":null,"locationInScheduleDay":92200,"longitude":-122.5789558,"blockID":7236,"offRoute":false,"nextLocID":7990,"vehicleID":3022,"signMessage":"72 Clackamas TC","extraTripID":null,"nextStopSeq":107,"routeNumber":72,"vehicleLoad":"unknown","bearing":177,"lastStopSeq":106,"inCongestion":false,"delay":81,"latitude":45.4479465},{"tripID":4417969,"serviceDate":1395644400000,"direction":0,"garage":"POWELL","type":"bus","lastLocID":2202,"messageCode":766,"time":1395736520791,"expires":1395736939000,"signMessageLong":"72  Killingsworth/82nd to Swan Island-Anchor St","extraBlockID":null,"locationInScheduleDay":91897,"longitude":-122.6931236,"blockID":7238,"offRoute":false,"nextLocID":2161,"vehicleID":3035,"signMessage":"72 Swan Island","extraTripID":null,"nextStopSeq":107,"routeNumber":72,"vehicleLoad":"unknown","bearing":156,"lastStopSeq":106,"inCongestion":false,"delay":-222,"latitude":45.5564525}],"queryTime":1395736547745}}
