{"resultSet":{"vehicle":[{"tripID":4419221,"serviceDate":1395730800000,"direction":1,"garage":"POWELL","type":"bus","lastLocID":2445,"messageCode":813,"time":1395750863189,"expires":1395751281000,"signMessageLong":"77  Broadway/Halsey to Montgomery Park","extraBlockID":null,"locationInScheduleDay":20024,"longitude":-122.5950775,"blockID":7735,"offRoute":false,"nextLocID":2443,"vehicleID":2222,"signMessage":"77 Montgomry Pk","extraTripID":null,"nextStopSeq":12,"routeNumber":77,"vehicleLoad":"unknown","bearing":270,"lastStopSeq":11,"inCongestion":false,"delay":-37,"latitude":45.5336628},{"tripID":4417865,"serviceDate":1395730800000,"direction":0,"garage":"POWELL","type":"bus","lastLocID":7984,"messageCode":768,"time":1395750878888,"expires":1395751296000,"signMessageLong":"72  Killingsworth/82nd to Swan Island-Shipyards","extraBlockID":null,"locationInScheduleDay":20079,"longitude":-122.5788225,"blockID":7238,"offRoute":false,"nextLocID":7935,"vehicleID":2527,"signMessage":"72 Swan Island","extraTripID":null,"nextStopSeq":26,"routeNumber":72,"vehicleLoad":"unknown","bearing":359,"lastStopSeq":25,"inCongestion":false,"delay":3,"latitude":45.4907912},{"tripID":4417312,"serviceDate":1395730800000,"direction":1,"garage":"CENTER","type":"bus","lastLocID":7382,"messageCode":788,"time":1395750863081,"expires":1395751282000,"signMessageLong":"70  12th/NE 33rd Ave to Milwaukie","extraBlockID":null,"locationInScheduleDay":19920,"longitude":-122.6306825,"blockID":7002,"offRoute":false,"nextLocID":7372,"vehicleID":2524,"signMessage":"70 To Milwaukie","extraTripID":null,"nextStopSeq":19,"routeNumber":70,"vehicleLoad":"unknown","bearing":180,"lastStopSeq":18,"inCongestion":false,"delay":-142,"latitude":45.5629999},{"tripID":4419220,"serviceDate":1395730800000,"direction":1,"garage":"CENTER","type":"bus","lastLocID":2011,"messageCode":813,"time":1395750878869,"expires":1395751296000,"signMessageLong":"77  Broadway/Halsey to Montgomery Park","extraBlockID":null,"locationInScheduleDay":19999,"longitude":-122.6811003,"blockID":7701,"offRoute":false,"nextLocID":2030,"vehicleID":2512,"signMessage":"77 Montgomry Pk","extraTripID":null,"nextStopSeq":44,"routeNumber":77,"vehicleLoad":"unknown","bearing":268,"lastStopSeq":43,"inCongestion":false,"delay":-77,"latitude":45.5265472},{"tripID":4418192,"serviceDate":1395730800000,"direction":1,"garage":"POWELL","type":"bus","lastLocID":3162,"messageCode":760,"time":1395750859869,"expires":1395751278000,"signMessageLong":"72  Killingsworth/82nd to Clackamas TC","extraBlockID":null,"locationInScheduleDay":20164,"longitude":-122.6851233,"blockID":7239,"offRoute":false,"nextLocID":3158,"vehicleID":2540,"signMessage":"72 Clackamas TC","extraTripID":null,"nextStopSeq":11,"routeNumber":72,"vehicleLoad":"unknown","bearing":91,"lastStopSeq":10,"inCongestion":false,"delay":106,"latitude":45.5626823},{"tripID":4417866,"serviceDate":1395730800000,"direction":0,"garage":"POWELL","type":"bus","lastLocID":13248,"messageCode":766,"time":1395750878916,"expires":1395751296000,"signMessageLong":"72  Killingsworth/82nd to Swan Island-Anchor St","extraBlockID":null,"locationInScheduleDay":20133,"longitude":-122.5691265,"blockID":7240,"offRoute":false,"nextLocID":12922,"vehicleID":2533,"signMessage":"72 Swan Island","extraTripID":null,"nextStopSeq":2,"routeNumber":72,"vehicleLoad":"unknown","bearing":353,"lastStopSeq":1,"inCongestion":false,"delay":57,"latitude":45.4360909},{"tripID":4417864,"serviceDate":1395730800000,"direction":0,"garage":"POWELL","type":"bus","lastLocID":7987,"messageCode":768,"time":1395750879156,"expires":1395751296000,"signMessageLong":"72  Killingsworth/82nd to Swan Island-Shipyards","extraBlockID":null,"locationInScheduleDay":19825,"longitude":-122.5790398,"blockID":7236,"offRoute":false,"nextLocID":8010,"vehicleID":2552,"signMessage":"72 Swan Island","extraTripID":null,"nextStopSeq":47,"routeNumber":72,"vehicleLoad":"unknown","bearing":359,"lastStopSeq":46,"inCongestion":false,"delay":-251,"latitude":45.5314094},{"tripID":4413874,"serviceDate":1395730800000,"direction":1,"garage":"POWELL","type":"bus","lastLocID":3229,"messageCode":464,"time":1395750863257,"expires":1395751280000,"signMessageLong":"31  To Portland via Milwaukie","extraBlockID":null,"locationInScheduleDay":19935,"longitude":-122.5945055,"blockID":3134,"offRoute":false,"nextLocID":3249,"vehicleID":2555,"signMessage":"31 To Portland","extraTripID":null,"nextStopSeq":8,"routeNumber":31,"vehicleLoad":"unknown","bearing":270,"lastStopSeq":7,"inCongestion":false,"delay":-125,"latitude":45.4479282},{"tripID":4411557,"serviceDate":1395730800000,"direction":1,"garage":"POWELL","type":"bus","lastLocID":7656,"messageCode":268,"time":1395750829968,"expires":1395751248000,"signMessageLong":"14  Hawthorne to Portland","extraBlockID":null,"locationInScheduleDay":19941,"longitude":-122.6113703,"blockID":1435,"offRoute":false,"nextLocID":7665,"vehicleID":2316,"signMessage":"14 To Portland","extraTripID":null,"nextStopSeq":19,"routeNumber":14,"vehicleLoad":"unknown","bearing":0,"lastStopSeq":18,"inCongestion":false,"delay":-87,"latitude":45.4991294},{"tripID":4417161,"serviceDate":1395730800000,"direction":0,"garage":"CENTER","type":"bus","lastLocID":8938,"messageCode":783,"time":1395750878789,"expires":1395751296000,"signMessageLong":"70  33rd Ave to NE Sunderland","extraBlockID":null,"locationInScheduleDay":19975,"longitude":-122.6526785,"blockID":7001,"offRoute":false,"nextLocID":4047,"vehicleID":2704,"signMessage":"70 To Sunderlnd","extraTripID":null,"nextStopSeq":38,"routeNumber":70,"vehicleLoad":"unknown","bearing":90,"lastStopSeq":37,"inCongestion":false,"delay":-101,"latitude":45.5314892},{"tripID":4417162,"serviceDate":1395730800000,"direction":0,"garage":"CENTER","type":"bus","lastLocID":8225,"messageCode":781,"time":1395750874857,"expires":1395751292000,"signMessageLong":"70  12th/NE 33rd Ave to NE Sunderland via 17th & Tacoma","extraBlockID":null,"locationInScheduleDay":20114,"longitude":-122.6406259,"blockID":7003,"offRoute":false,"nextLocID":6871,"vehicleID":2705,"signMessage":"70 To Sunderland via 17th","extraTripID":null,"nextStopSeq":3,"routeNumber":70,"vehicleLoad":"unknown","bearing":263,"lastStopSeq":2,"inCongestion":false,"delay":42,"latitude":45.445646},{"tripID":4418191,"serviceDate":1395730800000,"direction":1,"garage":"POWELL","type":"bus","lastLocID":3146,"messageCode":760,"time":1395750859828,"expires":1395751279000,"signMessageLong":"72  Killingsworth/82nd to Clackamas TC","extraBlockID":null,"locationInScheduleDay":19926,"longitude":-122.6000521,"blockID":7237,"offRoute":false,"nextLocID":3148,"vehicleID":3004,"signMessage":"72 Clackamas TC","extraTripID":null,"nextStopSeq":47,"routeNumber":72,"vehicleLoad":"unknown","bearing":90,"lastStopSeq":46,"inCongestion":false,"delay":-133,"latitude":45.5627544},{"tripID":4418190,"serviceDate":1395730800000,"direction":1,"garage":"POWELL","type":"bus","lastLocID":7990,"messageCode":760,"time":1395750859851,"expires":1395751277000,"signMessageLong":"72  Killingsworth/82nd to Clackamas TC","extraBlockID":null,"locationInScheduleDay":20008,"longitude":-122.5789171,"blockID":7235,"offRoute":false,"nextLocID":7921,"vehicleID":3053,"signMessage":"72 Clackamas TC","extraTripID":null,"nextStopSeq":54,"routeNumber":72,"vehicleLoad":"unknown","bearing":180,"lastStopSeq":53,"inCongestion":false,"delay":-49,"latitude":45.4443682},{"tripID":4417863,"serviceDate":1395730800000,"direction":0,"garage":"POWELL","type":"bus","lastLocID":3184,"messageCode":768,"time":1395750878798,"expires":1395751296000,"signMessageLong":"72  Killingsworth/82nd to Swan Island-Shipyards","extraBlockID":null,"locationInScheduleDay":19891,"longitude":-122.6704096,"blockID":7234,"offRoute":false,"nextLocID":3157,"vehicleID":3054,"signMessage":"72 Swan Island","extraTripID":null,"nextStopSeq":96,"routeNumber":72,"vehicleLoad":"unknown","bearing":269,"lastStopSeq":95,"inCongestion":false,"delay":-185,"latitude":45.5627083},{"tripID":4419222,"serviceDate":1395730800000,"direction":1,"garage":"POWELL","type":"bus","lastLocID":2333,"messageCode":813,"time":1395750874874,"expires":1395751292000,"signMessageLong":"77  Broadway/Halsey to Montgomery Park","extraBlockID":null,"locationInScheduleDay":20124,"longitude":-122.4178556,"blockID":7734,"offRoute":false,"nextLocID":2420,"vehicleID":3046,"signMessage":"77 Montgomry Pk","extraTripID":null,"nextStopSeq":9,"routeNumber":77,"vehicleLoad":"unknown","bearing":259,"lastStopSeq":8,"inCongestion":false,"delay":52,"latitude":45.5371885},{"tripID":4411310,"serviceDate":1395730800000,"direction":0,"garage":"POWELL","type":"bus","lastLocID":2607,"messageCode":266,"time":1395750859829,"expires":1395751277000,"signMessageLong":"14  Hawthorne to 94th & Foster","extraBlockID":null,"locationInScheduleDay":20106,"longitude":-122.6431141,"blockID":1434,"offRoute":false,"nextLocID":2608,"vehicleID":3027,"signMessage":"14 To 94-Foster","extraTripID":null,"nextStopSeq":11,"routeNumber":14,"vehicleLoad":"unknown","bearing":90,"lastStopSeq":10,"inCongestion":false,"delay":49,"latitude":45.5120923},{"tripID":4419085,"serviceDate":1395730800000,"direction":0,"garage":"CENTER","type":"bus","lastLocID":11817,"messageCode":809,"time":1395750859886,"expires":1395751278000,"signMessageLong":"77  Broadway/Halsey to Troutdale","extraBlockID":null,"locationInScheduleDay":20040,"longitude":-122.6659959,"blockID":7702,"offRoute":false,"nextLocID":13708,"vehicleID":2005,"signMessage":"77 To Troutdale","extraTripID":null,"nextStopSeq":20,"routeNumber":77,"vehicleLoad":"unknown","bearing":86,"lastStopSeq":19,"inCongestion":false,"delay":-18,"latitude":45.5307959}],"queryTime":1395750888638}}
