{"resultSet":{"vehicle":[{"tripID":4411566,"serviceDate":1395730800000,"direction":1,"garage":"POWELL","type":"bus","lastLocID":1831,"messageCode":268,"time":1395756323740,"expires":1395756739000,"signMessageLong":"14  Hawthorne to Portland","extraBlockID":null,"locationInScheduleDay":25519,"longitude":-122.5662917,"blockID":1436,"offRoute":false,"nextLocID":13236,"vehicleID":2206,"signMessage":"14 To Portland","extraTripID":null,"nextStopSeq":2,"routeNumber":14,"vehicleLoad":"unknown","bearing":291,"lastStopSeq":1,"inCongestion":false,"delay":0,"latitude":45.4791765},{"tripID":4419089,"serviceDate":1395730800000,"direction":0,"garage":"POWELL","type":"bus","lastLocID":648,"messageCode":809,"time":1395756323840,"expires":1395756742000,"signMessageLong":"77  Broadway/Halsey to Troutdale","extraBlockID":null,"locationInScheduleDay":25497,"longitude":-122.6237753,"blockID":7735,"offRoute":false,"nextLocID":10870,"vehicleID":2222,"signMessage":"77 To Troutdale","extraTripID":null,"nextStopSeq":35,"routeNumber":77,"vehicleLoad":"unknown","bearing":89,"lastStopSeq":34,"inCongestion":false,"delay":-25,"latitude":45.5338069},{"tripID":4419223,"serviceDate":1395730800000,"direction":1,"garage":"POWELL","type":"bus","lastLocID":8483,"messageCode":813,"time":1395756319906,"expires":1395756738000,"signMessageLong":"77  Broadway/Halsey to Montgomery Park","extraBlockID":null,"locationInScheduleDay":25369,"longitude":-122.7069249,"blockID":7736,"offRoute":false,"nextLocID":8484,"vehicleID":2221,"signMessage":"77 Montgomry Pk","extraTripID":null,"nextStopSeq":109,"routeNumber":77,"vehicleLoad":"unknown","bearing":178,"lastStopSeq":108,"inCongestion":false,"delay":0,"latitude":45.5375035},{"tripID":4411562,"serviceDate":1395730800000,"direction":1,"garage":"POWELL","type":"bus","lastLocID":2624,"messageCode":268,"time":1395756326147,"expires":1395756744000,"signMessageLong":"14  Hawthorne to Portland","extraBlockID":null,"locationInScheduleDay":25561,"longitude":-122.6268379,"blockID":1437,"offRoute":false,"nextLocID":12892,"vehicleID":2264,"signMessage":"14 To Portland","extraTripID":null,"nextStopSeq":30,"routeNumber":14,"vehicleLoad":"unknown","bearing":270,"lastStopSeq":29,"inCongestion":false,"delay":37,"latitude":45.5120533},{"tripID":4418200,"serviceDate":1395730800000,"direction":1,"garage":"POWELL","type":"bus","lastLocID":3158,"messageCode":760,"time":1395756341033,"expires":1395756759000,"signMessageLong":"72  Killingsworth/82nd to Clackamas TC","extraBlockID":null,"locationInScheduleDay":25641,"longitude":-122.6841863,"blockID":7247,"offRoute":false,"nextLocID":3169,"vehicleID":2250,"signMessage":"72 Clackamas TC","extraTripID":null,"nextStopSeq":12,"routeNumber":72,"vehicleLoad":"unknown","bearing":90,"lastStopSeq":11,"inCongestion":false,"delay":102,"latitude":45.5626724},{"tripID":4418198,"serviceDate":1395730800000,"direction":1,"garage":"POWELL","type":"bus","lastLocID":3198,"messageCode":760,"time":1395756319960,"expires":1395756736000,"signMessageLong":"72  Killingsworth/82nd to Clackamas TC","extraBlockID":null,"locationInScheduleDay":25515,"longitude":-122.6216406,"blockID":7246,"offRoute":false,"nextLocID":3199,"vehicleID":2296,"signMessage":"72 Clackamas TC","extraTripID":null,"nextStopSeq":40,"routeNumber":72,"vehicleLoad":"unknown","bearing":89,"lastStopSeq":39,"inCongestion":false,"delay":-1,"latitude":45.5628018},{"tripID":4419224,"serviceDate":1395730800000,"direction":1,"garage":"POWELL","type":"bus","lastLocID":2592,"messageCode":813,"time":1395756308342,"expires":1395756725000,"signMessageLong":"77  Broadway/Halsey to Montgomery Park","extraBlockID":null,"locationInScheduleDay":25402,"longitude":-122.6712691,"blockID":7737,"offRoute":false,"nextLocID":9311,"vehicleID":2285,"signMessage":"77 Montgomry Pk","extraTripID":null,"nextStopSeq":87,"routeNumber":77,"vehicleLoad":"unknown","bearing":272,"lastStopSeq":86,"inCongestion":false,"delay":-103,"latitude":45.5268341},{"tripID":4417869,"serviceDate":1395730800000,"direction":0,"garage":"POWELL","type":"bus","lastLocID":11472,"messageCode":766,"time":1395756319998,"expires":1395756738000,"signMessageLong":"72  Killingsworth/82nd to Swan Island-Anchor St","extraBlockID":null,"locationInScheduleDay":25365,"longitude":-122.6437452,"blockID":7244,"offRoute":false,"nextLocID":55,"vehicleID":2276,"signMessage":"72 Swan Island","extraTripID":null,"nextStopSeq":86,"routeNumber":72,"vehicleLoad":"unknown","bearing":270,"lastStopSeq":85,"inCongestion":false,"delay":-153,"latitude":45.5590787},{"tripID":4417318,"serviceDate":1395730800000,"direction":1,"garage":"CENTER","type":"bus","lastLocID":9549,"messageCode":788,"time":1395756319793,"expires":1395756736000,"signMessageLong":"70  12th/NE 33rd Ave to Milwaukie","extraBlockID":null,"locationInScheduleDay":25534,"longitude":-122.6369893,"blockID":7005,"offRoute":false,"nextLocID":9371,"vehicleID":2132,"signMessage":"70 To Milwaukie","extraTripID":null,"nextStopSeq":6,"routeNumber":70,"vehicleLoad":"unknown","bearing":277,"lastStopSeq":5,"inCongestion":false,"delay":18,"latitude":45.5801141},{"tripID":4413878,"serviceDate":1395730800000,"direction":1,"garage":"CENTER","type":"bus","lastLocID":2642,"messageCode":467,"time":1395756323580,"expires":1395756742000,"signMessageLong":"31  Downtown Only","extraBlockID":null,"locationInScheduleDay":25057,"longitude":-122.675179,"blockID":3001,"offRoute":false,"nextLocID":11956,"vehicleID":2123,"signMessage":"31 Downtown Only","extraTripID":null,"nextStopSeq":9,"routeNumber":31,"vehicleLoad":"unknown","bearing":290,"lastStopSeq":8,"inCongestion":false,"delay":-465,"latitude":45.5150879},{"tripID":4417166,"serviceDate":1395730800000,"direction":0,"garage":"CENTER","type":"bus","lastLocID":6893,"messageCode":780,"time":1395756334906,"expires":1395756753000,"signMessageLong":"70  12th/NE 33rd Ave to NE Sunderland","extraBlockID":null,"locationInScheduleDay":25275,"longitude":-122.6483654,"blockID":7006,"offRoute":false,"nextLocID":6863,"vehicleID":2150,"signMessage":"70 To Sunderlnd","extraTripID":null,"nextStopSeq":19,"routeNumber":70,"vehicleLoad":"unknown","bearing":0,"lastStopSeq":18,"inCongestion":false,"delay":-258,"latitude":45.4874986},{"tripID":4417316,"serviceDate":1395730800000,"direction":1,"garage":"CENTER","type":"bus","lastLocID":6555,"messageCode":738,"time":1395756334946,"expires":1395756752000,"signMessageLong":"70  12th Ave to Milwaukie via 13th & Tacoma","extraBlockID":null,"locationInScheduleDay":25605,"longitude":-122.6547194,"blockID":7008,"offRoute":false,"nextLocID":6553,"vehicleID":2506,"signMessage":"70 To Milwaukie","extraTripID":null,"nextStopSeq":11,"routeNumber":70,"vehicleLoad":"unknown","bearing":180,"lastStopSeq":10,"inCongestion":false,"delay":73,"latitude":45.5084999},{"tripID":4418197,"serviceDate":1395730800000,"direction":1,"garage":"POWELL","type":"bus","lastLocID":3185,"messageCode":760,"time":1395756326083,"expires":1395756744000,"signMessageLong":"72  Killingsworth/82nd to Clackamas TC","extraBlockID":null,"locationInScheduleDay":25562,"longitude":-122.5796176,"blockID":7238,"offRoute":false,"nextLocID":8889,"vehicleID":2527,"signMessage":"72 Clackamas TC","extraTripID":null,"nextStopSeq":52,"routeNumber":72,"vehicleLoad":"unknown","bearing":89,"lastStopSeq":51,"inCongestion":false,"delay":38,"latitude":45.5626724},{"tripID":4417165,"serviceDate":1395730800000,"direction":0,"garage":"CENTER","type":"bus","lastLocID":4050,"messageCode":783,"time":1395756323715,"expires":1395756741000,"signMessageLong":"70  33rd Ave to NE Sunderland","extraBlockID":null,"locationInScheduleDay":25471,"longitude":-122.6468255,"blockID":7002,"offRoute":false,"nextLocID":7107,"vehicleID":2524,"signMessage":"70 To Sunderlnd","extraTripID":null,"nextStopSeq":41,"routeNumber":70,"vehicleLoad":"unknown","bearing":89,"lastStopSeq":40,"inCongestion":false,"delay":-50,"latitude":45.5314657},{"tripID":4419087,"serviceDate":1395730800000,"direction":0,"garage":"CENTER","type":"bus","lastLocID":2415,"messageCode":809,"time":1395756293253,"expires":1395756710000,"signMessageLong":"77  Broadway/Halsey to Troutdale","extraBlockID":null,"locationInScheduleDay":25419,"longitude":-122.4431726,"blockID":7701,"offRoute":false,"nextLocID":2327,"vehicleID":2512,"signMessage":"77 To Troutdale","extraTripID":null,"nextStopSeq":87,"routeNumber":77,"vehicleLoad":"unknown","bearing":85,"lastStopSeq":86,"inCongestion":false,"delay":-71,"latitude":45.5337782},{"tripID":4417872,"serviceDate":1395730800000,"direction":0,"garage":"POWELL","type":"bus","lastLocID":7970,"messageCode":768,"time":1395756326088,"expires":1395756742000,"signMessageLong":"72  Killingsworth/82nd to Swan Island-Shipyards","extraBlockID":null,"locationInScheduleDay":25292,"longitude":-122.579092,"blockID":7239,"offRoute":false,"nextLocID":7960,"vehicleID":2540,"signMessage":"72 Swan Island","extraTripID":null,"nextStopSeq":18,"routeNumber":72,"vehicleLoad":"unknown","bearing":0,"lastStopSeq":17,"inCongestion":false,"delay":-230,"latitude":45.4742024},{"tripID":4418199,"serviceDate":1395730800000,"direction":1,"garage":"POWELL","type":"bus","lastLocID":48,"messageCode":760,"time":1395756343733,"expires":1395756760000,"signMessageLong":"72  Killingsworth/82nd to Clackamas TC","extraBlockID":null,"locationInScheduleDay":25596,"longitude":-122.6536037,"blockID":7240,"offRoute":false,"nextLocID":50,"vehicleID":2533,"signMessage":"72 Clackamas TC","extraTripID":null,"nextStopSeq":25,"routeNumber":72,"vehicleLoad":"unknown","bearing":90,"lastStopSeq":24,"inCongestion":false,"delay":56,"latitude":45.5591055},{"tripID":4418196,"serviceDate":1395730800000,"direction":1,"garage":"POWELL","type":"bus","lastLocID":8043,"messageCode":760,"time":1395756311113,"expires":1395756727000,"signMessageLong":"72  Killingsworth/82nd to Clackamas TC","extraBlockID":null,"locationInScheduleDay":25604,"longitude":-122.5790268,"blockID":7236,"offRoute":false,"nextLocID":8000,"vehicleID":2552,"signMessage":"72 Clackamas TC","extraTripID":null,"nextStopSeq":65,"routeNumber":72,"vehicleLoad":"unknown","bearing":181,"lastStopSeq":64,"inCongestion":false,"delay":97,"latitude":45.534379},{"tripID":4417868,"serviceDate":1395730800000,"direction":0,"garage":"POWELL","type":"bus","lastLocID":3161,"messageCode":768,"time":1395756338395,"expires":1395756754000,"signMessageLong":"72  Killingsworth/82nd to Swan Island-Shipyards","extraBlockID":null,"locationInScheduleDay":25204,"longitude":-122.6949821,"blockID":7242,"offRoute":false,"nextLocID":3167,"vehicleID":2548,"signMessage":"72 Swan Island","extraTripID":null,"nextStopSeq":104,"routeNumber":72,"vehicleLoad":"unknown","bearing":269,"lastStopSeq":103,"inCongestion":false,"delay":-330,"latitude":45.5627444},{"tripID":4411561,"serviceDate":1395730800000,"direction":1,"garage":"POWELL","type":"bus","lastLocID":2642,"messageCode":266,"time":1395756338353,"expires":1395756756000,"signMessageLong":"14  Hawthorne to 94th & Foster","extraBlockID":null,"locationInScheduleDay":25453,"longitude":-122.6661479,"blockID":1435,"offRoute":false,"nextLocID":11956,"vehicleID":2316,"signMessage":"14 To 94-Foster","extraTripID":null,"nextStopSeq":43,"routeNumber":14,"vehicleLoad":"unknown","bearing":256,"lastStopSeq":42,"inCongestion":false,"delay":-83,"latitude":45.5129151},{"tripID":4413879,"serviceDate":1395730800000,"direction":1,"garage":"CENTER","type":"bus","lastLocID":12462,"messageCode":466,"time":1395756340974,"expires":1395756758000,"signMessageLong":"31  Portland","extraBlockID":null,"locationInScheduleDay":25411,"longitude":-122.6410821,"blockID":1403,"offRoute":false,"nextLocID":3657,"vehicleID":2725,"signMessage":"31 To Portland","extraTripID":null,"nextStopSeq":28,"routeNumber":31,"vehicleLoad":"unknown","bearing":10,"lastStopSeq":27,"inCongestion":false,"delay":-127,"latitude":45.4515485},{"tripID":4419088,"serviceDate":1395730800000,"direction":0,"garage":"CENTER","type":"bus","lastLocID":2366,"messageCode":809,"time":1395756340962,"expires":1395756758000,"signMessageLong":"77  Broadway/Halsey to Troutdale","extraBlockID":null,"locationInScheduleDay":25684,"longitude":-122.5365127,"blockID":7705,"offRoute":false,"nextLocID":2368,"vehicleID":2720,"signMessage":"77 To Troutdale","extraTripID":null,"nextStopSeq":63,"routeNumber":77,"vehicleLoad":"unknown","bearing":90,"lastStopSeq":62,"inCongestion":false,"delay":146,"latitude":45.5335672},{"tripID":4411563,"serviceDate":1395730800000,"direction":1,"garage":"CENTER","type":"bus","lastLocID":1778,"messageCode":268,"time":1395756340951,"expires":1395756757000,"signMessageLong":"14  Hawthorne to Portland","extraBlockID":null,"locationInScheduleDay":25453,"longitude":-122.5993087,"blockID":1404,"offRoute":false,"nextLocID":12904,"vehicleID":2718,"signMessage":"14 To Portland","extraTripID":null,"nextStopSeq":14,"routeNumber":14,"vehicleLoad":"unknown","bearing":308,"lastStopSeq":13,"inCongestion":false,"delay":-84,"latitude":45.4907188},{"tripID":4417164,"serviceDate":1395730800000,"direction":0,"garage":"CENTER","type":"bus","lastLocID":9339,"messageCode":783,"time":1395756340949,"expires":1395756758000,"signMessageLong":"70  33rd Ave to NE Sunderland","extraBlockID":null,"locationInScheduleDay":25551,"longitude":-122.635557,"blockID":7007,"offRoute":false,"nextLocID":11171,"vehicleID":2709,"signMessage":"70 To Sunderlnd","extraTripID":null,"nextStopSeq":77,"routeNumber":70,"vehicleLoad":"unknown","bearing":352,"lastStopSeq":76,"inCongestion":false,"delay":13,"latitude":45.5954601},{"tripID":4417315,"serviceDate":1395730800000,"direction":1,"garage":"CENTER","type":"bus","lastLocID":6872,"messageCode":791,"time":1395756323641,"expires":1395756739000,"signMessageLong":"70  To Milwaukie","extraBlockID":null,"locationInScheduleDay":25478,"longitude":-122.6421126,"blockID":7001,"offRoute":false,"nextLocID":13477,"vehicleID":2704,"signMessage":"70 To Milwaukie","extraTripID":null,"nextStopSeq":79,"routeNumber":70,"vehicleLoad":"unknown","bearing":80,"lastStopSeq":78,"inCongestion":false,"delay":0,"latitude":45.4454633},{"tripID":4417317,"serviceDate":1395730800000,"direction":1,"garage":"CENTER","type":"bus","lastLocID":7377,"messageCode":788,"time":1395756236581,"expires":1395756654000,"signMessageLong":"70  12th/NE 33rd Ave to Milwaukie","extraBlockID":null,"locationInScheduleDay":25546,"longitude":-122.6306863,"blockID":7003,"offRoute":false,"nextLocID":644,"vehicleID":2705,"signMessage":"70 To Milwaukie","extraTripID":null,"nextStopSeq":32,"routeNumber":70,"vehicleLoad":"unknown","bearing":179,"lastStopSeq":31,"inCongestion":false,"delay":112,"latitude":45.5354625},{"tripID":4417167,"serviceDate":1395730800000,"direction":0,"garage":"CENTER","type":"bus","lastLocID":6871,"messageCode":782,"time":1395756319864,"expires":1395756738000,"signMessageLong":"70  12th/NE 33rd Ave to NE Sunderland via 13th & Tacoma","extraBlockID":null,"locationInScheduleDay":25383,"longitude":-122.6441265,"blockID":7004,"offRoute":false,"nextLocID":6901,"vehicleID":2701,"signMessage":"70 To Sunderland via 13th","extraTripID":null,"nextStopSeq":4,"routeNumber":70,"vehicleLoad":"unknown","bearing":342,"lastStopSeq":3,"inCongestion":false,"delay":-135,"latitude":45.4490761},{"tripID":4419225,"serviceDate":1395730800000,"direction":1,"garage":"CENTER","type":"bus","lastLocID":649,"messageCode":813,"time":1395756343768,"expires":1395756761000,"signMessageLong":"77  Broadway/Halsey to Montgomery Park","extraBlockID":null,"locationInScheduleDay":25430,"longitude":-122.6247882,"blockID":7704,"offRoute":false,"nextLocID":647,"vehicleID":2614,"signMessage":"77 Montgomry Pk","extraTripID":null,"nextStopSeq":71,"routeNumber":77,"vehicleLoad":"unknown","bearing":270,"lastStopSeq":70,"inCongestion":false,"delay":-111,"latitude":45.5351498},{"tripID":4411564,"serviceDate":1395730800000,"direction":1,"garage":"CENTER","type":"bus","lastLocID":13236,"messageCode":268,"time":1395756338342,"expires":1395756755000,"signMessageLong":"14  Hawthorne to Portland","extraBlockID":null,"locationInScheduleDay":25468,"longitude":-122.5684174,"blockID":1401,"offRoute":false,"nextLocID":1829,"vehicleID":2608,"signMessage":"14 To Portland","extraTripID":null,"nextStopSeq":3,"routeNumber":14,"vehicleLoad":"unknown","bearing":291,"lastStopSeq":2,"inCongestion":false,"delay":-67,"latitude":45.4797621},{"tripID":4419228,"serviceDate":1395730800000,"direction":1,"garage":"CENTER","type":"bus","lastLocID":9481,"messageCode":813,"time":1395756320020,"expires":1395756736000,"signMessageLong":"77  Broadway/Halsey to Montgomery Park","extraBlockID":null,"locationInScheduleDay":25440,"longitude":-122.3982117,"blockID":7703,"offRoute":false,"nextLocID":9471,"vehicleID":2630,"signMessage":"77 Montgomry Pk","extraTripID":null,"nextStopSeq":2,"routeNumber":77,"vehicleLoad":"unknown","bearing":85,"lastStopSeq":1,"inCongestion":false,"delay":-76,"latitude":45.5443612},{"tripID":4419090,"serviceDate":1395730800000,"direction":0,"garage":"CENTER","type":"bus","lastLocID":1612,"messageCode":809,"time":1395756326207,"expires":1395756744000,"signMessageLong":"77  Broadway/Halsey to Troutdale","extraBlockID":null,"locationInScheduleDay":25519,"longitude":-122.6696314,"blockID":7706,"offRoute":false,"nextLocID":11817,"vehicleID":2632,"signMessage":"77 To Troutdale","extraTripID":null,"nextStopSeq":19,"routeNumber":77,"vehicleLoad":"unknown","bearing":56,"lastStopSeq":18,"inCongestion":false,"delay":-5,"latitude":45.5272608},{"tripID":4417870,"serviceDate":1395730800000,"direction":0,"garage":"POWELL","type":"bus","lastLocID":7933,"messageCode":768,"time":1395756323599,"expires":1395756739000,"signMessageLong":"72  Killingsworth/82nd to Swan Island-Shipyards","extraBlockID":null,"locationInScheduleDay":25222,"longitude":-122.5787458,"blockID":7237,"offRoute":false,"nextLocID":8039,"vehicleID":3004,"signMessage":"72 Swan Island","extraTripID":null,"nextStopSeq":58,"routeNumber":72,"vehicleLoad":"unknown","bearing":1,"lastStopSeq":57,"inCongestion":false,"delay":-297,"latitude":45.5494732},{"tripID":4417873,"serviceDate":1395730800000,"direction":0,"garage":"POWELL","type":"bus","lastLocID":7941,"messageCode":766,"time":1395756326059,"expires":1395756742000,"signMessageLong":"72  Killingsworth/82nd to Swan Island-Anchor St","extraBlockID":null,"locationInScheduleDay":25443,"longitude":-122.5789273,"blockID":7241,"offRoute":false,"nextLocID":7920,"vehicleID":3048,"signMessage":"72 Swan Island","extraTripID":null,"nextStopSeq":4,"routeNumber":72,"vehicleLoad":"unknown","bearing":0,"lastStopSeq":3,"inCongestion":false,"delay":-79,"latitude":45.442566},{"tripID":4418201,"serviceDate":1395730800000,"direction":1,"garage":"POWELL","type":"bus","lastLocID":8681,"messageCode":760,"time":1395756334952,"expires":1395756752000,"signMessageLong":"72  Killingsworth/82nd to Clackamas TC","extraBlockID":null,"locationInScheduleDay":25737,"longitude":-122.6992945,"blockID":7235,"offRoute":false,"nextLocID":9399,"vehicleID":3053,"signMessage":"72 Clackamas TC","extraTripID":null,"nextStopSeq":3,"routeNumber":72,"vehicleLoad":"unknown","bearing":101,"lastStopSeq":2,"inCongestion":false,"delay":205,"latitude":45.5562453},{"tripID":4417871,"serviceDate":1395730800000,"direction":0,"garage":"POWELL","type":"bus","lastLocID":7955,"messageCode":766,"time":1395756338225,"expires":1395756754000,"signMessageLong":"72  Killingsworth/82nd to Swan Island-Anchor St","extraBlockID":null,"locationInScheduleDay":25534,"longitude":-122.5790592,"blockID":7245,"offRoute":false,"nextLocID":7972,"vehicleID":3052,"signMessage":"72 Swan Island","extraTripID":null,"nextStopSeq":44,"routeNumber":72,"vehicleLoad":"unknown","bearing":0,"lastStopSeq":43,"inCongestion":false,"delay":0,"latitude":45.5262034},{"tripID":4418194,"serviceDate":1395730800000,"direction":1,"garage":"POWELL","type":"bus","lastLocID":12921,"messageCode":760,"time":1395756230562,"expires":1395756649000,"signMessageLong":"72  Killingsworth/82nd to Clackamas TC","extraBlockID":null,"locationInScheduleDay":25472,"longitude":-122.5690545,"blockID":7234,"offRoute":false,"nextLocID":13247,"vehicleID":3054,"signMessage":"72 Clackamas TC","extraTripID":null,"nextStopSeq":111,"routeNumber":72,"vehicleLoad":"unknown","bearing":173,"lastStopSeq":110,"inCongestion":false,"delay":0,"latitude":45.4356606},{"tripID":4419222,"serviceDate":1395730800000,"direction":1,"garage":"POWELL","type":"bus","lastLocID":8483,"messageCode":813,"time":1395756323696,"expires":1395756741000,"signMessageLong":"77  Broadway/Halsey to Montgomery Park","extraBlockID":null,"locationInScheduleDay":24042,"longitude":-122.7069345,"blockID":7734,"offRoute":false,"nextLocID":8484,"vehicleID":3046,"signMessage":"77 Montgomry Pk","extraTripID":null,"nextStopSeq":109,"routeNumber":77,"vehicleLoad":"unknown","bearing":178,"lastStopSeq":108,"inCongestion":false,"delay":0,"latitude":45.5377966},{"tripID":4419226,"serviceDate":1395730800000,"direction":1,"garage":"POWELL","type":"bus","lastLocID":2334,"messageCode":813,"time":1395756319849,"expires":1395756738000,"signMessageLong":"77  Broadway/Halsey to Montgomery Park","extraBlockID":null,"locationInScheduleDay":25308,"longitude":-122.5707713,"blockID":7738,"offRoute":false,"nextLocID":2459,"vehicleID":3035,"signMessage":"77 Montgomry Pk","extraTripID":null,"nextStopSeq":50,"routeNumber":77,"vehicleLoad":"unknown","bearing":271,"lastStopSeq":49,"inCongestion":false,"delay":-210,"latitude":45.5334833},{"tripID":4411314,"serviceDate":1395730800000,"direction":0,"garage":"POWELL","type":"bus","lastLocID":2620,"messageCode":266,"time":1395756319849,"expires":1395756738000,"signMessageLong":"14  Hawthorne to 94th & Foster","extraBlockID":null,"locationInScheduleDay":25501,"longitude":-122.627435,"blockID":1434,"offRoute":false,"nextLocID":2623,"vehicleID":3027,"signMessage":"14 To 94-Foster","extraTripID":null,"nextStopSeq":17,"routeNumber":14,"vehicleLoad":"unknown","bearing":90,"lastStopSeq":16,"inCongestion":false,"delay":-17,"latitude":45.5120534},{"tripID":4418195,"serviceDate":1395730800000,"direction":1,"garage":"POWELL","type":"bus","lastLocID":8024,"messageCode":760,"time":1395756338195,"expires":1395756756000,"signMessageLong":"72  Killingsworth/82nd to Clackamas TC","extraBlockID":null,"locationInScheduleDay":25260,"longitude":-122.5787393,"blockID":7243,"offRoute":false,"nextLocID":13707,"vehicleID":3025,"signMessage":"72 Clackamas TC","extraTripID":null,"nextStopSeq":84,"routeNumber":72,"vehicleLoad":"unknown","bearing":180,"lastStopSeq":83,"inCongestion":false,"delay":-276,"latitude":45.4971097},{"tripID":4419227,"serviceDate":1395730800000,"direction":1,"garage":"CENTER","type":"bus","lastLocID":2399,"messageCode":813,"time":1395756290237,"expires":1395756706000,"signMessageLong":"77  Broadway/Halsey to Montgomery Park","extraBlockID":null,"locationInScheduleDay":25521,"longitude":-122.4884597,"blockID":7702,"offRoute":false,"nextLocID":2398,"vehicleID":2005,"signMessage":"77 Montgomry Pk","extraTripID":null,"nextStopSeq":25,"routeNumber":77,"vehicleLoad":"unknown","bearing":260,"lastStopSeq":24,"inCongestion":false,"delay":35,"latitude":45.5346284}],"queryTime":1395756348877}}
