{"resultSet":{"vehicle":[{"tripID":4411642,"serviceDate":1395644400000,"direction":1,"garage":"CENTER","type":"bus","lastLocID":11956,"messageCode":266,"time":1395736281099,"expires":1395736699000,"signMessageLong":"14  Hawthorne to 94th & Foster","extraBlockID":null,"locationInScheduleDay":92017,"longitude":-122.6759166,"blockID":1406,"offRoute":false,"nextLocID":13169,"vehicleID":3128,"signMessage":"14 To 94-Foster","extraTripID":null,"nextStopSeq":44,"routeNumber":14,"vehicleLoad":"unknown","bearing":290,"lastStopSeq":43,"inCongestion":false,"delay":138,"latitude":45.5152841},{"tripID":4418298,"serviceDate":1395644400000,"direction":1,"garage":"POWELL","type":"bus","lastLocID":7963,"messageCode":760,"time":1395736281087,"expires":1395736699000,"signMessageLong":"72  Killingsworth/82nd to Clackamas TC","extraBlockID":null,"locationInScheduleDay":91922,"longitude":-122.5790538,"blockID":7236,"offRoute":false,"nextLocID":7994,"vehicleID":3022,"signMessage":"72 Clackamas TC","extraTripID":null,"nextStopSeq":98,"routeNumber":72,"vehicleLoad":"unknown","bearing":179,"lastStopSeq":97,"inCongestion":false,"delay":43,"latitude":45.4687227},{"tripID":4417969,"serviceDate":1395644400000,"direction":0,"garage":"POWELL","type":"bus","lastLocID":3174,"messageCode":766,"time":1395736278054,"expires":1395736696000,"signMessageLong":"72  Killingsworth/82nd to Swan Island-Anchor St","extraBlockID":null,"locationInScheduleDay":91604,"longitude":-122.6777349,"blockID":7238,"offRoute":false,"nextLocID":3170,"vehicleID":3035,"signMessage":"72 Swan Island","extraTripID":null,"nextStopSeq":99,"routeNumber":72,"vehicleLoad":"unknown","bearing":269,"lastStopSeq":98,"inCongestion":false,"delay":-272,"latitude":45.5626742}],"queryTime":1395736307737}}
