{"resultSet":{"vehicle":[{"tripID":4419232,"serviceDate":1395730800000,"direction":1,"garage":"POWELL","type":"bus","lastLocID":2390,"messageCode":813,"time":1395761540479,"expires":1395761956000,"signMessageLong":"77  Broadway/Halsey to Montgomery Park","extraBlockID":null,"locationInScheduleDay":30684,"longitude":-122.5036771,"blockID":7735,"offRoute":false,"nextLocID":2386,"vehicleID":2222,"signMessage":"77 Montgomry Pk","extraTripID":null,"nextStopSeq":30,"routeNumber":77,"vehicleLoad":"unknown","bearing":269,"lastStopSeq":29,"inCongestion":false,"delay":-52,"latitude":45.5336657},{"tripID":4419092,"serviceDate":1395730800000,"direction":0,"garage":"POWELL","type":"bus","lastLocID":2345,"messageCode":809,"time":1395761555980,"expires":1395761972000,"signMessageLong":"77  Broadway/Halsey to Troutdale","extraBlockID":null,"locationInScheduleDay":30983,"longitude":-122.3913195,"blockID":7736,"offRoute":false,"nextLocID":13532,"vehicleID":2221,"signMessage":"77 To Troutdale","extraTripID":null,"nextStopSeq":98,"routeNumber":77,"vehicleLoad":"unknown","bearing":90,"lastStopSeq":97,"inCongestion":false,"delay":231,"latitude":45.5407704},{"tripID":4411578,"serviceDate":1395730800000,"direction":1,"garage":"POWELL","type":"bus","lastLocID":1831,"messageCode":268,"time":1395761555970,"expires":1395761973000,"signMessageLong":"14  Hawthorne to Portland","extraBlockID":null,"locationInScheduleDay":30753,"longitude":-122.5662917,"blockID":1438,"offRoute":false,"nextLocID":13236,"vehicleID":2220,"signMessage":"14 To Portland","extraTripID":null,"nextStopSeq":2,"routeNumber":14,"vehicleLoad":"unknown","bearing":291,"lastStopSeq":1,"inCongestion":false,"delay":0,"latitude":45.4791765},{"tripID":4411575,"serviceDate":1395730800000,"direction":1,"garage":"POWELL","type":"bus","lastLocID":8242,"messageCode":268,"time":1395761556021,"expires":1395761972000,"signMessageLong":"14  Hawthorne to Portland","extraBlockID":null,"locationInScheduleDay":30858,"longitude":-122.6110247,"blockID":1437,"offRoute":false,"nextLocID":7654,"vehicleID":2270,"signMessage":"14 To Portland","extraTripID":null,"nextStopSeq":21,"routeNumber":14,"vehicleLoad":"unknown","bearing":0,"lastStopSeq":20,"inCongestion":false,"delay":106,"latitude":45.5036436},{"tripID":4417876,"serviceDate":1395730800000,"direction":0,"garage":"POWELL","type":"bus","lastLocID":3157,"messageCode":766,"time":1395761543163,"expires":1395761960000,"signMessageLong":"72  Killingsworth/82nd to Swan Island-Anchor St","extraBlockID":null,"locationInScheduleDay":30718,"longitude":-122.6745785,"blockID":7250,"offRoute":false,"nextLocID":3154,"vehicleID":2242,"signMessage":"72 Swan Island","extraTripID":null,"nextStopSeq":97,"routeNumber":72,"vehicleLoad":"unknown","bearing":269,"lastStopSeq":96,"inCongestion":false,"delay":-22,"latitude":45.5626909},{"tripID":4417882,"serviceDate":1395730800000,"direction":0,"garage":"POWELL","type":"bus","lastLocID":8040,"messageCode":766,"time":1395761556005,"expires":1395761972000,"signMessageLong":"72  Killingsworth/82nd to Swan Island-Anchor St","extraBlockID":null,"locationInScheduleDay":30755,"longitude":-122.578822,"blockID":7246,"offRoute":false,"nextLocID":7984,"vehicleID":2296,"signMessage":"72 Swan Island","extraTripID":null,"nextStopSeq":25,"routeNumber":72,"vehicleLoad":"unknown","bearing":359,"lastStopSeq":24,"inCongestion":false,"delay":3,"latitude":45.4906224},{"tripID":4419093,"serviceDate":1395730800000,"direction":0,"garage":"POWELL","type":"bus","lastLocID":2358,"messageCode":809,"time":1395761556030,"expires":1395761973000,"signMessageLong":"77  Broadway/Halsey to Troutdale","extraBlockID":null,"locationInScheduleDay":30704,"longitude":-122.5491927,"blockID":7737,"offRoute":false,"nextLocID":2360,"vehicleID":2285,"signMessage":"77 To Troutdale","extraTripID":null,"nextStopSeq":60,"routeNumber":77,"vehicleLoad":"unknown","bearing":90,"lastStopSeq":59,"inCongestion":false,"delay":-49,"latitude":45.5334997},{"tripID":4418205,"serviceDate":1395730800000,"direction":1,"garage":"POWELL","type":"bus","lastLocID":7956,"messageCode":760,"time":1395761556028,"expires":1395761972000,"signMessageLong":"72  Killingsworth/82nd to Clackamas TC","extraBlockID":null,"locationInScheduleDay":30788,"longitude":-122.5790781,"blockID":7252,"offRoute":false,"nextLocID":7937,"vehicleID":2283,"signMessage":"72 Clackamas TC","extraTripID":null,"nextStopSeq":70,"routeNumber":72,"vehicleLoad":"unknown","bearing":179,"lastStopSeq":69,"inCongestion":false,"delay":36,"latitude":45.5230838},{"tripID":4418204,"serviceDate":1395730800000,"direction":1,"garage":"POWELL","type":"bus","lastLocID":7986,"messageCode":760,"time":1395761546375,"expires":1395761964000,"signMessageLong":"72  Killingsworth/82nd to Clackamas TC","extraBlockID":null,"locationInScheduleDay":30780,"longitude":-122.57883,"blockID":7244,"offRoute":false,"nextLocID":8041,"vehicleID":2276,"signMessage":"72 Clackamas TC","extraTripID":null,"nextStopSeq":87,"routeNumber":72,"vehicleLoad":"unknown","bearing":180,"lastStopSeq":86,"inCongestion":false,"delay":36,"latitude":45.4892419},{"tripID":4411319,"serviceDate":1395730800000,"direction":0,"garage":"POWELL","type":"bus","lastLocID":1814,"messageCode":266,"time":1395761537264,"expires":1395761956000,"signMessageLong":"14  Hawthorne to 94th & Foster","extraBlockID":null,"locationInScheduleDay":30738,"longitude":-122.5826761,"blockID":1439,"offRoute":false,"nextLocID":1816,"vehicleID":2275,"signMessage":"14 To 94-Foster","extraTripID":null,"nextStopSeq":41,"routeNumber":14,"vehicleLoad":"unknown","bearing":118,"lastStopSeq":40,"inCongestion":false,"delay":2,"latitude":45.4842598},{"tripID":4413883,"serviceDate":1395730800000,"direction":1,"garage":"CENTER","type":"bus","lastLocID":3797,"messageCode":466,"time":1395761513068,"expires":1395761931000,"signMessageLong":"31  Portland","extraBlockID":null,"locationInScheduleDay":30515,"longitude":-122.6383711,"blockID":3003,"offRoute":false,"nextLocID":3785,"vehicleID":2119,"signMessage":"31 To Portland","extraTripID":null,"nextStopSeq":31,"routeNumber":31,"vehicleLoad":"unknown","bearing":6,"lastStopSeq":30,"inCongestion":false,"delay":-196,"latitude":45.4638263},{"tripID":4417322,"serviceDate":1395730800000,"direction":1,"garage":"CENTER","type":"bus","lastLocID":4044,"messageCode":790,"time":1395761540329,"expires":1395761958000,"signMessageLong":"70  12th Ave to Milwaukie via 13th & Tacoma","extraBlockID":null,"locationInScheduleDay":30434,"longitude":-122.6544356,"blockID":7006,"offRoute":false,"nextLocID":8937,"vehicleID":2150,"signMessage":"70 To Milw via 13","extraTripID":null,"nextStopSeq":44,"routeNumber":70,"vehicleLoad":"unknown","bearing":270,"lastStopSeq":43,"inCongestion":false,"delay":-304,"latitude":45.5314904},{"tripID":4417170,"serviceDate":1395730800000,"direction":0,"garage":"CENTER","type":"bus","lastLocID":642,"messageCode":783,"time":1395761543137,"expires":1395761961000,"signMessageLong":"70  33rd Ave to NE Sunderland","extraBlockID":null,"locationInScheduleDay":30641,"longitude":-122.6311751,"blockID":7008,"offRoute":false,"nextLocID":7392,"vehicleID":2506,"signMessage":"70 To Sunderlnd","extraTripID":null,"nextStopSeq":45,"routeNumber":70,"vehicleLoad":"unknown","bearing":90,"lastStopSeq":44,"inCongestion":false,"delay":-100,"latitude":45.5351596},{"tripID":4417881,"serviceDate":1395730800000,"direction":0,"garage":"POWELL","type":"bus","lastLocID":7936,"messageCode":766,"time":1395761561415,"expires":1395761980000,"signMessageLong":"72  Killingsworth/82nd to Swan Island-Anchor St","extraBlockID":null,"locationInScheduleDay":30843,"longitude":-122.5790768,"blockID":7238,"offRoute":false,"nextLocID":7955,"vehicleID":2527,"signMessage":"72 Swan Island","extraTripID":null,"nextStopSeq":43,"routeNumber":72,"vehicleLoad":"unknown","bearing":0,"lastStopSeq":42,"inCongestion":false,"delay":83,"latitude":45.5226576},{"tripID":4417321,"serviceDate":1395730800000,"direction":1,"garage":"CENTER","type":"bus","lastLocID":6847,"messageCode":789,"time":1395761546278,"expires":1395761963000,"signMessageLong":"70  12th Ave to Milwaukie via 17th & Tacoma","extraBlockID":null,"locationInScheduleDay":30840,"longitude":-122.6477483,"blockID":7002,"offRoute":false,"nextLocID":6890,"vehicleID":2524,"signMessage":"70 To Milw via 17","extraTripID":null,"nextStopSeq":70,"routeNumber":70,"vehicleLoad":"unknown","bearing":175,"lastStopSeq":69,"inCongestion":false,"delay":97,"latitude":45.4739006},{"tripID":4411571,"serviceDate":1395730800000,"direction":1,"garage":"CENTER","type":"bus","lastLocID":2606,"messageCode":268,"time":1395761564107,"expires":1395761981000,"signMessageLong":"14  Hawthorne to Portland","extraBlockID":null,"locationInScheduleDay":29935,"longitude":-122.6479527,"blockID":1405,"offRoute":false,"nextLocID":2604,"vehicleID":2520,"signMessage":"14 To Portland","extraTripID":null,"nextStopSeq":37,"routeNumber":14,"vehicleLoad":"unknown","bearing":270,"lastStopSeq":36,"inCongestion":false,"delay":-826,"latitude":45.5121953},{"tripID":4419230,"serviceDate":1395730800000,"direction":1,"garage":"CENTER","type":"bus","lastLocID":635,"messageCode":813,"time":1395761561406,"expires":1395761977000,"signMessageLong":"77  Broadway/Halsey to Montgomery Park","extraBlockID":null,"locationInScheduleDay":30723,"longitude":-122.6437557,"blockID":7701,"offRoute":false,"nextLocID":634,"vehicleID":2512,"signMessage":"77 Montgomry Pk","extraTripID":null,"nextStopSeq":78,"routeNumber":77,"vehicleLoad":"unknown","bearing":270,"lastStopSeq":77,"inCongestion":false,"delay":-34,"latitude":45.535014},{"tripID":4418208,"serviceDate":1395730800000,"direction":1,"garage":"POWELL","type":"bus","lastLocID":3171,"messageCode":760,"time":1395761546284,"expires":1395761962000,"signMessageLong":"72  Killingsworth/82nd to Clackamas TC","extraBlockID":null,"locationInScheduleDay":30917,"longitude":-122.6731464,"blockID":7239,"offRoute":false,"nextLocID":3156,"vehicleID":2540,"signMessage":"72 Clackamas TC","extraTripID":null,"nextStopSeq":16,"routeNumber":72,"vehicleLoad":"unknown","bearing":89,"lastStopSeq":15,"inCongestion":false,"delay":175,"latitude":45.5626989},{"tripID":4417883,"serviceDate":1395730800000,"direction":0,"garage":"POWELL","type":"bus","lastLocID":7946,"messageCode":766,"time":1395761555942,"expires":1395761974000,"signMessageLong":"72  Killingsworth/82nd to Swan Island-Anchor St","extraBlockID":null,"locationInScheduleDay":30862,"longitude":-122.5790507,"blockID":7240,"offRoute":false,"nextLocID":7953,"vehicleID":2533,"signMessage":"72 Swan Island","extraTripID":null,"nextStopSeq":13,"routeNumber":72,"vehicleLoad":"unknown","bearing":0,"lastStopSeq":12,"inCongestion":false,"delay":108,"latitude":45.4622028},{"tripID":4417880,"serviceDate":1395730800000,"direction":0,"garage":"POWELL","type":"bus","lastLocID":8055,"messageCode":766,"time":1395761549005,"expires":1395761966000,"signMessageLong":"72  Killingsworth/82nd to Swan Island-Anchor St","extraBlockID":null,"locationInScheduleDay":30678,"longitude":-122.5789604,"blockID":7236,"offRoute":false,"nextLocID":8036,"vehicleID":2552,"signMessage":"72 Swan Island","extraTripID":null,"nextStopSeq":51,"routeNumber":72,"vehicleLoad":"unknown","bearing":0,"lastStopSeq":50,"inCongestion":false,"delay":-68,"latitude":45.5383324},{"tripID":4418203,"serviceDate":1395730800000,"direction":1,"garage":"POWELL","type":"bus","lastLocID":8018,"messageCode":760,"time":1395761556069,"expires":1395761973000,"signMessageLong":"72  Killingsworth/82nd to Clackamas TC","extraBlockID":null,"locationInScheduleDay":30663,"longitude":-122.5791093,"blockID":7242,"offRoute":false,"nextLocID":8016,"vehicleID":2548,"signMessage":"72 Clackamas TC","extraTripID":null,"nextStopSeq":105,"routeNumber":72,"vehicleLoad":"unknown","bearing":178,"lastStopSeq":104,"inCongestion":false,"delay":-90,"latitude":45.4527387},{"tripID":4411320,"serviceDate":1395730800000,"direction":0,"garage":"POWELL","type":"bus","lastLocID":2612,"messageCode":266,"time":1395761501232,"expires":1395761920000,"signMessageLong":"14  Hawthorne to 94th & Foster","extraBlockID":null,"locationInScheduleDay":30735,"longitude":-122.6375006,"blockID":1440,"offRoute":false,"nextLocID":2614,"vehicleID":2308,"signMessage":"14 To 94-Foster","extraTripID":null,"nextStopSeq":13,"routeNumber":14,"vehicleLoad":"unknown","bearing":91,"lastStopSeq":12,"inCongestion":false,"delay":35,"latitude":45.5120768},{"tripID":4417879,"serviceDate":1395730800000,"direction":0,"garage":"POWELL","type":"bus","lastLocID":3205,"messageCode":766,"time":1395761558294,"expires":1395761975000,"signMessageLong":"72  Killingsworth/82nd to Swan Island-Anchor St","extraBlockID":null,"locationInScheduleDay":30796,"longitude":-122.6108322,"blockID":7253,"offRoute":false,"nextLocID":3203,"vehicleID":2318,"signMessage":"72 Swan Island","extraTripID":null,"nextStopSeq":72,"routeNumber":72,"vehicleLoad":"unknown","bearing":270,"lastStopSeq":71,"inCongestion":false,"delay":41,"latitude":45.5627608},{"tripID":4411572,"serviceDate":1395730800000,"direction":1,"garage":"POWELL","type":"bus","lastLocID":11956,"messageCode":266,"time":1395761556055,"expires":1395761973000,"signMessageLong":"14  Hawthorne to 94th & Foster","extraBlockID":null,"locationInScheduleDay":30835,"longitude":-122.6756,"blockID":1435,"offRoute":false,"nextLocID":13169,"vehicleID":2316,"signMessage":"14 To 94-Foster","extraTripID":null,"nextStopSeq":44,"routeNumber":14,"vehicleLoad":"unknown","bearing":290,"lastStopSeq":43,"inCongestion":false,"delay":82,"latitude":45.5151999},{"tripID":4411573,"serviceDate":1395730800000,"direction":1,"garage":"CENTER","type":"bus","lastLocID":2606,"messageCode":268,"time":1395761543147,"expires":1395761961000,"signMessageLong":"14  Hawthorne to Portland","extraBlockID":null,"locationInScheduleDay":30739,"longitude":-122.6493611,"blockID":1403,"offRoute":false,"nextLocID":2604,"vehicleID":2725,"signMessage":"14 To Portland","extraTripID":null,"nextStopSeq":37,"routeNumber":14,"vehicleLoad":"unknown","bearing":270,"lastStopSeq":36,"inCongestion":false,"delay":-2,"latitude":45.5121973},{"tripID":4419231,"serviceDate":1395730800000,"direction":1,"garage":"CENTER","type":"bus","lastLocID":2445,"messageCode":813,"time":1395761501023,"expires":1395761917000,"signMessageLong":"77  Broadway/Halsey to Montgomery Park","extraBlockID":null,"locationInScheduleDay":30550,"longitude":-122.592038,"blockID":7705,"offRoute":false,"nextLocID":2443,"vehicleID":2720,"signMessage":"77 Montgomry Pk","extraTripID":null,"nextStopSeq":58,"routeNumber":77,"vehicleLoad":"unknown","bearing":270,"lastStopSeq":57,"inCongestion":false,"delay":-147,"latitude":45.5336381},{"tripID":4411574,"serviceDate":1395730800000,"direction":1,"garage":"CENTER","type":"bus","lastLocID":2632,"messageCode":268,"time":1395761501014,"expires":1395761919000,"signMessageLong":"14  Hawthorne to Portland","extraBlockID":null,"locationInScheduleDay":30692,"longitude":-122.6180674,"blockID":1404,"offRoute":false,"nextLocID":2629,"vehicleID":2718,"signMessage":"14 To Portland","extraTripID":null,"nextStopSeq":27,"routeNumber":14,"vehicleLoad":"unknown","bearing":270,"lastStopSeq":26,"inCongestion":false,"delay":-7,"latitude":45.5120366},{"tripID":4417320,"serviceDate":1395730800000,"direction":1,"garage":"CENTER","type":"bus","lastLocID":6900,"messageCode":791,"time":1395761543130,"expires":1395761961000,"signMessageLong":"70  To Milwaukie","extraBlockID":null,"locationInScheduleDay":30393,"longitude":-122.6470565,"blockID":7007,"offRoute":false,"nextLocID":6852,"vehicleID":2709,"signMessage":"70 To Milwaukie","extraTripID":null,"nextStopSeq":78,"routeNumber":70,"vehicleLoad":"unknown","bearing":180,"lastStopSeq":77,"inCongestion":false,"delay":-348,"latitude":45.4625589},{"tripID":4417168,"serviceDate":1395730800000,"direction":0,"garage":"CENTER","type":"bus","lastLocID":13040,"messageCode":783,"time":1395761555839,"expires":1395761972000,"signMessageLong":"70  33rd Ave to NE Sunderland","extraBlockID":null,"locationInScheduleDay":29940,"longitude":-122.6357648,"blockID":7001,"offRoute":false,"nextLocID":9368,"vehicleID":2704,"signMessage":"70 To Sunderlnd","extraTripID":null,"nextStopSeq":80,"routeNumber":70,"vehicleLoad":"unknown","bearing":180,"lastStopSeq":79,"inCongestion":false,"delay":0,"latitude":45.5898735},{"tripID":4417171,"serviceDate":1395730800000,"direction":0,"garage":"CENTER","type":"bus","lastLocID":6576,"messageCode":780,"time":1395761546253,"expires":1395761965000,"signMessageLong":"70  12th/NE 33rd Ave to NE Sunderland","extraBlockID":null,"locationInScheduleDay":30879,"longitude":-122.6536845,"blockID":7003,"offRoute":false,"nextLocID":6585,"vehicleID":2705,"signMessage":"70 To Sunderlnd","extraTripID":null,"nextStopSeq":30,"routeNumber":70,"vehicleLoad":"unknown","bearing":2,"lastStopSeq":29,"inCongestion":false,"delay":134,"latitude":45.5123468},{"tripID":4417323,"serviceDate":1395730800000,"direction":1,"garage":"CENTER","type":"bus","lastLocID":7377,"messageCode":788,"time":1395761555821,"expires":1395761972000,"signMessageLong":"70  12th/NE 33rd Ave to Milwaukie","extraBlockID":null,"locationInScheduleDay":30938,"longitude":-122.6306911,"blockID":7004,"offRoute":false,"nextLocID":644,"vehicleID":2701,"signMessage":"70 To Milwaukie","extraTripID":null,"nextStopSeq":32,"routeNumber":70,"vehicleLoad":"unknown","bearing":180,"lastStopSeq":31,"inCongestion":false,"delay":186,"latitude":45.5358249},{"tripID":4419094,"serviceDate":1395730800000,"direction":0,"garage":"CENTER","type":"bus","lastLocID":7509,"messageCode":809,"time":1395761543190,"expires":1395761960000,"signMessageLong":"77  Broadway/Halsey to Troutdale","extraBlockID":null,"locationInScheduleDay":30704,"longitude":-122.6196695,"blockID":7704,"offRoute":false,"nextLocID":651,"vehicleID":2614,"signMessage":"77 To Troutdale","extraTripID":null,"nextStopSeq":37,"routeNumber":77,"vehicleLoad":"unknown","bearing":90,"lastStopSeq":36,"inCongestion":false,"delay":-36,"latitude":45.5351281},{"tripID":4411576,"serviceDate":1395730800000,"direction":1,"garage":"CENTER","type":"bus","lastLocID":1778,"messageCode":268,"time":1395761540555,"expires":1395761959000,"signMessageLong":"14  Hawthorne to Portland","extraBlockID":null,"locationInScheduleDay":30863,"longitude":-122.5979504,"blockID":1401,"offRoute":false,"nextLocID":12904,"vehicleID":2608,"signMessage":"14 To Portland","extraTripID":null,"nextStopSeq":14,"routeNumber":14,"vehicleLoad":"unknown","bearing":300,"lastStopSeq":13,"inCongestion":false,"delay":124,"latitude":45.4901422},{"tripID":4417169,"serviceDate":1395730800000,"direction":0,"garage":"CENTER","type":"bus","lastLocID":4912,"messageCode":783,"time":1395761540532,"expires":1395761958000,"signMessageLong":"70  33rd Ave to NE Sunderland","extraBlockID":null,"locationInScheduleDay":30677,"longitude":-122.6332811,"blockID":7010,"offRoute":false,"nextLocID":9365,"vehicleID":2623,"signMessage":"70 To Sunderlnd","extraTripID":null,"nextStopSeq":77,"routeNumber":70,"vehicleLoad":"unknown","bearing":5,"lastStopSeq":76,"inCongestion":false,"delay":-61,"latitude":45.5813281},{"tripID":4419229,"serviceDate":1395730800000,"direction":1,"garage":"CENTER","type":"bus","lastLocID":2046,"messageCode":813,"time":1395761546365,"expires":1395761964000,"signMessageLong":"77  Broadway/Halsey to Montgomery Park","extraBlockID":null,"locationInScheduleDay":30600,"longitude":-122.6864934,"blockID":7707,"offRoute":false,"nextLocID":2062,"vehicleID":2653,"signMessage":"77 Montgomry Pk","extraTripID":null,"nextStopSeq":92,"routeNumber":77,"vehicleLoad":"unknown","bearing":269,"lastStopSeq":91,"inCongestion":false,"delay":-144,"latitude":45.5264431},{"tripID":4417172,"serviceDate":1395730800000,"direction":0,"garage":"CENTER","type":"bus","lastLocID":8225,"messageCode":781,"time":1395761558253,"expires":1395761977000,"signMessageLong":"70  12th/NE 33rd Ave to NE Sunderland via 17th & Tacoma","extraBlockID":null,"locationInScheduleDay":30635,"longitude":-122.6422212,"blockID":7009,"offRoute":false,"nextLocID":6871,"vehicleID":2626,"signMessage":"70 To Sunderland via 17th","extraTripID":null,"nextStopSeq":3,"routeNumber":70,"vehicleLoad":"unknown","bearing":260,"lastStopSeq":2,"inCongestion":false,"delay":-122,"latitude":45.4454505},{"tripID":4419228,"serviceDate":1395730800000,"direction":1,"garage":"CENTER","type":"bus","lastLocID":4105,"messageCode":813,"time":1395761546377,"expires":1395761964000,"signMessageLong":"77  Broadway/Halsey to Montgomery Park","extraBlockID":null,"locationInScheduleDay":30396,"longitude":-122.7069394,"blockID":7703,"offRoute":false,"nextLocID":8483,"vehicleID":2630,"signMessage":"77 Montgomry Pk","extraTripID":null,"nextStopSeq":108,"routeNumber":77,"vehicleLoad":"unknown","bearing":178,"lastStopSeq":107,"inCongestion":false,"delay":-348,"latitude":45.5379453},{"tripID":4419233,"serviceDate":1395730800000,"direction":1,"garage":"CENTER","type":"bus","lastLocID":10630,"messageCode":813,"time":1395761540543,"expires":1395761956000,"signMessageLong":"77  Broadway/Halsey to Montgomery Park","extraBlockID":null,"locationInScheduleDay":30719,"longitude":-122.402661,"blockID":7706,"offRoute":false,"nextLocID":2340,"vehicleID":2632,"signMessage":"77 Montgomry Pk","extraTripID":null,"nextStopSeq":6,"routeNumber":77,"vehicleLoad":"unknown","bearing":266,"lastStopSeq":5,"inCongestion":false,"delay":-17,"latitude":45.5388841},{"tripID":4418206,"serviceDate":1395730800000,"direction":1,"garage":"POWELL","type":"bus","lastLocID":8889,"messageCode":760,"time":1395761540317,"expires":1395761957000,"signMessageLong":"72  Killingsworth/82nd to Clackamas TC","extraBlockID":null,"locationInScheduleDay":30826,"longitude":-122.5785508,"blockID":7237,"offRoute":false,"nextLocID":8064,"vehicleID":3004,"signMessage":"72 Clackamas TC","extraTripID":null,"nextStopSeq":53,"routeNumber":72,"vehicleLoad":"unknown","bearing":180,"lastStopSeq":52,"inCongestion":false,"delay":89,"latitude":45.55987},{"tripID":4417878,"serviceDate":1395730800000,"direction":0,"garage":"POWELL","type":"bus","lastLocID":5890,"messageCode":766,"time":1395761548968,"expires":1395761967000,"signMessageLong":"72  Killingsworth/82nd to Swan Island-Anchor St","extraBlockID":null,"locationInScheduleDay":30895,"longitude":-122.6613767,"blockID":7251,"offRoute":false,"nextLocID":10957,"vehicleID":3003,"signMessage":"72 Swan Island","extraTripID":null,"nextStopSeq":93,"routeNumber":72,"vehicleLoad":"unknown","bearing":0,"lastStopSeq":92,"inCongestion":false,"delay":148,"latitude":45.5624429},{"tripID":4418209,"serviceDate":1395730800000,"direction":1,"garage":"POWELL","type":"bus","lastLocID":115,"messageCode":760,"time":1395761561380,"expires":1395761979000,"signMessageLong":"72  Killingsworth/82nd to Clackamas TC","extraBlockID":null,"locationInScheduleDay":30759,"longitude":-122.703865,"blockID":7241,"offRoute":false,"nextLocID":8681,"vehicleID":3048,"signMessage":"72 Clackamas TC","extraTripID":null,"nextStopSeq":2,"routeNumber":72,"vehicleLoad":"unknown","bearing":159,"lastStopSeq":1,"inCongestion":false,"delay":0,"latitude":45.5567629},{"tripID":4418207,"serviceDate":1395730800000,"direction":1,"garage":"POWELL","type":"bus","lastLocID":7329,"messageCode":760,"time":1395761555854,"expires":1395761973000,"signMessageLong":"72  Killingsworth/82nd to Clackamas TC","extraBlockID":null,"locationInScheduleDay":30876,"longitude":-122.6331063,"blockID":7245,"offRoute":false,"nextLocID":3190,"vehicleID":3052,"signMessage":"72 Clackamas TC","extraTripID":null,"nextStopSeq":35,"routeNumber":72,"vehicleLoad":"unknown","bearing":89,"lastStopSeq":34,"inCongestion":false,"delay":123,"latitude":45.562719},{"tripID":4417875,"serviceDate":1395730800000,"direction":0,"garage":"POWELL","type":"bus","lastLocID":2202,"messageCode":766,"time":1395761540354,"expires":1395761956000,"signMessageLong":"72  Killingsworth/82nd to Swan Island-Anchor St","extraBlockID":null,"locationInScheduleDay":30736,"longitude":-122.6934111,"blockID":7234,"offRoute":false,"nextLocID":2161,"vehicleID":3054,"signMessage":"72 Swan Island","extraTripID":null,"nextStopSeq":107,"routeNumber":72,"vehicleLoad":"unknown","bearing":270,"lastStopSeq":106,"inCongestion":false,"delay":0,"latitude":45.5559985},{"tripID":4419234,"serviceDate":1395730800000,"direction":1,"garage":"POWELL","type":"bus","lastLocID":9481,"messageCode":813,"time":1395761555900,"expires":1395761973000,"signMessageLong":"77  Broadway/Halsey to Montgomery Park","extraBlockID":null,"locationInScheduleDay":30753,"longitude":-122.3982117,"blockID":7734,"offRoute":false,"nextLocID":9471,"vehicleID":3046,"signMessage":"77 Montgomry Pk","extraTripID":null,"nextStopSeq":2,"routeNumber":77,"vehicleLoad":"unknown","bearing":85,"lastStopSeq":1,"inCongestion":false,"delay":0,"latitude":45.5443612},{"tripID":4419095,"serviceDate":1395730800000,"direction":0,"garage":"POWELL","type":"bus","lastLocID":8886,"messageCode":809,"time":1395761546245,"expires":1395761963000,"signMessageLong":"77  Broadway/Halsey to Troutdale","extraBlockID":null,"locationInScheduleDay":30511,"longitude":-122.6756234,"blockID":7738,"offRoute":false,"nextLocID":1612,"vehicleID":3035,"signMessage":"77 To Troutdale","extraTripID":null,"nextStopSeq":18,"routeNumber":77,"vehicleLoad":"unknown","bearing":88,"lastStopSeq":17,"inCongestion":false,"delay":-232,"latitude":45.5252215},{"tripID":4417877,"serviceDate":1395730800000,"direction":0,"garage":"POWELL","type":"bus","lastLocID":55,"messageCode":766,"time":1395761543119,"expires":1395761960000,"signMessageLong":"72  Killingsworth/82nd to Swan Island-Anchor St","extraBlockID":null,"locationInScheduleDay":30921,"longitude":-122.6492876,"blockID":7243,"offRoute":false,"nextLocID":53,"vehicleID":3025,"signMessage":"72 Swan Island","extraTripID":null,"nextStopSeq":87,"routeNumber":72,"vehicleLoad":"unknown","bearing":270,"lastStopSeq":86,"inCongestion":false,"delay":181,"latitude":45.5590978},{"tripID":4419096,"serviceDate":1395730800000,"direction":0,"garage":"CENTER","type":"bus","lastLocID":8484,"messageCode":809,"time":1395761561442,"expires":1395761979000,"signMessageLong":"77  Broadway/Halsey to Troutdale","extraBlockID":null,"locationInScheduleDay":30759,"longitude":-122.7069049,"blockID":7702,"offRoute":false,"nextLocID":8385,"vehicleID":2005,"signMessage":"77 To Troutdale","extraTripID":null,"nextStopSeq":2,"routeNumber":77,"vehicleLoad":"unknown","bearing":178,"lastStopSeq":1,"inCongestion":false,"delay":0,"latitude":45.5370429}],"queryTime":1395761569054}}
