{"resultSet":{"vehicle":[{"tripID":4417865,"serviceDate":1395730800000,"direction":0,"garage":"POWELL","type":"bus","lastLocID":12922,"messageCode":768,"time":1395750158071,"expires":1395750576000,"signMessageLong":"72  Killingsworth/82nd to Swan Island-Shipyards","extraBlockID":null,"locationInScheduleDay":19380,"longitude":-122.5740057,"blockID":7238,"offRoute":false,"nextLocID":7941,"vehicleID":2527,"signMessage":"72 Swan Island","extraTripID":null,"nextStopSeq":3,"routeNumber":72,"vehicleLoad":"unknown","bearing":271,"lastStopSeq":2,"inCongestion":false,"delay":24,"latitude":45.4374107},{"tripID":4419220,"serviceDate":1395730800000,"direction":1,"garage":"CENTER","type":"bus","lastLocID":637,"messageCode":813,"time":1395750151877,"expires":1395750571000,"signMessageLong":"77  Broadway/Halsey to Montgomery Park","extraBlockID":null,"locationInScheduleDay":19284,"longitude":-122.6400769,"blockID":7701,"offRoute":false,"nextLocID":635,"vehicleID":2512,"signMessage":"77 Montgomry Pk","extraTripID":null,"nextStopSeq":31,"routeNumber":77,"vehicleLoad":"unknown","bearing":269,"lastStopSeq":30,"inCongestion":false,"delay":-67,"latitude":45.5351604},{"tripID":4417864,"serviceDate":1395730800000,"direction":0,"garage":"POWELL","type":"bus","lastLocID":8040,"messageCode":768,"time":1395750128109,"expires":1395750546000,"signMessageLong":"72  Killingsworth/82nd to Swan Island-Shipyards","extraBlockID":null,"locationInScheduleDay":19175,"longitude":-122.5788217,"blockID":7236,"offRoute":false,"nextLocID":7984,"vehicleID":2552,"signMessage":"72 Swan Island","extraTripID":null,"nextStopSeq":25,"routeNumber":72,"vehicleLoad":"unknown","bearing":359,"lastStopSeq":24,"inCongestion":false,"delay":-151,"latitude":45.4904749},{"tripID":4411557,"serviceDate":1395730800000,"direction":1,"garage":"POWELL","type":"bus","lastLocID":1829,"messageCode":268,"time":1395750139680,"expires":1395750558000,"signMessageLong":"14  Hawthorne to Portland","extraBlockID":null,"locationInScheduleDay":19317,"longitude":-122.5705197,"blockID":1435,"offRoute":false,"nextLocID":1826,"vehicleID":2316,"signMessage":"14 To Portland","extraTripID":null,"nextStopSeq":4,"routeNumber":14,"vehicleLoad":"unknown","bearing":296,"lastStopSeq":3,"inCongestion":false,"delay":-21,"latitude":45.4804275},{"tripID":4417161,"serviceDate":1395730800000,"direction":0,"garage":"CENTER","type":"bus","lastLocID":6581,"messageCode":780,"time":1395750158033,"expires":1395750577000,"signMessageLong":"70  12th/NE 33rd Ave to NE Sunderland","extraBlockID":null,"locationInScheduleDay":19364,"longitude":-122.653705,"blockID":7001,"offRoute":false,"nextLocID":6576,"vehicleID":2704,"signMessage":"70 To Sunderlnd","extraTripID":null,"nextStopSeq":29,"routeNumber":70,"vehicleLoad":"unknown","bearing":0,"lastStopSeq":28,"inCongestion":false,"delay":7,"latitude":45.5091047},{"tripID":4418191,"serviceDate":1395730800000,"direction":1,"garage":"POWELL","type":"bus","lastLocID":5927,"messageCode":760,"time":1395750139509,"expires":1395750559000,"signMessageLong":"72  Killingsworth/82nd to Clackamas TC","extraBlockID":null,"locationInScheduleDay":19250,"longitude":-122.6615618,"blockID":7237,"offRoute":false,"nextLocID":46,"vehicleID":3004,"signMessage":"72 Clackamas TC","extraTripID":null,"nextStopSeq":21,"routeNumber":72,"vehicleLoad":"unknown","bearing":180,"lastStopSeq":20,"inCongestion":false,"delay":-89,"latitude":45.5594597},{"tripID":4418190,"serviceDate":1395730800000,"direction":1,"garage":"POWELL","type":"bus","lastLocID":8053,"messageCode":760,"time":1395750139540,"expires":1395750557000,"signMessageLong":"72  Killingsworth/82nd to Clackamas TC","extraBlockID":null,"locationInScheduleDay":19282,"longitude":-122.5787295,"blockID":7235,"offRoute":false,"nextLocID":8024,"vehicleID":3053,"signMessage":"72 Clackamas TC","extraTripID":null,"nextStopSeq":29,"routeNumber":72,"vehicleLoad":"unknown","bearing":180,"lastStopSeq":28,"inCongestion":false,"delay":-55,"latitude":45.499157},{"tripID":4417863,"serviceDate":1395730800000,"direction":0,"garage":"POWELL","type":"bus","lastLocID":3197,"messageCode":768,"time":1395750158047,"expires":1395750576000,"signMessageLong":"72  Killingsworth/82nd to Swan Island-Shipyards","extraBlockID":null,"locationInScheduleDay":19253,"longitude":-122.6233204,"blockID":7234,"offRoute":false,"nextLocID":3196,"vehicleID":3054,"signMessage":"72 Swan Island","extraTripID":null,"nextStopSeq":76,"routeNumber":72,"vehicleLoad":"unknown","bearing":269,"lastStopSeq":75,"inCongestion":false,"delay":-103,"latitude":45.5627874},{"tripID":4411556,"serviceDate":1395730800000,"direction":1,"garage":"POWELL","type":"bus","lastLocID":2642,"messageCode":266,"time":1395750154430,"expires":1395750573000,"signMessageLong":"14  Hawthorne to 94th & Foster","extraBlockID":null,"locationInScheduleDay":19491,"longitude":-122.6736796,"blockID":1434,"offRoute":false,"nextLocID":11956,"vehicleID":3027,"signMessage":"14 To 94-Foster","extraTripID":null,"nextStopSeq":43,"routeNumber":14,"vehicleLoad":"unknown","bearing":289,"lastStopSeq":42,"inCongestion":false,"delay":138,"latitude":45.5139398},{"tripID":4419085,"serviceDate":1395730800000,"direction":0,"garage":"CENTER","type":"bus","lastLocID":7114,"messageCode":809,"time":1395750139596,"expires":1395750558000,"signMessageLong":"77  Broadway/Halsey to Troutdale","extraBlockID":null,"locationInScheduleDay":19345,"longitude":-122.6944418,"blockID":7702,"offRoute":false,"nextLocID":7112,"vehicleID":2005,"signMessage":"77 To Troutdale","extraTripID":null,"nextStopSeq":10,"routeNumber":77,"vehicleLoad":"unknown","bearing":178,"lastStopSeq":9,"inCongestion":false,"delay":7,"latitude":45.526688}],"queryTime":1395750168607}}
