{"resultSet":{"vehicle":[{"tripID":4411642,"serviceDate":1395644400000,"direction":1,"garage":"CENTER","type":"bus","lastLocID":13236,"messageCode":268,"time":1395734793116,"expires":1395735212000,"signMessageLong":"14  Hawthorne to Portland","extraBlockID":null,"locationInScheduleDay":90316,"longitude":-122.5675341,"blockID":1406,"offRoute":false,"nextLocID":1829,"vehicleID":3128,"signMessage":"14 To Portland","extraTripID":null,"nextStopSeq":3,"routeNumber":14,"vehicleLoad":"unknown","bearing":291,"lastStopSeq":2,"inCongestion":false,"delay":-76,"latitude":45.4795188},{"tripID":4418297,"serviceDate":1395644400000,"direction":1,"garage":"POWELL","type":"bus","lastLocID":7921,"messageCode":760,"time":1395734777712,"expires":1395735197000,"signMessageLong":"72  Killingsworth/82nd to Clackamas TC","extraBlockID":null,"locationInScheduleDay":90469,"longitude":-122.5789268,"blockID":7253,"offRoute":false,"nextLocID":7942,"vehicleID":3019,"signMessage":"72 Clackamas TC","extraTripID":null,"nextStopSeq":109,"routeNumber":72,"vehicleLoad":"unknown","bearing":180,"lastStopSeq":108,"inCongestion":false,"delay":92,"latitude":45.4428124},{"tripID":4418298,"serviceDate":1395644400000,"direction":1,"garage":"POWELL","type":"bus","lastLocID":10600,"messageCode":760,"time":1395734751061,"expires":1395735168000,"signMessageLong":"72  Killingsworth/82nd to Clackamas TC","extraBlockID":null,"locationInScheduleDay":90400,"longitude":-122.5902034,"blockID":7236,"offRoute":false,"nextLocID":3211,"vehicleID":3022,"signMessage":"72 Clackamas TC","extraTripID":null,"nextStopSeq":49,"routeNumber":72,"vehicleLoad":"unknown","bearing":102,"lastStopSeq":48,"inCongestion":false,"delay":52,"latitude":45.5627737},{"tripID":4417969,"serviceDate":1395644400000,"direction":0,"garage":"POWELL","type":"bus","lastLocID":7933,"messageCode":766,"time":1395734720786,"expires":1395735139000,"signMessageLong":"72  Killingsworth/82nd to Swan Island-Anchor St","extraBlockID":null,"locationInScheduleDay":90371,"longitude":-122.5786954,"blockID":7238,"offRoute":false,"nextLocID":8039,"vehicleID":3035,"signMessage":"72 Swan Island","extraTripID":null,"nextStopSeq":58,"routeNumber":72,"vehicleLoad":"unknown","bearing":0,"lastStopSeq":57,"inCongestion":false,"delay":52,"latitude":45.5521443}],"queryTime":1395734807682}}
