{"resultSet":{"vehicle":[{"tripID":4411559,"serviceDate":1395730800000,"direction":1,"garage":"POWELL","type":"bus","lastLocID":3641,"messageCode":268,"time":1395753938133,"expires":1395754357000,"signMessageLong":"14  Hawthorne to Portland","extraBlockID":null,"locationInScheduleDay":23197,"longitude":-122.6603638,"blockID":1436,"offRoute":false,"nextLocID":3633,"vehicleID":2206,"signMessage":"14 To Portland","extraTripID":null,"nextStopSeq":41,"routeNumber":14,"vehicleLoad":"unknown","bearing":270,"lastStopSeq":40,"inCongestion":false,"delay":60,"latitude":45.5129349},{"tripID":4419089,"serviceDate":1395730800000,"direction":0,"garage":"POWELL","type":"bus","lastLocID":8484,"messageCode":809,"time":1395753938195,"expires":1395754356000,"signMessageLong":"77  Broadway/Halsey to Troutdale","extraBlockID":null,"locationInScheduleDay":23136,"longitude":-122.7069049,"blockID":7735,"offRoute":false,"nextLocID":8385,"vehicleID":2222,"signMessage":"77 To Troutdale","extraTripID":null,"nextStopSeq":2,"routeNumber":77,"vehicleLoad":"unknown","bearing":178,"lastStopSeq":1,"inCongestion":false,"delay":0,"latitude":45.5370429},{"tripID":4419223,"serviceDate":1395730800000,"direction":1,"garage":"POWELL","type":"bus","lastLocID":2445,"messageCode":813,"time":1395753907949,"expires":1395754327000,"signMessageLong":"77  Broadway/Halsey to Montgomery Park","extraBlockID":null,"locationInScheduleDay":22826,"longitude":-122.5934684,"blockID":7736,"offRoute":false,"nextLocID":2443,"vehicleID":2221,"signMessage":"77 Montgomry Pk","extraTripID":null,"nextStopSeq":58,"routeNumber":77,"vehicleLoad":"unknown","bearing":270,"lastStopSeq":57,"inCongestion":false,"delay":-281,"latitude":45.5336498},{"tripID":4419224,"serviceDate":1395730800000,"direction":1,"garage":"POWELL","type":"bus","lastLocID":2375,"messageCode":813,"time":1395753938241,"expires":1395754355000,"signMessageLong":"77  Broadway/Halsey to Montgomery Park","extraBlockID":null,"locationInScheduleDay":23075,"longitude":-122.5276118,"blockID":7737,"offRoute":false,"nextLocID":2373,"vehicleID":2285,"signMessage":"77 Montgomry Pk","extraTripID":null,"nextStopSeq":36,"routeNumber":77,"vehicleLoad":"unknown","bearing":270,"lastStopSeq":35,"inCongestion":false,"delay":-60,"latitude":45.5335204},{"tripID":4417869,"serviceDate":1395730800000,"direction":0,"garage":"POWELL","type":"bus","lastLocID":7962,"messageCode":766,"time":1395753938225,"expires":1395754355000,"signMessageLong":"72  Killingsworth/82nd to Swan Island-Anchor St","extraBlockID":null,"locationInScheduleDay":23125,"longitude":-122.5790589,"blockID":7244,"offRoute":false,"nextLocID":7982,"vehicleID":2276,"signMessage":"72 Swan Island","extraTripID":null,"nextStopSeq":16,"routeNumber":72,"vehicleLoad":"unknown","bearing":359,"lastStopSeq":15,"inCongestion":false,"delay":-10,"latitude":45.4702482},{"tripID":4417163,"serviceDate":1395730800000,"direction":0,"garage":"CENTER","type":"bus","lastLocID":7138,"messageCode":783,"time":1395753925619,"expires":1395754343000,"signMessageLong":"70  33rd Ave to NE Sunderland","extraBlockID":null,"locationInScheduleDay":23129,"longitude":-122.6448414,"blockID":7005,"offRoute":false,"nextLocID":6237,"vehicleID":2132,"signMessage":"70 To Sunderlnd","extraTripID":null,"nextStopSeq":43,"routeNumber":70,"vehicleLoad":"unknown","bearing":0,"lastStopSeq":42,"inCongestion":false,"delay":6,"latitude":45.5342166},{"tripID":4413797,"serviceDate":1395730800000,"direction":0,"garage":"CENTER","type":"bus","lastLocID":4002,"messageCode":457,"time":1395753925618,"expires":1395754343000,"signMessageLong":"31  Clackamas Town Center, continuing to Estacada","extraBlockID":null,"locationInScheduleDay":23123,"longitude":-122.5739255,"blockID":3003,"offRoute":false,"nextLocID":12922,"vehicleID":2119,"signMessage":"31 To Estacada via Clackamas","extraTripID":null,"nextStopSeq":24,"routeNumber":31,"vehicleLoad":"unknown","bearing":90,"lastStopSeq":23,"inCongestion":false,"delay":0,"latitude":45.4382788},{"tripID":4417313,"serviceDate":1395730800000,"direction":1,"garage":"CENTER","type":"bus","lastLocID":6700,"messageCode":738,"time":1395753934794,"expires":1395754354000,"signMessageLong":"70  12th Ave to Milwaukie via 13th & Tacoma","extraBlockID":null,"locationInScheduleDay":23010,"longitude":-122.6530183,"blockID":7006,"offRoute":false,"nextLocID":6709,"vehicleID":2150,"signMessage":"70 To Milwaukie","extraTripID":null,"nextStopSeq":32,"routeNumber":70,"vehicleLoad":"unknown","bearing":180,"lastStopSeq":31,"inCongestion":false,"delay":-124,"latitude":45.4658372},{"tripID":4417865,"serviceDate":1395730800000,"direction":0,"garage":"POWELL","type":"bus","lastLocID":8496,"messageCode":768,"time":1395753934889,"expires":1395754353000,"signMessageLong":"72  Killingsworth/82nd to Swan Island-Shipyards","extraBlockID":null,"locationInScheduleDay":22938,"longitude":-122.7162947,"blockID":7238,"offRoute":false,"nextLocID":1044,"vehicleID":2527,"signMessage":"72 Swan Island","extraTripID":null,"nextStopSeq":114,"routeNumber":72,"vehicleLoad":"unknown","bearing":107,"lastStopSeq":113,"inCongestion":false,"delay":-195,"latitude":45.5626009},{"tripID":4417165,"serviceDate":1395730800000,"direction":0,"garage":"CENTER","type":"bus","lastLocID":13477,"messageCode":782,"time":1395753941315,"expires":1395754358000,"signMessageLong":"70  12th/NE 33rd Ave to NE Sunderland via 13th & Tacoma","extraBlockID":null,"locationInScheduleDay":23138,"longitude":-122.6407309,"blockID":7002,"offRoute":false,"nextLocID":8225,"vehicleID":2524,"signMessage":"70 To Sunderland via 13th","extraTripID":null,"nextStopSeq":2,"routeNumber":70,"vehicleLoad":"unknown","bearing":81,"lastStopSeq":1,"inCongestion":false,"delay":0,"latitude":45.4448667},{"tripID":4419087,"serviceDate":1395730800000,"direction":0,"garage":"CENTER","type":"bus","lastLocID":638,"messageCode":809,"time":1395753934879,"expires":1395754353000,"signMessageLong":"77  Broadway/Halsey to Troutdale","extraBlockID":null,"locationInScheduleDay":23330,"longitude":-122.6335602,"blockID":7701,"offRoute":false,"nextLocID":642,"vehicleID":2512,"signMessage":"77 To Troutdale","extraTripID":null,"nextStopSeq":31,"routeNumber":77,"vehicleLoad":"unknown","bearing":89,"lastStopSeq":30,"inCongestion":false,"delay":197,"latitude":45.53516},{"tripID":4418192,"serviceDate":1395730800000,"direction":1,"garage":"POWELL","type":"bus","lastLocID":7969,"messageCode":760,"time":1395753925654,"expires":1395754343000,"signMessageLong":"72  Killingsworth/82nd to Clackamas TC","extraBlockID":null,"locationInScheduleDay":23133,"longitude":-122.5788957,"blockID":7239,"offRoute":false,"nextLocID":7990,"vehicleID":2540,"signMessage":"72 Clackamas TC","extraTripID":null,"nextStopSeq":107,"routeNumber":72,"vehicleLoad":"unknown","bearing":179,"lastStopSeq":106,"inCongestion":false,"delay":10,"latitude":45.4467874},{"tripID":4417866,"serviceDate":1395730800000,"direction":0,"garage":"POWELL","type":"bus","lastLocID":10184,"messageCode":766,"time":1395753922935,"expires":1395754339000,"signMessageLong":"72  Killingsworth/82nd to Swan Island-Anchor St","extraBlockID":null,"locationInScheduleDay":22957,"longitude":-122.6602713,"blockID":7240,"offRoute":false,"nextLocID":5890,"vehicleID":2533,"signMessage":"72 Swan Island","extraTripID":null,"nextStopSeq":92,"routeNumber":72,"vehicleLoad":"unknown","bearing":269,"lastStopSeq":91,"inCongestion":false,"delay":-162,"latitude":45.559122},{"tripID":4417868,"serviceDate":1395730800000,"direction":0,"garage":"POWELL","type":"bus","lastLocID":8065,"messageCode":768,"time":1395753920291,"expires":1395754338000,"signMessageLong":"72  Killingsworth/82nd to Swan Island-Shipyards","extraBlockID":null,"locationInScheduleDay":23136,"longitude":-122.5789641,"blockID":7242,"offRoute":false,"nextLocID":7928,"vehicleID":2548,"signMessage":"72 Swan Island","extraTripID":null,"nextStopSeq":39,"routeNumber":72,"vehicleLoad":"unknown","bearing":357,"lastStopSeq":38,"inCongestion":false,"delay":18,"latitude":45.5168726},{"tripID":4411561,"serviceDate":1395730800000,"direction":1,"garage":"POWELL","type":"bus","lastLocID":1831,"messageCode":268,"time":1395753941456,"expires":1395754358000,"signMessageLong":"14  Hawthorne to Portland","extraBlockID":null,"locationInScheduleDay":23138,"longitude":-122.5662917,"blockID":1435,"offRoute":false,"nextLocID":13236,"vehicleID":2316,"signMessage":"14 To Portland","extraTripID":null,"nextStopSeq":2,"routeNumber":14,"vehicleLoad":"unknown","bearing":291,"lastStopSeq":1,"inCongestion":false,"delay":0,"latitude":45.4791765},{"tripID":4419088,"serviceDate":1395730800000,"direction":0,"garage":"CENTER","type":"bus","lastLocID":1608,"messageCode":809,"time":1395753934880,"expires":1395754354000,"signMessageLong":"77  Broadway/Halsey to Troutdale","extraBlockID":null,"locationInScheduleDay":23168,"longitude":-122.6829023,"blockID":7705,"offRoute":false,"nextLocID":1607,"vehicleID":2720,"signMessage":"77 To Troutdale","extraTripID":null,"nextStopSeq":14,"routeNumber":77,"vehicleLoad":"unknown","bearing":88,"lastStopSeq":13,"inCongestion":false,"delay":34,"latitude":45.5250865},{"tripID":4413876,"serviceDate":1395730800000,"direction":1,"garage":"CENTER","type":"bus","lastLocID":11956,"messageCode":467,"time":1395753865742,"expires":1395754284000,"signMessageLong":"31  Downtown Only","extraBlockID":null,"locationInScheduleDay":23048,"longitude":-122.6756,"blockID":3101,"offRoute":false,"nextLocID":7800,"vehicleID":2714,"signMessage":"31 Downtown Only","extraTripID":null,"nextStopSeq":10,"routeNumber":31,"vehicleLoad":"unknown","bearing":290,"lastStopSeq":9,"inCongestion":false,"delay":-16,"latitude":45.5151999},{"tripID":4417164,"serviceDate":1395730800000,"direction":0,"garage":"CENTER","type":"bus","lastLocID":6848,"messageCode":781,"time":1395753919991,"expires":1395754338000,"signMessageLong":"70  12th/NE 33rd Ave to NE Sunderland via 17th & Tacoma","extraBlockID":null,"locationInScheduleDay":22952,"longitude":-122.6479244,"blockID":7007,"offRoute":false,"nextLocID":6856,"vehicleID":2709,"signMessage":"70 To Sunderland via 17th","extraTripID":null,"nextStopSeq":13,"routeNumber":70,"vehicleLoad":"unknown","bearing":355,"lastStopSeq":12,"inCongestion":false,"delay":-166,"latitude":45.4753702},{"tripID":4417315,"serviceDate":1395730800000,"direction":1,"garage":"CENTER","type":"bus","lastLocID":7394,"messageCode":788,"time":1395753934848,"expires":1395754354000,"signMessageLong":"70  12th/NE 33rd Ave to Milwaukie","extraBlockID":null,"locationInScheduleDay":23102,"longitude":-122.6307093,"blockID":7001,"offRoute":false,"nextLocID":7368,"vehicleID":2704,"signMessage":"70 To Milwaukie","extraTripID":null,"nextStopSeq":24,"routeNumber":70,"vehicleLoad":"unknown","bearing":180,"lastStopSeq":23,"inCongestion":false,"delay":-32,"latitude":45.5519041},{"tripID":4417317,"serviceDate":1395730800000,"direction":1,"garage":"CENTER","type":"bus","lastLocID":9368,"messageCode":788,"time":1395753934847,"expires":1395754352000,"signMessageLong":"70  12th/NE 33rd Ave to Milwaukie","extraBlockID":null,"locationInScheduleDay":23132,"longitude":-122.6357648,"blockID":7003,"offRoute":false,"nextLocID":9414,"vehicleID":2705,"signMessage":"70 To Milwaukie","extraTripID":null,"nextStopSeq":2,"routeNumber":70,"vehicleLoad":"unknown","bearing":180,"lastStopSeq":1,"inCongestion":false,"delay":0,"latitude":45.5898735},{"tripID":4417314,"serviceDate":1395730800000,"direction":1,"garage":"CENTER","type":"bus","lastLocID":6551,"messageCode":790,"time":1395753925633,"expires":1395754345000,"signMessageLong":"70  12th Ave to Milwaukie via 13th & Tacoma","extraBlockID":null,"locationInScheduleDay":23119,"longitude":-122.6547004,"blockID":7004,"offRoute":false,"nextLocID":6543,"vehicleID":2701,"signMessage":"70 To Milw via 13","extraTripID":null,"nextStopSeq":52,"routeNumber":70,"vehicleLoad":"unknown","bearing":180,"lastStopSeq":51,"inCongestion":false,"delay":-6,"latitude":45.5117753},{"tripID":4419225,"serviceDate":1395730800000,"direction":1,"garage":"CENTER","type":"bus","lastLocID":2420,"messageCode":813,"time":1395753920270,"expires":1395754337000,"signMessageLong":"77  Broadway/Halsey to Montgomery Park","extraBlockID":null,"locationInScheduleDay":23095,"longitude":-122.4210583,"blockID":7704,"offRoute":false,"nextLocID":2331,"vehicleID":2614,"signMessage":"77 Montgomry Pk","extraTripID":null,"nextStopSeq":10,"routeNumber":77,"vehicleLoad":"unknown","bearing":263,"lastStopSeq":9,"inCongestion":false,"delay":-22,"latitude":45.5367827},{"tripID":4411312,"serviceDate":1395730800000,"direction":0,"garage":"CENTER","type":"bus","lastLocID":2620,"messageCode":266,"time":1395753941416,"expires":1395754358000,"signMessageLong":"14  Hawthorne to 94th & Foster","extraBlockID":null,"locationInScheduleDay":23244,"longitude":-122.6261483,"blockID":1401,"offRoute":false,"nextLocID":2623,"vehicleID":2608,"signMessage":"14 To 94-Foster","extraTripID":null,"nextStopSeq":17,"routeNumber":14,"vehicleLoad":"unknown","bearing":90,"lastStopSeq":16,"inCongestion":false,"delay":106,"latitude":45.512052},{"tripID":4419086,"serviceDate":1395730800000,"direction":0,"garage":"CENTER","type":"bus","lastLocID":10747,"messageCode":809,"time":1395753941378,"expires":1395754358000,"signMessageLong":"77  Broadway/Halsey to Troutdale","extraBlockID":null,"locationInScheduleDay":23192,"longitude":-122.5556664,"blockID":7703,"offRoute":false,"nextLocID":2356,"vehicleID":2630,"signMessage":"77 To Troutdale","extraTripID":null,"nextStopSeq":57,"routeNumber":77,"vehicleLoad":"unknown","bearing":89,"lastStopSeq":56,"inCongestion":false,"delay":54,"latitude":45.5335297},{"tripID":4418193,"serviceDate":1395730800000,"direction":1,"garage":"POWELL","type":"bus","lastLocID":7923,"messageCode":760,"time":1395753938085,"expires":1395754355000,"signMessageLong":"72  Killingsworth/82nd to Clackamas TC","extraBlockID":null,"locationInScheduleDay":23109,"longitude":-122.5786959,"blockID":7241,"offRoute":false,"nextLocID":7958,"vehicleID":3048,"signMessage":"72 Clackamas TC","extraTripID":null,"nextStopSeq":79,"routeNumber":72,"vehicleLoad":"unknown","bearing":180,"lastStopSeq":78,"inCongestion":false,"delay":-26,"latitude":45.5071666},{"tripID":4417867,"serviceDate":1395730800000,"direction":0,"garage":"POWELL","type":"bus","lastLocID":7927,"messageCode":768,"time":1395753934856,"expires":1395754352000,"signMessageLong":"72  Killingsworth/82nd to Swan Island-Shipyards","extraBlockID":null,"locationInScheduleDay":23112,"longitude":-122.5785107,"blockID":7235,"offRoute":false,"nextLocID":3216,"vehicleID":3053,"signMessage":"72 Swan Island","extraTripID":null,"nextStopSeq":62,"routeNumber":72,"vehicleLoad":"unknown","bearing":0,"lastStopSeq":61,"inCongestion":false,"delay":-20,"latitude":45.562377},{"tripID":4418194,"serviceDate":1395730800000,"direction":1,"garage":"POWELL","type":"bus","lastLocID":10600,"messageCode":760,"time":1395753922905,"expires":1395754341000,"signMessageLong":"72  Killingsworth/82nd to Clackamas TC","extraBlockID":null,"locationInScheduleDay":23017,"longitude":-122.5907808,"blockID":7234,"offRoute":false,"nextLocID":3211,"vehicleID":3054,"signMessage":"72 Clackamas TC","extraTripID":null,"nextStopSeq":49,"routeNumber":72,"vehicleLoad":"unknown","bearing":104,"lastStopSeq":48,"inCongestion":false,"delay":-104,"latitude":45.5628747},{"tripID":4419222,"serviceDate":1395730800000,"direction":1,"garage":"POWELL","type":"bus","lastLocID":11492,"messageCode":813,"time":1395753934879,"expires":1395754354000,"signMessageLong":"77  Broadway/Halsey to Montgomery Park","extraBlockID":null,"locationInScheduleDay":23028,"longitude":-122.6659637,"blockID":7734,"offRoute":false,"nextLocID":2592,"vehicleID":3046,"signMessage":"77 Montgomry Pk","extraTripID":null,"nextStopSeq":86,"routeNumber":77,"vehicleLoad":"unknown","bearing":202,"lastStopSeq":85,"inCongestion":false,"delay":-106,"latitude":45.5302791},{"tripID":4411560,"serviceDate":1395730800000,"direction":1,"garage":"POWELL","type":"bus","lastLocID":7656,"messageCode":268,"time":1395753922867,"expires":1395754341000,"signMessageLong":"14  Hawthorne to Portland","extraBlockID":null,"locationInScheduleDay":23220,"longitude":-122.6113718,"blockID":1434,"offRoute":false,"nextLocID":7665,"vehicleID":3027,"signMessage":"14 To Portland","extraTripID":null,"nextStopSeq":19,"routeNumber":14,"vehicleLoad":"unknown","bearing":0,"lastStopSeq":18,"inCongestion":false,"delay":99,"latitude":45.4980094},{"tripID":4418195,"serviceDate":1395730800000,"direction":1,"garage":"POWELL","type":"bus","lastLocID":3169,"messageCode":760,"time":1395753934799,"expires":1395754352000,"signMessageLong":"72  Killingsworth/82nd to Clackamas TC","extraBlockID":null,"locationInScheduleDay":22839,"longitude":-122.6816809,"blockID":7243,"offRoute":false,"nextLocID":3173,"vehicleID":3025,"signMessage":"72 Clackamas TC","extraTripID":null,"nextStopSeq":13,"routeNumber":72,"vehicleLoad":"unknown","bearing":90,"lastStopSeq":12,"inCongestion":false,"delay":-293,"latitude":45.5626669},{"tripID":4419085,"serviceDate":1395730800000,"direction":0,"garage":"CENTER","type":"bus","lastLocID":2339,"messageCode":809,"time":1395753934909,"expires":1395754352000,"signMessageLong":"77  Broadway/Halsey to Troutdale","extraBlockID":null,"locationInScheduleDay":23149,"longitude":-122.4055119,"blockID":7702,"offRoute":false,"nextLocID":10598,"vehicleID":2005,"signMessage":"77 To Troutdale","extraTripID":null,"nextStopSeq":96,"routeNumber":77,"vehicleLoad":"unknown","bearing":84,"lastStopSeq":95,"inCongestion":false,"delay":17,"latitude":45.5387578},{"tripID":4413877,"serviceDate":1395730800000,"direction":1,"garage":"CENTER","type":"bus","lastLocID":3237,"messageCode":464,"time":1395753938154,"expires":1395754355000,"signMessageLong":"31  To Portland via Milwaukie","extraBlockID":null,"locationInScheduleDay":22958,"longitude":-122.6071401,"blockID":1402,"offRoute":false,"nextLocID":3246,"vehicleID":2014,"signMessage":"31 To Portland","extraTripID":null,"nextStopSeq":13,"routeNumber":31,"vehicleLoad":"unknown","bearing":270,"lastStopSeq":12,"inCongestion":false,"delay":-177,"latitude":45.447988}],"queryTime":1395753948756}}
