{"resultSet":{"vehicle":[{"tripID":4419232,"serviceDate":1395730800000,"direction":1,"garage":"POWELL","type":"bus","lastLocID":2342,"messageCode":813,"time":1395760817841,"expires":1395761236000,"signMessageLong":"77  Broadway/Halsey to Montgomery Park","extraBlockID":null,"locationInScheduleDay":30000,"longitude":-122.4340101,"blockID":7735,"offRoute":false,"nextLocID":2437,"vehicleID":2222,"signMessage":"77 Montgomry Pk","extraTripID":null,"nextStopSeq":14,"routeNumber":77,"vehicleLoad":"unknown","bearing":252,"lastStopSeq":13,"inCongestion":false,"delay":-16,"latitude":45.5350001},{"tripID":4419092,"serviceDate":1395730800000,"direction":0,"garage":"POWELL","type":"bus","lastLocID":2322,"messageCode":809,"time":1395760835753,"expires":1395761251000,"signMessageLong":"77  Broadway/Halsey to Troutdale","extraBlockID":null,"locationInScheduleDay":30170,"longitude":-122.4794615,"blockID":7736,"offRoute":false,"nextLocID":2401,"vehicleID":2221,"signMessage":"77 To Troutdale","extraTripID":null,"nextStopSeq":78,"routeNumber":77,"vehicleLoad":"unknown","bearing":89,"lastStopSeq":77,"inCongestion":false,"delay":139,"latitude":45.5347023},{"tripID":4411318,"serviceDate":1395730800000,"direction":0,"garage":"POWELL","type":"bus","lastLocID":1816,"messageCode":266,"time":1395760835751,"expires":1395761252000,"signMessageLong":"14  Hawthorne to 94th & Foster","extraBlockID":null,"locationInScheduleDay":30057,"longitude":-122.5795714,"blockID":1438,"offRoute":false,"nextLocID":1819,"vehicleID":2220,"signMessage":"14 To 94-Foster","extraTripID":null,"nextStopSeq":42,"routeNumber":14,"vehicleLoad":"unknown","bearing":119,"lastStopSeq":41,"inCongestion":false,"delay":25,"latitude":45.4830609},{"tripID":4418202,"serviceDate":1395730800000,"direction":1,"garage":"POWELL","type":"bus","lastLocID":8013,"messageCode":760,"time":1395760820455,"expires":1395761238000,"signMessageLong":"72  Killingsworth/82nd to Clackamas TC","extraBlockID":null,"locationInScheduleDay":29907,"longitude":-122.5790617,"blockID":7248,"offRoute":false,"nextLocID":7963,"vehicleID":2215,"signMessage":"72 Clackamas TC","extraTripID":null,"nextStopSeq":97,"routeNumber":72,"vehicleLoad":"unknown","bearing":179,"lastStopSeq":96,"inCongestion":false,"delay":-111,"latitude":45.4710855},{"tripID":4411575,"serviceDate":1395730800000,"direction":1,"garage":"POWELL","type":"bus","lastLocID":1818,"messageCode":268,"time":1395760837662,"expires":1395761252000,"signMessageLong":"14  Hawthorne to Portland","extraBlockID":null,"locationInScheduleDay":30170,"longitude":-122.5825067,"blockID":1437,"offRoute":false,"nextLocID":1815,"vehicleID":2270,"signMessage":"14 To Portland","extraTripID":null,"nextStopSeq":7,"routeNumber":14,"vehicleLoad":"unknown","bearing":298,"lastStopSeq":6,"inCongestion":false,"delay":138,"latitude":45.4841951},{"tripID":4418200,"serviceDate":1395730800000,"direction":1,"garage":"POWELL","type":"bus","lastLocID":12921,"messageCode":760,"time":1395760448330,"expires":1395760866000,"signMessageLong":"72  Killingsworth/82nd to Clackamas TC","extraBlockID":null,"locationInScheduleDay":29619,"longitude":-122.5689813,"blockID":7247,"offRoute":false,"nextLocID":13247,"vehicleID":2250,"signMessage":"72 Clackamas TC","extraTripID":null,"nextStopSeq":111,"routeNumber":72,"vehicleLoad":"unknown","bearing":81,"lastStopSeq":110,"inCongestion":false,"delay":0,"latitude":45.4354978},{"tripID":4417876,"serviceDate":1395730800000,"direction":0,"garage":"POWELL","type":"bus","lastLocID":7328,"messageCode":766,"time":1395760823653,"expires":1395761240000,"signMessageLong":"72  Killingsworth/82nd to Swan Island-Anchor St","extraBlockID":null,"locationInScheduleDay":29970,"longitude":-122.6348943,"blockID":7250,"offRoute":false,"nextLocID":7331,"vehicleID":2242,"signMessage":"72 Swan Island","extraTripID":null,"nextStopSeq":81,"routeNumber":72,"vehicleLoad":"unknown","bearing":179,"lastStopSeq":80,"inCongestion":false,"delay":-50,"latitude":45.5608706},{"tripID":4417882,"serviceDate":1395730800000,"direction":0,"garage":"POWELL","type":"bus","lastLocID":7918,"messageCode":766,"time":1395760837454,"expires":1395761251000,"signMessageLong":"72  Killingsworth/82nd to Swan Island-Anchor St","extraBlockID":null,"locationInScheduleDay":30040,"longitude":-122.5789502,"blockID":7246,"offRoute":false,"nextLocID":7968,"vehicleID":2296,"signMessage":"72 Swan Island","extraTripID":null,"nextStopSeq":6,"routeNumber":72,"vehicleLoad":"unknown","bearing":357,"lastStopSeq":5,"inCongestion":false,"delay":9,"latitude":45.4478478},{"tripID":4419093,"serviceDate":1395730800000,"direction":0,"garage":"POWELL","type":"bus","lastLocID":2434,"messageCode":809,"time":1395760844457,"expires":1395761261000,"signMessageLong":"77  Broadway/Halsey to Troutdale","extraBlockID":null,"locationInScheduleDay":29996,"longitude":-122.6020058,"blockID":7737,"offRoute":false,"nextLocID":2439,"vehicleID":2285,"signMessage":"77 To Troutdale","extraTripID":null,"nextStopSeq":43,"routeNumber":77,"vehicleLoad":"unknown","bearing":89,"lastStopSeq":42,"inCongestion":false,"delay":-45,"latitude":45.5337137},{"tripID":4418205,"serviceDate":1395730800000,"direction":1,"garage":"POWELL","type":"bus","lastLocID":8064,"messageCode":760,"time":1395760837662,"expires":1395761251000,"signMessageLong":"72  Killingsworth/82nd to Clackamas TC","extraBlockID":null,"locationInScheduleDay":30086,"longitude":-122.5785939,"blockID":7252,"offRoute":false,"nextLocID":8025,"vehicleID":2283,"signMessage":"72 Clackamas TC","extraTripID":null,"nextStopSeq":54,"routeNumber":72,"vehicleLoad":"unknown","bearing":180,"lastStopSeq":53,"inCongestion":false,"delay":55,"latitude":45.5573983},{"tripID":4418204,"serviceDate":1395730800000,"direction":1,"garage":"POWELL","type":"bus","lastLocID":8066,"messageCode":760,"time":1395760826853,"expires":1395761244000,"signMessageLong":"72  Killingsworth/82nd to Clackamas TC","extraBlockID":null,"locationInScheduleDay":30233,"longitude":-122.5788009,"blockID":7244,"offRoute":false,"nextLocID":8004,"vehicleID":2276,"signMessage":"72 Clackamas TC","extraTripID":null,"nextStopSeq":75,"routeNumber":72,"vehicleLoad":"unknown","bearing":177,"lastStopSeq":74,"inCongestion":false,"delay":209,"latitude":45.513892},{"tripID":4411319,"serviceDate":1395730800000,"direction":0,"garage":"POWELL","type":"bus","lastLocID":2628,"messageCode":266,"time":1395760826851,"expires":1395761243000,"signMessageLong":"14  Hawthorne to 94th & Foster","extraBlockID":null,"locationInScheduleDay":29997,"longitude":-122.6186659,"blockID":1439,"offRoute":false,"nextLocID":2630,"vehicleID":2275,"signMessage":"14 To 94-Foster","extraTripID":null,"nextStopSeq":20,"routeNumber":14,"vehicleLoad":"unknown","bearing":90,"lastStopSeq":19,"inCongestion":false,"delay":-26,"latitude":45.5120377},{"tripID":4413883,"serviceDate":1395730800000,"direction":1,"garage":"CENTER","type":"bus","lastLocID":2577,"messageCode":464,"time":1395760823547,"expires":1395761241000,"signMessageLong":"31  To Portland via Milwaukie","extraBlockID":null,"locationInScheduleDay":30036,"longitude":-122.6273582,"blockID":3003,"offRoute":false,"nextLocID":2574,"vehicleID":2119,"signMessage":"31 To Portland","extraTripID":null,"nextStopSeq":19,"routeNumber":31,"vehicleLoad":"unknown","bearing":268,"lastStopSeq":18,"inCongestion":false,"delay":15,"latitude":45.4466344},{"tripID":4417322,"serviceDate":1395730800000,"direction":1,"garage":"CENTER","type":"bus","lastLocID":7400,"messageCode":788,"time":1395760841707,"expires":1395761257000,"signMessageLong":"70  12th/NE 33rd Ave to Milwaukie","extraBlockID":null,"locationInScheduleDay":29774,"longitude":-122.6307056,"blockID":7006,"offRoute":false,"nextLocID":7386,"vehicleID":2150,"signMessage":"70 To Milwaukie","extraTripID":null,"nextStopSeq":28,"routeNumber":70,"vehicleLoad":"unknown","bearing":179,"lastStopSeq":27,"inCongestion":false,"delay":-263,"latitude":45.542345},{"tripID":4417170,"serviceDate":1395730800000,"direction":0,"garage":"CENTER","type":"bus","lastLocID":6592,"messageCode":780,"time":1395760844401,"expires":1395761260000,"signMessageLong":"70  12th/NE 33rd Ave to NE Sunderland","extraBlockID":null,"locationInScheduleDay":30000,"longitude":-122.6536053,"blockID":7008,"offRoute":false,"nextLocID":6582,"vehicleID":2506,"signMessage":"70 To Sunderlnd","extraTripID":null,"nextStopSeq":32,"routeNumber":70,"vehicleLoad":"unknown","bearing":2,"lastStopSeq":31,"inCongestion":false,"delay":-40,"latitude":45.5231961},{"tripID":4417881,"serviceDate":1395730800000,"direction":0,"garage":"POWELL","type":"bus","lastLocID":8059,"messageCode":766,"time":1395760844419,"expires":1395761261000,"signMessageLong":"72  Killingsworth/82nd to Swan Island-Anchor St","extraBlockID":null,"locationInScheduleDay":29954,"longitude":-122.5790289,"blockID":7238,"offRoute":false,"nextLocID":8027,"vehicleID":2527,"signMessage":"72 Swan Island","extraTripID":null,"nextStopSeq":21,"routeNumber":72,"vehicleLoad":"unknown","bearing":0,"lastStopSeq":20,"inCongestion":false,"delay":-87,"latitude":45.4793433},{"tripID":4417321,"serviceDate":1395730800000,"direction":1,"garage":"CENTER","type":"bus","lastLocID":6542,"messageCode":789,"time":1395760820442,"expires":1395761239000,"signMessageLong":"70  12th Ave to Milwaukie via 17th & Tacoma","extraBlockID":null,"locationInScheduleDay":30042,"longitude":-122.654691,"blockID":7002,"offRoute":false,"nextLocID":6551,"vehicleID":2524,"signMessage":"70 To Milw via 17","extraTripID":null,"nextStopSeq":51,"routeNumber":70,"vehicleLoad":"unknown","bearing":180,"lastStopSeq":50,"inCongestion":false,"delay":23,"latitude":45.5133969},{"tripID":4411571,"serviceDate":1395730800000,"direction":1,"garage":"CENTER","type":"bus","lastLocID":12917,"messageCode":268,"time":1395760844425,"expires":1395761260000,"signMessageLong":"14  Hawthorne to Portland","extraBlockID":null,"locationInScheduleDay":29290,"longitude":-122.6114885,"blockID":1405,"offRoute":false,"nextLocID":7658,"vehicleID":2520,"signMessage":"14 To Portland","extraTripID":null,"nextStopSeq":24,"routeNumber":14,"vehicleLoad":"unknown","bearing":356,"lastStopSeq":23,"inCongestion":false,"delay":-750,"latitude":45.5106724},{"tripID":4419230,"serviceDate":1395730800000,"direction":1,"garage":"CENTER","type":"bus","lastLocID":7510,"messageCode":813,"time":1395760832511,"expires":1395761250000,"signMessageLong":"77  Broadway/Halsey to Montgomery Park","extraBlockID":null,"locationInScheduleDay":30181,"longitude":-122.6203102,"blockID":7701,"offRoute":false,"nextLocID":10869,"vehicleID":2512,"signMessage":"77 Montgomry Pk","extraTripID":null,"nextStopSeq":68,"routeNumber":77,"vehicleLoad":"unknown","bearing":179,"lastStopSeq":67,"inCongestion":false,"delay":151,"latitude":45.5343875},{"tripID":4417874,"serviceDate":1395730800000,"direction":0,"garage":"POWELL","type":"bus","lastLocID":2202,"messageCode":768,"time":1395760841859,"expires":1395761259000,"signMessageLong":"72  Killingsworth/82nd to Swan Island-Shipyards","extraBlockID":null,"locationInScheduleDay":30065,"longitude":-122.6932219,"blockID":7249,"offRoute":false,"nextLocID":2161,"vehicleID":2558,"signMessage":"72 Swan Island","extraTripID":null,"nextStopSeq":107,"routeNumber":72,"vehicleLoad":"unknown","bearing":170,"lastStopSeq":106,"inCongestion":false,"delay":26,"latitude":45.5567066},{"tripID":4417880,"serviceDate":1395730800000,"direction":0,"garage":"POWELL","type":"bus","lastLocID":8007,"messageCode":766,"time":1395760841867,"expires":1395761257000,"signMessageLong":"72  Killingsworth/82nd to Swan Island-Anchor St","extraBlockID":null,"locationInScheduleDay":29968,"longitude":-122.5786962,"blockID":7236,"offRoute":false,"nextLocID":7979,"vehicleID":2552,"signMessage":"72 Swan Island","extraTripID":null,"nextStopSeq":36,"routeNumber":72,"vehicleLoad":"unknown","bearing":359,"lastStopSeq":35,"inCongestion":false,"delay":-69,"latitude":45.5099806},{"tripID":4418203,"serviceDate":1395730800000,"direction":1,"garage":"POWELL","type":"bus","lastLocID":13707,"messageCode":760,"time":1395760826933,"expires":1395761242000,"signMessageLong":"72  Killingsworth/82nd to Clackamas TC","extraBlockID":null,"locationInScheduleDay":30055,"longitude":-122.5788024,"blockID":7242,"offRoute":false,"nextLocID":8237,"vehicleID":2548,"signMessage":"72 Clackamas TC","extraTripID":null,"nextStopSeq":85,"routeNumber":72,"vehicleLoad":"unknown","bearing":180,"lastStopSeq":84,"inCongestion":false,"delay":33,"latitude":45.4923802},{"tripID":4411569,"serviceDate":1395730800000,"direction":1,"garage":"POWELL","type":"bus","lastLocID":13169,"messageCode":266,"time":1395760841852,"expires":1395761259000,"signMessageLong":"14  Hawthorne to 94th & Foster","extraBlockID":null,"locationInScheduleDay":29980,"longitude":-122.6808685,"blockID":1440,"offRoute":false,"nextLocID":3639,"vehicleID":2308,"signMessage":"14 To 94-Foster","extraTripID":null,"nextStopSeq":45,"routeNumber":14,"vehicleLoad":"unknown","bearing":290,"lastStopSeq":44,"inCongestion":false,"delay":-59,"latitude":45.5166266},{"tripID":4417879,"serviceDate":1395730800000,"direction":0,"garage":"POWELL","type":"bus","lastLocID":8055,"messageCode":766,"time":1395760826915,"expires":1395761242000,"signMessageLong":"72  Killingsworth/82nd to Swan Island-Anchor St","extraBlockID":null,"locationInScheduleDay":30058,"longitude":-122.5789825,"blockID":7253,"offRoute":false,"nextLocID":8036,"vehicleID":2318,"signMessage":"72 Swan Island","extraTripID":null,"nextStopSeq":51,"routeNumber":72,"vehicleLoad":"unknown","bearing":0,"lastStopSeq":50,"inCongestion":false,"delay":36,"latitude":45.5371174},{"tripID":4411572,"serviceDate":1395730800000,"direction":1,"garage":"POWELL","type":"bus","lastLocID":2619,"messageCode":268,"time":1395760837751,"expires":1395761252000,"signMessageLong":"14  Hawthorne to Portland","extraBlockID":null,"locationInScheduleDay":30034,"longitude":-122.6324191,"blockID":1435,"offRoute":false,"nextLocID":2616,"vehicleID":2316,"signMessage":"14 To Portland","extraTripID":null,"nextStopSeq":32,"routeNumber":14,"vehicleLoad":"unknown","bearing":270,"lastStopSeq":31,"inCongestion":false,"delay":2,"latitude":45.5120625},{"tripID":4411573,"serviceDate":1395730800000,"direction":1,"garage":"CENTER","type":"bus","lastLocID":12917,"messageCode":268,"time":1395760760419,"expires":1395761177000,"signMessageLong":"14  Hawthorne to Portland","extraBlockID":null,"locationInScheduleDay":30073,"longitude":-122.6114968,"blockID":1403,"offRoute":false,"nextLocID":7658,"vehicleID":2725,"signMessage":"14 To Portland","extraTripID":null,"nextStopSeq":24,"routeNumber":14,"vehicleLoad":"unknown","bearing":357,"lastStopSeq":23,"inCongestion":false,"delay":116,"latitude":45.5107946},{"tripID":4419231,"serviceDate":1395730800000,"direction":1,"garage":"CENTER","type":"bus","lastLocID":2367,"messageCode":813,"time":1395760841765,"expires":1395761257000,"signMessageLong":"77  Broadway/Halsey to Montgomery Park","extraBlockID":null,"locationInScheduleDay":29944,"longitude":-122.5386518,"blockID":7705,"offRoute":false,"nextLocID":2365,"vehicleID":2720,"signMessage":"77 Montgomry Pk","extraTripID":null,"nextStopSeq":40,"routeNumber":77,"vehicleLoad":"unknown","bearing":269,"lastStopSeq":39,"inCongestion":false,"delay":-93,"latitude":45.5335652},{"tripID":4411574,"serviceDate":1395730800000,"direction":1,"garage":"CENTER","type":"bus","lastLocID":1778,"messageCode":268,"time":1395760835711,"expires":1395761251000,"signMessageLong":"14  Hawthorne to Portland","extraBlockID":null,"locationInScheduleDay":30014,"longitude":-122.6006323,"blockID":1404,"offRoute":false,"nextLocID":12904,"vehicleID":2718,"signMessage":"14 To Portland","extraTripID":null,"nextStopSeq":14,"routeNumber":14,"vehicleLoad":"unknown","bearing":307,"lastStopSeq":13,"inCongestion":false,"delay":-17,"latitude":45.4914499},{"tripID":4417320,"serviceDate":1395730800000,"direction":1,"garage":"CENTER","type":"bus","lastLocID":13658,"messageCode":790,"time":1395760829463,"expires":1395761245000,"signMessageLong":"70  12th Ave to Milwaukie via 13th & Tacoma","extraBlockID":null,"locationInScheduleDay":29746,"longitude":-122.6483579,"blockID":7007,"offRoute":false,"nextLocID":6864,"vehicleID":2709,"signMessage":"70 To Milw via 13","extraTripID":null,"nextStopSeq":62,"routeNumber":70,"vehicleLoad":"unknown","bearing":180,"lastStopSeq":61,"inCongestion":false,"delay":-279,"latitude":45.4905443},{"tripID":4417168,"serviceDate":1395730800000,"direction":0,"garage":"CENTER","type":"bus","lastLocID":13040,"messageCode":783,"time":1395760835675,"expires":1395761252000,"signMessageLong":"70  33rd Ave to NE Sunderland","extraBlockID":null,"locationInScheduleDay":29940,"longitude":-122.6357648,"blockID":7001,"offRoute":false,"nextLocID":9368,"vehicleID":2704,"signMessage":"70 To Sunderlnd","extraTripID":null,"nextStopSeq":80,"routeNumber":70,"vehicleLoad":"unknown","bearing":180,"lastStopSeq":79,"inCongestion":false,"delay":0,"latitude":45.5898735},{"tripID":4417171,"serviceDate":1395730800000,"direction":0,"garage":"CENTER","type":"bus","lastLocID":6882,"messageCode":780,"time":1395760841737,"expires":1395761259000,"signMessageLong":"70  12th/NE 33rd Ave to NE Sunderland","extraBlockID":null,"locationInScheduleDay":30124,"longitude":-122.6483694,"blockID":7003,"offRoute":false,"nextLocID":6893,"vehicleID":2705,"signMessage":"70 To Sunderlnd","extraTripID":null,"nextStopSeq":21,"routeNumber":70,"vehicleLoad":"unknown","bearing":0,"lastStopSeq":20,"inCongestion":false,"delay":85,"latitude":45.4858383},{"tripID":4417323,"serviceDate":1395730800000,"direction":1,"garage":"CENTER","type":"bus","lastLocID":9414,"messageCode":788,"time":1395760715196,"expires":1395761132000,"signMessageLong":"70  12th/NE 33rd Ave to Milwaukie","extraBlockID":null,"locationInScheduleDay":29854,"longitude":-122.6323341,"blockID":7004,"offRoute":false,"nextLocID":10450,"vehicleID":2701,"signMessage":"70 To Milwaukie","extraTripID":null,"nextStopSeq":3,"routeNumber":70,"vehicleLoad":"unknown","bearing":200,"lastStopSeq":2,"inCongestion":false,"delay":-58,"latitude":45.5851998},{"tripID":4419094,"serviceDate":1395730800000,"direction":0,"garage":"CENTER","type":"bus","lastLocID":10425,"messageCode":809,"time":1395760823708,"expires":1395761240000,"signMessageLong":"77  Broadway/Halsey to Troutdale","extraBlockID":null,"locationInScheduleDay":30055,"longitude":-122.6506828,"blockID":7704,"offRoute":false,"nextLocID":6227,"vehicleID":2614,"signMessage":"77 To Troutdale","extraTripID":null,"nextStopSeq":25,"routeNumber":77,"vehicleLoad":"unknown","bearing":89,"lastStopSeq":24,"inCongestion":false,"delay":35,"latitude":45.5343379},{"tripID":4411576,"serviceDate":1395730800000,"direction":1,"garage":"CENTER","type":"bus","lastLocID":1831,"messageCode":268,"time":1395760823701,"expires":1395761240000,"signMessageLong":"14  Hawthorne to Portland","extraBlockID":null,"locationInScheduleDay":30020,"longitude":-122.5662917,"blockID":1401,"offRoute":false,"nextLocID":13236,"vehicleID":2608,"signMessage":"14 To Portland","extraTripID":null,"nextStopSeq":2,"routeNumber":14,"vehicleLoad":"unknown","bearing":291,"lastStopSeq":1,"inCongestion":false,"delay":0,"latitude":45.4791765},{"tripID":4417169,"serviceDate":1395730800000,"direction":0,"garage":"CENTER","type":"bus","lastLocID":7399,"messageCode":783,"time":1395760817846,"expires":1395761236000,"signMessageLong":"70  33rd Ave to NE Sunderland","extraBlockID":null,"locationInScheduleDay":30008,"longitude":-122.6307112,"blockID":7010,"offRoute":false,"nextLocID":7395,"vehicleID":2623,"signMessage":"70 To Sunderlnd","extraTripID":null,"nextStopSeq":53,"routeNumber":70,"vehicleLoad":"unknown","bearing":0,"lastStopSeq":52,"inCongestion":false,"delay":-8,"latitude":45.5450316},{"tripID":4419229,"serviceDate":1395730800000,"direction":1,"garage":"CENTER","type":"bus","lastLocID":10876,"messageCode":813,"time":1395760826840,"expires":1395761244000,"signMessageLong":"77  Broadway/Halsey to Montgomery Park","extraBlockID":null,"locationInScheduleDay":30084,"longitude":-122.6576669,"blockID":7707,"offRoute":false,"nextLocID":4043,"vehicleID":2653,"signMessage":"77 Montgomry Pk","extraTripID":null,"nextStopSeq":84,"routeNumber":77,"vehicleLoad":"unknown","bearing":270,"lastStopSeq":83,"inCongestion":false,"delay":60,"latitude":45.5315038},{"tripID":4417172,"serviceDate":1395730800000,"direction":0,"garage":"CENTER","type":"bus","lastLocID":13477,"messageCode":781,"time":1395760839077,"expires":1395761256000,"signMessageLong":"70  12th/NE 33rd Ave to NE Sunderland via 17th & Tacoma","extraBlockID":null,"locationInScheduleDay":30036,"longitude":-122.6407309,"blockID":7009,"offRoute":false,"nextLocID":8225,"vehicleID":2626,"signMessage":"70 To Sunderland via 17th","extraTripID":null,"nextStopSeq":2,"routeNumber":70,"vehicleLoad":"unknown","bearing":81,"lastStopSeq":1,"inCongestion":false,"delay":0,"latitude":45.4448667},{"tripID":4419228,"serviceDate":1395730800000,"direction":1,"garage":"CENTER","type":"bus","lastLocID":2086,"messageCode":813,"time":1395760817848,"expires":1395761236000,"signMessageLong":"77  Broadway/Halsey to Montgomery Park","extraBlockID":null,"locationInScheduleDay":29629,"longitude":-122.6901708,"blockID":7703,"offRoute":false,"nextLocID":2099,"vehicleID":2630,"signMessage":"77 Montgomry Pk","extraTripID":null,"nextStopSeq":94,"routeNumber":77,"vehicleLoad":"unknown","bearing":268,"lastStopSeq":93,"inCongestion":false,"delay":-387,"latitude":45.526381},{"tripID":4419233,"serviceDate":1395730800000,"direction":1,"garage":"CENTER","type":"bus","lastLocID":9481,"messageCode":813,"time":1395760847484,"expires":1395761265000,"signMessageLong":"77  Broadway/Halsey to Montgomery Park","extraBlockID":null,"locationInScheduleDay":30045,"longitude":-122.3982117,"blockID":7706,"offRoute":false,"nextLocID":9471,"vehicleID":2632,"signMessage":"77 Montgomry Pk","extraTripID":null,"nextStopSeq":2,"routeNumber":77,"vehicleLoad":"unknown","bearing":85,"lastStopSeq":1,"inCongestion":false,"delay":0,"latitude":45.5443612},{"tripID":4418206,"serviceDate":1395730800000,"direction":1,"garage":"POWELL","type":"bus","lastLocID":7330,"messageCode":760,"time":1395760844395,"expires":1395761261000,"signMessageLong":"72  Killingsworth/82nd to Clackamas TC","extraBlockID":null,"locationInScheduleDay":30086,"longitude":-122.6348936,"blockID":7237,"offRoute":false,"nextLocID":7327,"vehicleID":3004,"signMessage":"72 Clackamas TC","extraTripID":null,"nextStopSeq":33,"routeNumber":72,"vehicleLoad":"unknown","bearing":359,"lastStopSeq":32,"inCongestion":false,"delay":45,"latitude":45.5604192},{"tripID":4413882,"serviceDate":1395730800000,"direction":1,"garage":"POWELL","type":"bus","lastLocID":11956,"messageCode":467,"time":1395760841707,"expires":1395761259000,"signMessageLong":"31  Downtown Only","extraBlockID":null,"locationInScheduleDay":30072,"longitude":-122.6775681,"blockID":3136,"offRoute":false,"nextLocID":7800,"vehicleID":3007,"signMessage":"31 Downtown Only","extraTripID":null,"nextStopSeq":38,"routeNumber":31,"vehicleLoad":"unknown","bearing":272,"lastStopSeq":37,"inCongestion":false,"delay":33,"latitude":45.5157866},{"tripID":4417878,"serviceDate":1395730800000,"direction":0,"garage":"POWELL","type":"bus","lastLocID":3200,"messageCode":766,"time":1395760820397,"expires":1395761239000,"signMessageLong":"72  Killingsworth/82nd to Swan Island-Anchor St","extraBlockID":null,"locationInScheduleDay":30100,"longitude":-122.6197033,"blockID":7251,"offRoute":false,"nextLocID":3197,"vehicleID":3003,"signMessage":"72 Swan Island","extraTripID":null,"nextStopSeq":75,"routeNumber":72,"vehicleLoad":"unknown","bearing":270,"lastStopSeq":74,"inCongestion":false,"delay":81,"latitude":45.5628098},{"tripID":4418209,"serviceDate":1395730800000,"direction":1,"garage":"POWELL","type":"bus","lastLocID":115,"messageCode":760,"time":1395760829450,"expires":1395761246000,"signMessageLong":"72  Killingsworth/82nd to Clackamas TC","extraBlockID":null,"locationInScheduleDay":30026,"longitude":-122.703865,"blockID":7241,"offRoute":false,"nextLocID":8681,"vehicleID":3048,"signMessage":"72 Clackamas TC","extraTripID":null,"nextStopSeq":2,"routeNumber":72,"vehicleLoad":"unknown","bearing":159,"lastStopSeq":1,"inCongestion":false,"delay":0,"latitude":45.5567629},{"tripID":4418201,"serviceDate":1395730800000,"direction":1,"garage":"POWELL","type":"bus","lastLocID":12921,"messageCode":760,"time":1395760820427,"expires":1395761239000,"signMessageLong":"72  Killingsworth/82nd to Clackamas TC","extraBlockID":null,"locationInScheduleDay":30068,"longitude":-122.5691691,"blockID":7235,"offRoute":false,"nextLocID":13247,"vehicleID":3053,"signMessage":"72 Clackamas TC","extraTripID":null,"nextStopSeq":111,"routeNumber":72,"vehicleLoad":"unknown","bearing":173,"lastStopSeq":110,"inCongestion":false,"delay":0,"latitude":45.4363448},{"tripID":4418207,"serviceDate":1395730800000,"direction":1,"garage":"POWELL","type":"bus","lastLocID":3169,"messageCode":760,"time":1395760835677,"expires":1395761252000,"signMessageLong":"72  Killingsworth/82nd to Clackamas TC","extraBlockID":null,"locationInScheduleDay":30145,"longitude":-122.6772264,"blockID":7245,"offRoute":false,"nextLocID":3173,"vehicleID":3052,"signMessage":"72 Clackamas TC","extraTripID":null,"nextStopSeq":13,"routeNumber":72,"vehicleLoad":"unknown","bearing":89,"lastStopSeq":12,"inCongestion":false,"delay":113,"latitude":45.5626753},{"tripID":4417875,"serviceDate":1395730800000,"direction":0,"garage":"POWELL","type":"bus","lastLocID":10957,"messageCode":766,"time":1395760817819,"expires":1395761236000,"signMessageLong":"72  Killingsworth/82nd to Swan Island-Anchor St","extraBlockID":null,"locationInScheduleDay":30076,"longitude":-122.6625046,"blockID":7234,"offRoute":false,"nextLocID":3187,"vehicleID":3054,"signMessage":"72 Swan Island","extraTripID":null,"nextStopSeq":94,"routeNumber":72,"vehicleLoad":"unknown","bearing":270,"lastStopSeq":93,"inCongestion":false,"delay":60,"latitude":45.562737},{"tripID":4419091,"serviceDate":1395730800000,"direction":0,"garage":"POWELL","type":"bus","lastLocID":2345,"messageCode":809,"time":1395760835714,"expires":1395761251000,"signMessageLong":"77  Broadway/Halsey to Troutdale","extraBlockID":null,"locationInScheduleDay":29964,"longitude":-122.3912211,"blockID":7734,"offRoute":false,"nextLocID":13532,"vehicleID":3046,"signMessage":"77 To Troutdale","extraTripID":null,"nextStopSeq":98,"routeNumber":77,"vehicleLoad":"unknown","bearing":90,"lastStopSeq":97,"inCongestion":false,"delay":-67,"latitude":45.5407697},{"tripID":4419095,"serviceDate":1395730800000,"direction":0,"garage":"POWELL","type":"bus","lastLocID":6013,"messageCode":809,"time":1395760826784,"expires":1395761242000,"signMessageLong":"77  Broadway/Halsey to Troutdale","extraBlockID":null,"locationInScheduleDay":29750,"longitude":-122.6988761,"blockID":7738,"offRoute":false,"nextLocID":7168,"vehicleID":3035,"signMessage":"77 To Troutdale","extraTripID":null,"nextStopSeq":4,"routeNumber":77,"vehicleLoad":"unknown","bearing":178,"lastStopSeq":3,"inCongestion":false,"delay":-272,"latitude":45.5364213},{"tripID":4411570,"serviceDate":1395730800000,"direction":1,"garage":"POWELL","type":"bus","lastLocID":11956,"messageCode":267,"time":1395760817809,"expires":1395761236000,"signMessageLong":"14  Downtown Only","extraBlockID":null,"locationInScheduleDay":30244,"longitude":-122.6790519,"blockID":1434,"offRoute":false,"nextLocID":13169,"vehicleID":3027,"signMessage":"14 Downtown Only","extraTripID":null,"nextStopSeq":44,"routeNumber":14,"vehicleLoad":"unknown","bearing":291,"lastStopSeq":43,"inCongestion":false,"delay":228,"latitude":45.5161453},{"tripID":4417877,"serviceDate":1395730800000,"direction":0,"garage":"POWELL","type":"bus","lastLocID":3215,"messageCode":766,"time":1395760790780,"expires":1395761207000,"signMessageLong":"72  Killingsworth/82nd to Swan Island-Anchor St","extraBlockID":null,"locationInScheduleDay":30092,"longitude":-122.5863603,"blockID":7243,"offRoute":false,"nextLocID":3212,"vehicleID":3025,"signMessage":"72 Swan Island","extraTripID":null,"nextStopSeq":65,"routeNumber":72,"vehicleLoad":"unknown","bearing":269,"lastStopSeq":64,"inCongestion":false,"delay":105,"latitude":45.5626654},{"tripID":4419227,"serviceDate":1395730800000,"direction":1,"garage":"CENTER","type":"bus","lastLocID":8483,"messageCode":813,"time":1395760841773,"expires":1395761259000,"signMessageLong":"77  Broadway/Halsey to Montgomery Park","extraBlockID":null,"locationInScheduleDay":29320,"longitude":-122.7069345,"blockID":7702,"offRoute":false,"nextLocID":8484,"vehicleID":2005,"signMessage":"77 Montgomry Pk","extraTripID":null,"nextStopSeq":109,"routeNumber":77,"vehicleLoad":"unknown","bearing":178,"lastStopSeq":108,"inCongestion":false,"delay":0,"latitude":45.5377966}],"queryTime":1395760849066}}
