{"resultSet":{"vehicle":[{"tripID":4419220,"serviceDate":1395730800000,"direction":1,"garage":"CENTER","type":"bus","lastLocID":10846,"messageCode":813,"time":1395749044714,"expires":1395749463000,"signMessageLong":"77  Broadway/Halsey to Montgomery Park","extraBlockID":null,"locationInScheduleDay":18240,"longitude":-122.5787742,"blockID":7701,"offRoute":false,"nextLocID":7916,"vehicleID":2512,"signMessage":"77 Montgomry Pk","extraTripID":null,"nextStopSeq":7,"routeNumber":77,"vehicleLoad":"unknown","bearing":271,"lastStopSeq":6,"inCongestion":false,"delay":-3,"latitude":45.5339672},{"tripID":4417161,"serviceDate":1395730800000,"direction":0,"garage":"CENTER","type":"bus","lastLocID":6885,"messageCode":782,"time":1395749074576,"expires":1395749492000,"signMessageLong":"70  12th/NE 33rd Ave to NE Sunderland via 13th & Tacoma","extraBlockID":null,"locationInScheduleDay":18335,"longitude":-122.6470497,"blockID":7001,"offRoute":false,"nextLocID":3421,"vehicleID":2704,"signMessage":"70 To Sunderland via 13th","extraTripID":null,"nextStopSeq":6,"routeNumber":70,"vehicleLoad":"unknown","bearing":0,"lastStopSeq":5,"inCongestion":false,"delay":63,"latitude":45.4593153},{"tripID":4418190,"serviceDate":1395730800000,"direction":1,"garage":"POWELL","type":"bus","lastLocID":8038,"messageCode":760,"time":1395749059375,"expires":1395749477000,"signMessageLong":"72  Killingsworth/82nd to Clackamas TC","extraBlockID":null,"locationInScheduleDay":18481,"longitude":-122.5786858,"blockID":7235,"offRoute":false,"nextLocID":7934,"vehicleID":3053,"signMessage":"72 Clackamas TC","extraTripID":null,"nextStopSeq":2,"routeNumber":72,"vehicleLoad":"unknown","bearing":180,"lastStopSeq":1,"inCongestion":false,"delay":224,"latitude":45.5526347},{"tripID":4417863,"serviceDate":1395730800000,"direction":0,"garage":"POWELL","type":"bus","lastLocID":7930,"messageCode":768,"time":1395749062480,"expires":1395749481000,"signMessageLong":"72  Killingsworth/82nd to Swan Island-Shipyards","extraBlockID":null,"locationInScheduleDay":18303,"longitude":-122.5790787,"blockID":7234,"offRoute":false,"nextLocID":7936,"vehicleID":3054,"signMessage":"72 Swan Island","extraTripID":null,"nextStopSeq":42,"routeNumber":72,"vehicleLoad":"unknown","bearing":0,"lastStopSeq":41,"inCongestion":false,"delay":42,"latitude":45.5223979},{"tripID":4411556,"serviceDate":1395730800000,"direction":1,"garage":"POWELL","type":"bus","lastLocID":12904,"messageCode":268,"time":1395749077673,"expires":1395749495000,"signMessageLong":"14  Hawthorne to Portland","extraBlockID":null,"locationInScheduleDay":18257,"longitude":-122.6018036,"blockID":1434,"offRoute":false,"nextLocID":1799,"vehicleID":3027,"signMessage":"14 To Portland","extraTripID":null,"nextStopSeq":15,"routeNumber":14,"vehicleLoad":"unknown","bearing":308,"lastStopSeq":14,"inCongestion":false,"delay":-18,"latitude":45.4920999}],"queryTime":1395749088566}}
