{"resultSet":{"vehicle":[{"tripID":4411642,"serviceDate":1395644400000,"direction":1,"garage":"CENTER","type":"bus","lastLocID":2642,"messageCode":266,"time":1395736220799,"expires":1395736638000,"signMessageLong":"14  Hawthorne to 94th & Foster","extraBlockID":null,"locationInScheduleDay":91976,"longitude":-122.6739659,"blockID":1406,"offRoute":false,"nextLocID":11956,"vehicleID":3128,"signMessage":"14 To 94-Foster","extraTripID":null,"nextStopSeq":43,"routeNumber":14,"vehicleLoad":"unknown","bearing":291,"lastStopSeq":42,"inCongestion":false,"delay":158,"latitude":45.5140571},{"tripID":4418298,"serviceDate":1395644400000,"direction":1,"garage":"POWELL","type":"bus","lastLocID":7963,"messageCode":760,"time":1395736220769,"expires":1395736638000,"signMessageLong":"72  Killingsworth/82nd to Clackamas TC","extraBlockID":null,"locationInScheduleDay":91920,"longitude":-122.5790547,"blockID":7236,"offRoute":false,"nextLocID":7994,"vehicleID":3022,"signMessage":"72 Clackamas TC","extraTripID":null,"nextStopSeq":98,"routeNumber":72,"vehicleLoad":"unknown","bearing":179,"lastStopSeq":97,"inCongestion":false,"delay":102,"latitude":45.4688707},{"tripID":4417969,"serviceDate":1395644400000,"direction":0,"garage":"POWELL","type":"bus","lastLocID":3184,"messageCode":766,"time":1395736217739,"expires":1395736637000,"signMessageLong":"72  Killingsworth/82nd to Swan Island-Anchor St","extraBlockID":null,"locationInScheduleDay":91518,"longitude":-122.6696813,"blockID":7238,"offRoute":false,"nextLocID":3157,"vehicleID":3035,"signMessage":"72 Swan Island","extraTripID":null,"nextStopSeq":96,"routeNumber":72,"vehicleLoad":"unknown","bearing":269,"lastStopSeq":95,"inCongestion":false,"delay":-299,"latitude":45.5627116}],"queryTime":1395736247734}}
