{"resultSet":{"vehicle":[{"tripID":4419220,"serviceDate":1395730800000,"direction":1,"garage":"CENTER","type":"bus","lastLocID":2457,"messageCode":813,"time":1395748954782,"expires":1395749372000,"signMessageLong":"77  Broadway/Halsey to Montgomery Park","extraBlockID":null,"locationInScheduleDay":18214,"longitude":-122.5766137,"blockID":7701,"offRoute":false,"nextLocID":10846,"vehicleID":2512,"signMessage":"77 Montgomry Pk","extraTripID":null,"nextStopSeq":6,"routeNumber":77,"vehicleLoad":"unknown","bearing":254,"lastStopSeq":5,"inCongestion":false,"delay":62,"latitude":45.5335541},{"tripID":4417161,"serviceDate":1395730800000,"direction":0,"garage":"CENTER","type":"bus","lastLocID":8225,"messageCode":782,"time":1395748954765,"expires":1395749372000,"signMessageLong":"70  12th/NE 33rd Ave to NE Sunderland via 13th & Tacoma","extraBlockID":null,"locationInScheduleDay":18111,"longitude":-122.6433897,"blockID":7001,"offRoute":false,"nextLocID":6871,"vehicleID":2704,"signMessage":"70 To Sunderland via 13th","extraTripID":null,"nextStopSeq":3,"routeNumber":70,"vehicleLoad":"unknown","bearing":9,"lastStopSeq":2,"inCongestion":false,"delay":-41,"latitude":45.445616},{"tripID":4417863,"serviceDate":1395730800000,"direction":0,"garage":"POWELL","type":"bus","lastLocID":8007,"messageCode":768,"time":1395748942651,"expires":1395749359000,"signMessageLong":"72  Killingsworth/82nd to Swan Island-Shipyards","extraBlockID":null,"locationInScheduleDay":18121,"longitude":-122.5786935,"blockID":7234,"offRoute":false,"nextLocID":7979,"vehicleID":3054,"signMessage":"72 Swan Island","extraTripID":null,"nextStopSeq":36,"routeNumber":72,"vehicleLoad":"unknown","bearing":0,"lastStopSeq":35,"inCongestion":false,"delay":-18,"latitude":45.5108178},{"tripID":4411556,"serviceDate":1395730800000,"direction":1,"garage":"POWELL","type":"bus","lastLocID":1805,"messageCode":268,"time":1395748954766,"expires":1395749374000,"signMessageLong":"14  Hawthorne to Portland","extraBlockID":null,"locationInScheduleDay":18155,"longitude":-122.5949509,"blockID":1434,"offRoute":false,"nextLocID":1803,"vehicleID":3027,"signMessage":"14 To Portland","extraTripID":null,"nextStopSeq":12,"routeNumber":14,"vehicleLoad":"unknown","bearing":300,"lastStopSeq":11,"inCongestion":false,"delay":1,"latitude":45.488897}],"queryTime":1395748968561}}
