{"resultSet":{"vehicle":[{"tripID":4411313,"serviceDate":1395730800000,"direction":0,"garage":"POWELL","type":"bus","lastLocID":1792,"messageCode":266,"time":1395755480210,"expires":1395755899000,"signMessageLong":"14  Hawthorne to 94th & Foster","extraBlockID":null,"locationInScheduleDay":24780,"longitude":-122.6112997,"blockID":1436,"offRoute":false,"nextLocID":1794,"vehicleID":2206,"signMessage":"14 To 94-Foster","extraTripID":null,"nextStopSeq":30,"routeNumber":14,"vehicleLoad":"unknown","bearing":155,"lastStopSeq":29,"inCongestion":false,"delay":101,"latitude":45.497277},{"tripID":4419089,"serviceDate":1395730800000,"direction":0,"garage":"POWELL","type":"bus","lastLocID":1612,"messageCode":809,"time":1395755483034,"expires":1395755902000,"signMessageLong":"77  Broadway/Halsey to Troutdale","extraBlockID":null,"locationInScheduleDay":24630,"longitude":-122.6671549,"blockID":7735,"offRoute":false,"nextLocID":11817,"vehicleID":2222,"signMessage":"77 To Troutdale","extraTripID":null,"nextStopSeq":19,"routeNumber":77,"vehicleLoad":"unknown","bearing":68,"lastStopSeq":18,"inCongestion":false,"delay":-52,"latitude":45.5300543},{"tripID":4419223,"serviceDate":1395730800000,"direction":1,"garage":"POWELL","type":"bus","lastLocID":2086,"messageCode":813,"time":1395755485703,"expires":1395755904000,"signMessageLong":"77  Broadway/Halsey to Montgomery Park","extraBlockID":null,"locationInScheduleDay":24675,"longitude":-122.6909451,"blockID":7736,"offRoute":false,"nextLocID":2099,"vehicleID":2221,"signMessage":"77 Montgomry Pk","extraTripID":null,"nextStopSeq":94,"routeNumber":77,"vehicleLoad":"unknown","bearing":268,"lastStopSeq":93,"inCongestion":false,"delay":-9,"latitude":45.5263652},{"tripID":4411562,"serviceDate":1395730800000,"direction":1,"garage":"POWELL","type":"bus","lastLocID":12948,"messageCode":268,"time":1395755485722,"expires":1395755903000,"signMessageLong":"14  Hawthorne to Portland","extraBlockID":null,"locationInScheduleDay":24690,"longitude":-122.5892616,"blockID":1437,"offRoute":false,"nextLocID":1811,"vehicleID":2264,"signMessage":"14 To Portland","extraTripID":null,"nextStopSeq":9,"routeNumber":14,"vehicleLoad":"unknown","bearing":298,"lastStopSeq":8,"inCongestion":false,"delay":7,"latitude":45.4865444},{"tripID":4418198,"serviceDate":1395730800000,"direction":1,"garage":"POWELL","type":"bus","lastLocID":3169,"messageCode":760,"time":1395755480264,"expires":1395755897000,"signMessageLong":"72  Killingsworth/82nd to Clackamas TC","extraBlockID":null,"locationInScheduleDay":24720,"longitude":-122.6776015,"blockID":7246,"offRoute":false,"nextLocID":3173,"vehicleID":2296,"signMessage":"72 Clackamas TC","extraTripID":null,"nextStopSeq":13,"routeNumber":72,"vehicleLoad":"unknown","bearing":89,"lastStopSeq":12,"inCongestion":false,"delay":43,"latitude":45.5626745},{"tripID":4419224,"serviceDate":1395730800000,"direction":1,"garage":"POWELL","type":"bus","lastLocID":7484,"messageCode":813,"time":1395755495075,"expires":1395755911000,"signMessageLong":"77  Broadway/Halsey to Montgomery Park","extraBlockID":null,"locationInScheduleDay":24496,"longitude":-122.6228772,"blockID":7737,"offRoute":false,"nextLocID":649,"vehicleID":2285,"signMessage":"77 Montgomry Pk","extraTripID":null,"nextStopSeq":70,"routeNumber":77,"vehicleLoad":"unknown","bearing":2,"lastStopSeq":69,"inCongestion":false,"delay":-195,"latitude":45.5348768},{"tripID":4417869,"serviceDate":1395730800000,"direction":0,"garage":"POWELL","type":"bus","lastLocID":3216,"messageCode":766,"time":1395755480293,"expires":1395755898000,"signMessageLong":"72  Killingsworth/82nd to Swan Island-Anchor St","extraBlockID":null,"locationInScheduleDay":24701,"longitude":-122.5807986,"blockID":7244,"offRoute":false,"nextLocID":3149,"vehicleID":2276,"signMessage":"72 Swan Island","extraTripID":null,"nextStopSeq":63,"routeNumber":72,"vehicleLoad":"unknown","bearing":269,"lastStopSeq":62,"inCongestion":false,"delay":23,"latitude":45.5626702},{"tripID":4417318,"serviceDate":1395730800000,"direction":1,"garage":"CENTER","type":"bus","lastLocID":9368,"messageCode":788,"time":1395755480103,"expires":1395755897000,"signMessageLong":"70  12th/NE 33rd Ave to Milwaukie","extraBlockID":null,"locationInScheduleDay":24677,"longitude":-122.6357648,"blockID":7005,"offRoute":false,"nextLocID":9414,"vehicleID":2132,"signMessage":"70 To Milwaukie","extraTripID":null,"nextStopSeq":2,"routeNumber":70,"vehicleLoad":"unknown","bearing":180,"lastStopSeq":1,"inCongestion":false,"delay":0,"latitude":45.5898735},{"tripID":4413878,"serviceDate":1395730800000,"direction":1,"garage":"CENTER","type":"bus","lastLocID":2574,"messageCode":462,"time":1395755480119,"expires":1395755899000,"signMessageLong":"31L Portland Limited","extraBlockID":null,"locationInScheduleDay":24166,"longitude":-122.6383945,"blockID":3001,"offRoute":false,"nextLocID":3858,"vehicleID":2123,"signMessage":"31L To Portland Limited","extraTripID":null,"nextStopSeq":6,"routeNumber":31,"vehicleLoad":"unknown","bearing":352,"lastStopSeq":5,"inCongestion":false,"delay":-513,"latitude":45.4657461},{"tripID":4417166,"serviceDate":1395730800000,"direction":0,"garage":"CENTER","type":"bus","lastLocID":8225,"messageCode":781,"time":1395755494920,"expires":1395755913000,"signMessageLong":"70  12th/NE 33rd Ave to NE Sunderland via 17th & Tacoma","extraBlockID":null,"locationInScheduleDay":24573,"longitude":-122.6420417,"blockID":7006,"offRoute":false,"nextLocID":6871,"vehicleID":2150,"signMessage":"70 To Sunderland via 17th","extraTripID":null,"nextStopSeq":3,"routeNumber":70,"vehicleLoad":"unknown","bearing":260,"lastStopSeq":2,"inCongestion":false,"delay":-120,"latitude":45.4454717},{"tripID":4418197,"serviceDate":1395730800000,"direction":1,"garage":"POWELL","type":"bus","lastLocID":52,"messageCode":760,"time":1395755504120,"expires":1395755921000,"signMessageLong":"72  Killingsworth/82nd to Clackamas TC","extraBlockID":null,"locationInScheduleDay":24733,"longitude":-122.6498776,"blockID":7238,"offRoute":false,"nextLocID":54,"vehicleID":2527,"signMessage":"72 Clackamas TC","extraTripID":null,"nextStopSeq":27,"routeNumber":72,"vehicleLoad":"unknown","bearing":89,"lastStopSeq":26,"inCongestion":false,"delay":32,"latitude":45.5590995},{"tripID":4417165,"serviceDate":1395730800000,"direction":0,"garage":"CENTER","type":"bus","lastLocID":4539,"messageCode":780,"time":1395755494996,"expires":1395755912000,"signMessageLong":"70  12th/NE 33rd Ave to NE Sunderland","extraBlockID":null,"locationInScheduleDay":24656,"longitude":-122.6537321,"blockID":7002,"offRoute":false,"nextLocID":6578,"vehicleID":2524,"signMessage":"70 To Sunderlnd","extraTripID":null,"nextStopSeq":27,"routeNumber":70,"vehicleLoad":"unknown","bearing":0,"lastStopSeq":26,"inCongestion":false,"delay":-36,"latitude":45.5046614},{"tripID":4419087,"serviceDate":1395730800000,"direction":0,"garage":"CENTER","type":"bus","lastLocID":2364,"messageCode":809,"time":1395755480183,"expires":1395755897000,"signMessageLong":"77  Broadway/Halsey to Troutdale","extraBlockID":null,"locationInScheduleDay":24709,"longitude":-122.5380708,"blockID":7701,"offRoute":false,"nextLocID":2366,"vehicleID":2512,"signMessage":"77 To Troutdale","extraTripID":null,"nextStopSeq":62,"routeNumber":77,"vehicleLoad":"unknown","bearing":89,"lastStopSeq":61,"inCongestion":false,"delay":32,"latitude":45.5335698},{"tripID":4417872,"serviceDate":1395730800000,"direction":0,"garage":"POWELL","type":"bus","lastLocID":12922,"messageCode":768,"time":1395755485683,"expires":1395755903000,"signMessageLong":"72  Killingsworth/82nd to Swan Island-Shipyards","extraBlockID":null,"locationInScheduleDay":24720,"longitude":-122.5740057,"blockID":7239,"offRoute":false,"nextLocID":7941,"vehicleID":2540,"signMessage":"72 Swan Island","extraTripID":null,"nextStopSeq":3,"routeNumber":72,"vehicleLoad":"unknown","bearing":271,"lastStopSeq":2,"inCongestion":false,"delay":37,"latitude":45.4374107},{"tripID":4418199,"serviceDate":1395730800000,"direction":1,"garage":"POWELL","type":"bus","lastLocID":115,"messageCode":760,"time":1395755480206,"expires":1395755897000,"signMessageLong":"72  Killingsworth/82nd to Clackamas TC","extraBlockID":null,"locationInScheduleDay":24677,"longitude":-122.703865,"blockID":7240,"offRoute":false,"nextLocID":8681,"vehicleID":2533,"signMessage":"72 Clackamas TC","extraTripID":null,"nextStopSeq":2,"routeNumber":72,"vehicleLoad":"unknown","bearing":159,"lastStopSeq":1,"inCongestion":false,"delay":0,"latitude":45.5567629},{"tripID":4418196,"serviceDate":1395730800000,"direction":1,"garage":"POWELL","type":"bus","lastLocID":3144,"messageCode":760,"time":1395755501079,"expires":1395755919000,"signMessageLong":"72  Killingsworth/82nd to Clackamas TC","extraBlockID":null,"locationInScheduleDay":24724,"longitude":-122.6122787,"blockID":7236,"offRoute":false,"nextLocID":3202,"vehicleID":2552,"signMessage":"72 Clackamas TC","extraTripID":null,"nextStopSeq":42,"routeNumber":72,"vehicleLoad":"unknown","bearing":90,"lastStopSeq":41,"inCongestion":false,"delay":25,"latitude":45.5627708},{"tripID":4413798,"serviceDate":1395730800000,"direction":0,"garage":"POWELL","type":"bus","lastLocID":7942,"messageCode":457,"time":1395755480320,"expires":1395755898000,"signMessageLong":"31  Clackamas Town Center, continuing to Estacada","extraBlockID":null,"locationInScheduleDay":24678,"longitude":-122.5785917,"blockID":3134,"offRoute":false,"nextLocID":4002,"vehicleID":2555,"signMessage":"31 To Estacada via Clackamas","extraTripID":null,"nextStopSeq":23,"routeNumber":31,"vehicleLoad":"unknown","bearing":89,"lastStopSeq":22,"inCongestion":false,"delay":0,"latitude":45.4382786},{"tripID":4417868,"serviceDate":1395730800000,"direction":0,"garage":"POWELL","type":"bus","lastLocID":7326,"messageCode":768,"time":1395755498470,"expires":1395755914000,"signMessageLong":"72  Killingsworth/82nd to Swan Island-Shipyards","extraBlockID":null,"locationInScheduleDay":24410,"longitude":-122.6354742,"blockID":7242,"offRoute":false,"nextLocID":64,"vehicleID":2548,"signMessage":"72 Swan Island","extraTripID":null,"nextStopSeq":83,"routeNumber":72,"vehicleLoad":"unknown","bearing":270,"lastStopSeq":82,"inCongestion":false,"delay":-284,"latitude":45.5590458},{"tripID":4411561,"serviceDate":1395730800000,"direction":1,"garage":"POWELL","type":"bus","lastLocID":7658,"messageCode":268,"time":1395755504168,"expires":1395755921000,"signMessageLong":"14  Hawthorne to Portland","extraBlockID":null,"locationInScheduleDay":24562,"longitude":-122.6115671,"blockID":1435,"offRoute":false,"nextLocID":13734,"vehicleID":2316,"signMessage":"14 To Portland","extraTripID":null,"nextStopSeq":25,"routeNumber":14,"vehicleLoad":"unknown","bearing":356,"lastStopSeq":24,"inCongestion":false,"delay":-139,"latitude":45.5117721},{"tripID":4413879,"serviceDate":1395730800000,"direction":1,"garage":"CENTER","type":"bus","lastLocID":3229,"messageCode":464,"time":1395755500812,"expires":1395755918000,"signMessageLong":"31  To Portland via Milwaukie","extraBlockID":null,"locationInScheduleDay":24635,"longitude":-122.5925959,"blockID":1403,"offRoute":false,"nextLocID":3249,"vehicleID":2725,"signMessage":"31 To Portland","extraTripID":null,"nextStopSeq":9,"routeNumber":31,"vehicleLoad":"unknown","bearing":288,"lastStopSeq":8,"inCongestion":false,"delay":-63,"latitude":45.4478624},{"tripID":4419088,"serviceDate":1395730800000,"direction":0,"garage":"CENTER","type":"bus","lastLocID":653,"messageCode":809,"time":1395755498191,"expires":1395755914000,"signMessageLong":"77  Broadway/Halsey to Troutdale","extraBlockID":null,"locationInScheduleDay":24643,"longitude":-122.6151162,"blockID":7705,"offRoute":false,"nextLocID":2426,"vehicleID":2720,"signMessage":"77 To Troutdale","extraTripID":null,"nextStopSeq":39,"routeNumber":77,"vehicleLoad":"unknown","bearing":89,"lastStopSeq":38,"inCongestion":false,"delay":-51,"latitude":45.5351305},{"tripID":4417164,"serviceDate":1395730800000,"direction":0,"garage":"CENTER","type":"bus","lastLocID":642,"messageCode":783,"time":1395755482945,"expires":1395755902000,"signMessageLong":"70  33rd Ave to NE Sunderland","extraBlockID":null,"locationInScheduleDay":24591,"longitude":-122.6306837,"blockID":7007,"offRoute":false,"nextLocID":7392,"vehicleID":2709,"signMessage":"70 To Sunderlnd","extraTripID":null,"nextStopSeq":45,"routeNumber":70,"vehicleLoad":"unknown","bearing":359,"lastStopSeq":44,"inCongestion":false,"delay":-91,"latitude":45.5352795},{"tripID":4417315,"serviceDate":1395730800000,"direction":1,"garage":"CENTER","type":"bus","lastLocID":3909,"messageCode":789,"time":1395755500726,"expires":1395755919000,"signMessageLong":"70  12th Ave to Milwaukie via 17th & Tacoma","extraBlockID":null,"locationInScheduleDay":24673,"longitude":-122.6528395,"blockID":7001,"offRoute":false,"nextLocID":13658,"vehicleID":2704,"signMessage":"70 To Milw via 17","extraTripID":null,"nextStopSeq":61,"routeNumber":70,"vehicleLoad":"unknown","bearing":167,"lastStopSeq":60,"inCongestion":false,"delay":-26,"latitude":45.4941219},{"tripID":4417317,"serviceDate":1395730800000,"direction":1,"garage":"CENTER","type":"bus","lastLocID":9402,"messageCode":788,"time":1395755359964,"expires":1395755777000,"signMessageLong":"70  12th/NE 33rd Ave to Milwaukie","extraBlockID":null,"locationInScheduleDay":24655,"longitude":-122.6439372,"blockID":7003,"offRoute":false,"nextLocID":118,"vehicleID":2705,"signMessage":"70 To Milwaukie","extraTripID":null,"nextStopSeq":8,"routeNumber":70,"vehicleLoad":"unknown","bearing":180,"lastStopSeq":7,"inCongestion":false,"delay":98,"latitude":45.5795454},{"tripID":4417167,"serviceDate":1395730800000,"direction":0,"garage":"CENTER","type":"bus","lastLocID":13477,"messageCode":782,"time":1395755480159,"expires":1395755898000,"signMessageLong":"70  12th/NE 33rd Ave to NE Sunderland via 13th & Tacoma","extraBlockID":null,"locationInScheduleDay":24678,"longitude":-122.6407309,"blockID":7004,"offRoute":false,"nextLocID":8225,"vehicleID":2701,"signMessage":"70 To Sunderland via 13th","extraTripID":null,"nextStopSeq":2,"routeNumber":70,"vehicleLoad":"unknown","bearing":81,"lastStopSeq":1,"inCongestion":false,"delay":0,"latitude":45.4448667},{"tripID":4419225,"serviceDate":1395730800000,"direction":1,"garage":"CENTER","type":"bus","lastLocID":10846,"messageCode":813,"time":1395755501061,"expires":1395755918000,"signMessageLong":"77  Broadway/Halsey to Montgomery Park","extraBlockID":null,"locationInScheduleDay":24453,"longitude":-122.579429,"blockID":7704,"offRoute":false,"nextLocID":7916,"vehicleID":2614,"signMessage":"77 Montgomry Pk","extraTripID":null,"nextStopSeq":53,"routeNumber":77,"vehicleLoad":"unknown","bearing":269,"lastStopSeq":52,"inCongestion":false,"delay":-245,"latitude":45.5324179},{"tripID":4411564,"serviceDate":1395730800000,"direction":1,"garage":"CENTER","type":"bus","lastLocID":1831,"messageCode":268,"time":1395755498374,"expires":1395755915000,"signMessageLong":"14  Hawthorne to Portland","extraBlockID":null,"locationInScheduleDay":24695,"longitude":-122.5662917,"blockID":1401,"offRoute":false,"nextLocID":13236,"vehicleID":2608,"signMessage":"14 To Portland","extraTripID":null,"nextStopSeq":2,"routeNumber":14,"vehicleLoad":"unknown","bearing":291,"lastStopSeq":1,"inCongestion":false,"delay":0,"latitude":45.4791765},{"tripID":4419086,"serviceDate":1395730800000,"direction":0,"garage":"CENTER","type":"bus","lastLocID":9470,"messageCode":809,"time":1395755480301,"expires":1395755897000,"signMessageLong":"77  Broadway/Halsey to Troutdale","extraBlockID":null,"locationInScheduleDay":24677,"longitude":-122.3904918,"blockID":7703,"offRoute":false,"nextLocID":10758,"vehicleID":2630,"signMessage":"77 To Troutdale","extraTripID":null,"nextStopSeq":100,"routeNumber":77,"vehicleLoad":"unknown","bearing":358,"lastStopSeq":99,"inCongestion":false,"delay":0,"latitude":45.5438844},{"tripID":4419090,"serviceDate":1395730800000,"direction":0,"garage":"CENTER","type":"bus","lastLocID":6013,"messageCode":809,"time":1395755456044,"expires":1395755872000,"signMessageLong":"77  Broadway/Halsey to Troutdale","extraBlockID":null,"locationInScheduleDay":24654,"longitude":-122.7001456,"blockID":7706,"offRoute":false,"nextLocID":7168,"vehicleID":2632,"signMessage":"77 To Troutdale","extraTripID":null,"nextStopSeq":4,"routeNumber":77,"vehicleLoad":"unknown","bearing":88,"lastStopSeq":3,"inCongestion":false,"delay":2,"latitude":45.5369058},{"tripID":4417870,"serviceDate":1395730800000,"direction":0,"garage":"POWELL","type":"bus","lastLocID":8023,"messageCode":768,"time":1395755488793,"expires":1395755906000,"signMessageLong":"72  Killingsworth/82nd to Swan Island-Shipyards","extraBlockID":null,"locationInScheduleDay":24300,"longitude":-122.578735,"blockID":7237,"offRoute":false,"nextLocID":8052,"vehicleID":3004,"signMessage":"72 Swan Island","extraTripID":null,"nextStopSeq":30,"routeNumber":72,"vehicleLoad":"unknown","bearing":0,"lastStopSeq":29,"inCongestion":false,"delay":-386,"latitude":45.4978227},{"tripID":4418193,"serviceDate":1395730800000,"direction":1,"garage":"POWELL","type":"bus","lastLocID":12921,"messageCode":760,"time":1395755482938,"expires":1395755902000,"signMessageLong":"72  Killingsworth/82nd to Clackamas TC","extraBlockID":null,"locationInScheduleDay":24340,"longitude":-122.5692843,"blockID":7241,"offRoute":false,"nextLocID":13247,"vehicleID":3048,"signMessage":"72 Clackamas TC","extraTripID":null,"nextStopSeq":111,"routeNumber":72,"vehicleLoad":"unknown","bearing":128,"lastStopSeq":110,"inCongestion":false,"delay":0,"latitude":45.4371326},{"tripID":4417867,"serviceDate":1395730800000,"direction":0,"garage":"POWELL","type":"bus","lastLocID":3317,"messageCode":768,"time":1395755494958,"expires":1395755911000,"signMessageLong":"72  Killingsworth/82nd to Swan Island-Shipyards","extraBlockID":null,"locationInScheduleDay":24798,"longitude":-122.7101778,"blockID":7235,"offRoute":false,"nextLocID":3319,"vehicleID":3053,"signMessage":"72 Swan Island","extraTripID":null,"nextStopSeq":111,"routeNumber":72,"vehicleLoad":"unknown","bearing":307,"lastStopSeq":110,"inCongestion":false,"delay":107,"latitude":45.561656},{"tripID":4417871,"serviceDate":1395730800000,"direction":0,"garage":"POWELL","type":"bus","lastLocID":8059,"messageCode":766,"time":1395755498166,"expires":1395755914000,"signMessageLong":"72  Killingsworth/82nd to Swan Island-Anchor St","extraBlockID":null,"locationInScheduleDay":24699,"longitude":-122.5790296,"blockID":7245,"offRoute":false,"nextLocID":8027,"vehicleID":3052,"signMessage":"72 Swan Island","extraTripID":null,"nextStopSeq":21,"routeNumber":72,"vehicleLoad":"unknown","bearing":1,"lastStopSeq":20,"inCongestion":false,"delay":5,"latitude":45.4796196},{"tripID":4418194,"serviceDate":1395730800000,"direction":1,"garage":"POWELL","type":"bus","lastLocID":7963,"messageCode":760,"time":1395755482948,"expires":1395755900000,"signMessageLong":"72  Killingsworth/82nd to Clackamas TC","extraBlockID":null,"locationInScheduleDay":24720,"longitude":-122.5790547,"blockID":7234,"offRoute":false,"nextLocID":7994,"vehicleID":3054,"signMessage":"72 Clackamas TC","extraTripID":null,"nextStopSeq":98,"routeNumber":72,"vehicleLoad":"unknown","bearing":179,"lastStopSeq":97,"inCongestion":false,"delay":40,"latitude":45.4688707},{"tripID":4419222,"serviceDate":1395730800000,"direction":1,"garage":"POWELL","type":"bus","lastLocID":8483,"messageCode":813,"time":1395755482973,"expires":1395755900000,"signMessageLong":"77  Broadway/Halsey to Montgomery Park","extraBlockID":null,"locationInScheduleDay":24042,"longitude":-122.7069345,"blockID":7734,"offRoute":false,"nextLocID":8484,"vehicleID":3046,"signMessage":"77 Montgomry Pk","extraTripID":null,"nextStopSeq":109,"routeNumber":77,"vehicleLoad":"unknown","bearing":178,"lastStopSeq":108,"inCongestion":false,"delay":0,"latitude":45.5377966},{"tripID":4419226,"serviceDate":1395730800000,"direction":1,"garage":"POWELL","type":"bus","lastLocID":2399,"messageCode":813,"time":1395755480137,"expires":1395755897000,"signMessageLong":"77  Broadway/Halsey to Montgomery Park","extraBlockID":null,"locationInScheduleDay":24602,"longitude":-122.4861403,"blockID":7738,"offRoute":false,"nextLocID":2398,"vehicleID":3035,"signMessage":"77 Montgomry Pk","extraTripID":null,"nextStopSeq":25,"routeNumber":77,"vehicleLoad":"unknown","bearing":270,"lastStopSeq":24,"inCongestion":false,"delay":-75,"latitude":45.5347009},{"tripID":4411560,"serviceDate":1395730800000,"direction":1,"garage":"POWELL","type":"bus","lastLocID":3633,"messageCode":268,"time":1395755482902,"expires":1395755901000,"signMessageLong":"14  Hawthorne to Portland","extraBlockID":null,"locationInScheduleDay":24370,"longitude":-122.6659708,"blockID":1434,"offRoute":false,"nextLocID":2642,"vehicleID":3027,"signMessage":"14 To Portland","extraTripID":null,"nextStopSeq":42,"routeNumber":14,"vehicleLoad":"unknown","bearing":262,"lastStopSeq":41,"inCongestion":false,"delay":-311,"latitude":45.5129409},{"tripID":4418195,"serviceDate":1395730800000,"direction":1,"garage":"POWELL","type":"bus","lastLocID":7966,"messageCode":760,"time":1395755498140,"expires":1395755916000,"signMessageLong":"72  Killingsworth/82nd to Clackamas TC","extraBlockID":null,"locationInScheduleDay":24326,"longitude":-122.5788025,"blockID":7243,"offRoute":false,"nextLocID":7992,"vehicleID":3025,"signMessage":"72 Clackamas TC","extraTripID":null,"nextStopSeq":58,"routeNumber":72,"vehicleLoad":"unknown","bearing":180,"lastStopSeq":57,"inCongestion":false,"delay":-370,"latitude":45.5464824},{"tripID":4419227,"serviceDate":1395730800000,"direction":1,"garage":"CENTER","type":"bus","lastLocID":2340,"messageCode":813,"time":1395755495017,"expires":1395755911000,"signMessageLong":"77  Broadway/Halsey to Montgomery Park","extraBlockID":null,"locationInScheduleDay":24781,"longitude":-122.4091904,"blockID":7702,"offRoute":false,"nextLocID":2423,"vehicleID":2005,"signMessage":"77 Montgomry Pk","extraTripID":null,"nextStopSeq":7,"routeNumber":77,"vehicleLoad":"unknown","bearing":258,"lastStopSeq":6,"inCongestion":false,"delay":90,"latitude":45.5383585},{"tripID":4413877,"serviceDate":1395730800000,"direction":1,"garage":"CENTER","type":"bus","lastLocID":2642,"messageCode":467,"time":1395755483003,"expires":1395755900000,"signMessageLong":"31  Downtown Only","extraBlockID":null,"locationInScheduleDay":24587,"longitude":-122.6680995,"blockID":1402,"offRoute":false,"nextLocID":11956,"vehicleID":2014,"signMessage":"31 Downtown Only","extraTripID":null,"nextStopSeq":38,"routeNumber":31,"vehicleLoad":"unknown","bearing":285,"lastStopSeq":37,"inCongestion":false,"delay":-93,"latitude":45.5125596}],"queryTime":1395755508819}}
