{"resultSet":{"vehicle":[{"tripID":4411577,"serviceDate":1395730800000,"direction":1,"garage":"POWELL","type":"bus","lastLocID":13169,"messageCode":267,"time":1395763946436,"expires":1395764363000,"signMessageLong":"14  Downtown Only","extraBlockID":null,"locationInScheduleDay":33215,"longitude":-122.6799391,"blockID":1436,"offRoute":false,"nextLocID":3639,"vehicleID":2206,"signMessage":"14 Downtown Only","extraTripID":null,"nextStopSeq":45,"routeNumber":14,"vehicleLoad":"unknown","bearing":111,"lastStopSeq":44,"inCongestion":false,"delay":72,"latitude":45.5156165},{"tripID":4419232,"serviceDate":1395730800000,"direction":1,"garage":"POWELL","type":"bus","lastLocID":10867,"messageCode":813,"time":1395764006202,"expires":1395764423000,"signMessageLong":"77  Broadway/Halsey to Montgomery Park","extraBlockID":null,"locationInScheduleDay":33181,"longitude":-122.6566178,"blockID":7735,"offRoute":false,"nextLocID":10876,"vehicleID":2222,"signMessage":"77 Montgomry Pk","extraTripID":null,"nextStopSeq":83,"routeNumber":77,"vehicleLoad":"unknown","bearing":270,"lastStopSeq":82,"inCongestion":false,"delay":-22,"latitude":45.5314937},{"tripID":4419235,"serviceDate":1395730800000,"direction":1,"garage":"POWELL","type":"bus","lastLocID":13505,"messageCode":813,"time":1395763901875,"expires":1395764319000,"signMessageLong":"77  Broadway/Halsey to Montgomery Park","extraBlockID":null,"locationInScheduleDay":33119,"longitude":-122.4561226,"blockID":7736,"offRoute":false,"nextLocID":2411,"vehicleID":2221,"signMessage":"77 Montgomry Pk","extraTripID":null,"nextStopSeq":17,"routeNumber":77,"vehicleLoad":"unknown","bearing":273,"lastStopSeq":16,"inCongestion":false,"delay":20,"latitude":45.5335117},{"tripID":4411578,"serviceDate":1395730800000,"direction":1,"garage":"POWELL","type":"bus","lastLocID":3637,"messageCode":268,"time":1395764018124,"expires":1395764435000,"signMessageLong":"14  Hawthorne to Portland","extraBlockID":null,"locationInScheduleDay":33189,"longitude":-122.6550959,"blockID":1438,"offRoute":false,"nextLocID":3641,"vehicleID":2220,"signMessage":"14 To Portland","extraTripID":null,"nextStopSeq":40,"routeNumber":14,"vehicleLoad":"unknown","bearing":270,"lastStopSeq":39,"inCongestion":false,"delay":-26,"latitude":45.5129308},{"tripID":4417884,"serviceDate":1395730800000,"direction":0,"garage":"POWELL","type":"bus","lastLocID":7991,"messageCode":766,"time":1395764018126,"expires":1395764435000,"signMessageLong":"72  Killingsworth/82nd to Swan Island-Anchor St","extraBlockID":null,"locationInScheduleDay":33213,"longitude":-122.5788023,"blockID":7247,"offRoute":false,"nextLocID":7967,"vehicleID":2250,"signMessage":"72 Swan Island","extraTripID":null,"nextStopSeq":56,"routeNumber":72,"vehicleLoad":"unknown","bearing":0,"lastStopSeq":55,"inCongestion":false,"delay":-2,"latitude":45.5464939},{"tripID":4417882,"serviceDate":1395730800000,"direction":0,"garage":"POWELL","type":"bus","lastLocID":53,"messageCode":766,"time":1395764003544,"expires":1395764420000,"signMessageLong":"72  Killingsworth/82nd to Swan Island-Anchor St","extraBlockID":null,"locationInScheduleDay":33173,"longitude":-122.6504013,"blockID":7246,"offRoute":false,"nextLocID":51,"vehicleID":2296,"signMessage":"72 Swan Island","extraTripID":null,"nextStopSeq":88,"routeNumber":72,"vehicleLoad":"unknown","bearing":269,"lastStopSeq":87,"inCongestion":false,"delay":-27,"latitude":45.5590992},{"tripID":4417887,"serviceDate":1395730800000,"direction":0,"garage":"POWELL","type":"bus","lastLocID":12922,"messageCode":766,"time":1395764006253,"expires":1395764425000,"signMessageLong":"72  Killingsworth/82nd to Swan Island-Anchor St","extraBlockID":null,"locationInScheduleDay":33156,"longitude":-122.5772686,"blockID":7244,"offRoute":false,"nextLocID":7941,"vehicleID":2276,"signMessage":"72 Swan Island","extraTripID":null,"nextStopSeq":3,"routeNumber":72,"vehicleLoad":"unknown","bearing":275,"lastStopSeq":2,"inCongestion":false,"delay":-49,"latitude":45.4371519},{"tripID":4411579,"serviceDate":1395730800000,"direction":1,"garage":"POWELL","type":"bus","lastLocID":8242,"messageCode":268,"time":1395763970481,"expires":1395764386000,"signMessageLong":"14  Hawthorne to Portland","extraBlockID":null,"locationInScheduleDay":33167,"longitude":-122.6110176,"blockID":1439,"offRoute":false,"nextLocID":7654,"vehicleID":2275,"signMessage":"14 To Portland","extraTripID":null,"nextStopSeq":21,"routeNumber":14,"vehicleLoad":"unknown","bearing":0,"lastStopSeq":20,"inCongestion":false,"delay":1,"latitude":45.5048308},{"tripID":4417326,"serviceDate":1395730800000,"direction":1,"garage":"CENTER","type":"bus","lastLocID":9368,"messageCode":788,"time":1395764003462,"expires":1395764422000,"signMessageLong":"70  12th/NE 33rd Ave to Milwaukie","extraBlockID":null,"locationInScheduleDay":33202,"longitude":-122.6357648,"blockID":7008,"offRoute":false,"nextLocID":9414,"vehicleID":2506,"signMessage":"70 To Milwaukie","extraTripID":null,"nextStopSeq":2,"routeNumber":70,"vehicleLoad":"unknown","bearing":180,"lastStopSeq":1,"inCongestion":false,"delay":0,"latitude":45.5898735},{"tripID":4417881,"serviceDate":1395730800000,"direction":0,"garage":"POWELL","type":"bus","lastLocID":3161,"messageCode":766,"time":1395764009330,"expires":1395764426000,"signMessageLong":"72  Killingsworth/82nd to Swan Island-Anchor St","extraBlockID":null,"locationInScheduleDay":33240,"longitude":-122.695183,"blockID":7238,"offRoute":false,"nextLocID":3167,"vehicleID":2527,"signMessage":"72 Swan Island","extraTripID":null,"nextStopSeq":104,"routeNumber":72,"vehicleLoad":"unknown","bearing":270,"lastStopSeq":103,"inCongestion":false,"delay":34,"latitude":45.5627447},{"tripID":4417174,"serviceDate":1395730800000,"direction":0,"garage":"CENTER","type":"bus","lastLocID":6871,"messageCode":781,"time":1395764006167,"expires":1395764423000,"signMessageLong":"70  12th/NE 33rd Ave to NE Sunderland via 17th & Tacoma","extraBlockID":null,"locationInScheduleDay":33087,"longitude":-122.643606,"blockID":7002,"offRoute":false,"nextLocID":6901,"vehicleID":2524,"signMessage":"70 To Sunderland via 17th","extraTripID":null,"nextStopSeq":4,"routeNumber":70,"vehicleLoad":"unknown","bearing":342,"lastStopSeq":3,"inCongestion":false,"delay":-116,"latitude":45.4479232},{"tripID":4418208,"serviceDate":1395730800000,"direction":1,"garage":"POWELL","type":"bus","lastLocID":7923,"messageCode":760,"time":1395764018107,"expires":1395764436000,"signMessageLong":"72  Killingsworth/82nd to Clackamas TC","extraBlockID":null,"locationInScheduleDay":33312,"longitude":-122.5787346,"blockID":7239,"offRoute":false,"nextLocID":7958,"vehicleID":2540,"signMessage":"72 Clackamas TC","extraTripID":null,"nextStopSeq":79,"routeNumber":72,"vehicleLoad":"unknown","bearing":219,"lastStopSeq":78,"inCongestion":false,"delay":96,"latitude":45.5061942},{"tripID":4417883,"serviceDate":1395730800000,"direction":0,"garage":"POWELL","type":"bus","lastLocID":3209,"messageCode":766,"time":1395763970380,"expires":1395764388000,"signMessageLong":"72  Killingsworth/82nd to Swan Island-Anchor St","extraBlockID":null,"locationInScheduleDay":33143,"longitude":-122.6042967,"blockID":7240,"offRoute":false,"nextLocID":3207,"vehicleID":2533,"signMessage":"72 Swan Island","extraTripID":null,"nextStopSeq":70,"routeNumber":72,"vehicleLoad":"unknown","bearing":269,"lastStopSeq":69,"inCongestion":false,"delay":-25,"latitude":45.5627589},{"tripID":4417880,"serviceDate":1395730800000,"direction":0,"garage":"POWELL","type":"bus","lastLocID":2161,"messageCode":766,"time":1395764006302,"expires":1395764423000,"signMessageLong":"72  Killingsworth/82nd to Swan Island-Anchor St","extraBlockID":null,"locationInScheduleDay":33019,"longitude":-122.7021093,"blockID":7236,"offRoute":false,"nextLocID":115,"vehicleID":2552,"signMessage":"72 Swan Island","extraTripID":null,"nextStopSeq":108,"routeNumber":72,"vehicleLoad":"unknown","bearing":307,"lastStopSeq":107,"inCongestion":false,"delay":0,"latitude":45.5573054},{"tripID":4417886,"serviceDate":1395730800000,"direction":0,"garage":"POWELL","type":"bus","lastLocID":8027,"messageCode":766,"time":1395764001433,"expires":1395764419000,"signMessageLong":"72  Killingsworth/82nd to Swan Island-Anchor St","extraBlockID":null,"locationInScheduleDay":33154,"longitude":-122.5789713,"blockID":7242,"offRoute":false,"nextLocID":7964,"vehicleID":2548,"signMessage":"72 Swan Island","extraTripID":null,"nextStopSeq":22,"routeNumber":72,"vehicleLoad":"unknown","bearing":0,"lastStopSeq":21,"inCongestion":false,"delay":-45,"latitude":45.4824212},{"tripID":4411580,"serviceDate":1395730800000,"direction":1,"garage":"POWELL","type":"bus","lastLocID":1829,"messageCode":268,"time":1395764003610,"expires":1395764421000,"signMessageLong":"14  Hawthorne to Portland","extraBlockID":null,"locationInScheduleDay":33212,"longitude":-122.571449,"blockID":1440,"offRoute":false,"nextLocID":1826,"vehicleID":2308,"signMessage":"14 To Portland","extraTripID":null,"nextStopSeq":4,"routeNumber":14,"vehicleLoad":"unknown","bearing":294,"lastStopSeq":3,"inCongestion":false,"delay":11,"latitude":45.4806811},{"tripID":4418212,"serviceDate":1395730800000,"direction":1,"garage":"POWELL","type":"bus","lastLocID":8681,"messageCode":760,"time":1395764021474,"expires":1395764440000,"signMessageLong":"72  Killingsworth/82nd to Clackamas TC","extraBlockID":null,"locationInScheduleDay":33242,"longitude":-122.6992441,"blockID":7253,"offRoute":false,"nextLocID":9399,"vehicleID":2318,"signMessage":"72 Clackamas TC","extraTripID":null,"nextStopSeq":3,"routeNumber":72,"vehicleLoad":"unknown","bearing":101,"lastStopSeq":2,"inCongestion":false,"delay":22,"latitude":45.5562381},{"tripID":4411581,"serviceDate":1395730800000,"direction":1,"garage":"POWELL","type":"bus","lastLocID":1831,"messageCode":268,"time":1395764006294,"expires":1395764425000,"signMessageLong":"14  Hawthorne to Portland","extraBlockID":null,"locationInScheduleDay":33205,"longitude":-122.5662917,"blockID":1435,"offRoute":false,"nextLocID":13236,"vehicleID":2316,"signMessage":"14 To Portland","extraTripID":null,"nextStopSeq":2,"routeNumber":14,"vehicleLoad":"unknown","bearing":291,"lastStopSeq":1,"inCongestion":false,"delay":0,"latitude":45.4791765},{"tripID":4419231,"serviceDate":1395730800000,"direction":1,"garage":"CENTER","type":"bus","lastLocID":6014,"messageCode":813,"time":1395764018098,"expires":1395764436000,"signMessageLong":"77  Broadway/Halsey to Montgomery Park","extraBlockID":null,"locationInScheduleDay":33186,"longitude":-122.7012261,"blockID":7705,"offRoute":false,"nextLocID":8414,"vehicleID":2720,"signMessage":"77 Montgomry Pk","extraTripID":null,"nextStopSeq":103,"routeNumber":77,"vehicleLoad":"unknown","bearing":268,"lastStopSeq":102,"inCongestion":false,"delay":-30,"latitude":45.5368874},{"tripID":4411322,"serviceDate":1395730800000,"direction":0,"garage":"CENTER","type":"bus","lastLocID":7660,"messageCode":266,"time":1395764021365,"expires":1395764438000,"signMessageLong":"14  Hawthorne to 94th & Foster","extraBlockID":null,"locationInScheduleDay":33050,"longitude":-122.6112699,"blockID":1404,"offRoute":false,"nextLocID":7655,"vehicleID":2718,"signMessage":"14 To 94-Foster","extraTripID":null,"nextStopSeq":25,"routeNumber":14,"vehicleLoad":"unknown","bearing":179,"lastStopSeq":24,"inCongestion":false,"delay":-168,"latitude":45.50752},{"tripID":4417173,"serviceDate":1395730800000,"direction":0,"garage":"CENTER","type":"bus","lastLocID":6578,"messageCode":780,"time":1395764003460,"expires":1395764422000,"signMessageLong":"70  12th/NE 33rd Ave to NE Sunderland","extraBlockID":null,"locationInScheduleDay":33066,"longitude":-122.6537098,"blockID":7007,"offRoute":false,"nextLocID":6581,"vehicleID":2709,"signMessage":"70 To Sunderlnd","extraTripID":null,"nextStopSeq":28,"routeNumber":70,"vehicleLoad":"unknown","bearing":0,"lastStopSeq":27,"inCongestion":false,"delay":-136,"latitude":45.5078696},{"tripID":4417324,"serviceDate":1395730800000,"direction":1,"garage":"CENTER","type":"bus","lastLocID":6542,"messageCode":790,"time":1395764015442,"expires":1395764434000,"signMessageLong":"70  12th Ave to Milwaukie via 13th & Tacoma","extraBlockID":null,"locationInScheduleDay":33023,"longitude":-122.6546712,"blockID":7001,"offRoute":false,"nextLocID":6551,"vehicleID":2704,"signMessage":"70 To Milw via 13","extraTripID":null,"nextStopSeq":51,"routeNumber":70,"vehicleLoad":"unknown","bearing":180,"lastStopSeq":50,"inCongestion":false,"delay":-191,"latitude":45.5162957},{"tripID":4417327,"serviceDate":1395730800000,"direction":1,"garage":"CENTER","type":"bus","lastLocID":9368,"messageCode":788,"time":1395764001284,"expires":1395764417000,"signMessageLong":"70  12th/NE 33rd Ave to Milwaukie","extraBlockID":null,"locationInScheduleDay":33197,"longitude":-122.6357648,"blockID":7003,"offRoute":false,"nextLocID":9414,"vehicleID":2705,"signMessage":"70 To Milwaukie","extraTripID":null,"nextStopSeq":2,"routeNumber":70,"vehicleLoad":"unknown","bearing":180,"lastStopSeq":1,"inCongestion":false,"delay":0,"latitude":45.5898735},{"tripID":4417323,"serviceDate":1395730800000,"direction":1,"garage":"CENTER","type":"bus","lastLocID":6872,"messageCode":791,"time":1395764021340,"expires":1395764440000,"signMessageLong":"70  To Milwaukie","extraBlockID":null,"locationInScheduleDay":33318,"longitude":-122.6433041,"blockID":7004,"offRoute":false,"nextLocID":13477,"vehicleID":2701,"signMessage":"70 To Milwaukie","extraTripID":null,"nextStopSeq":79,"routeNumber":70,"vehicleLoad":"unknown","bearing":186,"lastStopSeq":78,"inCongestion":false,"delay":0,"latitude":45.446003},{"tripID":4419094,"serviceDate":1395730800000,"direction":0,"garage":"CENTER","type":"bus","lastLocID":10758,"messageCode":809,"time":1395764001401,"expires":1395764417000,"signMessageLong":"77  Broadway/Halsey to Troutdale","extraBlockID":null,"locationInScheduleDay":33101,"longitude":-122.3911494,"blockID":7704,"offRoute":false,"nextLocID":9472,"vehicleID":2614,"signMessage":"77 To Troutdale","extraTripID":null,"nextStopSeq":101,"routeNumber":77,"vehicleLoad":"unknown","bearing":334,"lastStopSeq":100,"inCongestion":false,"delay":-96,"latitude":45.5454083},{"tripID":4411323,"serviceDate":1395730800000,"direction":0,"garage":"CENTER","type":"bus","lastLocID":2603,"messageCode":266,"time":1395764024013,"expires":1395764441000,"signMessageLong":"14  Hawthorne to 94th & Foster","extraBlockID":null,"locationInScheduleDay":33314,"longitude":-122.6491243,"blockID":1401,"offRoute":false,"nextLocID":2596,"vehicleID":2608,"signMessage":"14 To 94-Foster","extraTripID":null,"nextStopSeq":9,"routeNumber":14,"vehicleLoad":"unknown","bearing":89,"lastStopSeq":8,"inCongestion":false,"delay":93,"latitude":45.5121967},{"tripID":4417325,"serviceDate":1395730800000,"direction":1,"garage":"CENTER","type":"bus","lastLocID":644,"messageCode":788,"time":1395764003546,"expires":1395764421000,"signMessageLong":"70  12th/NE 33rd Ave to Milwaukie","extraBlockID":null,"locationInScheduleDay":33240,"longitude":-122.6311514,"blockID":7010,"offRoute":false,"nextLocID":643,"vehicleID":2623,"signMessage":"70 To Milwaukie","extraTripID":null,"nextStopSeq":33,"routeNumber":70,"vehicleLoad":"unknown","bearing":270,"lastStopSeq":32,"inCongestion":false,"delay":39,"latitude":45.5351596},{"tripID":4419229,"serviceDate":1395730800000,"direction":1,"garage":"CENTER","type":"bus","lastLocID":8483,"messageCode":813,"time":1395764006239,"expires":1395764424000,"signMessageLong":"77  Broadway/Halsey to Montgomery Park","extraBlockID":null,"locationInScheduleDay":31362,"longitude":-122.7069345,"blockID":7707,"offRoute":false,"nextLocID":8484,"vehicleID":2653,"signMessage":"77 Montgomry Pk","extraTripID":null,"nextStopSeq":109,"routeNumber":77,"vehicleLoad":"unknown","bearing":178,"lastStopSeq":108,"inCongestion":false,"delay":0,"latitude":45.5377966},{"tripID":4417172,"serviceDate":1395730800000,"direction":0,"garage":"CENTER","type":"bus","lastLocID":7399,"messageCode":783,"time":1395763985177,"expires":1395764402000,"signMessageLong":"70  33rd Ave to NE Sunderland","extraBlockID":null,"locationInScheduleDay":33183,"longitude":-122.6307119,"blockID":7009,"offRoute":false,"nextLocID":7395,"vehicleID":2626,"signMessage":"70 To Sunderlnd","extraTripID":null,"nextStopSeq":50,"routeNumber":70,"vehicleLoad":"unknown","bearing":358,"lastStopSeq":49,"inCongestion":false,"delay":1,"latitude":45.5446635},{"tripID":4419097,"serviceDate":1395730800000,"direction":0,"garage":"CENTER","type":"bus","lastLocID":13708,"messageCode":809,"time":1395764018180,"expires":1395764435000,"signMessageLong":"77  Broadway/Halsey to Troutdale","extraBlockID":null,"locationInScheduleDay":33122,"longitude":-122.6606439,"blockID":7703,"offRoute":false,"nextLocID":4042,"vehicleID":2630,"signMessage":"77 To Troutdale","extraTripID":null,"nextStopSeq":21,"routeNumber":77,"vehicleLoad":"unknown","bearing":91,"lastStopSeq":20,"inCongestion":false,"delay":-93,"latitude":45.5315112},{"tripID":4419233,"serviceDate":1395730800000,"direction":1,"garage":"CENTER","type":"bus","lastLocID":10869,"messageCode":813,"time":1395764015524,"expires":1395764434000,"signMessageLong":"77  Broadway/Halsey to Montgomery Park","extraBlockID":null,"locationInScheduleDay":33360,"longitude":-122.6206252,"blockID":7706,"offRoute":false,"nextLocID":7484,"vehicleID":2632,"signMessage":"77 Montgomry Pk","extraTripID":null,"nextStopSeq":69,"routeNumber":77,"vehicleLoad":"unknown","bearing":89,"lastStopSeq":68,"inCongestion":false,"delay":146,"latitude":45.5332523},{"tripID":4418206,"serviceDate":1395730800000,"direction":1,"garage":"POWELL","type":"bus","lastLocID":12921,"messageCode":760,"time":1395763942974,"expires":1395764362000,"signMessageLong":"72  Killingsworth/82nd to Clackamas TC","extraBlockID":null,"locationInScheduleDay":33343,"longitude":-122.5688201,"blockID":7237,"offRoute":false,"nextLocID":13247,"vehicleID":3004,"signMessage":"72 Clackamas TC","extraTripID":null,"nextStopSeq":111,"routeNumber":72,"vehicleLoad":"unknown","bearing":81,"lastStopSeq":110,"inCongestion":false,"delay":0,"latitude":45.4355153},{"tripID":4413802,"serviceDate":1395730800000,"direction":0,"garage":"POWELL","type":"bus","lastLocID":3250,"messageCode":457,"time":1395763994364,"expires":1395764408000,"signMessageLong":"31  Clackamas Town Center, continuing to Estacada","extraBlockID":null,"locationInScheduleDay":32934,"longitude":-122.5953462,"blockID":3136,"offRoute":false,"nextLocID":3230,"vehicleID":3007,"signMessage":"31 To Estacada via Clackamas","extraTripID":null,"nextStopSeq":16,"routeNumber":31,"vehicleLoad":"unknown","bearing":90,"lastStopSeq":15,"inCongestion":false,"delay":-254,"latitude":45.4479326},{"tripID":4418211,"serviceDate":1395730800000,"direction":1,"garage":"POWELL","type":"bus","lastLocID":3165,"messageCode":760,"time":1395764009320,"expires":1395764428000,"signMessageLong":"72  Killingsworth/82nd to Clackamas TC","extraBlockID":null,"locationInScheduleDay":33228,"longitude":-122.6615028,"blockID":7251,"offRoute":false,"nextLocID":5927,"vehicleID":3003,"signMessage":"72 Clackamas TC","extraTripID":null,"nextStopSeq":20,"routeNumber":72,"vehicleLoad":"unknown","bearing":180,"lastStopSeq":19,"inCongestion":false,"delay":20,"latitude":45.5626789},{"tripID":4418209,"serviceDate":1395730800000,"direction":1,"garage":"POWELL","type":"bus","lastLocID":7992,"messageCode":760,"time":1395764023990,"expires":1395764441000,"signMessageLong":"72  Killingsworth/82nd to Clackamas TC","extraBlockID":null,"locationInScheduleDay":33234,"longitude":-122.5788375,"blockID":7241,"offRoute":false,"nextLocID":8045,"vehicleID":3048,"signMessage":"72 Clackamas TC","extraTripID":null,"nextStopSeq":59,"routeNumber":72,"vehicleLoad":"unknown","bearing":180,"lastStopSeq":58,"inCongestion":false,"delay":13,"latitude":45.5447525},{"tripID":4417885,"serviceDate":1395730800000,"direction":0,"garage":"POWELL","type":"bus","lastLocID":8014,"messageCode":766,"time":1395764006148,"expires":1395764425000,"signMessageLong":"72  Killingsworth/82nd to Swan Island-Anchor St","extraBlockID":null,"locationInScheduleDay":33365,"longitude":-122.5790525,"blockID":7235,"offRoute":false,"nextLocID":7987,"vehicleID":3053,"signMessage":"72 Swan Island","extraTripID":null,"nextStopSeq":46,"routeNumber":72,"vehicleLoad":"unknown","bearing":0,"lastStopSeq":45,"inCongestion":false,"delay":160,"latitude":45.5282992},{"tripID":4418207,"serviceDate":1395730800000,"direction":1,"garage":"POWELL","type":"bus","lastLocID":7961,"messageCode":760,"time":1395764006142,"expires":1395764424000,"signMessageLong":"72  Killingsworth/82nd to Clackamas TC","extraBlockID":null,"locationInScheduleDay":33206,"longitude":-122.5790962,"blockID":7245,"offRoute":false,"nextLocID":7950,"vehicleID":3052,"signMessage":"72 Clackamas TC","extraTripID":null,"nextStopSeq":95,"routeNumber":72,"vehicleLoad":"unknown","bearing":180,"lastStopSeq":94,"inCongestion":false,"delay":2,"latitude":45.4752736},{"tripID":4418210,"serviceDate":1395730800000,"direction":1,"garage":"POWELL","type":"bus","lastLocID":3198,"messageCode":760,"time":1395763985041,"expires":1395764402000,"signMessageLong":"72  Killingsworth/82nd to Clackamas TC","extraBlockID":null,"locationInScheduleDay":33190,"longitude":-122.6201806,"blockID":7234,"offRoute":false,"nextLocID":3199,"vehicleID":3054,"signMessage":"72 Clackamas TC","extraTripID":null,"nextStopSeq":40,"routeNumber":72,"vehicleLoad":"unknown","bearing":90,"lastStopSeq":39,"inCongestion":false,"delay":8,"latitude":45.5628121},{"tripID":4419234,"serviceDate":1395730800000,"direction":1,"garage":"POWELL","type":"bus","lastLocID":2343,"messageCode":813,"time":1395764018097,"expires":1395764436000,"signMessageLong":"77  Broadway/Halsey to Montgomery Park","extraBlockID":null,"locationInScheduleDay":33184,"longitude":-122.5676344,"blockID":7734,"offRoute":false,"nextLocID":2334,"vehicleID":3046,"signMessage":"77 Montgomry Pk","extraTripID":null,"nextStopSeq":49,"routeNumber":77,"vehicleLoad":"unknown","bearing":258,"lastStopSeq":48,"inCongestion":false,"delay":-32,"latitude":45.5335321},{"tripID":4419095,"serviceDate":1395730800000,"direction":0,"garage":"POWELL","type":"bus","lastLocID":2374,"messageCode":809,"time":1395764001245,"expires":1395764418000,"signMessageLong":"77  Broadway/Halsey to Troutdale","extraBlockID":null,"locationInScheduleDay":33160,"longitude":-122.5230423,"blockID":7738,"offRoute":false,"nextLocID":2378,"vehicleID":3035,"signMessage":"77 To Troutdale","extraTripID":null,"nextStopSeq":66,"routeNumber":77,"vehicleLoad":"unknown","bearing":89,"lastStopSeq":65,"inCongestion":false,"delay":-38,"latitude":45.5335742},{"tripID":4419096,"serviceDate":1395730800000,"direction":0,"garage":"CENTER","type":"bus","lastLocID":7509,"messageCode":809,"time":1395764021385,"expires":1395764440000,"signMessageLong":"77  Broadway/Halsey to Troutdale","extraBlockID":null,"locationInScheduleDay":33159,"longitude":-122.6203099,"blockID":7702,"offRoute":false,"nextLocID":651,"vehicleID":2005,"signMessage":"77 To Troutdale","extraTripID":null,"nextStopSeq":37,"routeNumber":77,"vehicleLoad":"unknown","bearing":359,"lastStopSeq":36,"inCongestion":false,"delay":-61,"latitude":45.5349678}],"queryTime":1395764029157}}
