{"resultSet":{"vehicle":[{"tripID":4411566,"serviceDate":1395730800000,"direction":1,"garage":"POWELL","type":"bus","lastLocID":2606,"messageCode":268,"time":1395758861667,"expires":1395759277000,"signMessageLong":"14  Hawthorne to Portland","extraBlockID":null,"locationInScheduleDay":28060,"longitude":-122.6470726,"blockID":1436,"offRoute":false,"nextLocID":2604,"vehicleID":2206,"signMessage":"14 To Portland","extraTripID":null,"nextStopSeq":37,"routeNumber":14,"vehicleLoad":"unknown","bearing":269,"lastStopSeq":36,"inCongestion":false,"delay":3,"latitude":45.5121958},{"tripID":4419089,"serviceDate":1395730800000,"direction":0,"garage":"POWELL","type":"bus","lastLocID":9472,"messageCode":809,"time":1395758855466,"expires":1395759272000,"signMessageLong":"77  Broadway/Halsey to Troutdale","extraBlockID":null,"locationInScheduleDay":28128,"longitude":-122.3993762,"blockID":7735,"offRoute":false,"nextLocID":9481,"vehicleID":2222,"signMessage":"77 To Troutdale","extraTripID":null,"nextStopSeq":102,"routeNumber":77,"vehicleLoad":"unknown","bearing":79,"lastStopSeq":101,"inCongestion":false,"delay":0,"latitude":45.5442656},{"tripID":4419092,"serviceDate":1395730800000,"direction":0,"garage":"POWELL","type":"bus","lastLocID":10866,"messageCode":809,"time":1395758840495,"expires":1395759259000,"signMessageLong":"77  Broadway/Halsey to Troutdale","extraBlockID":null,"locationInScheduleDay":27946,"longitude":-122.6565899,"blockID":7736,"offRoute":false,"nextLocID":6216,"vehicleID":2221,"signMessage":"77 To Troutdale","extraTripID":null,"nextStopSeq":23,"routeNumber":77,"vehicleLoad":"unknown","bearing":0,"lastStopSeq":22,"inCongestion":false,"delay":-93,"latitude":45.5334929},{"tripID":4411565,"serviceDate":1395730800000,"direction":1,"garage":"POWELL","type":"bus","lastLocID":2642,"messageCode":266,"time":1395758858756,"expires":1395759274000,"signMessageLong":"14  Hawthorne to 94th & Foster","extraBlockID":null,"locationInScheduleDay":28193,"longitude":-122.675499,"blockID":1438,"offRoute":false,"nextLocID":11956,"vehicleID":2220,"signMessage":"14 To 94-Foster","extraTripID":null,"nextStopSeq":43,"routeNumber":14,"vehicleLoad":"unknown","bearing":290,"lastStopSeq":42,"inCongestion":false,"delay":139,"latitude":45.515173},{"tripID":4418202,"serviceDate":1395730800000,"direction":1,"garage":"POWELL","type":"bus","lastLocID":8025,"messageCode":760,"time":1395758855432,"expires":1395759272000,"signMessageLong":"72  Killingsworth/82nd to Clackamas TC","extraBlockID":null,"locationInScheduleDay":28270,"longitude":-122.5786783,"blockID":7248,"offRoute":false,"nextLocID":8038,"vehicleID":2215,"signMessage":"72 Clackamas TC","extraTripID":null,"nextStopSeq":55,"routeNumber":72,"vehicleLoad":"unknown","bearing":180,"lastStopSeq":54,"inCongestion":false,"delay":218,"latitude":45.5529792},{"tripID":4411316,"serviceDate":1395730800000,"direction":0,"garage":"POWELL","type":"bus","lastLocID":1804,"messageCode":266,"time":1395758846516,"expires":1395759265000,"signMessageLong":"14  Hawthorne to 94th & Foster","extraBlockID":null,"locationInScheduleDay":28085,"longitude":-122.5933142,"blockID":1437,"offRoute":false,"nextLocID":1808,"vehicleID":2264,"signMessage":"14 To 94-Foster","extraTripID":null,"nextStopSeq":37,"routeNumber":14,"vehicleLoad":"unknown","bearing":121,"lastStopSeq":36,"inCongestion":false,"delay":40,"latitude":45.4882072},{"tripID":4418200,"serviceDate":1395730800000,"direction":1,"garage":"POWELL","type":"bus","lastLocID":7931,"messageCode":760,"time":1395758858805,"expires":1395759275000,"signMessageLong":"72  Killingsworth/82nd to Clackamas TC","extraBlockID":null,"locationInScheduleDay":27965,"longitude":-122.5790886,"blockID":7247,"offRoute":false,"nextLocID":8048,"vehicleID":2250,"signMessage":"72 Clackamas TC","extraTripID":null,"nextStopSeq":72,"routeNumber":72,"vehicleLoad":"unknown","bearing":180,"lastStopSeq":71,"inCongestion":false,"delay":-90,"latitude":45.5198966},{"tripID":4417876,"serviceDate":1395730800000,"direction":0,"garage":"POWELL","type":"bus","lastLocID":8031,"messageCode":766,"time":1395758849676,"expires":1395759267000,"signMessageLong":"72  Killingsworth/82nd to Swan Island-Anchor St","extraBlockID":null,"locationInScheduleDay":27999,"longitude":-122.5787394,"blockID":7250,"offRoute":false,"nextLocID":8023,"vehicleID":2242,"signMessage":"72 Swan Island","extraTripID":null,"nextStopSeq":29,"routeNumber":72,"vehicleLoad":"unknown","bearing":0,"lastStopSeq":28,"inCongestion":false,"delay":-48,"latitude":45.4970957},{"tripID":4418198,"serviceDate":1395730800000,"direction":1,"garage":"POWELL","type":"bus","lastLocID":7969,"messageCode":760,"time":1395758852285,"expires":1395759271000,"signMessageLong":"72  Killingsworth/82nd to Clackamas TC","extraBlockID":null,"locationInScheduleDay":28116,"longitude":-122.5789989,"blockID":7246,"offRoute":false,"nextLocID":7990,"vehicleID":2296,"signMessage":"72 Clackamas TC","extraTripID":null,"nextStopSeq":107,"routeNumber":72,"vehicleLoad":"unknown","bearing":178,"lastStopSeq":106,"inCongestion":false,"delay":65,"latitude":45.4488084},{"tripID":4419093,"serviceDate":1395730800000,"direction":0,"garage":"POWELL","type":"bus","lastLocID":7112,"messageCode":809,"time":1395758855508,"expires":1395759273000,"signMessageLong":"77  Broadway/Halsey to Troutdale","extraBlockID":null,"locationInScheduleDay":28089,"longitude":-122.694381,"blockID":7737,"offRoute":false,"nextLocID":1615,"vehicleID":2285,"signMessage":"77 To Troutdale","extraTripID":null,"nextStopSeq":11,"routeNumber":77,"vehicleLoad":"unknown","bearing":178,"lastStopSeq":10,"inCongestion":false,"delay":36,"latitude":45.5250167},{"tripID":4418205,"serviceDate":1395730800000,"direction":1,"garage":"POWELL","type":"bus","lastLocID":115,"messageCode":760,"time":1395758843318,"expires":1395759262000,"signMessageLong":"72  Killingsworth/82nd to Clackamas TC","extraBlockID":null,"locationInScheduleDay":28083,"longitude":-122.703766,"blockID":7252,"offRoute":false,"nextLocID":8681,"vehicleID":2283,"signMessage":"72 Clackamas TC","extraTripID":null,"nextStopSeq":2,"routeNumber":72,"vehicleLoad":"unknown","bearing":147,"lastStopSeq":1,"inCongestion":false,"delay":41,"latitude":45.5566154},{"tripID":4418204,"serviceDate":1395730800000,"direction":1,"garage":"POWELL","type":"bus","lastLocID":5927,"messageCode":760,"time":1395758840541,"expires":1395759257000,"signMessageLong":"72  Killingsworth/82nd to Clackamas TC","extraBlockID":null,"locationInScheduleDay":28074,"longitude":-122.6615093,"blockID":7244,"offRoute":false,"nextLocID":46,"vehicleID":2276,"signMessage":"72 Clackamas TC","extraTripID":null,"nextStopSeq":21,"routeNumber":72,"vehicleLoad":"unknown","bearing":180,"lastStopSeq":20,"inCongestion":false,"delay":37,"latitude":45.562344},{"tripID":4411567,"serviceDate":1395730800000,"direction":1,"garage":"POWELL","type":"bus","lastLocID":2624,"messageCode":268,"time":1395758846570,"expires":1395759264000,"signMessageLong":"14  Hawthorne to Portland","extraBlockID":null,"locationInScheduleDay":28045,"longitude":-122.6282842,"blockID":1439,"offRoute":false,"nextLocID":12892,"vehicleID":2275,"signMessage":"14 To Portland","extraTripID":null,"nextStopSeq":30,"routeNumber":14,"vehicleLoad":"unknown","bearing":270,"lastStopSeq":29,"inCongestion":false,"delay":1,"latitude":45.5120559},{"tripID":4417318,"serviceDate":1395730800000,"direction":1,"garage":"CENTER","type":"bus","lastLocID":3916,"messageCode":790,"time":1395758855304,"expires":1395759272000,"signMessageLong":"70  12th Ave to Milwaukie via 13th & Tacoma","extraBlockID":null,"locationInScheduleDay":28051,"longitude":-122.6539476,"blockID":7005,"offRoute":false,"nextLocID":3941,"vehicleID":2132,"signMessage":"70 To Milw via 13","extraTripID":null,"nextStopSeq":59,"routeNumber":70,"vehicleLoad":"unknown","bearing":168,"lastStopSeq":58,"inCongestion":false,"delay":-1,"latitude":45.4978592},{"tripID":4413880,"serviceDate":1395730800000,"direction":1,"garage":"CENTER","type":"bus","lastLocID":7797,"messageCode":467,"time":1395758849632,"expires":1395759267000,"signMessageLong":"31  Downtown Only","extraBlockID":null,"locationInScheduleDay":27586,"longitude":-122.6770162,"blockID":3002,"offRoute":false,"nextLocID":7751,"vehicleID":2134,"signMessage":"31 Downtown Only","extraTripID":null,"nextStopSeq":7,"routeNumber":31,"vehicleLoad":"unknown","bearing":21,"lastStopSeq":6,"inCongestion":false,"delay":-461,"latitude":45.5220928},{"tripID":4417166,"serviceDate":1395730800000,"direction":0,"garage":"CENTER","type":"bus","lastLocID":9365,"messageCode":783,"time":1395758840405,"expires":1395759257000,"signMessageLong":"70  33rd Ave to NE Sunderland","extraBlockID":null,"locationInScheduleDay":27682,"longitude":-122.6332157,"blockID":7006,"offRoute":false,"nextLocID":10452,"vehicleID":2150,"signMessage":"70 To Sunderlnd","extraTripID":null,"nextStopSeq":75,"routeNumber":70,"vehicleLoad":"unknown","bearing":5,"lastStopSeq":74,"inCongestion":false,"delay":-355,"latitude":45.5817993},{"tripID":4417170,"serviceDate":1395730800000,"direction":0,"garage":"CENTER","type":"bus","lastLocID":13477,"messageCode":781,"time":1395758840466,"expires":1395759257000,"signMessageLong":"70  12th/NE 33rd Ave to NE Sunderland via 17th & Tacoma","extraBlockID":null,"locationInScheduleDay":28037,"longitude":-122.6407309,"blockID":7008,"offRoute":false,"nextLocID":8225,"vehicleID":2506,"signMessage":"70 To Sunderland via 17th","extraTripID":null,"nextStopSeq":2,"routeNumber":70,"vehicleLoad":"unknown","bearing":81,"lastStopSeq":1,"inCongestion":false,"delay":0,"latitude":45.4448667},{"tripID":4418197,"serviceDate":1395730800000,"direction":1,"garage":"POWELL","type":"bus","lastLocID":12921,"messageCode":760,"time":1395758861651,"expires":1395759277000,"signMessageLong":"72  Killingsworth/82nd to Clackamas TC","extraBlockID":null,"locationInScheduleDay":28140,"longitude":-122.5681434,"blockID":7238,"offRoute":false,"nextLocID":13247,"vehicleID":2527,"signMessage":"72 Clackamas TC","extraTripID":null,"nextStopSeq":111,"routeNumber":72,"vehicleLoad":"unknown","bearing":82,"lastStopSeq":110,"inCongestion":false,"delay":0,"latitude":45.4356014},{"tripID":4417321,"serviceDate":1395730800000,"direction":1,"garage":"CENTER","type":"bus","lastLocID":9371,"messageCode":788,"time":1395758846462,"expires":1395759264000,"signMessageLong":"70  12th/NE 33rd Ave to Milwaukie","extraBlockID":null,"locationInScheduleDay":27944,"longitude":-122.6432567,"blockID":7002,"offRoute":false,"nextLocID":9402,"vehicleID":2524,"signMessage":"70 To Milwaukie","extraTripID":null,"nextStopSeq":7,"routeNumber":70,"vehicleLoad":"unknown","bearing":290,"lastStopSeq":6,"inCongestion":false,"delay":-100,"latitude":45.5821379},{"tripID":4419230,"serviceDate":1395730800000,"direction":1,"garage":"CENTER","type":"bus","lastLocID":2326,"messageCode":813,"time":1395758846453,"expires":1395759263000,"signMessageLong":"77  Broadway/Halsey to Montgomery Park","extraBlockID":null,"locationInScheduleDay":28199,"longitude":-122.4616944,"blockID":7701,"offRoute":false,"nextLocID":2407,"vehicleID":2512,"signMessage":"77 Montgomry Pk","extraTripID":null,"nextStopSeq":20,"routeNumber":77,"vehicleLoad":"unknown","bearing":270,"lastStopSeq":19,"inCongestion":false,"delay":156,"latitude":45.5336474},{"tripID":4417872,"serviceDate":1395730800000,"direction":0,"garage":"POWELL","type":"bus","lastLocID":10184,"messageCode":768,"time":1395758855424,"expires":1395759272000,"signMessageLong":"72  Killingsworth/82nd to Swan Island-Shipyards","extraBlockID":null,"locationInScheduleDay":28134,"longitude":-122.6614308,"blockID":7239,"offRoute":false,"nextLocID":5890,"vehicleID":2540,"signMessage":"72 Swan Island","extraTripID":null,"nextStopSeq":92,"routeNumber":72,"vehicleLoad":"unknown","bearing":0,"lastStopSeq":91,"inCongestion":false,"delay":82,"latitude":45.5593284},{"tripID":4418199,"serviceDate":1395730800000,"direction":1,"garage":"POWELL","type":"bus","lastLocID":8009,"messageCode":760,"time":1395758843216,"expires":1395759262000,"signMessageLong":"72  Killingsworth/82nd to Clackamas TC","extraBlockID":null,"locationInScheduleDay":28102,"longitude":-122.5789537,"blockID":7240,"offRoute":false,"nextLocID":7965,"vehicleID":2533,"signMessage":"72 Clackamas TC","extraTripID":null,"nextStopSeq":90,"routeNumber":72,"vehicleLoad":"unknown","bearing":181,"lastStopSeq":89,"inCongestion":false,"delay":60,"latitude":45.4836868},{"tripID":4417874,"serviceDate":1395730800000,"direction":0,"garage":"POWELL","type":"bus","lastLocID":7933,"messageCode":768,"time":1395758855550,"expires":1395759273000,"signMessageLong":"72  Killingsworth/82nd to Swan Island-Shipyards","extraBlockID":null,"locationInScheduleDay":28079,"longitude":-122.5787043,"blockID":7249,"offRoute":false,"nextLocID":8039,"vehicleID":2558,"signMessage":"72 Swan Island","extraTripID":null,"nextStopSeq":58,"routeNumber":72,"vehicleLoad":"unknown","bearing":0,"lastStopSeq":57,"inCongestion":false,"delay":26,"latitude":45.5517152},{"tripID":4418203,"serviceDate":1395730800000,"direction":1,"garage":"POWELL","type":"bus","lastLocID":3144,"messageCode":760,"time":1395758855566,"expires":1395759272000,"signMessageLong":"72  Killingsworth/82nd to Clackamas TC","extraBlockID":null,"locationInScheduleDay":28161,"longitude":-122.6125755,"blockID":7242,"offRoute":false,"nextLocID":3202,"vehicleID":2548,"signMessage":"72 Clackamas TC","extraTripID":null,"nextStopSeq":42,"routeNumber":72,"vehicleLoad":"unknown","bearing":90,"lastStopSeq":41,"inCongestion":false,"delay":109,"latitude":45.5627731},{"tripID":4411569,"serviceDate":1395730800000,"direction":1,"garage":"POWELL","type":"bus","lastLocID":1799,"messageCode":268,"time":1395758843345,"expires":1395759262000,"signMessageLong":"14  Hawthorne to Portland","extraBlockID":null,"locationInScheduleDay":28204,"longitude":-122.6032127,"blockID":1440,"offRoute":false,"nextLocID":1798,"vehicleID":2308,"signMessage":"14 To Portland","extraTripID":null,"nextStopSeq":16,"routeNumber":14,"vehicleLoad":"unknown","bearing":308,"lastStopSeq":15,"inCongestion":false,"delay":162,"latitude":45.4928728},{"tripID":4417879,"serviceDate":1395730800000,"direction":0,"garage":"POWELL","type":"bus","lastLocID":12922,"messageCode":766,"time":1395758840602,"expires":1395759256000,"signMessageLong":"72  Killingsworth/82nd to Swan Island-Anchor St","extraBlockID":null,"locationInScheduleDay":28073,"longitude":-122.5788323,"blockID":7253,"offRoute":false,"nextLocID":7941,"vehicleID":2318,"signMessage":"72 Swan Island","extraTripID":null,"nextStopSeq":3,"routeNumber":72,"vehicleLoad":"unknown","bearing":270,"lastStopSeq":2,"inCongestion":false,"delay":37,"latitude":45.4371867},{"tripID":4411572,"serviceDate":1395730800000,"direction":1,"garage":"POWELL","type":"bus","lastLocID":1831,"messageCode":268,"time":1395758855543,"expires":1395759272000,"signMessageLong":"14  Hawthorne to Portland","extraBlockID":null,"locationInScheduleDay":28052,"longitude":-122.5662917,"blockID":1435,"offRoute":false,"nextLocID":13236,"vehicleID":2316,"signMessage":"14 To Portland","extraTripID":null,"nextStopSeq":2,"routeNumber":14,"vehicleLoad":"unknown","bearing":291,"lastStopSeq":1,"inCongestion":false,"delay":0,"latitude":45.4791765},{"tripID":4419231,"serviceDate":1395730800000,"direction":1,"garage":"CENTER","type":"bus","lastLocID":9481,"messageCode":813,"time":1395758852276,"expires":1395759271000,"signMessageLong":"77  Broadway/Halsey to Montgomery Park","extraBlockID":null,"locationInScheduleDay":28051,"longitude":-122.3982117,"blockID":7705,"offRoute":false,"nextLocID":9471,"vehicleID":2720,"signMessage":"77 Montgomry Pk","extraTripID":null,"nextStopSeq":2,"routeNumber":77,"vehicleLoad":"unknown","bearing":85,"lastStopSeq":1,"inCongestion":false,"delay":0,"latitude":45.5443612},{"tripID":4413881,"serviceDate":1395730800000,"direction":1,"garage":"CENTER","type":"bus","lastLocID":13488,"messageCode":466,"time":1395758864327,"expires":1395759280000,"signMessageLong":"31  Portland","extraBlockID":null,"locationInScheduleDay":28195,"longitude":-122.6600376,"blockID":3101,"offRoute":false,"nextLocID":2171,"vehicleID":2714,"signMessage":"31 To Portland","extraTripID":null,"nextStopSeq":36,"routeNumber":31,"vehicleLoad":"unknown","bearing":344,"lastStopSeq":35,"inCongestion":false,"delay":135,"latitude":45.4996593},{"tripID":4417320,"serviceDate":1395730800000,"direction":1,"garage":"CENTER","type":"bus","lastLocID":7377,"messageCode":788,"time":1395758852275,"expires":1395759271000,"signMessageLong":"70  12th/NE 33rd Ave to Milwaukie","extraBlockID":null,"locationInScheduleDay":28124,"longitude":-122.6306877,"blockID":7007,"offRoute":false,"nextLocID":644,"vehicleID":2709,"signMessage":"70 To Milwaukie","extraTripID":null,"nextStopSeq":32,"routeNumber":70,"vehicleLoad":"unknown","bearing":179,"lastStopSeq":31,"inCongestion":false,"delay":73,"latitude":45.5355531},{"tripID":4417168,"serviceDate":1395730800000,"direction":0,"garage":"CENTER","type":"bus","lastLocID":6589,"messageCode":780,"time":1395758864310,"expires":1395759282000,"signMessageLong":"70  12th/NE 33rd Ave to NE Sunderland","extraBlockID":null,"locationInScheduleDay":28238,"longitude":-122.6536166,"blockID":7001,"offRoute":false,"nextLocID":6592,"vehicleID":2704,"signMessage":"70 To Sunderlnd","extraTripID":null,"nextStopSeq":31,"routeNumber":70,"vehicleLoad":"unknown","bearing":0,"lastStopSeq":30,"inCongestion":false,"delay":176,"latitude":45.5224584},{"tripID":4417171,"serviceDate":1395730800000,"direction":0,"garage":"CENTER","type":"bus","lastLocID":13477,"messageCode":782,"time":1395758861618,"expires":1395759278000,"signMessageLong":"70  12th/NE 33rd Ave to NE Sunderland via 13th & Tacoma","extraBlockID":null,"locationInScheduleDay":28058,"longitude":-122.6407309,"blockID":7003,"offRoute":false,"nextLocID":8225,"vehicleID":2705,"signMessage":"70 To Sunderland via 13th","extraTripID":null,"nextStopSeq":2,"routeNumber":70,"vehicleLoad":"unknown","bearing":81,"lastStopSeq":1,"inCongestion":false,"delay":0,"latitude":45.4448667},{"tripID":4417167,"serviceDate":1395730800000,"direction":0,"garage":"CENTER","type":"bus","lastLocID":7373,"messageCode":783,"time":1395758861610,"expires":1395759277000,"signMessageLong":"70  33rd Ave to NE Sunderland","extraBlockID":null,"locationInScheduleDay":28140,"longitude":-122.6307171,"blockID":7004,"offRoute":false,"nextLocID":7393,"vehicleID":2701,"signMessage":"70 To Sunderlnd","extraTripID":null,"nextStopSeq":55,"routeNumber":70,"vehicleLoad":"unknown","bearing":0,"lastStopSeq":54,"inCongestion":false,"delay":83,"latitude":45.5488235},{"tripID":4419225,"serviceDate":1395730800000,"direction":1,"garage":"CENTER","type":"bus","lastLocID":8483,"messageCode":813,"time":1395758843323,"expires":1395759259000,"signMessageLong":"77  Broadway/Halsey to Montgomery Park","extraBlockID":null,"locationInScheduleDay":27340,"longitude":-122.7069345,"blockID":7704,"offRoute":false,"nextLocID":8484,"vehicleID":2614,"signMessage":"77 Montgomry Pk","extraTripID":null,"nextStopSeq":109,"routeNumber":77,"vehicleLoad":"unknown","bearing":178,"lastStopSeq":108,"inCongestion":false,"delay":0,"latitude":45.5377966},{"tripID":4411317,"serviceDate":1395730800000,"direction":0,"garage":"CENTER","type":"bus","lastLocID":2594,"messageCode":266,"time":1395758849722,"expires":1395759267000,"signMessageLong":"14  Hawthorne to 94th & Foster","extraBlockID":null,"locationInScheduleDay":28101,"longitude":-122.6598924,"blockID":1401,"offRoute":false,"nextLocID":2597,"vehicleID":2608,"signMessage":"14 To 94-Foster","extraTripID":null,"nextStopSeq":5,"routeNumber":14,"vehicleLoad":"unknown","bearing":90,"lastStopSeq":4,"inCongestion":false,"delay":54,"latitude":45.5122413},{"tripID":4417169,"serviceDate":1395730800000,"direction":0,"garage":"CENTER","type":"bus","lastLocID":6867,"messageCode":780,"time":1395758855486,"expires":1395759273000,"signMessageLong":"70  12th/NE 33rd Ave to NE Sunderland","extraBlockID":null,"locationInScheduleDay":28048,"longitude":-122.6484237,"blockID":7010,"offRoute":false,"nextLocID":6861,"vehicleID":2623,"signMessage":"70 To Sunderlnd","extraTripID":null,"nextStopSeq":19,"routeNumber":70,"vehicleLoad":"unknown","bearing":0,"lastStopSeq":18,"inCongestion":false,"delay":-5,"latitude":45.4815029},{"tripID":4419229,"serviceDate":1395730800000,"direction":1,"garage":"CENTER","type":"bus","lastLocID":6226,"messageCode":813,"time":1395758843289,"expires":1395759259000,"signMessageLong":"77  Broadway/Halsey to Montgomery Park","extraBlockID":null,"locationInScheduleDay":27990,"longitude":-122.5469742,"blockID":7707,"offRoute":false,"nextLocID":6225,"vehicleID":2653,"signMessage":"77 Montgomry Pk","extraTripID":null,"nextStopSeq":43,"routeNumber":77,"vehicleLoad":"unknown","bearing":298,"lastStopSeq":42,"inCongestion":false,"delay":-49,"latitude":45.5339572},{"tripID":4417319,"serviceDate":1395730800000,"direction":1,"garage":"CENTER","type":"bus","lastLocID":8937,"messageCode":789,"time":1395758828788,"expires":1395759245000,"signMessageLong":"70  12th Ave to Milwaukie via 17th & Tacoma","extraBlockID":null,"locationInScheduleDay":27985,"longitude":-122.6545282,"blockID":7009,"offRoute":false,"nextLocID":6583,"vehicleID":2626,"signMessage":"70 To Milw via 17","extraTripID":null,"nextStopSeq":45,"routeNumber":70,"vehicleLoad":"unknown","bearing":163,"lastStopSeq":44,"inCongestion":false,"delay":-40,"latitude":45.5293711},{"tripID":4419228,"serviceDate":1395730800000,"direction":1,"garage":"CENTER","type":"bus","lastLocID":2432,"messageCode":813,"time":1395758846571,"expires":1395759263000,"signMessageLong":"77  Broadway/Halsey to Montgomery Park","extraBlockID":null,"locationInScheduleDay":27747,"longitude":-122.6053616,"blockID":7703,"offRoute":false,"nextLocID":2431,"vehicleID":2630,"signMessage":"77 Montgomry Pk","extraTripID":null,"nextStopSeq":62,"routeNumber":77,"vehicleLoad":"unknown","bearing":270,"lastStopSeq":61,"inCongestion":false,"delay":-296,"latitude":45.5337223},{"tripID":4419090,"serviceDate":1395730800000,"direction":0,"garage":"CENTER","type":"bus","lastLocID":2389,"messageCode":809,"time":1395758840548,"expires":1395759257000,"signMessageLong":"77  Broadway/Halsey to Troutdale","extraBlockID":null,"locationInScheduleDay":27974,"longitude":-122.501246,"blockID":7706,"offRoute":false,"nextLocID":2391,"vehicleID":2632,"signMessage":"77 To Troutdale","extraTripID":null,"nextStopSeq":72,"routeNumber":77,"vehicleLoad":"unknown","bearing":90,"lastStopSeq":71,"inCongestion":false,"delay":-63,"latitude":45.533666},{"tripID":4417870,"serviceDate":1395730800000,"direction":0,"garage":"POWELL","type":"bus","lastLocID":1042,"messageCode":768,"time":1395758861595,"expires":1395759278000,"signMessageLong":"72  Killingsworth/82nd to Swan Island-Shipyards","extraBlockID":null,"locationInScheduleDay":27719,"longitude":-122.7040459,"blockID":7237,"offRoute":false,"nextLocID":1041,"vehicleID":3004,"signMessage":"72 Swan Island","extraTripID":null,"nextStopSeq":117,"routeNumber":72,"vehicleLoad":"unknown","bearing":94,"lastStopSeq":116,"inCongestion":false,"delay":0,"latitude":45.5566778},{"tripID":4413882,"serviceDate":1395730800000,"direction":1,"garage":"POWELL","type":"bus","lastLocID":3229,"messageCode":464,"time":1395758858620,"expires":1395759276000,"signMessageLong":"31  To Portland via Milwaukie","extraBlockID":null,"locationInScheduleDay":27995,"longitude":-122.5925959,"blockID":3136,"offRoute":false,"nextLocID":3249,"vehicleID":3007,"signMessage":"31 To Portland","extraTripID":null,"nextStopSeq":8,"routeNumber":31,"vehicleLoad":"unknown","bearing":288,"lastStopSeq":7,"inCongestion":false,"delay":-61,"latitude":45.4478624},{"tripID":4417878,"serviceDate":1395730800000,"direction":0,"garage":"POWELL","type":"bus","lastLocID":8029,"messageCode":766,"time":1395758840386,"expires":1395759257000,"signMessageLong":"72  Killingsworth/82nd to Swan Island-Anchor St","extraBlockID":null,"locationInScheduleDay":28094,"longitude":-122.5789143,"blockID":7251,"offRoute":false,"nextLocID":8040,"vehicleID":3003,"signMessage":"72 Swan Island","extraTripID":null,"nextStopSeq":24,"routeNumber":72,"vehicleLoad":"unknown","bearing":1,"lastStopSeq":23,"inCongestion":false,"delay":57,"latitude":45.4860909},{"tripID":4417873,"serviceDate":1395730800000,"direction":0,"garage":"POWELL","type":"bus","lastLocID":3192,"messageCode":766,"time":1395758849649,"expires":1395759266000,"signMessageLong":"72  Killingsworth/82nd to Swan Island-Anchor St","extraBlockID":null,"locationInScheduleDay":28125,"longitude":-122.6314019,"blockID":7241,"offRoute":false,"nextLocID":3189,"vehicleID":3048,"signMessage":"72 Swan Island","extraTripID":null,"nextStopSeq":79,"routeNumber":72,"vehicleLoad":"unknown","bearing":269,"lastStopSeq":78,"inCongestion":false,"delay":79,"latitude":45.5627208},{"tripID":4418201,"serviceDate":1395730800000,"direction":1,"garage":"POWELL","type":"bus","lastLocID":8043,"messageCode":760,"time":1395758843196,"expires":1395759259000,"signMessageLong":"72  Killingsworth/82nd to Clackamas TC","extraBlockID":null,"locationInScheduleDay":28039,"longitude":-122.5789939,"blockID":7235,"offRoute":false,"nextLocID":8000,"vehicleID":3053,"signMessage":"72 Clackamas TC","extraTripID":null,"nextStopSeq":65,"routeNumber":72,"vehicleLoad":"unknown","bearing":180,"lastStopSeq":64,"inCongestion":false,"delay":0,"latitude":45.5357769},{"tripID":4417871,"serviceDate":1395730800000,"direction":0,"garage":"POWELL","type":"bus","lastLocID":2202,"messageCode":766,"time":1395758855380,"expires":1395759273000,"signMessageLong":"72  Killingsworth/82nd to Swan Island-Anchor St","extraBlockID":null,"locationInScheduleDay":28053,"longitude":-122.6935016,"blockID":7245,"offRoute":false,"nextLocID":2161,"vehicleID":3052,"signMessage":"72 Swan Island","extraTripID":null,"nextStopSeq":107,"routeNumber":72,"vehicleLoad":"unknown","bearing":173,"lastStopSeq":106,"inCongestion":false,"delay":0,"latitude":45.558248},{"tripID":4417875,"serviceDate":1395730800000,"direction":0,"garage":"POWELL","type":"bus","lastLocID":7955,"messageCode":766,"time":1395758846428,"expires":1395759263000,"signMessageLong":"72  Killingsworth/82nd to Swan Island-Anchor St","extraBlockID":null,"locationInScheduleDay":28093,"longitude":-122.5790636,"blockID":7234,"offRoute":false,"nextLocID":7972,"vehicleID":3054,"signMessage":"72 Swan Island","extraTripID":null,"nextStopSeq":44,"routeNumber":72,"vehicleLoad":"unknown","bearing":0,"lastStopSeq":43,"inCongestion":false,"delay":50,"latitude":45.5259171},{"tripID":4419091,"serviceDate":1395730800000,"direction":0,"garage":"POWELL","type":"bus","lastLocID":2440,"messageCode":809,"time":1395758858720,"expires":1395759275000,"signMessageLong":"77  Broadway/Halsey to Troutdale","extraBlockID":null,"locationInScheduleDay":27969,"longitude":-122.5967434,"blockID":7734,"offRoute":false,"nextLocID":2442,"vehicleID":3046,"signMessage":"77 To Troutdale","extraTripID":null,"nextStopSeq":45,"routeNumber":77,"vehicleLoad":"unknown","bearing":91,"lastStopSeq":44,"inCongestion":false,"delay":-86,"latitude":45.5336799},{"tripID":4419226,"serviceDate":1395730800000,"direction":1,"garage":"POWELL","type":"bus","lastLocID":4788,"messageCode":813,"time":1395758849639,"expires":1395759266000,"signMessageLong":"77  Broadway/Halsey to Montgomery Park","extraBlockID":null,"locationInScheduleDay":27935,"longitude":-122.6983796,"blockID":7738,"offRoute":false,"nextLocID":10972,"vehicleID":3035,"signMessage":"77 Montgomry Pk","extraTripID":null,"nextStopSeq":101,"routeNumber":77,"vehicleLoad":"unknown","bearing":268,"lastStopSeq":100,"inCongestion":false,"delay":-111,"latitude":45.5355041},{"tripID":4411570,"serviceDate":1395730800000,"direction":1,"garage":"POWELL","type":"bus","lastLocID":1818,"messageCode":268,"time":1395758858640,"expires":1395759276000,"signMessageLong":"14  Hawthorne to Portland","extraBlockID":null,"locationInScheduleDay":28118,"longitude":-122.5818309,"blockID":1434,"offRoute":false,"nextLocID":1815,"vehicleID":3027,"signMessage":"14 To Portland","extraTripID":null,"nextStopSeq":7,"routeNumber":14,"vehicleLoad":"unknown","bearing":298,"lastStopSeq":6,"inCongestion":false,"delay":62,"latitude":45.4839365},{"tripID":4417877,"serviceDate":1395730800000,"direction":0,"garage":"POWELL","type":"bus","lastLocID":7962,"messageCode":766,"time":1395758858650,"expires":1395759276000,"signMessageLong":"72  Killingsworth/82nd to Swan Island-Anchor St","extraBlockID":null,"locationInScheduleDay":28080,"longitude":-122.5790515,"blockID":7243,"offRoute":false,"nextLocID":7982,"vehicleID":3025,"signMessage":"72 Swan Island","extraTripID":null,"nextStopSeq":16,"routeNumber":72,"vehicleLoad":"unknown","bearing":0,"lastStopSeq":15,"inCongestion":false,"delay":24,"latitude":45.4684883},{"tripID":4419227,"serviceDate":1395730800000,"direction":1,"garage":"CENTER","type":"bus","lastLocID":11492,"messageCode":813,"time":1395758849663,"expires":1395759267000,"signMessageLong":"77  Broadway/Halsey to Montgomery Park","extraBlockID":null,"locationInScheduleDay":28183,"longitude":-122.6658934,"blockID":7702,"offRoute":false,"nextLocID":2592,"vehicleID":2005,"signMessage":"77 Montgomry Pk","extraTripID":null,"nextStopSeq":86,"routeNumber":77,"vehicleLoad":"unknown","bearing":193,"lastStopSeq":85,"inCongestion":false,"delay":136,"latitude":45.5304593},{"tripID":4411568,"serviceDate":1395730800000,"direction":1,"garage":"CENTER","type":"bus","lastLocID":7659,"messageCode":268,"time":1395758828666,"expires":1395759245000,"signMessageLong":"14  Hawthorne to Portland","extraBlockID":null,"locationInScheduleDay":28084,"longitude":-122.6112802,"blockID":1402,"offRoute":false,"nextLocID":12917,"vehicleID":2014,"signMessage":"14 To Portland","extraTripID":null,"nextStopSeq":23,"routeNumber":14,"vehicleLoad":"unknown","bearing":359,"lastStopSeq":22,"inCongestion":false,"delay":59,"latitude":45.5079414}],"queryTime":1395758868952}}
