{"resultSet":{"vehicle":[{"tripID":4411566,"serviceDate":1395730800000,"direction":1,"garage":"POWELL","type":"bus","lastLocID":2616,"messageCode":268,"time":1395758681684,"expires":1395759097000,"signMessageLong":"14  Hawthorne to Portland","extraBlockID":null,"locationInScheduleDay":27876,"longitude":-122.6360983,"blockID":1436,"offRoute":false,"nextLocID":2613,"vehicleID":2206,"signMessage":"14 To Portland","extraTripID":null,"nextStopSeq":33,"routeNumber":14,"vehicleLoad":"unknown","bearing":270,"lastStopSeq":32,"inCongestion":false,"delay":-1,"latitude":45.5120706},{"tripID":4419089,"serviceDate":1395730800000,"direction":0,"garage":"POWELL","type":"bus","lastLocID":13532,"messageCode":809,"time":1395758675080,"expires":1395759092000,"signMessageLong":"77  Broadway/Halsey to Troutdale","extraBlockID":null,"locationInScheduleDay":27938,"longitude":-122.3905121,"blockID":7735,"offRoute":false,"nextLocID":9470,"vehicleID":2222,"signMessage":"77 To Troutdale","extraTripID":null,"nextStopSeq":99,"routeNumber":77,"vehicleLoad":"unknown","bearing":0,"lastStopSeq":98,"inCongestion":false,"delay":66,"latitude":45.5412391},{"tripID":4419092,"serviceDate":1395730800000,"direction":0,"garage":"POWELL","type":"bus","lastLocID":13708,"messageCode":809,"time":1395758663359,"expires":1395759080000,"signMessageLong":"77  Broadway/Halsey to Troutdale","extraBlockID":null,"locationInScheduleDay":27773,"longitude":-122.6631403,"blockID":7736,"offRoute":false,"nextLocID":4042,"vehicleID":2221,"signMessage":"77 To Troutdale","extraTripID":null,"nextStopSeq":21,"routeNumber":77,"vehicleLoad":"unknown","bearing":54,"lastStopSeq":20,"inCongestion":false,"delay":-87,"latitude":45.530983},{"tripID":4411565,"serviceDate":1395730800000,"direction":1,"garage":"POWELL","type":"bus","lastLocID":3641,"messageCode":268,"time":1395758681686,"expires":1395759094000,"signMessageLong":"14  Hawthorne to Portland","extraBlockID":null,"locationInScheduleDay":27852,"longitude":-122.6584655,"blockID":1438,"offRoute":false,"nextLocID":3633,"vehicleID":2220,"signMessage":"14 To Portland","extraTripID":null,"nextStopSeq":41,"routeNumber":14,"vehicleLoad":"unknown","bearing":270,"lastStopSeq":40,"inCongestion":false,"delay":-22,"latitude":45.5129222},{"tripID":4418202,"serviceDate":1395730800000,"direction":1,"garage":"POWELL","type":"bus","lastLocID":3211,"messageCode":760,"time":1395758675040,"expires":1395759092000,"signMessageLong":"72  Killingsworth/82nd to Clackamas TC","extraBlockID":null,"locationInScheduleDay":28014,"longitude":-122.5849853,"blockID":7248,"offRoute":false,"nextLocID":3186,"vehicleID":2215,"signMessage":"72 Clackamas TC","extraTripID":null,"nextStopSeq":50,"routeNumber":72,"vehicleLoad":"unknown","bearing":90,"lastStopSeq":49,"inCongestion":false,"delay":142,"latitude":45.562666},{"tripID":4411316,"serviceDate":1395730800000,"direction":0,"garage":"POWELL","type":"bus","lastLocID":1792,"messageCode":266,"time":1395758666210,"expires":1395759085000,"signMessageLong":"14  Hawthorne to 94th & Foster","extraBlockID":null,"locationInScheduleDay":27872,"longitude":-122.6092711,"blockID":1437,"offRoute":false,"nextLocID":1794,"vehicleID":2264,"signMessage":"14 To 94-Foster","extraTripID":null,"nextStopSeq":30,"routeNumber":14,"vehicleLoad":"unknown","bearing":133,"lastStopSeq":29,"inCongestion":false,"delay":7,"latitude":45.4958603},{"tripID":4418200,"serviceDate":1395730800000,"direction":1,"garage":"POWELL","type":"bus","lastLocID":7973,"messageCode":760,"time":1395758681771,"expires":1395759095000,"signMessageLong":"72  Killingsworth/82nd to Clackamas TC","extraBlockID":null,"locationInScheduleDay":27841,"longitude":-122.5790573,"blockID":7247,"offRoute":false,"nextLocID":7956,"vehicleID":2250,"signMessage":"72 Clackamas TC","extraTripID":null,"nextStopSeq":69,"routeNumber":72,"vehicleLoad":"unknown","bearing":180,"lastStopSeq":68,"inCongestion":false,"delay":-34,"latitude":45.5267627},{"tripID":4417876,"serviceDate":1395730800000,"direction":0,"garage":"POWELL","type":"bus","lastLocID":8040,"messageCode":766,"time":1395758668855,"expires":1395759087000,"signMessageLong":"72  Killingsworth/82nd to Swan Island-Anchor St","extraBlockID":null,"locationInScheduleDay":27766,"longitude":-122.5788728,"blockID":7250,"offRoute":false,"nextLocID":7984,"vehicleID":2242,"signMessage":"72 Swan Island","extraTripID":null,"nextStopSeq":25,"routeNumber":72,"vehicleLoad":"unknown","bearing":0,"lastStopSeq":24,"inCongestion":false,"delay":-101,"latitude":45.4878665},{"tripID":4418198,"serviceDate":1395730800000,"direction":1,"garage":"POWELL","type":"bus","lastLocID":7952,"messageCode":760,"time":1395758671931,"expires":1395759091000,"signMessageLong":"72  Killingsworth/82nd to Clackamas TC","extraBlockID":null,"locationInScheduleDay":27928,"longitude":-122.5790704,"blockID":7246,"offRoute":false,"nextLocID":7996,"vehicleID":2296,"signMessage":"72 Clackamas TC","extraTripID":null,"nextStopSeq":102,"routeNumber":72,"vehicleLoad":"unknown","bearing":180,"lastStopSeq":101,"inCongestion":false,"delay":57,"latitude":45.4600242},{"tripID":4419093,"serviceDate":1395730800000,"direction":0,"garage":"POWELL","type":"bus","lastLocID":7121,"messageCode":809,"time":1395758675118,"expires":1395759093000,"signMessageLong":"77  Broadway/Halsey to Troutdale","extraBlockID":null,"locationInScheduleDay":27960,"longitude":-122.6945661,"blockID":7737,"offRoute":false,"nextLocID":7114,"vehicleID":2285,"signMessage":"77 To Troutdale","extraTripID":null,"nextStopSeq":9,"routeNumber":77,"vehicleLoad":"unknown","bearing":179,"lastStopSeq":8,"inCongestion":false,"delay":87,"latitude":45.5299711},{"tripID":4418205,"serviceDate":1395730800000,"direction":1,"garage":"POWELL","type":"bus","lastLocID":115,"messageCode":760,"time":1395758663513,"expires":1395759082000,"signMessageLong":"72  Killingsworth/82nd to Clackamas TC","extraBlockID":null,"locationInScheduleDay":28083,"longitude":-122.703766,"blockID":7252,"offRoute":false,"nextLocID":8681,"vehicleID":2283,"signMessage":"72 Clackamas TC","extraTripID":null,"nextStopSeq":2,"routeNumber":72,"vehicleLoad":"unknown","bearing":147,"lastStopSeq":1,"inCongestion":false,"delay":221,"latitude":45.5566154},{"tripID":4418204,"serviceDate":1395730800000,"direction":1,"garage":"POWELL","type":"bus","lastLocID":3169,"messageCode":760,"time":1395758663494,"expires":1395759080000,"signMessageLong":"72  Killingsworth/82nd to Clackamas TC","extraBlockID":null,"locationInScheduleDay":27845,"longitude":-122.6787894,"blockID":7244,"offRoute":false,"nextLocID":3173,"vehicleID":2276,"signMessage":"72 Clackamas TC","extraTripID":null,"nextStopSeq":13,"routeNumber":72,"vehicleLoad":"unknown","bearing":89,"lastStopSeq":12,"inCongestion":false,"delay":-15,"latitude":45.5626711},{"tripID":4411567,"serviceDate":1395730800000,"direction":1,"garage":"POWELL","type":"bus","lastLocID":2629,"messageCode":268,"time":1395758666243,"expires":1395759084000,"signMessageLong":"14  Hawthorne to Portland","extraBlockID":null,"locationInScheduleDay":27930,"longitude":-122.6214687,"blockID":1439,"offRoute":false,"nextLocID":2626,"vehicleID":2275,"signMessage":"14 To Portland","extraTripID":null,"nextStopSeq":28,"routeNumber":14,"vehicleLoad":"unknown","bearing":270,"lastStopSeq":27,"inCongestion":false,"delay":66,"latitude":45.5120449},{"tripID":4417318,"serviceDate":1395730800000,"direction":1,"garage":"CENTER","type":"bus","lastLocID":6544,"messageCode":790,"time":1395758674966,"expires":1395759092000,"signMessageLong":"70  12th Ave to Milwaukie via 13th & Tacoma","extraBlockID":null,"locationInScheduleDay":27978,"longitude":-122.6542296,"blockID":7005,"offRoute":false,"nextLocID":10472,"vehicleID":2132,"signMessage":"70 To Milw via 13","extraTripID":null,"nextStopSeq":57,"routeNumber":70,"vehicleLoad":"unknown","bearing":179,"lastStopSeq":56,"inCongestion":false,"delay":106,"latitude":45.5023591},{"tripID":4413880,"serviceDate":1395730800000,"direction":1,"garage":"CENTER","type":"bus","lastLocID":11956,"messageCode":467,"time":1395758668792,"expires":1395759087000,"signMessageLong":"31  Downtown Only","extraBlockID":null,"locationInScheduleDay":27499,"longitude":-122.679849,"blockID":3002,"offRoute":false,"nextLocID":7800,"vehicleID":2134,"signMessage":"31 Downtown Only","extraTripID":null,"nextStopSeq":5,"routeNumber":31,"vehicleLoad":"unknown","bearing":20,"lastStopSeq":4,"inCongestion":false,"delay":-368,"latitude":45.5168619},{"tripID":4417166,"serviceDate":1395730800000,"direction":0,"garage":"CENTER","type":"bus","lastLocID":8883,"messageCode":783,"time":1395758663182,"expires":1395759080000,"signMessageLong":"70  33rd Ave to NE Sunderland","extraBlockID":null,"locationInScheduleDay":27589,"longitude":-122.642966,"blockID":7006,"offRoute":false,"nextLocID":8854,"vehicleID":2150,"signMessage":"70 To Sunderlnd","extraTripID":null,"nextStopSeq":71,"routeNumber":70,"vehicleLoad":"unknown","bearing":119,"lastStopSeq":70,"inCongestion":false,"delay":-271,"latitude":45.5820429},{"tripID":4417170,"serviceDate":1395730800000,"direction":0,"garage":"CENTER","type":"bus","lastLocID":13477,"messageCode":781,"time":1395758663233,"expires":1395759080000,"signMessageLong":"70  12th/NE 33rd Ave to NE Sunderland via 17th & Tacoma","extraBlockID":null,"locationInScheduleDay":27860,"longitude":-122.6407309,"blockID":7008,"offRoute":false,"nextLocID":8225,"vehicleID":2506,"signMessage":"70 To Sunderland via 17th","extraTripID":null,"nextStopSeq":2,"routeNumber":70,"vehicleLoad":"unknown","bearing":81,"lastStopSeq":1,"inCongestion":false,"delay":0,"latitude":45.4448667},{"tripID":4418197,"serviceDate":1395730800000,"direction":1,"garage":"POWELL","type":"bus","lastLocID":12921,"messageCode":760,"time":1395758681627,"expires":1395759098000,"signMessageLong":"72  Killingsworth/82nd to Clackamas TC","extraBlockID":null,"locationInScheduleDay":28051,"longitude":-122.5696357,"blockID":7238,"offRoute":false,"nextLocID":13247,"vehicleID":2527,"signMessage":"72 Clackamas TC","extraTripID":null,"nextStopSeq":111,"routeNumber":72,"vehicleLoad":"unknown","bearing":91,"lastStopSeq":110,"inCongestion":false,"delay":0,"latitude":45.4371792},{"tripID":4417321,"serviceDate":1395730800000,"direction":1,"garage":"CENTER","type":"bus","lastLocID":9368,"messageCode":788,"time":1395758465212,"expires":1395758882000,"signMessageLong":"70  12th/NE 33rd Ave to Milwaukie","extraBlockID":null,"locationInScheduleDay":27660,"longitude":-122.6357648,"blockID":7002,"offRoute":false,"nextLocID":9414,"vehicleID":2524,"signMessage":"70 To Milwaukie","extraTripID":null,"nextStopSeq":2,"routeNumber":70,"vehicleLoad":"unknown","bearing":180,"lastStopSeq":1,"inCongestion":false,"delay":-2,"latitude":45.5898735},{"tripID":4419230,"serviceDate":1395730800000,"direction":1,"garage":"CENTER","type":"bus","lastLocID":2342,"messageCode":813,"time":1395758671922,"expires":1395759091000,"signMessageLong":"77  Broadway/Halsey to Montgomery Park","extraBlockID":null,"locationInScheduleDay":27930,"longitude":-122.4366258,"blockID":7701,"offRoute":false,"nextLocID":2437,"vehicleID":2512,"signMessage":"77 Montgomry Pk","extraTripID":null,"nextStopSeq":14,"routeNumber":77,"vehicleLoad":"unknown","bearing":269,"lastStopSeq":13,"inCongestion":false,"delay":59,"latitude":45.5343761},{"tripID":4417872,"serviceDate":1395730800000,"direction":0,"garage":"POWELL","type":"bus","lastLocID":11472,"messageCode":768,"time":1395758675037,"expires":1395759092000,"signMessageLong":"72  Killingsworth/82nd to Swan Island-Shipyards","extraBlockID":null,"locationInScheduleDay":27848,"longitude":-122.6450113,"blockID":7239,"offRoute":false,"nextLocID":55,"vehicleID":2540,"signMessage":"72 Swan Island","extraTripID":null,"nextStopSeq":86,"routeNumber":72,"vehicleLoad":"unknown","bearing":270,"lastStopSeq":85,"inCongestion":false,"delay":-24,"latitude":45.5590822},{"tripID":4418199,"serviceDate":1395730800000,"direction":1,"garage":"POWELL","type":"bus","lastLocID":13707,"messageCode":760,"time":1395758663328,"expires":1395759082000,"signMessageLong":"72  Killingsworth/82nd to Clackamas TC","extraBlockID":null,"locationInScheduleDay":27948,"longitude":-122.5787988,"blockID":7240,"offRoute":false,"nextLocID":8237,"vehicleID":2533,"signMessage":"72 Clackamas TC","extraTripID":null,"nextStopSeq":85,"routeNumber":72,"vehicleLoad":"unknown","bearing":180,"lastStopSeq":84,"inCongestion":false,"delay":86,"latitude":45.4926703},{"tripID":4417874,"serviceDate":1395730800000,"direction":0,"garage":"POWELL","type":"bus","lastLocID":8055,"messageCode":768,"time":1395758675197,"expires":1395759093000,"signMessageLong":"72  Killingsworth/82nd to Swan Island-Shipyards","extraBlockID":null,"locationInScheduleDay":27838,"longitude":-122.5789825,"blockID":7249,"offRoute":false,"nextLocID":8036,"vehicleID":2558,"signMessage":"72 Swan Island","extraTripID":null,"nextStopSeq":51,"routeNumber":72,"vehicleLoad":"unknown","bearing":0,"lastStopSeq":50,"inCongestion":false,"delay":-35,"latitude":45.5371174},{"tripID":4418203,"serviceDate":1395730800000,"direction":1,"garage":"POWELL","type":"bus","lastLocID":7327,"messageCode":760,"time":1395758675190,"expires":1395759092000,"signMessageLong":"72  Killingsworth/82nd to Clackamas TC","extraBlockID":null,"locationInScheduleDay":27872,"longitude":-122.6348964,"blockID":7242,"offRoute":false,"nextLocID":7329,"vehicleID":2548,"signMessage":"72 Clackamas TC","extraTripID":null,"nextStopSeq":34,"routeNumber":72,"vehicleLoad":"unknown","bearing":359,"lastStopSeq":33,"inCongestion":false,"delay":0,"latitude":45.5623329},{"tripID":4411569,"serviceDate":1395730800000,"direction":1,"garage":"POWELL","type":"bus","lastLocID":12948,"messageCode":268,"time":1395758663575,"expires":1395759082000,"signMessageLong":"14  Hawthorne to Portland","extraBlockID":null,"locationInScheduleDay":27944,"longitude":-122.5891294,"blockID":1440,"offRoute":false,"nextLocID":1811,"vehicleID":2308,"signMessage":"14 To Portland","extraTripID":null,"nextStopSeq":9,"routeNumber":14,"vehicleLoad":"unknown","bearing":298,"lastStopSeq":8,"inCongestion":false,"delay":82,"latitude":45.4864944},{"tripID":4417879,"serviceDate":1395730800000,"direction":0,"garage":"POWELL","type":"bus","lastLocID":13248,"messageCode":766,"time":1395758663561,"expires":1395759080000,"signMessageLong":"72  Killingsworth/82nd to Swan Island-Anchor St","extraBlockID":null,"locationInScheduleDay":27895,"longitude":-122.5692253,"blockID":7253,"offRoute":false,"nextLocID":12922,"vehicleID":2318,"signMessage":"72 Swan Island","extraTripID":null,"nextStopSeq":2,"routeNumber":72,"vehicleLoad":"unknown","bearing":357,"lastStopSeq":1,"inCongestion":false,"delay":35,"latitude":45.4367486},{"tripID":4411572,"serviceDate":1395730800000,"direction":1,"garage":"POWELL","type":"bus","lastLocID":1831,"messageCode":268,"time":1395758675170,"expires":1395759092000,"signMessageLong":"14  Hawthorne to Portland","extraBlockID":null,"locationInScheduleDay":27872,"longitude":-122.5662917,"blockID":1435,"offRoute":false,"nextLocID":13236,"vehicleID":2316,"signMessage":"14 To Portland","extraTripID":null,"nextStopSeq":2,"routeNumber":14,"vehicleLoad":"unknown","bearing":291,"lastStopSeq":1,"inCongestion":false,"delay":0,"latitude":45.4791765},{"tripID":4419231,"serviceDate":1395730800000,"direction":1,"garage":"CENTER","type":"bus","lastLocID":9481,"messageCode":813,"time":1395758671923,"expires":1395759091000,"signMessageLong":"77  Broadway/Halsey to Montgomery Park","extraBlockID":null,"locationInScheduleDay":27871,"longitude":-122.3982117,"blockID":7705,"offRoute":false,"nextLocID":9471,"vehicleID":2720,"signMessage":"77 Montgomry Pk","extraTripID":null,"nextStopSeq":2,"routeNumber":77,"vehicleLoad":"unknown","bearing":85,"lastStopSeq":1,"inCongestion":false,"delay":0,"latitude":45.5443612},{"tripID":4413881,"serviceDate":1395730800000,"direction":1,"garage":"CENTER","type":"bus","lastLocID":3837,"messageCode":466,"time":1395758684108,"expires":1395759100000,"signMessageLong":"31  Portland","extraBlockID":null,"locationInScheduleDay":28019,"longitude":-122.6552177,"blockID":3101,"offRoute":false,"nextLocID":13488,"vehicleID":2714,"signMessage":"31 To Portland","extraTripID":null,"nextStopSeq":35,"routeNumber":31,"vehicleLoad":"unknown","bearing":321,"lastStopSeq":34,"inCongestion":false,"delay":139,"latitude":45.4910456},{"tripID":4417320,"serviceDate":1395730800000,"direction":1,"garage":"CENTER","type":"bus","lastLocID":7374,"messageCode":788,"time":1395758671919,"expires":1395759091000,"signMessageLong":"70  12th/NE 33rd Ave to Milwaukie","extraBlockID":null,"locationInScheduleDay":27850,"longitude":-122.6307184,"blockID":7007,"offRoute":false,"nextLocID":7396,"vehicleID":2709,"signMessage":"70 To Milwaukie","extraTripID":null,"nextStopSeq":26,"routeNumber":70,"vehicleLoad":"unknown","bearing":179,"lastStopSeq":25,"inCongestion":false,"delay":-21,"latitude":45.547928},{"tripID":4417168,"serviceDate":1395730800000,"direction":0,"garage":"CENTER","type":"bus","lastLocID":6585,"messageCode":780,"time":1395758684089,"expires":1395759102000,"signMessageLong":"70  12th/NE 33rd Ave to NE Sunderland","extraBlockID":null,"locationInScheduleDay":28027,"longitude":-122.6536677,"blockID":7001,"offRoute":false,"nextLocID":6588,"vehicleID":2704,"signMessage":"70 To Sunderlnd","extraTripID":null,"nextStopSeq":28,"routeNumber":70,"vehicleLoad":"unknown","bearing":0,"lastStopSeq":27,"inCongestion":false,"delay":145,"latitude":45.5153764},{"tripID":4417317,"serviceDate":1395730800000,"direction":1,"garage":"CENTER","type":"bus","lastLocID":6872,"messageCode":791,"time":1395758681522,"expires":1395759098000,"signMessageLong":"70  To Milwaukie","extraBlockID":null,"locationInScheduleDay":27867,"longitude":-122.6432371,"blockID":7003,"offRoute":false,"nextLocID":13477,"vehicleID":2705,"signMessage":"70 To Milwaukie","extraTripID":null,"nextStopSeq":79,"routeNumber":70,"vehicleLoad":"unknown","bearing":111,"lastStopSeq":78,"inCongestion":false,"delay":0,"latitude":45.4453997},{"tripID":4417167,"serviceDate":1395730800000,"direction":0,"garage":"CENTER","type":"bus","lastLocID":638,"messageCode":783,"time":1395758681515,"expires":1395759097000,"signMessageLong":"70  33rd Ave to NE Sunderland","extraBlockID":null,"locationInScheduleDay":27897,"longitude":-122.634113,"blockID":7004,"offRoute":false,"nextLocID":642,"vehicleID":2701,"signMessage":"70 To Sunderlnd","extraTripID":null,"nextStopSeq":47,"routeNumber":70,"vehicleLoad":"unknown","bearing":89,"lastStopSeq":46,"inCongestion":false,"delay":20,"latitude":45.5351591},{"tripID":4419225,"serviceDate":1395730800000,"direction":1,"garage":"CENTER","type":"bus","lastLocID":8483,"messageCode":813,"time":1395758663545,"expires":1395759081000,"signMessageLong":"77  Broadway/Halsey to Montgomery Park","extraBlockID":null,"locationInScheduleDay":27340,"longitude":-122.7069345,"blockID":7704,"offRoute":false,"nextLocID":8484,"vehicleID":2614,"signMessage":"77 Montgomry Pk","extraTripID":null,"nextStopSeq":109,"routeNumber":77,"vehicleLoad":"unknown","bearing":178,"lastStopSeq":108,"inCongestion":false,"delay":0,"latitude":45.5377966},{"tripID":4411317,"serviceDate":1395730800000,"direction":0,"garage":"CENTER","type":"bus","lastLocID":3635,"messageCode":266,"time":1395758668891,"expires":1395759087000,"signMessageLong":"14  Hawthorne to 94th & Foster","extraBlockID":null,"locationInScheduleDay":27946,"longitude":-122.6691466,"blockID":1401,"offRoute":false,"nextLocID":2641,"vehicleID":2608,"signMessage":"14 To 94-Foster","extraTripID":null,"nextStopSeq":3,"routeNumber":14,"vehicleLoad":"unknown","bearing":110,"lastStopSeq":2,"inCongestion":false,"delay":79,"latitude":45.5127044},{"tripID":4417169,"serviceDate":1395730800000,"direction":0,"garage":"CENTER","type":"bus","lastLocID":844,"messageCode":782,"time":1395758675108,"expires":1395759093000,"signMessageLong":"70  12th/NE 33rd Ave to NE Sunderland via 13th & Tacoma","extraBlockID":null,"locationInScheduleDay":27854,"longitude":-122.6493042,"blockID":7010,"offRoute":false,"nextLocID":839,"vehicleID":2623,"signMessage":"70 To Sunderland via 13th","extraTripID":null,"nextStopSeq":15,"routeNumber":70,"vehicleLoad":"unknown","bearing":88,"lastStopSeq":14,"inCongestion":false,"delay":-19,"latitude":45.4737095},{"tripID":4419229,"serviceDate":1395730800000,"direction":1,"garage":"CENTER","type":"bus","lastLocID":2369,"messageCode":813,"time":1395758663459,"expires":1395759080000,"signMessageLong":"77  Broadway/Halsey to Montgomery Park","extraBlockID":null,"locationInScheduleDay":27864,"longitude":-122.5342604,"blockID":7707,"offRoute":false,"nextLocID":2352,"vehicleID":2653,"signMessage":"77 Montgomry Pk","extraTripID":null,"nextStopSeq":38,"routeNumber":77,"vehicleLoad":"unknown","bearing":269,"lastStopSeq":37,"inCongestion":false,"delay":4,"latitude":45.5335553},{"tripID":4417319,"serviceDate":1395730800000,"direction":1,"garage":"CENTER","type":"bus","lastLocID":4045,"messageCode":788,"time":1395758681910,"expires":1395759096000,"signMessageLong":"70  12th/NE 33rd Ave to Milwaukie","extraBlockID":null,"locationInScheduleDay":27851,"longitude":-122.6542619,"blockID":7009,"offRoute":false,"nextLocID":4044,"vehicleID":2626,"signMessage":"70 To Milwaukie","extraTripID":null,"nextStopSeq":43,"routeNumber":70,"vehicleLoad":"unknown","bearing":270,"lastStopSeq":42,"inCongestion":false,"delay":-25,"latitude":45.5314903},{"tripID":4419228,"serviceDate":1395730800000,"direction":1,"garage":"CENTER","type":"bus","lastLocID":2443,"messageCode":813,"time":1395758681924,"expires":1395759099000,"signMessageLong":"77  Broadway/Halsey to Montgomery Park","extraBlockID":null,"locationInScheduleDay":27591,"longitude":-122.5957033,"blockID":7703,"offRoute":false,"nextLocID":2441,"vehicleID":2630,"signMessage":"77 Montgomry Pk","extraTripID":null,"nextStopSeq":59,"routeNumber":77,"vehicleLoad":"unknown","bearing":270,"lastStopSeq":58,"inCongestion":false,"delay":-288,"latitude":45.5336687},{"tripID":4419090,"serviceDate":1395730800000,"direction":0,"garage":"CENTER","type":"bus","lastLocID":2374,"messageCode":809,"time":1395758675116,"expires":1395759093000,"signMessageLong":"77  Broadway/Halsey to Troutdale","extraBlockID":null,"locationInScheduleDay":27797,"longitude":-122.5262767,"blockID":7706,"offRoute":false,"nextLocID":2378,"vehicleID":2632,"signMessage":"77 To Troutdale","extraTripID":null,"nextStopSeq":66,"routeNumber":77,"vehicleLoad":"unknown","bearing":88,"lastStopSeq":65,"inCongestion":false,"delay":-76,"latitude":45.5335337},{"tripID":4417870,"serviceDate":1395730800000,"direction":0,"garage":"POWELL","type":"bus","lastLocID":1042,"messageCode":768,"time":1395758681435,"expires":1395759098000,"signMessageLong":"72  Killingsworth/82nd to Swan Island-Shipyards","extraBlockID":null,"locationInScheduleDay":27719,"longitude":-122.7040459,"blockID":7237,"offRoute":false,"nextLocID":1041,"vehicleID":3004,"signMessage":"72 Swan Island","extraTripID":null,"nextStopSeq":117,"routeNumber":72,"vehicleLoad":"unknown","bearing":94,"lastStopSeq":116,"inCongestion":false,"delay":0,"latitude":45.5566778},{"tripID":4413882,"serviceDate":1395730800000,"direction":1,"garage":"POWELL","type":"bus","lastLocID":7920,"messageCode":464,"time":1395758681436,"expires":1395759096000,"signMessageLong":"31  To Portland via Milwaukie","extraBlockID":null,"locationInScheduleDay":27798,"longitude":-122.5788957,"blockID":3136,"offRoute":false,"nextLocID":3228,"vehicleID":3007,"signMessage":"31 To Portland","extraTripID":null,"nextStopSeq":4,"routeNumber":31,"vehicleLoad":"unknown","bearing":359,"lastStopSeq":3,"inCongestion":false,"delay":-78,"latitude":45.4467831},{"tripID":4417878,"serviceDate":1395730800000,"direction":0,"garage":"POWELL","type":"bus","lastLocID":7960,"messageCode":766,"time":1395758663171,"expires":1395759080000,"signMessageLong":"72  Killingsworth/82nd to Swan Island-Anchor St","extraBlockID":null,"locationInScheduleDay":27911,"longitude":-122.5790954,"blockID":7251,"offRoute":false,"nextLocID":8057,"vehicleID":3003,"signMessage":"72 Swan Island","extraTripID":null,"nextStopSeq":19,"routeNumber":72,"vehicleLoad":"unknown","bearing":0,"lastStopSeq":18,"inCongestion":false,"delay":51,"latitude":45.4758459},{"tripID":4417873,"serviceDate":1395730800000,"direction":0,"garage":"POWELL","type":"bus","lastLocID":3201,"messageCode":766,"time":1395758668811,"expires":1395759086000,"signMessageLong":"72  Killingsworth/82nd to Swan Island-Anchor St","extraBlockID":null,"locationInScheduleDay":27998,"longitude":-122.6194671,"blockID":7241,"offRoute":false,"nextLocID":3200,"vehicleID":3048,"signMessage":"72 Swan Island","extraTripID":null,"nextStopSeq":74,"routeNumber":72,"vehicleLoad":"unknown","bearing":270,"lastStopSeq":73,"inCongestion":false,"delay":132,"latitude":45.5628087},{"tripID":4418201,"serviceDate":1395730800000,"direction":1,"garage":"POWELL","type":"bus","lastLocID":7992,"messageCode":760,"time":1395758663240,"expires":1395759080000,"signMessageLong":"72  Killingsworth/82nd to Clackamas TC","extraBlockID":null,"locationInScheduleDay":27878,"longitude":-122.5788377,"blockID":7235,"offRoute":false,"nextLocID":8045,"vehicleID":3053,"signMessage":"72 Clackamas TC","extraTripID":null,"nextStopSeq":59,"routeNumber":72,"vehicleLoad":"unknown","bearing":180,"lastStopSeq":58,"inCongestion":false,"delay":18,"latitude":45.5447466},{"tripID":4417871,"serviceDate":1395730800000,"direction":0,"garage":"POWELL","type":"bus","lastLocID":2202,"messageCode":766,"time":1395758675010,"expires":1395759093000,"signMessageLong":"72  Killingsworth/82nd to Swan Island-Anchor St","extraBlockID":null,"locationInScheduleDay":28087,"longitude":-122.6932194,"blockID":7245,"offRoute":false,"nextLocID":2161,"vehicleID":3052,"signMessage":"72 Swan Island","extraTripID":null,"nextStopSeq":107,"routeNumber":72,"vehicleLoad":"unknown","bearing":170,"lastStopSeq":106,"inCongestion":false,"delay":214,"latitude":45.5566964},{"tripID":4417875,"serviceDate":1395730800000,"direction":0,"garage":"POWELL","type":"bus","lastLocID":7928,"messageCode":766,"time":1395758666166,"expires":1395759083000,"signMessageLong":"72  Killingsworth/82nd to Swan Island-Anchor St","extraBlockID":null,"locationInScheduleDay":27953,"longitude":-122.5790832,"blockID":7234,"offRoute":false,"nextLocID":8047,"vehicleID":3054,"signMessage":"72 Swan Island","extraTripID":null,"nextStopSeq":40,"routeNumber":72,"vehicleLoad":"unknown","bearing":359,"lastStopSeq":39,"inCongestion":false,"delay":90,"latitude":45.5194244},{"tripID":4419091,"serviceDate":1395730800000,"direction":0,"garage":"POWELL","type":"bus","lastLocID":2426,"messageCode":809,"time":1395758681607,"expires":1395759095000,"signMessageLong":"77  Broadway/Halsey to Troutdale","extraBlockID":null,"locationInScheduleDay":27767,"longitude":-122.6120258,"blockID":7734,"offRoute":false,"nextLocID":2429,"vehicleID":3046,"signMessage":"77 To Troutdale","extraTripID":null,"nextStopSeq":40,"routeNumber":77,"vehicleLoad":"unknown","bearing":90,"lastStopSeq":39,"inCongestion":false,"delay":-108,"latitude":45.5337487},{"tripID":4419226,"serviceDate":1395730800000,"direction":1,"garage":"POWELL","type":"bus","lastLocID":7113,"messageCode":813,"time":1395758668798,"expires":1395759086000,"signMessageLong":"77  Broadway/Halsey to Montgomery Park","extraBlockID":null,"locationInScheduleDay":27717,"longitude":-122.6945657,"blockID":7738,"offRoute":false,"nextLocID":7122,"vehicleID":3035,"signMessage":"77 Montgomry Pk","extraTripID":null,"nextStopSeq":96,"routeNumber":77,"vehicleLoad":"unknown","bearing":359,"lastStopSeq":95,"inCongestion":false,"delay":-149,"latitude":45.5299561},{"tripID":4411570,"serviceDate":1395730800000,"direction":1,"garage":"POWELL","type":"bus","lastLocID":1826,"messageCode":268,"time":1395758681469,"expires":1395759096000,"signMessageLong":"14  Hawthorne to Portland","extraBlockID":null,"locationInScheduleDay":27956,"longitude":-122.5727925,"blockID":1434,"offRoute":false,"nextLocID":1824,"vehicleID":3027,"signMessage":"14 To Portland","extraTripID":null,"nextStopSeq":5,"routeNumber":14,"vehicleLoad":"unknown","bearing":293,"lastStopSeq":4,"inCongestion":false,"delay":80,"latitude":45.481087},{"tripID":4417877,"serviceDate":1395730800000,"direction":0,"garage":"POWELL","type":"bus","lastLocID":8017,"messageCode":766,"time":1395758681476,"expires":1395759096000,"signMessageLong":"72  Killingsworth/82nd to Swan Island-Anchor St","extraBlockID":null,"locationInScheduleDay":27889,"longitude":-122.5791168,"blockID":7243,"offRoute":false,"nextLocID":7983,"vehicleID":3025,"signMessage":"72 Swan Island","extraTripID":null,"nextStopSeq":9,"routeNumber":72,"vehicleLoad":"unknown","bearing":0,"lastStopSeq":8,"inCongestion":false,"delay":13,"latitude":45.4561877},{"tripID":4419227,"serviceDate":1395730800000,"direction":1,"garage":"CENTER","type":"bus","lastLocID":10867,"messageCode":813,"time":1395758668836,"expires":1395759087000,"signMessageLong":"77  Broadway/Halsey to Montgomery Park","extraBlockID":null,"locationInScheduleDay":27938,"longitude":-122.6565894,"blockID":7702,"offRoute":false,"nextLocID":10876,"vehicleID":2005,"signMessage":"77 Montgomry Pk","extraTripID":null,"nextStopSeq":83,"routeNumber":77,"vehicleLoad":"unknown","bearing":180,"lastStopSeq":82,"inCongestion":false,"delay":71,"latitude":45.5336239},{"tripID":4411568,"serviceDate":1395730800000,"direction":1,"garage":"CENTER","type":"bus","lastLocID":7665,"messageCode":268,"time":1395758681687,"expires":1395759094000,"signMessageLong":"14  Hawthorne to Portland","extraBlockID":null,"locationInScheduleDay":27936,"longitude":-122.611032,"blockID":1402,"offRoute":false,"nextLocID":8242,"vehicleID":2014,"signMessage":"14 To Portland","extraTripID":null,"nextStopSeq":20,"routeNumber":14,"vehicleLoad":"unknown","bearing":0,"lastStopSeq":19,"inCongestion":false,"delay":62,"latitude":45.5019248}],"queryTime":1395758688939}}
