{"resultSet":{"vehicle":[{"tripID":4411642,"serviceDate":1395644400000,"direction":1,"garage":"CENTER","type":"bus","lastLocID":1831,"messageCode":268,"time":1395734495569,"expires":1395734912000,"signMessageLong":"14  Hawthorne to Portland","extraBlockID":null,"locationInScheduleDay":90092,"longitude":-122.5662917,"blockID":1406,"offRoute":false,"nextLocID":13236,"vehicleID":3128,"signMessage":"14 To Portland","extraTripID":null,"nextStopSeq":2,"routeNumber":14,"vehicleLoad":"unknown","bearing":291,"lastStopSeq":1,"inCongestion":false,"delay":0,"latitude":45.4791765},{"tripID":4417968,"serviceDate":1395644400000,"direction":0,"garage":"POWELL","type":"bus","lastLocID":3163,"messageCode":766,"time":1395734480958,"expires":1395734897000,"signMessageLong":"72  Killingsworth/82nd to Swan Island-Anchor St","extraBlockID":null,"locationInScheduleDay":89933,"longitude":-122.6897927,"blockID":7251,"offRoute":false,"nextLocID":3180,"vehicleID":2545,"signMessage":"72 Swan Island","extraTripID":null,"nextStopSeq":102,"routeNumber":72,"vehicleLoad":"unknown","bearing":270,"lastStopSeq":101,"inCongestion":false,"delay":-144,"latitude":45.5627239},{"tripID":4418297,"serviceDate":1395644400000,"direction":1,"garage":"POWELL","type":"bus","lastLocID":7963,"messageCode":760,"time":1395734477848,"expires":1395734896000,"signMessageLong":"72  Killingsworth/82nd to Clackamas TC","extraBlockID":null,"locationInScheduleDay":90120,"longitude":-122.5790547,"blockID":7253,"offRoute":false,"nextLocID":7994,"vehicleID":3019,"signMessage":"72 Clackamas TC","extraTripID":null,"nextStopSeq":98,"routeNumber":72,"vehicleLoad":"unknown","bearing":179,"lastStopSeq":97,"inCongestion":false,"delay":44,"latitude":45.4688707},{"tripID":4418298,"serviceDate":1395644400000,"direction":1,"garage":"POWELL","type":"bus","lastLocID":3190,"messageCode":760,"time":1395734435781,"expires":1395734855000,"signMessageLong":"72  Killingsworth/82nd to Clackamas TC","extraBlockID":null,"locationInScheduleDay":90034,"longitude":-122.6305173,"blockID":7236,"offRoute":false,"nextLocID":3191,"vehicleID":3022,"signMessage":"72 Clackamas TC","extraTripID":null,"nextStopSeq":36,"routeNumber":72,"vehicleLoad":"unknown","bearing":89,"lastStopSeq":35,"inCongestion":false,"delay":-1,"latitude":45.5627236},{"tripID":4417969,"serviceDate":1395644400000,"direction":0,"garage":"POWELL","type":"bus","lastLocID":8042,"messageCode":766,"time":1395734480878,"expires":1395734898000,"signMessageLong":"72  Killingsworth/82nd to Swan Island-Anchor St","extraBlockID":null,"locationInScheduleDay":90151,"longitude":-122.5789913,"blockID":7238,"offRoute":false,"nextLocID":8055,"vehicleID":3035,"signMessage":"72 Swan Island","extraTripID":null,"nextStopSeq":50,"routeNumber":72,"vehicleLoad":"unknown","bearing":0,"lastStopSeq":49,"inCongestion":false,"delay":73,"latitude":45.5359247}],"queryTime":1395734507666}}
