{"resultSet":{"vehicle":[{"tripID":4411313,"serviceDate":1395730800000,"direction":0,"garage":"POWELL","type":"bus","lastLocID":12947,"messageCode":266,"time":1395755664803,"expires":1395756079000,"signMessageLong":"14  Hawthorne to 94th & Foster","extraBlockID":null,"locationInScheduleDay":24939,"longitude":-122.5999684,"blockID":1436,"offRoute":false,"nextLocID":10196,"vehicleID":2206,"signMessage":"14 To 94-Foster","extraTripID":null,"nextStopSeq":34,"routeNumber":14,"vehicleLoad":"unknown","bearing":128,"lastStopSeq":33,"inCongestion":false,"delay":80,"latitude":45.4910836},{"tripID":4419089,"serviceDate":1395730800000,"direction":0,"garage":"POWELL","type":"bus","lastLocID":4042,"messageCode":809,"time":1395755664898,"expires":1395756082000,"signMessageLong":"77  Broadway/Halsey to Troutdale","extraBlockID":null,"locationInScheduleDay":24795,"longitude":-122.6587949,"blockID":7735,"offRoute":false,"nextLocID":10866,"vehicleID":2222,"signMessage":"77 To Troutdale","extraTripID":null,"nextStopSeq":22,"routeNumber":77,"vehicleLoad":"unknown","bearing":90,"lastStopSeq":21,"inCongestion":false,"delay":-67,"latitude":45.5315071},{"tripID":4419223,"serviceDate":1395730800000,"direction":1,"garage":"POWELL","type":"bus","lastLocID":7128,"messageCode":813,"time":1395755665716,"expires":1395756084000,"signMessageLong":"77  Broadway/Halsey to Montgomery Park","extraBlockID":null,"locationInScheduleDay":24823,"longitude":-122.694634,"blockID":7736,"offRoute":false,"nextLocID":7130,"vehicleID":2221,"signMessage":"77 Montgomry Pk","extraTripID":null,"nextStopSeq":98,"routeNumber":77,"vehicleLoad":"unknown","bearing":358,"lastStopSeq":97,"inCongestion":false,"delay":-41,"latitude":45.5318706},{"tripID":4411562,"serviceDate":1395730800000,"direction":1,"garage":"POWELL","type":"bus","lastLocID":1799,"messageCode":268,"time":1395755665746,"expires":1395756084000,"signMessageLong":"14  Hawthorne to Portland","extraBlockID":null,"locationInScheduleDay":24922,"longitude":-122.6032127,"blockID":1437,"offRoute":false,"nextLocID":1798,"vehicleID":2264,"signMessage":"14 To Portland","extraTripID":null,"nextStopSeq":16,"routeNumber":14,"vehicleLoad":"unknown","bearing":308,"lastStopSeq":15,"inCongestion":false,"delay":58,"latitude":45.4928728},{"tripID":4418198,"serviceDate":1395730800000,"direction":1,"garage":"POWELL","type":"bus","lastLocID":3188,"messageCode":760,"time":1395755660036,"expires":1395756076000,"signMessageLong":"72  Killingsworth/82nd to Clackamas TC","extraBlockID":null,"locationInScheduleDay":24840,"longitude":-122.6667174,"blockID":7246,"offRoute":false,"nextLocID":3165,"vehicleID":2296,"signMessage":"72 Clackamas TC","extraTripID":null,"nextStopSeq":19,"routeNumber":72,"vehicleLoad":"unknown","bearing":89,"lastStopSeq":18,"inCongestion":false,"delay":-16,"latitude":45.5627279},{"tripID":4419224,"serviceDate":1395730800000,"direction":1,"garage":"POWELL","type":"bus","lastLocID":639,"messageCode":813,"time":1395755675442,"expires":1395756092000,"signMessageLong":"77  Broadway/Halsey to Montgomery Park","extraBlockID":null,"locationInScheduleDay":24707,"longitude":-122.6365891,"blockID":7737,"offRoute":false,"nextLocID":637,"vehicleID":2285,"signMessage":"77 Montgomry Pk","extraTripID":null,"nextStopSeq":76,"routeNumber":77,"vehicleLoad":"unknown","bearing":269,"lastStopSeq":75,"inCongestion":false,"delay":-165,"latitude":45.5351624},{"tripID":4417869,"serviceDate":1395730800000,"direction":0,"garage":"POWELL","type":"bus","lastLocID":3147,"messageCode":766,"time":1395755660066,"expires":1395756077000,"signMessageLong":"72  Killingsworth/82nd to Swan Island-Anchor St","extraBlockID":null,"locationInScheduleDay":24885,"longitude":-122.6003484,"blockID":7244,"offRoute":false,"nextLocID":3210,"vehicleID":2276,"signMessage":"72 Swan Island","extraTripID":null,"nextStopSeq":68,"routeNumber":72,"vehicleLoad":"unknown","bearing":270,"lastStopSeq":67,"inCongestion":false,"delay":28,"latitude":45.5627547},{"tripID":4417318,"serviceDate":1395730800000,"direction":1,"garage":"CENTER","type":"bus","lastLocID":9368,"messageCode":788,"time":1395755659901,"expires":1395756076000,"signMessageLong":"70  12th/NE 33rd Ave to Milwaukie","extraBlockID":null,"locationInScheduleDay":24856,"longitude":-122.6357648,"blockID":7005,"offRoute":false,"nextLocID":9414,"vehicleID":2132,"signMessage":"70 To Milwaukie","extraTripID":null,"nextStopSeq":2,"routeNumber":70,"vehicleLoad":"unknown","bearing":180,"lastStopSeq":1,"inCongestion":false,"delay":0,"latitude":45.5898735},{"tripID":4413878,"serviceDate":1395730800000,"direction":1,"garage":"CENTER","type":"bus","lastLocID":2574,"messageCode":462,"time":1395755665623,"expires":1395756082000,"signMessageLong":"31L Portland Limited","extraBlockID":null,"locationInScheduleDay":24231,"longitude":-122.6409779,"blockID":3001,"offRoute":false,"nextLocID":3858,"vehicleID":2123,"signMessage":"31L To Portland Limited","extraTripID":null,"nextStopSeq":6,"routeNumber":31,"vehicleLoad":"unknown","bearing":351,"lastStopSeq":5,"inCongestion":false,"delay":-631,"latitude":45.4768278},{"tripID":4417166,"serviceDate":1395730800000,"direction":0,"garage":"CENTER","type":"bus","lastLocID":6901,"messageCode":781,"time":1395755675001,"expires":1395756094000,"signMessageLong":"70  12th/NE 33rd Ave to NE Sunderland via 17th & Tacoma","extraBlockID":null,"locationInScheduleDay":24722,"longitude":-122.6462518,"blockID":7006,"offRoute":false,"nextLocID":6885,"vehicleID":2150,"signMessage":"70 To Sunderland via 17th","extraTripID":null,"nextStopSeq":5,"routeNumber":70,"vehicleLoad":"unknown","bearing":353,"lastStopSeq":4,"inCongestion":false,"delay":-152,"latitude":45.4536517},{"tripID":4418197,"serviceDate":1395730800000,"direction":1,"garage":"POWELL","type":"bus","lastLocID":63,"messageCode":760,"time":1395755653812,"expires":1395756071000,"signMessageLong":"72  Killingsworth/82nd to Clackamas TC","extraBlockID":null,"locationInScheduleDay":24890,"longitude":-122.6366466,"blockID":7238,"offRoute":false,"nextLocID":11722,"vehicleID":2527,"signMessage":"72 Clackamas TC","extraTripID":null,"nextStopSeq":31,"routeNumber":72,"vehicleLoad":"unknown","bearing":90,"lastStopSeq":30,"inCongestion":false,"delay":39,"latitude":45.5590513},{"tripID":4417165,"serviceDate":1395730800000,"direction":0,"garage":"CENTER","type":"bus","lastLocID":6585,"messageCode":780,"time":1395755675303,"expires":1395756092000,"signMessageLong":"70  12th/NE 33rd Ave to NE Sunderland","extraBlockID":null,"locationInScheduleDay":24931,"longitude":-122.6536596,"blockID":7002,"offRoute":false,"nextLocID":6588,"vehicleID":2524,"signMessage":"70 To Sunderlnd","extraTripID":null,"nextStopSeq":31,"routeNumber":70,"vehicleLoad":"unknown","bearing":0,"lastStopSeq":30,"inCongestion":false,"delay":59,"latitude":45.5161849},{"tripID":4419087,"serviceDate":1395730800000,"direction":0,"garage":"CENTER","type":"bus","lastLocID":2383,"messageCode":809,"time":1395755659965,"expires":1395756076000,"signMessageLong":"77  Broadway/Halsey to Troutdale","extraBlockID":null,"locationInScheduleDay":24877,"longitude":-122.5149241,"blockID":7701,"offRoute":false,"nextLocID":2385,"vehicleID":2512,"signMessage":"77 To Troutdale","extraTripID":null,"nextStopSeq":69,"routeNumber":77,"vehicleLoad":"unknown","bearing":90,"lastStopSeq":68,"inCongestion":false,"delay":21,"latitude":45.5336843},{"tripID":4417872,"serviceDate":1395730800000,"direction":0,"garage":"POWELL","type":"bus","lastLocID":7941,"messageCode":768,"time":1395755665696,"expires":1395756082000,"signMessageLong":"72  Killingsworth/82nd to Swan Island-Shipyards","extraBlockID":null,"locationInScheduleDay":24823,"longitude":-122.5789287,"blockID":7239,"offRoute":false,"nextLocID":7920,"vehicleID":2540,"signMessage":"72 Swan Island","extraTripID":null,"nextStopSeq":4,"routeNumber":72,"vehicleLoad":"unknown","bearing":359,"lastStopSeq":3,"inCongestion":false,"delay":-39,"latitude":45.4411229},{"tripID":4418199,"serviceDate":1395730800000,"direction":1,"garage":"POWELL","type":"bus","lastLocID":9399,"messageCode":760,"time":1395755653817,"expires":1395756071000,"signMessageLong":"72  Killingsworth/82nd to Clackamas TC","extraBlockID":null,"locationInScheduleDay":24883,"longitude":-122.6917715,"blockID":7240,"offRoute":false,"nextLocID":2195,"vehicleID":2533,"signMessage":"72 Clackamas TC","extraTripID":null,"nextStopSeq":4,"routeNumber":72,"vehicleLoad":"unknown","bearing":244,"lastStopSeq":3,"inCongestion":false,"delay":32,"latitude":45.5553579},{"tripID":4418196,"serviceDate":1395730800000,"direction":1,"garage":"POWELL","type":"bus","lastLocID":3148,"messageCode":760,"time":1395755651261,"expires":1395756068000,"signMessageLong":"72  Killingsworth/82nd to Clackamas TC","extraBlockID":null,"locationInScheduleDay":24894,"longitude":-122.5945153,"blockID":7236,"offRoute":false,"nextLocID":10600,"vehicleID":2552,"signMessage":"72 Clackamas TC","extraTripID":null,"nextStopSeq":48,"routeNumber":72,"vehicleLoad":"unknown","bearing":91,"lastStopSeq":47,"inCongestion":false,"delay":46,"latitude":45.5627208},{"tripID":4417868,"serviceDate":1395730800000,"direction":0,"garage":"POWELL","type":"bus","lastLocID":55,"messageCode":768,"time":1395755678330,"expires":1395756095000,"signMessageLong":"72  Killingsworth/82nd to Swan Island-Shipyards","extraBlockID":null,"locationInScheduleDay":24604,"longitude":-122.6493825,"blockID":7242,"offRoute":false,"nextLocID":53,"vehicleID":2548,"signMessage":"72 Swan Island","extraTripID":null,"nextStopSeq":87,"routeNumber":72,"vehicleLoad":"unknown","bearing":270,"lastStopSeq":86,"inCongestion":false,"delay":-271,"latitude":45.5590982},{"tripID":4411561,"serviceDate":1395730800000,"direction":1,"garage":"POWELL","type":"bus","lastLocID":2624,"messageCode":268,"time":1395755675475,"expires":1395756092000,"signMessageLong":"14  Hawthorne to Portland","extraBlockID":null,"locationInScheduleDay":24761,"longitude":-122.6256325,"blockID":1435,"offRoute":false,"nextLocID":12892,"vehicleID":2316,"signMessage":"14 To Portland","extraTripID":null,"nextStopSeq":30,"routeNumber":14,"vehicleLoad":"unknown","bearing":270,"lastStopSeq":29,"inCongestion":false,"delay":-111,"latitude":45.5120514},{"tripID":4413879,"serviceDate":1395730800000,"direction":1,"garage":"CENTER","type":"bus","lastLocID":3237,"messageCode":464,"time":1395755680867,"expires":1395756098000,"signMessageLong":"31  To Portland via Milwaukie","extraBlockID":null,"locationInScheduleDay":24793,"longitude":-122.6043672,"blockID":1403,"offRoute":false,"nextLocID":3246,"vehicleID":2725,"signMessage":"31 To Portland","extraTripID":null,"nextStopSeq":13,"routeNumber":31,"vehicleLoad":"unknown","bearing":270,"lastStopSeq":12,"inCongestion":false,"delay":-85,"latitude":45.447976},{"tripID":4419088,"serviceDate":1395730800000,"direction":0,"garage":"CENTER","type":"bus","lastLocID":2439,"messageCode":809,"time":1395755675272,"expires":1395756094000,"signMessageLong":"77  Broadway/Halsey to Troutdale","extraBlockID":null,"locationInScheduleDay":24865,"longitude":-122.5999118,"blockID":7705,"offRoute":false,"nextLocID":2440,"vehicleID":2720,"signMessage":"77 To Troutdale","extraTripID":null,"nextStopSeq":44,"routeNumber":77,"vehicleLoad":"unknown","bearing":90,"lastStopSeq":43,"inCongestion":false,"delay":-9,"latitude":45.5337097},{"tripID":4417164,"serviceDate":1395730800000,"direction":0,"garage":"CENTER","type":"bus","lastLocID":7373,"messageCode":783,"time":1395755651171,"expires":1395756068000,"signMessageLong":"70  33rd Ave to NE Sunderland","extraBlockID":null,"locationInScheduleDay":24790,"longitude":-122.6307159,"blockID":7007,"offRoute":false,"nextLocID":7393,"vehicleID":2709,"signMessage":"70 To Sunderlnd","extraTripID":null,"nextStopSeq":52,"routeNumber":70,"vehicleLoad":"unknown","bearing":0,"lastStopSeq":51,"inCongestion":false,"delay":-58,"latitude":45.5493974},{"tripID":4417315,"serviceDate":1395730800000,"direction":1,"garage":"CENTER","type":"bus","lastLocID":13658,"messageCode":789,"time":1395755651155,"expires":1395756069000,"signMessageLong":"70  12th Ave to Milwaukie via 17th & Tacoma","extraBlockID":null,"locationInScheduleDay":24760,"longitude":-122.6483576,"blockID":7001,"offRoute":false,"nextLocID":6864,"vehicleID":2704,"signMessage":"70 To Milw via 17","extraTripID":null,"nextStopSeq":62,"routeNumber":70,"vehicleLoad":"unknown","bearing":180,"lastStopSeq":61,"inCongestion":false,"delay":-89,"latitude":45.4906361},{"tripID":4417317,"serviceDate":1395730800000,"direction":1,"garage":"CENTER","type":"bus","lastLocID":7379,"messageCode":788,"time":1395755621244,"expires":1395756038000,"signMessageLong":"70  12th/NE 33rd Ave to Milwaukie","extraBlockID":null,"locationInScheduleDay":24914,"longitude":-122.630679,"blockID":7003,"offRoute":false,"nextLocID":7361,"vehicleID":2705,"signMessage":"70 To Milwaukie","extraTripID":null,"nextStopSeq":16,"routeNumber":70,"vehicleLoad":"unknown","bearing":180,"lastStopSeq":15,"inCongestion":false,"delay":96,"latitude":45.5665135},{"tripID":4417167,"serviceDate":1395730800000,"direction":0,"garage":"CENTER","type":"bus","lastLocID":13477,"messageCode":782,"time":1395755659947,"expires":1395756077000,"signMessageLong":"70  12th/NE 33rd Ave to NE Sunderland via 13th & Tacoma","extraBlockID":null,"locationInScheduleDay":24857,"longitude":-122.6407309,"blockID":7004,"offRoute":false,"nextLocID":8225,"vehicleID":2701,"signMessage":"70 To Sunderland via 13th","extraTripID":null,"nextStopSeq":2,"routeNumber":70,"vehicleLoad":"unknown","bearing":81,"lastStopSeq":1,"inCongestion":false,"delay":0,"latitude":45.4448667},{"tripID":4419225,"serviceDate":1395730800000,"direction":1,"garage":"CENTER","type":"bus","lastLocID":2455,"messageCode":813,"time":1395755561258,"expires":1395755978000,"signMessageLong":"77  Broadway/Halsey to Montgomery Park","extraBlockID":null,"locationInScheduleDay":24527,"longitude":-122.5845901,"blockID":7704,"offRoute":false,"nextLocID":2453,"vehicleID":2614,"signMessage":"77 Montgomry Pk","extraTripID":null,"nextStopSeq":55,"routeNumber":77,"vehicleLoad":"unknown","bearing":270,"lastStopSeq":54,"inCongestion":false,"delay":-231,"latitude":45.5336101},{"tripID":4411564,"serviceDate":1395730800000,"direction":1,"garage":"CENTER","type":"bus","lastLocID":1831,"messageCode":268,"time":1395755678263,"expires":1395756095000,"signMessageLong":"14  Hawthorne to Portland","extraBlockID":null,"locationInScheduleDay":24875,"longitude":-122.5662917,"blockID":1401,"offRoute":false,"nextLocID":13236,"vehicleID":2608,"signMessage":"14 To Portland","extraTripID":null,"nextStopSeq":2,"routeNumber":14,"vehicleLoad":"unknown","bearing":291,"lastStopSeq":1,"inCongestion":false,"delay":0,"latitude":45.4791765},{"tripID":4419228,"serviceDate":1395730800000,"direction":1,"garage":"CENTER","type":"bus","lastLocID":9481,"messageCode":813,"time":1395755660070,"expires":1395756076000,"signMessageLong":"77  Broadway/Halsey to Montgomery Park","extraBlockID":null,"locationInScheduleDay":24856,"longitude":-122.3982117,"blockID":7703,"offRoute":false,"nextLocID":9471,"vehicleID":2630,"signMessage":"77 Montgomry Pk","extraTripID":null,"nextStopSeq":2,"routeNumber":77,"vehicleLoad":"unknown","bearing":85,"lastStopSeq":1,"inCongestion":false,"delay":0,"latitude":45.5443612},{"tripID":4419090,"serviceDate":1395730800000,"direction":0,"garage":"CENTER","type":"bus","lastLocID":7132,"messageCode":809,"time":1395755665814,"expires":1395756084000,"signMessageLong":"77  Broadway/Halsey to Troutdale","extraBlockID":null,"locationInScheduleDay":24838,"longitude":-122.6946661,"blockID":7706,"offRoute":false,"nextLocID":7127,"vehicleID":2632,"signMessage":"77 To Troutdale","extraTripID":null,"nextStopSeq":7,"routeNumber":77,"vehicleLoad":"unknown","bearing":178,"lastStopSeq":6,"inCongestion":false,"delay":-26,"latitude":45.5326763},{"tripID":4417870,"serviceDate":1395730800000,"direction":0,"garage":"POWELL","type":"bus","lastLocID":7957,"messageCode":768,"time":1395755664614,"expires":1395756079000,"signMessageLong":"72  Killingsworth/82nd to Swan Island-Shipyards","extraBlockID":null,"locationInScheduleDay":24410,"longitude":-122.5786977,"blockID":7237,"offRoute":false,"nextLocID":12755,"vehicleID":3004,"signMessage":"72 Swan Island","extraTripID":null,"nextStopSeq":34,"routeNumber":72,"vehicleLoad":"unknown","bearing":0,"lastStopSeq":33,"inCongestion":false,"delay":-449,"latitude":45.5063004},{"tripID":4417873,"serviceDate":1395730800000,"direction":0,"garage":"POWELL","type":"bus","lastLocID":13248,"messageCode":766,"time":1395755665666,"expires":1395756082000,"signMessageLong":"72  Killingsworth/82nd to Swan Island-Anchor St","extraBlockID":null,"locationInScheduleDay":25171,"longitude":-122.5691165,"blockID":7241,"offRoute":false,"nextLocID":12922,"vehicleID":3048,"signMessage":"72 Swan Island","extraTripID":null,"nextStopSeq":2,"routeNumber":72,"vehicleLoad":"unknown","bearing":353,"lastStopSeq":1,"inCongestion":false,"delay":309,"latitude":45.4360312},{"tripID":4417867,"serviceDate":1395730800000,"direction":0,"garage":"POWELL","type":"bus","lastLocID":1043,"messageCode":768,"time":1395755675213,"expires":1395756092000,"signMessageLong":"72  Killingsworth/82nd to Swan Island-Shipyards","extraBlockID":null,"locationInScheduleDay":24987,"longitude":-122.7080596,"blockID":7235,"offRoute":false,"nextLocID":1042,"vehicleID":3053,"signMessage":"72 Swan Island","extraTripID":null,"nextStopSeq":116,"routeNumber":72,"vehicleLoad":"unknown","bearing":128,"lastStopSeq":115,"inCongestion":false,"delay":115,"latitude":45.5583167},{"tripID":4417871,"serviceDate":1395730800000,"direction":0,"garage":"POWELL","type":"bus","lastLocID":7984,"messageCode":766,"time":1395755675208,"expires":1395756094000,"signMessageLong":"72  Killingsworth/82nd to Swan Island-Anchor St","extraBlockID":null,"locationInScheduleDay":24883,"longitude":-122.5788077,"blockID":7245,"offRoute":false,"nextLocID":7935,"vehicleID":3052,"signMessage":"72 Swan Island","extraTripID":null,"nextStopSeq":26,"routeNumber":72,"vehicleLoad":"unknown","bearing":0,"lastStopSeq":25,"inCongestion":false,"delay":9,"latitude":45.4918515},{"tripID":4418194,"serviceDate":1395730800000,"direction":1,"garage":"POWELL","type":"bus","lastLocID":8018,"messageCode":760,"time":1395755664744,"expires":1395756079000,"signMessageLong":"72  Killingsworth/82nd to Clackamas TC","extraBlockID":null,"locationInScheduleDay":24986,"longitude":-122.5791156,"blockID":7234,"offRoute":false,"nextLocID":8016,"vehicleID":3054,"signMessage":"72 Clackamas TC","extraTripID":null,"nextStopSeq":105,"routeNumber":72,"vehicleLoad":"unknown","bearing":178,"lastStopSeq":104,"inCongestion":false,"delay":127,"latitude":45.4529723},{"tripID":4419222,"serviceDate":1395730800000,"direction":1,"garage":"POWELL","type":"bus","lastLocID":8483,"messageCode":813,"time":1395755664783,"expires":1395756080000,"signMessageLong":"77  Broadway/Halsey to Montgomery Park","extraBlockID":null,"locationInScheduleDay":24042,"longitude":-122.7069345,"blockID":7734,"offRoute":false,"nextLocID":8484,"vehicleID":3046,"signMessage":"77 Montgomry Pk","extraTripID":null,"nextStopSeq":109,"routeNumber":77,"vehicleLoad":"unknown","bearing":178,"lastStopSeq":108,"inCongestion":false,"delay":0,"latitude":45.5377966},{"tripID":4419226,"serviceDate":1395730800000,"direction":1,"garage":"POWELL","type":"bus","lastLocID":13026,"messageCode":813,"time":1395755633241,"expires":1395756051000,"signMessageLong":"77  Broadway/Halsey to Montgomery Park","extraBlockID":null,"locationInScheduleDay":24706,"longitude":-122.4988742,"blockID":7738,"offRoute":false,"nextLocID":2392,"vehicleID":3035,"signMessage":"77 Montgomry Pk","extraTripID":null,"nextStopSeq":28,"routeNumber":77,"vehicleLoad":"unknown","bearing":269,"lastStopSeq":27,"inCongestion":false,"delay":-125,"latitude":45.5336687},{"tripID":4411560,"serviceDate":1395730800000,"direction":1,"garage":"POWELL","type":"bus","lastLocID":11956,"messageCode":266,"time":1395755664651,"expires":1395756080000,"signMessageLong":"14  Hawthorne to 94th & Foster","extraBlockID":null,"locationInScheduleDay":24608,"longitude":-122.6786168,"blockID":1434,"offRoute":false,"nextLocID":13169,"vehicleID":3027,"signMessage":"14 To 94-Foster","extraTripID":null,"nextStopSeq":44,"routeNumber":14,"vehicleLoad":"unknown","bearing":291,"lastStopSeq":43,"inCongestion":false,"delay":-252,"latitude":45.516028},{"tripID":4418195,"serviceDate":1395730800000,"direction":1,"garage":"POWELL","type":"bus","lastLocID":8000,"messageCode":760,"time":1395755678037,"expires":1395756096000,"signMessageLong":"72  Killingsworth/82nd to Clackamas TC","extraBlockID":null,"locationInScheduleDay":24660,"longitude":-122.5791014,"blockID":7243,"offRoute":false,"nextLocID":7978,"vehicleID":3025,"signMessage":"72 Clackamas TC","extraTripID":null,"nextStopSeq":66,"routeNumber":72,"vehicleLoad":"unknown","bearing":180,"lastStopSeq":65,"inCongestion":false,"delay":-216,"latitude":45.5334929},{"tripID":4419227,"serviceDate":1395730800000,"direction":1,"garage":"CENTER","type":"bus","lastLocID":2419,"messageCode":813,"time":1395755642012,"expires":1395756061000,"signMessageLong":"77  Broadway/Halsey to Montgomery Park","extraBlockID":null,"locationInScheduleDay":24944,"longitude":-122.4261279,"blockID":7702,"offRoute":false,"nextLocID":2417,"vehicleID":2005,"signMessage":"77 Montgomry Pk","extraTripID":null,"nextStopSeq":12,"routeNumber":77,"vehicleLoad":"unknown","bearing":259,"lastStopSeq":11,"inCongestion":false,"delay":103,"latitude":45.5361033},{"tripID":4413877,"serviceDate":1395730800000,"direction":1,"garage":"CENTER","type":"bus","lastLocID":11956,"messageCode":467,"time":1395755664816,"expires":1395756080000,"signMessageLong":"31  Downtown Only","extraBlockID":null,"locationInScheduleDay":24748,"longitude":-122.67869,"blockID":1402,"offRoute":false,"nextLocID":7800,"vehicleID":2014,"signMessage":"31 Downtown Only","extraTripID":null,"nextStopSeq":39,"routeNumber":31,"vehicleLoad":"unknown","bearing":291,"lastStopSeq":38,"inCongestion":false,"delay":-112,"latitude":45.5160477}],"queryTime":1395755688822}}
