{"resultSet":{"vehicle":[{"tripID":4411313,"serviceDate":1395730800000,"direction":0,"garage":"POWELL","type":"bus","lastLocID":6398,"messageCode":null,"time":1395756099000,"expires":1395756519000,"signMessageLong":null,"extraBlockID":null,"locationInScheduleDay":null,"longitude":-122.564589,"blockID":1436,"offRoute":false,"nextLocID":8134,"vehicleID":2206,"signMessage":null,"extraTripID":null,"nextStopSeq":null,"routeNumber":14,"vehicleLoad":"unknown","bearing":null,"lastStopSeq":null,"inCongestion":false,"delay":156,"latitude":45.477963},{"tripID":4419089,"serviceDate":1395730800000,"direction":0,"garage":"POWELL","type":"bus","lastLocID":638,"messageCode":809,"time":1395756083077,"expires":1395756501000,"signMessageLong":"77  Broadway/Halsey to Troutdale","extraBlockID":null,"locationInScheduleDay":25263,"longitude":-122.6363799,"blockID":7735,"offRoute":false,"nextLocID":642,"vehicleID":2222,"signMessage":"77 To Troutdale","extraTripID":null,"nextStopSeq":31,"routeNumber":77,"vehicleLoad":"unknown","bearing":89,"lastStopSeq":30,"inCongestion":false,"delay":-18,"latitude":45.5351625},{"tripID":4419223,"serviceDate":1395730800000,"direction":1,"garage":"POWELL","type":"bus","lastLocID":4105,"messageCode":813,"time":1395756086246,"expires":1395756504000,"signMessageLong":"77  Broadway/Halsey to Montgomery Park","extraBlockID":null,"locationInScheduleDay":25338,"longitude":-122.7069866,"blockID":7736,"offRoute":false,"nextLocID":8483,"vehicleID":2221,"signMessage":"77 Montgomry Pk","extraTripID":null,"nextStopSeq":108,"routeNumber":77,"vehicleLoad":"unknown","bearing":177,"lastStopSeq":107,"inCongestion":false,"delay":54,"latitude":45.538768},{"tripID":4411562,"serviceDate":1395730800000,"direction":1,"garage":"POWELL","type":"bus","lastLocID":7658,"messageCode":268,"time":1395756086279,"expires":1395756502000,"signMessageLong":"14  Hawthorne to Portland","extraBlockID":null,"locationInScheduleDay":25342,"longitude":-122.6115671,"blockID":1437,"offRoute":false,"nextLocID":13734,"vehicleID":2264,"signMessage":"14 To Portland","extraTripID":null,"nextStopSeq":25,"routeNumber":14,"vehicleLoad":"unknown","bearing":356,"lastStopSeq":24,"inCongestion":false,"delay":60,"latitude":45.5117721},{"tripID":4418200,"serviceDate":1395730800000,"direction":1,"garage":"POWELL","type":"bus","lastLocID":9399,"messageCode":760,"time":1395756101214,"expires":1395756520000,"signMessageLong":"72  Killingsworth/82nd to Clackamas TC","extraBlockID":null,"locationInScheduleDay":25357,"longitude":-122.6914569,"blockID":7247,"offRoute":false,"nextLocID":2195,"vehicleID":2250,"signMessage":"72 Clackamas TC","extraTripID":null,"nextStopSeq":4,"routeNumber":72,"vehicleLoad":"unknown","bearing":194,"lastStopSeq":3,"inCongestion":false,"delay":57,"latitude":45.5556097},{"tripID":4418198,"serviceDate":1395730800000,"direction":1,"garage":"POWELL","type":"bus","lastLocID":63,"messageCode":760,"time":1395756106906,"expires":1395756526000,"signMessageLong":"72  Killingsworth/82nd to Clackamas TC","extraBlockID":null,"locationInScheduleDay":25294,"longitude":-122.6350383,"blockID":7246,"offRoute":false,"nextLocID":11722,"vehicleID":2296,"signMessage":"72 Clackamas TC","extraTripID":null,"nextStopSeq":31,"routeNumber":72,"vehicleLoad":"unknown","bearing":90,"lastStopSeq":30,"inCongestion":false,"delay":-12,"latitude":45.5590448},{"tripID":4419224,"serviceDate":1395730800000,"direction":1,"garage":"POWELL","type":"bus","lastLocID":11492,"messageCode":813,"time":1395756098461,"expires":1395756515000,"signMessageLong":"77  Broadway/Halsey to Montgomery Park","extraBlockID":null,"locationInScheduleDay":25268,"longitude":-122.6644624,"blockID":7737,"offRoute":false,"nextLocID":2592,"vehicleID":2285,"signMessage":"77 Montgomry Pk","extraTripID":null,"nextStopSeq":86,"routeNumber":77,"vehicleLoad":"unknown","bearing":270,"lastStopSeq":85,"inCongestion":false,"delay":-27,"latitude":45.5307956},{"tripID":4417869,"serviceDate":1395730800000,"direction":0,"garage":"POWELL","type":"bus","lastLocID":3192,"messageCode":766,"time":1395756080303,"expires":1395756497000,"signMessageLong":"72  Killingsworth/82nd to Swan Island-Anchor St","extraBlockID":null,"locationInScheduleDay":25114,"longitude":-122.6309343,"blockID":7244,"offRoute":false,"nextLocID":3189,"vehicleID":2276,"signMessage":"72 Swan Island","extraTripID":null,"nextStopSeq":79,"routeNumber":72,"vehicleLoad":"unknown","bearing":269,"lastStopSeq":78,"inCongestion":false,"delay":-163,"latitude":45.5627225},{"tripID":4417318,"serviceDate":1395730800000,"direction":1,"garage":"CENTER","type":"bus","lastLocID":9368,"messageCode":788,"time":1395756106864,"expires":1395756526000,"signMessageLong":"70  12th/NE 33rd Ave to Milwaukie","extraBlockID":null,"locationInScheduleDay":25306,"longitude":-122.6357648,"blockID":7005,"offRoute":false,"nextLocID":9414,"vehicleID":2132,"signMessage":"70 To Milwaukie","extraTripID":null,"nextStopSeq":2,"routeNumber":70,"vehicleLoad":"unknown","bearing":180,"lastStopSeq":1,"inCongestion":false,"delay":0,"latitude":45.5898735},{"tripID":4413878,"serviceDate":1395730800000,"direction":1,"garage":"CENTER","type":"bus","lastLocID":3858,"messageCode":462,"time":1395756086182,"expires":1395756502000,"signMessageLong":"31L Portland Limited","extraBlockID":null,"locationInScheduleDay":24758,"longitude":-122.6608397,"blockID":3001,"offRoute":false,"nextLocID":2171,"vehicleID":2123,"signMessage":"31L To Portland Limited","extraTripID":null,"nextStopSeq":7,"routeNumber":31,"vehicleLoad":"unknown","bearing":359,"lastStopSeq":6,"inCongestion":false,"delay":-524,"latitude":45.50821},{"tripID":4417166,"serviceDate":1395730800000,"direction":0,"garage":"CENTER","type":"bus","lastLocID":6848,"messageCode":781,"time":1395756095533,"expires":1395756514000,"signMessageLong":"70  12th/NE 33rd Ave to NE Sunderland via 17th & Tacoma","extraBlockID":null,"locationInScheduleDay":25045,"longitude":-122.64772,"blockID":7006,"offRoute":false,"nextLocID":6856,"vehicleID":2150,"signMessage":"70 To Sunderland via 17th","extraTripID":null,"nextStopSeq":13,"routeNumber":70,"vehicleLoad":"unknown","bearing":355,"lastStopSeq":12,"inCongestion":false,"delay":-249,"latitude":45.4736634},{"tripID":4417316,"serviceDate":1395730800000,"direction":1,"garage":"CENTER","type":"bus","lastLocID":6554,"messageCode":738,"time":1395756095954,"expires":1395756512000,"signMessageLong":"70  12th Ave to Milwaukie via 13th & Tacoma","extraBlockID":null,"locationInScheduleDay":25316,"longitude":-122.6546522,"blockID":7008,"offRoute":false,"nextLocID":6542,"vehicleID":2506,"signMessage":"70 To Milwaukie","extraTripID":null,"nextStopSeq":7,"routeNumber":70,"vehicleLoad":"unknown","bearing":180,"lastStopSeq":6,"inCongestion":false,"delay":24,"latitude":45.519464},{"tripID":4418197,"serviceDate":1395730800000,"direction":1,"garage":"POWELL","type":"bus","lastLocID":3145,"messageCode":760,"time":1395756086235,"expires":1395756504000,"signMessageLong":"72  Killingsworth/82nd to Clackamas TC","extraBlockID":null,"locationInScheduleDay":25286,"longitude":-122.6037117,"blockID":7238,"offRoute":false,"nextLocID":3146,"vehicleID":2527,"signMessage":"72 Clackamas TC","extraTripID":null,"nextStopSeq":46,"routeNumber":72,"vehicleLoad":"unknown","bearing":89,"lastStopSeq":45,"inCongestion":false,"delay":2,"latitude":45.5627591},{"tripID":4417165,"serviceDate":1395730800000,"direction":0,"garage":"CENTER","type":"bus","lastLocID":8513,"messageCode":783,"time":1395756096032,"expires":1395756512000,"signMessageLong":"70  33rd Ave to NE Sunderland","extraBlockID":null,"locationInScheduleDay":25320,"longitude":-122.6545979,"blockID":7002,"offRoute":false,"nextLocID":8938,"vehicleID":2524,"signMessage":"70 To Sunderlnd","extraTripID":null,"nextStopSeq":37,"routeNumber":70,"vehicleLoad":"unknown","bearing":0,"lastStopSeq":36,"inCongestion":false,"delay":28,"latitude":45.5298956},{"tripID":4419087,"serviceDate":1395730800000,"direction":0,"garage":"CENTER","type":"bus","lastLocID":2405,"messageCode":809,"time":1395756080164,"expires":1395756497000,"signMessageLong":"77  Broadway/Halsey to Troutdale","extraBlockID":null,"locationInScheduleDay":25188,"longitude":-122.4724255,"blockID":7701,"offRoute":false,"nextLocID":2325,"vehicleID":2512,"signMessage":"77 To Troutdale","extraTripID":null,"nextStopSeq":80,"routeNumber":77,"vehicleLoad":"unknown","bearing":89,"lastStopSeq":79,"inCongestion":false,"delay":-89,"latitude":45.5336729},{"tripID":4417872,"serviceDate":1395730800000,"direction":0,"garage":"POWELL","type":"bus","lastLocID":7953,"messageCode":768,"time":1395756086241,"expires":1395756502000,"signMessageLong":"72  Killingsworth/82nd to Swan Island-Shipyards","extraBlockID":null,"locationInScheduleDay":25149,"longitude":-122.5790506,"blockID":7239,"offRoute":false,"nextLocID":7993,"vehicleID":2540,"signMessage":"72 Swan Island","extraTripID":null,"nextStopSeq":14,"routeNumber":72,"vehicleLoad":"unknown","bearing":0,"lastStopSeq":13,"inCongestion":false,"delay":-133,"latitude":45.4647464},{"tripID":4418199,"serviceDate":1395730800000,"direction":1,"garage":"POWELL","type":"bus","lastLocID":3156,"messageCode":760,"time":1395756103978,"expires":1395756521000,"signMessageLong":"72  Killingsworth/82nd to Clackamas TC","extraBlockID":null,"locationInScheduleDay":25325,"longitude":-122.670449,"blockID":7240,"offRoute":false,"nextLocID":3183,"vehicleID":2533,"signMessage":"72 Clackamas TC","extraTripID":null,"nextStopSeq":17,"routeNumber":72,"vehicleLoad":"unknown","bearing":89,"lastStopSeq":16,"inCongestion":false,"delay":24,"latitude":45.562708},{"tripID":4418196,"serviceDate":1395730800000,"direction":1,"garage":"POWELL","type":"bus","lastLocID":8025,"messageCode":760,"time":1395756020507,"expires":1395756437000,"signMessageLong":"72  Killingsworth/82nd to Clackamas TC","extraBlockID":null,"locationInScheduleDay":25262,"longitude":-122.5786685,"blockID":7236,"offRoute":false,"nextLocID":8038,"vehicleID":2552,"signMessage":"72 Clackamas TC","extraTripID":null,"nextStopSeq":55,"routeNumber":72,"vehicleLoad":"unknown","bearing":180,"lastStopSeq":54,"inCongestion":false,"delay":45,"latitude":45.5534273},{"tripID":4417868,"serviceDate":1395730800000,"direction":0,"garage":"POWELL","type":"bus","lastLocID":3154,"messageCode":768,"time":1395756098524,"expires":1395756515000,"signMessageLong":"72  Killingsworth/82nd to Swan Island-Shipyards","extraBlockID":null,"locationInScheduleDay":24988,"longitude":-122.6755296,"blockID":7242,"offRoute":false,"nextLocID":3174,"vehicleID":2548,"signMessage":"72 Swan Island","extraTripID":null,"nextStopSeq":98,"routeNumber":72,"vehicleLoad":"unknown","bearing":269,"lastStopSeq":97,"inCongestion":false,"delay":-307,"latitude":45.5626865},{"tripID":4411561,"serviceDate":1395730800000,"direction":1,"garage":"POWELL","type":"bus","lastLocID":3637,"messageCode":268,"time":1395756098480,"expires":1395756517000,"signMessageLong":"14  Hawthorne to Portland","extraBlockID":null,"locationInScheduleDay":25276,"longitude":-122.655517,"blockID":1435,"offRoute":false,"nextLocID":3641,"vehicleID":2316,"signMessage":"14 To Portland","extraTripID":null,"nextStopSeq":40,"routeNumber":14,"vehicleLoad":"unknown","bearing":267,"lastStopSeq":39,"inCongestion":false,"delay":-21,"latitude":45.5129237},{"tripID":4413879,"serviceDate":1395730800000,"direction":1,"garage":"CENTER","type":"bus","lastLocID":2571,"messageCode":464,"time":1395756101166,"expires":1395756518000,"signMessageLong":"31  To Portland via Milwaukie","extraBlockID":null,"locationInScheduleDay":25242,"longitude":-122.6370626,"blockID":1403,"offRoute":false,"nextLocID":2570,"vehicleID":2725,"signMessage":"31 To Portland","extraTripID":null,"nextStopSeq":23,"routeNumber":31,"vehicleLoad":"unknown","bearing":268,"lastStopSeq":22,"inCongestion":false,"delay":-56,"latitude":45.4464313},{"tripID":4419088,"serviceDate":1395730800000,"direction":0,"garage":"CENTER","type":"bus","lastLocID":2460,"messageCode":809,"time":1395756101165,"expires":1395756517000,"signMessageLong":"77  Broadway/Halsey to Troutdale","extraBlockID":null,"locationInScheduleDay":25395,"longitude":-122.5624606,"blockID":7705,"offRoute":false,"nextLocID":10747,"vehicleID":2720,"signMessage":"77 To Troutdale","extraTripID":null,"nextStopSeq":56,"routeNumber":77,"vehicleLoad":"unknown","bearing":110,"lastStopSeq":55,"inCongestion":false,"delay":98,"latitude":45.5336985},{"tripID":4411563,"serviceDate":1395730800000,"direction":1,"garage":"CENTER","type":"bus","lastLocID":1815,"messageCode":268,"time":1395756101156,"expires":1395756518000,"signMessageLong":"14  Hawthorne to Portland","extraBlockID":null,"locationInScheduleDay":25224,"longitude":-122.5850273,"blockID":1404,"offRoute":false,"nextLocID":12948,"vehicleID":2718,"signMessage":"14 To Portland","extraTripID":null,"nextStopSeq":8,"routeNumber":14,"vehicleLoad":"unknown","bearing":295,"lastStopSeq":7,"inCongestion":false,"delay":-74,"latitude":45.4850964},{"tripID":4417164,"serviceDate":1395730800000,"direction":0,"garage":"CENTER","type":"bus","lastLocID":7105,"messageCode":783,"time":1395756101152,"expires":1395756519000,"signMessageLong":"70  33rd Ave to NE Sunderland","extraBlockID":null,"locationInScheduleDay":25274,"longitude":-122.6439392,"blockID":7007,"offRoute":false,"nextLocID":8883,"vehicleID":2709,"signMessage":"70 To Sunderlnd","extraTripID":null,"nextStopSeq":70,"routeNumber":70,"vehicleLoad":"unknown","bearing":0,"lastStopSeq":69,"inCongestion":false,"delay":-25,"latitude":45.5792541},{"tripID":4417315,"serviceDate":1395730800000,"direction":1,"garage":"CENTER","type":"bus","lastLocID":6896,"messageCode":791,"time":1395756082965,"expires":1395756499000,"signMessageLong":"70  To Milwaukie","extraBlockID":null,"locationInScheduleDay":25200,"longitude":-122.6470529,"blockID":7001,"offRoute":false,"nextLocID":6900,"vehicleID":2704,"signMessage":"70 To Milwaukie","extraTripID":null,"nextStopSeq":73,"routeNumber":70,"vehicleLoad":"unknown","bearing":179,"lastStopSeq":72,"inCongestion":false,"delay":-79,"latitude":45.4644562},{"tripID":4417317,"serviceDate":1395730800000,"direction":1,"garage":"CENTER","type":"bus","lastLocID":7400,"messageCode":788,"time":1395756098320,"expires":1395756517000,"signMessageLong":"70  12th/NE 33rd Ave to Milwaukie","extraBlockID":null,"locationInScheduleDay":25391,"longitude":-122.6307058,"blockID":7003,"offRoute":false,"nextLocID":7386,"vehicleID":2705,"signMessage":"70 To Milwaukie","extraTripID":null,"nextStopSeq":28,"routeNumber":70,"vehicleLoad":"unknown","bearing":179,"lastStopSeq":27,"inCongestion":false,"delay":94,"latitude":45.5424817},{"tripID":4417167,"serviceDate":1395730800000,"direction":0,"garage":"CENTER","type":"bus","lastLocID":13477,"messageCode":782,"time":1395756080132,"expires":1395756497000,"signMessageLong":"70  12th/NE 33rd Ave to NE Sunderland via 13th & Tacoma","extraBlockID":null,"locationInScheduleDay":25260,"longitude":-122.6407309,"blockID":7004,"offRoute":false,"nextLocID":8225,"vehicleID":2701,"signMessage":"70 To Sunderland via 13th","extraTripID":null,"nextStopSeq":2,"routeNumber":70,"vehicleLoad":"unknown","bearing":81,"lastStopSeq":1,"inCongestion":false,"delay":-17,"latitude":45.4448667},{"tripID":4419225,"serviceDate":1395730800000,"direction":1,"garage":"CENTER","type":"bus","lastLocID":10869,"messageCode":813,"time":1395756104083,"expires":1395756522000,"signMessageLong":"77  Broadway/Halsey to Montgomery Park","extraBlockID":null,"locationInScheduleDay":25320,"longitude":-122.6206252,"blockID":7704,"offRoute":false,"nextLocID":7484,"vehicleID":2614,"signMessage":"77 Montgomry Pk","extraTripID":null,"nextStopSeq":69,"routeNumber":77,"vehicleLoad":"unknown","bearing":89,"lastStopSeq":68,"inCongestion":false,"delay":18,"latitude":45.5332523},{"tripID":4411564,"serviceDate":1395730800000,"direction":1,"garage":"CENTER","type":"bus","lastLocID":1831,"messageCode":268,"time":1395756098462,"expires":1395756515000,"signMessageLong":"14  Hawthorne to Portland","extraBlockID":null,"locationInScheduleDay":25295,"longitude":-122.5662917,"blockID":1401,"offRoute":false,"nextLocID":13236,"vehicleID":2608,"signMessage":"14 To Portland","extraTripID":null,"nextStopSeq":2,"routeNumber":14,"vehicleLoad":"unknown","bearing":291,"lastStopSeq":1,"inCongestion":false,"delay":0,"latitude":45.4791765},{"tripID":4419228,"serviceDate":1395730800000,"direction":1,"garage":"CENTER","type":"bus","lastLocID":9481,"messageCode":813,"time":1395756106938,"expires":1395756526000,"signMessageLong":"77  Broadway/Halsey to Montgomery Park","extraBlockID":null,"locationInScheduleDay":25306,"longitude":-122.3982117,"blockID":7703,"offRoute":false,"nextLocID":9471,"vehicleID":2630,"signMessage":"77 Montgomry Pk","extraTripID":null,"nextStopSeq":2,"routeNumber":77,"vehicleLoad":"unknown","bearing":85,"lastStopSeq":1,"inCongestion":false,"delay":0,"latitude":45.5443612},{"tripID":4419090,"serviceDate":1395730800000,"direction":0,"garage":"CENTER","type":"bus","lastLocID":1608,"messageCode":809,"time":1395756086318,"expires":1395756503000,"signMessageLong":"77  Broadway/Halsey to Troutdale","extraBlockID":null,"locationInScheduleDay":25227,"longitude":-122.6837328,"blockID":7706,"offRoute":false,"nextLocID":1607,"vehicleID":2632,"signMessage":"77 To Troutdale","extraTripID":null,"nextStopSeq":14,"routeNumber":77,"vehicleLoad":"unknown","bearing":88,"lastStopSeq":13,"inCongestion":false,"delay":-56,"latitude":45.5250707},{"tripID":4417870,"serviceDate":1395730800000,"direction":0,"garage":"POWELL","type":"bus","lastLocID":7987,"messageCode":768,"time":1395756082943,"expires":1395756499000,"signMessageLong":"72  Killingsworth/82nd to Swan Island-Shipyards","extraBlockID":null,"locationInScheduleDay":24800,"longitude":-122.5790395,"blockID":7237,"offRoute":false,"nextLocID":8010,"vehicleID":3004,"signMessage":"72 Swan Island","extraTripID":null,"nextStopSeq":47,"routeNumber":72,"vehicleLoad":"unknown","bearing":359,"lastStopSeq":46,"inCongestion":false,"delay":-479,"latitude":45.531093},{"tripID":4417873,"serviceDate":1395730800000,"direction":0,"garage":"POWELL","type":"bus","lastLocID":13248,"messageCode":766,"time":1395756086214,"expires":1395756502000,"signMessageLong":"72  Killingsworth/82nd to Swan Island-Anchor St","extraBlockID":null,"locationInScheduleDay":25149,"longitude":-122.5687866,"blockID":7241,"offRoute":false,"nextLocID":12922,"vehicleID":3048,"signMessage":"72 Swan Island","extraTripID":null,"nextStopSeq":2,"routeNumber":72,"vehicleLoad":"unknown","bearing":261,"lastStopSeq":1,"inCongestion":false,"delay":-133,"latitude":45.4355757},{"tripID":4418201,"serviceDate":1395730800000,"direction":1,"garage":"POWELL","type":"bus","lastLocID":8681,"messageCode":760,"time":1395756095968,"expires":1395756511000,"signMessageLong":"72  Killingsworth/82nd to Clackamas TC","extraBlockID":null,"locationInScheduleDay":25737,"longitude":-122.6992945,"blockID":7235,"offRoute":false,"nextLocID":9399,"vehicleID":3053,"signMessage":"72 Clackamas TC","extraTripID":null,"nextStopSeq":3,"routeNumber":72,"vehicleLoad":"unknown","bearing":101,"lastStopSeq":2,"inCongestion":false,"delay":446,"latitude":45.5562453},{"tripID":4417871,"serviceDate":1395730800000,"direction":0,"garage":"POWELL","type":"bus","lastLocID":7928,"messageCode":766,"time":1395756095959,"expires":1395756514000,"signMessageLong":"72  Killingsworth/82nd to Swan Island-Anchor St","extraBlockID":null,"locationInScheduleDay":25398,"longitude":-122.5790807,"blockID":7245,"offRoute":false,"nextLocID":8047,"vehicleID":3052,"signMessage":"72 Swan Island","extraTripID":null,"nextStopSeq":40,"routeNumber":72,"vehicleLoad":"unknown","bearing":359,"lastStopSeq":39,"inCongestion":false,"delay":104,"latitude":45.5192697},{"tripID":4418194,"serviceDate":1395730800000,"direction":1,"garage":"POWELL","type":"bus","lastLocID":12921,"messageCode":760,"time":1395756050420,"expires":1395756469000,"signMessageLong":"72  Killingsworth/82nd to Clackamas TC","extraBlockID":null,"locationInScheduleDay":25472,"longitude":-122.5690545,"blockID":7234,"offRoute":false,"nextLocID":13247,"vehicleID":3054,"signMessage":"72 Clackamas TC","extraTripID":null,"nextStopSeq":111,"routeNumber":72,"vehicleLoad":"unknown","bearing":173,"lastStopSeq":110,"inCongestion":false,"delay":0,"latitude":45.4356606},{"tripID":4419222,"serviceDate":1395730800000,"direction":1,"garage":"POWELL","type":"bus","lastLocID":8483,"messageCode":813,"time":1395756082995,"expires":1395756500000,"signMessageLong":"77  Broadway/Halsey to Montgomery Park","extraBlockID":null,"locationInScheduleDay":24042,"longitude":-122.7069345,"blockID":7734,"offRoute":false,"nextLocID":8484,"vehicleID":3046,"signMessage":"77 Montgomry Pk","extraTripID":null,"nextStopSeq":109,"routeNumber":77,"vehicleLoad":"unknown","bearing":178,"lastStopSeq":108,"inCongestion":false,"delay":0,"latitude":45.5377966},{"tripID":4419226,"serviceDate":1395730800000,"direction":1,"garage":"POWELL","type":"bus","lastLocID":6226,"messageCode":813,"time":1395756080114,"expires":1395756498000,"signMessageLong":"77  Broadway/Halsey to Montgomery Park","extraBlockID":null,"locationInScheduleDay":25097,"longitude":-122.5469742,"blockID":7738,"offRoute":false,"nextLocID":6225,"vehicleID":3035,"signMessage":"77 Montgomry Pk","extraTripID":null,"nextStopSeq":43,"routeNumber":77,"vehicleLoad":"unknown","bearing":298,"lastStopSeq":42,"inCongestion":false,"delay":-181,"latitude":45.5339572},{"tripID":4411314,"serviceDate":1395730800000,"direction":0,"garage":"POWELL","type":"bus","lastLocID":2595,"messageCode":266,"time":1395756080108,"expires":1395756498000,"signMessageLong":"14  Hawthorne to 94th & Foster","extraBlockID":null,"locationInScheduleDay":25202,"longitude":-122.6493402,"blockID":1434,"offRoute":false,"nextLocID":2603,"vehicleID":3027,"signMessage":"14 To 94-Foster","extraTripID":null,"nextStopSeq":8,"routeNumber":14,"vehicleLoad":"unknown","bearing":90,"lastStopSeq":7,"inCongestion":false,"delay":-76,"latitude":45.512197},{"tripID":4418195,"serviceDate":1395730800000,"direction":1,"garage":"POWELL","type":"bus","lastLocID":7980,"messageCode":760,"time":1395756098284,"expires":1395756516000,"signMessageLong":"72  Killingsworth/82nd to Clackamas TC","extraBlockID":null,"locationInScheduleDay":25009,"longitude":-122.5786939,"blockID":7243,"offRoute":false,"nextLocID":8008,"vehicleID":3025,"signMessage":"72 Clackamas TC","extraTripID":null,"nextStopSeq":77,"routeNumber":72,"vehicleLoad":"unknown","bearing":180,"lastStopSeq":76,"inCongestion":false,"delay":-287,"latitude":45.5116958},{"tripID":4419227,"serviceDate":1395730800000,"direction":1,"garage":"CENTER","type":"bus","lastLocID":2406,"messageCode":813,"time":1395756038285,"expires":1395756456000,"signMessageLong":"77  Broadway/Halsey to Montgomery Park","extraBlockID":null,"locationInScheduleDay":25391,"longitude":-122.4734801,"blockID":7702,"offRoute":false,"nextLocID":8860,"vehicleID":2005,"signMessage":"77 Montgomry Pk","extraTripID":null,"nextStopSeq":22,"routeNumber":77,"vehicleLoad":"unknown","bearing":269,"lastStopSeq":21,"inCongestion":false,"delay":155,"latitude":45.5336717}],"queryTime":1395756108852}}
