{"resultSet":{"vehicle":[{"tripID":4419221,"serviceDate":1395730800000,"direction":1,"garage":"POWELL","type":"bus","lastLocID":10867,"messageCode":813,"time":1395751942998,"expires":1395752362000,"signMessageLong":"77  Broadway/Halsey to Montgomery Park","extraBlockID":null,"locationInScheduleDay":21096,"longitude":-122.656589,"blockID":7735,"offRoute":false,"nextLocID":10876,"vehicleID":2222,"signMessage":"77 Montgomry Pk","extraTripID":null,"nextStopSeq":37,"routeNumber":77,"vehicleLoad":"unknown","bearing":180,"lastStopSeq":36,"inCongestion":false,"delay":-46,"latitude":45.5336987},{"tripID":4419223,"serviceDate":1395730800000,"direction":1,"garage":"POWELL","type":"bus","lastLocID":10630,"messageCode":813,"time":1395751939712,"expires":1395752357000,"signMessageLong":"77  Broadway/Halsey to Montgomery Park","extraBlockID":null,"locationInScheduleDay":21146,"longitude":-122.4055437,"blockID":7736,"offRoute":false,"nextLocID":2340,"vehicleID":2221,"signMessage":"77 Montgomry Pk","extraTripID":null,"nextStopSeq":6,"routeNumber":77,"vehicleLoad":"unknown","bearing":264,"lastStopSeq":5,"inCongestion":false,"delay":9,"latitude":45.5387558},{"tripID":4413875,"serviceDate":1395730800000,"direction":1,"garage":"POWELL","type":"bus","lastLocID":3229,"messageCode":464,"time":1395751945660,"expires":1395752364000,"signMessageLong":"31  To Portland via Milwaukie","extraBlockID":null,"locationInScheduleDay":20994,"longitude":-122.5925959,"blockID":3137,"offRoute":false,"nextLocID":3249,"vehicleID":2258,"signMessage":"31 To Portland","extraTripID":null,"nextStopSeq":9,"routeNumber":31,"vehicleLoad":"unknown","bearing":288,"lastStopSeq":8,"inCongestion":false,"delay":-150,"latitude":45.4478624},{"tripID":4417163,"serviceDate":1395730800000,"direction":0,"garage":"CENTER","type":"bus","lastLocID":6871,"messageCode":782,"time":1395751939562,"expires":1395752359000,"signMessageLong":"70  12th/NE 33rd Ave to NE Sunderland via 13th & Tacoma","extraBlockID":null,"locationInScheduleDay":21129,"longitude":-122.6447383,"blockID":7005,"offRoute":false,"nextLocID":6901,"vehicleID":2132,"signMessage":"70 To Sunderland via 13th","extraTripID":null,"nextStopSeq":4,"routeNumber":70,"vehicleLoad":"unknown","bearing":340,"lastStopSeq":3,"inCongestion":false,"delay":-10,"latitude":45.4503692},{"tripID":4417865,"serviceDate":1395730800000,"direction":0,"garage":"POWELL","type":"bus","lastLocID":8026,"messageCode":768,"time":1395751927829,"expires":1395752345000,"signMessageLong":"72  Killingsworth/82nd to Swan Island-Shipyards","extraBlockID":null,"locationInScheduleDay":21087,"longitude":-122.5786347,"blockID":7238,"offRoute":false,"nextLocID":8063,"vehicleID":2527,"signMessage":"72 Swan Island","extraTripID":null,"nextStopSeq":60,"routeNumber":72,"vehicleLoad":"unknown","bearing":0,"lastStopSeq":59,"inCongestion":false,"delay":-38,"latitude":45.5553404},{"tripID":4417312,"serviceDate":1395730800000,"direction":1,"garage":"CENTER","type":"bus","lastLocID":6577,"messageCode":789,"time":1395751942903,"expires":1395752361000,"signMessageLong":"70  12th Ave to Milwaukie via 17th & Tacoma","extraBlockID":null,"locationInScheduleDay":20970,"longitude":-122.6541407,"blockID":7002,"offRoute":false,"nextLocID":6541,"vehicleID":2524,"signMessage":"70 To Milw via 17","extraTripID":null,"nextStopSeq":48,"routeNumber":70,"vehicleLoad":"unknown","bearing":232,"lastStopSeq":47,"inCongestion":false,"delay":-171,"latitude":45.5224416},{"tripID":4419087,"serviceDate":1395730800000,"direction":0,"garage":"CENTER","type":"bus","lastLocID":8484,"messageCode":809,"time":1395751939685,"expires":1395752358000,"signMessageLong":"77  Broadway/Halsey to Troutdale","extraBlockID":null,"locationInScheduleDay":21138,"longitude":-122.7069049,"blockID":7701,"offRoute":false,"nextLocID":8385,"vehicleID":2512,"signMessage":"77 To Troutdale","extraTripID":null,"nextStopSeq":2,"routeNumber":77,"vehicleLoad":"unknown","bearing":178,"lastStopSeq":1,"inCongestion":false,"delay":0,"latitude":45.5370429},{"tripID":4418192,"serviceDate":1395730800000,"direction":1,"garage":"POWELL","type":"bus","lastLocID":3146,"messageCode":760,"time":1395751879960,"expires":1395752298000,"signMessageLong":"72  Killingsworth/82nd to Clackamas TC","extraBlockID":null,"locationInScheduleDay":21130,"longitude":-122.5995973,"blockID":7239,"offRoute":false,"nextLocID":3148,"vehicleID":2540,"signMessage":"72 Clackamas TC","extraTripID":null,"nextStopSeq":47,"routeNumber":72,"vehicleLoad":"unknown","bearing":90,"lastStopSeq":46,"inCongestion":false,"delay":52,"latitude":45.5627541},{"tripID":4417866,"serviceDate":1395730800000,"direction":0,"garage":"POWELL","type":"bus","lastLocID":7935,"messageCode":766,"time":1395751939703,"expires":1395752358000,"signMessageLong":"72  Killingsworth/82nd to Swan Island-Anchor St","extraBlockID":null,"locationInScheduleDay":21024,"longitude":-122.5787955,"blockID":7240,"offRoute":false,"nextLocID":7943,"vehicleID":2533,"signMessage":"72 Swan Island","extraTripID":null,"nextStopSeq":27,"routeNumber":72,"vehicleLoad":"unknown","bearing":0,"lastStopSeq":26,"inCongestion":false,"delay":-114,"latitude":45.49302},{"tripID":4417864,"serviceDate":1395730800000,"direction":0,"garage":"POWELL","type":"bus","lastLocID":7326,"messageCode":768,"time":1395751962831,"expires":1395752378000,"signMessageLong":"72  Killingsworth/82nd to Swan Island-Shipyards","extraBlockID":null,"locationInScheduleDay":20797,"longitude":-122.6348917,"blockID":7236,"offRoute":false,"nextLocID":64,"vehicleID":2552,"signMessage":"72 Swan Island","extraTripID":null,"nextStopSeq":83,"routeNumber":72,"vehicleLoad":"unknown","bearing":179,"lastStopSeq":82,"inCongestion":false,"delay":-361,"latitude":45.5592338},{"tripID":4413874,"serviceDate":1395730800000,"direction":1,"garage":"POWELL","type":"bus","lastLocID":3858,"messageCode":466,"time":1395751954929,"expires":1395752373000,"signMessageLong":"31  Portland","extraBlockID":null,"locationInScheduleDay":21100,"longitude":-122.6514441,"blockID":3134,"offRoute":false,"nextLocID":3837,"vehicleID":2555,"signMessage":"31 To Portland","extraTripID":null,"nextStopSeq":33,"routeNumber":31,"vehicleLoad":"unknown","bearing":323,"lastStopSeq":32,"inCongestion":false,"delay":-53,"latitude":45.4882771},{"tripID":4411557,"serviceDate":1395730800000,"direction":1,"garage":"POWELL","type":"bus","lastLocID":11956,"messageCode":266,"time":1395751962803,"expires":1395752377000,"signMessageLong":"14  Hawthorne to 94th & Foster","extraBlockID":null,"locationInScheduleDay":21199,"longitude":-122.6785337,"blockID":1435,"offRoute":false,"nextLocID":13169,"vehicleID":2316,"signMessage":"14 To 94-Foster","extraTripID":null,"nextStopSeq":44,"routeNumber":14,"vehicleLoad":"unknown","bearing":291,"lastStopSeq":43,"inCongestion":false,"delay":42,"latitude":45.5160055},{"tripID":4417161,"serviceDate":1395730800000,"direction":0,"garage":"CENTER","type":"bus","lastLocID":8854,"messageCode":783,"time":1395751942869,"expires":1395752360000,"signMessageLong":"70  33rd Ave to NE Sunderland","extraBlockID":null,"locationInScheduleDay":21017,"longitude":-122.6395709,"blockID":7001,"offRoute":false,"nextLocID":9550,"vehicleID":2704,"signMessage":"70 To Sunderlnd","extraTripID":null,"nextStopSeq":75,"routeNumber":70,"vehicleLoad":"unknown","bearing":115,"lastStopSeq":74,"inCongestion":false,"delay":-123,"latitude":45.5808619},{"tripID":4417162,"serviceDate":1395730800000,"direction":0,"garage":"CENTER","type":"bus","lastLocID":6585,"messageCode":780,"time":1395751939593,"expires":1395752358000,"signMessageLong":"70  12th/NE 33rd Ave to NE Sunderland","extraBlockID":null,"locationInScheduleDay":21240,"longitude":-122.6536782,"blockID":7003,"offRoute":false,"nextLocID":6588,"vehicleID":2705,"signMessage":"70 To Sunderlnd","extraTripID":null,"nextStopSeq":28,"routeNumber":70,"vehicleLoad":"unknown","bearing":359,"lastStopSeq":27,"inCongestion":false,"delay":102,"latitude":45.5131191},{"tripID":4411558,"serviceDate":1395730800000,"direction":1,"garage":"CENTER","type":"bus","lastLocID":1793,"messageCode":268,"time":1395751962704,"expires":1395752377000,"signMessageLong":"14  Hawthorne to Portland","extraBlockID":null,"locationInScheduleDay":21163,"longitude":-122.6111256,"blockID":1401,"offRoute":false,"nextLocID":7656,"vehicleID":2608,"signMessage":"14 To Portland","extraTripID":null,"nextStopSeq":18,"routeNumber":14,"vehicleLoad":"unknown","bearing":314,"lastStopSeq":17,"inCongestion":false,"delay":6,"latitude":45.4970953},{"tripID":4418191,"serviceDate":1395730800000,"direction":1,"garage":"POWELL","type":"bus","lastLocID":7958,"messageCode":760,"time":1395751961113,"expires":1395752377000,"signMessageLong":"72  Killingsworth/82nd to Clackamas TC","extraBlockID":null,"locationInScheduleDay":21039,"longitude":-122.5786978,"blockID":7237,"offRoute":false,"nextLocID":7948,"vehicleID":3004,"signMessage":"72 Clackamas TC","extraTripID":null,"nextStopSeq":80,"routeNumber":72,"vehicleLoad":"unknown","bearing":180,"lastStopSeq":79,"inCongestion":false,"delay":-118,"latitude":45.5050686},{"tripID":4413796,"serviceDate":1395730800000,"direction":0,"garage":"POWELL","type":"bus","lastLocID":3234,"messageCode":457,"time":1395751961128,"expires":1395752375000,"signMessageLong":"31  Clackamas Town Center, continuing to Estacada","extraBlockID":null,"locationInScheduleDay":21162,"longitude":-122.595868,"blockID":3136,"offRoute":false,"nextLocID":3250,"vehicleID":3007,"signMessage":"31 To Estacada via Clackamas","extraTripID":null,"nextStopSeq":15,"routeNumber":31,"vehicleLoad":"unknown","bearing":90,"lastStopSeq":14,"inCongestion":false,"delay":7,"latitude":45.4479348},{"tripID":4418193,"serviceDate":1395730800000,"direction":1,"garage":"POWELL","type":"bus","lastLocID":3173,"messageCode":760,"time":1395751942850,"expires":1395752360000,"signMessageLong":"72  Killingsworth/82nd to Clackamas TC","extraBlockID":null,"locationInScheduleDay":21163,"longitude":-122.6753292,"blockID":7241,"offRoute":false,"nextLocID":3153,"vehicleID":3048,"signMessage":"72 Clackamas TC","extraTripID":null,"nextStopSeq":14,"routeNumber":72,"vehicleLoad":"unknown","bearing":89,"lastStopSeq":13,"inCongestion":false,"delay":23,"latitude":45.5626878},{"tripID":4417867,"serviceDate":1395730800000,"direction":0,"garage":"POWELL","type":"bus","lastLocID":12922,"messageCode":768,"time":1395751939649,"expires":1395752357000,"signMessageLong":"72  Killingsworth/82nd to Swan Island-Shipyards","extraBlockID":null,"locationInScheduleDay":21180,"longitude":-122.5740057,"blockID":7235,"offRoute":false,"nextLocID":7941,"vehicleID":3053,"signMessage":"72 Swan Island","extraTripID":null,"nextStopSeq":3,"routeNumber":72,"vehicleLoad":"unknown","bearing":271,"lastStopSeq":2,"inCongestion":false,"delay":43,"latitude":45.4374107},{"tripID":4417863,"serviceDate":1395730800000,"direction":0,"garage":"POWELL","type":"bus","lastLocID":1042,"messageCode":768,"time":1395751961200,"expires":1395752375000,"signMessageLong":"72  Killingsworth/82nd to Swan Island-Shipyards","extraBlockID":null,"locationInScheduleDay":20758,"longitude":-122.7041941,"blockID":7234,"offRoute":false,"nextLocID":1041,"vehicleID":3054,"signMessage":"72 Swan Island","extraTripID":null,"nextStopSeq":117,"routeNumber":72,"vehicleLoad":"unknown","bearing":94,"lastStopSeq":116,"inCongestion":false,"delay":0,"latitude":45.5566863},{"tripID":4419222,"serviceDate":1395730800000,"direction":1,"garage":"POWELL","type":"bus","lastLocID":2386,"messageCode":813,"time":1395751951769,"expires":1395752371000,"signMessageLong":"77  Broadway/Halsey to Montgomery Park","extraBlockID":null,"locationInScheduleDay":20861,"longitude":-122.5097601,"blockID":7734,"offRoute":false,"nextLocID":2384,"vehicleID":3046,"signMessage":"77 Montgomry Pk","extraTripID":null,"nextStopSeq":31,"routeNumber":77,"vehicleLoad":"unknown","bearing":268,"lastStopSeq":30,"inCongestion":false,"delay":-290,"latitude":45.5336665},{"tripID":4411310,"serviceDate":1395730800000,"direction":0,"garage":"POWELL","type":"bus","lastLocID":1827,"messageCode":266,"time":1395751942847,"expires":1395752361000,"signMessageLong":"14  Hawthorne to 94th & Foster","extraBlockID":null,"locationInScheduleDay":21225,"longitude":-122.5689909,"blockID":1434,"offRoute":false,"nextLocID":6427,"vehicleID":3027,"signMessage":"14 To 94-Foster","extraTripID":null,"nextStopSeq":46,"routeNumber":14,"vehicleLoad":"unknown","bearing":98,"lastStopSeq":45,"inCongestion":false,"delay":84,"latitude":45.4791562},{"tripID":4419085,"serviceDate":1395730800000,"direction":0,"garage":"CENTER","type":"bus","lastLocID":2426,"messageCode":809,"time":1395751939707,"expires":1395752358000,"signMessageLong":"77  Broadway/Halsey to Troutdale","extraBlockID":null,"locationInScheduleDay":21137,"longitude":-122.6096833,"blockID":7702,"offRoute":false,"nextLocID":2429,"vehicleID":2005,"signMessage":"77 To Troutdale","extraTripID":null,"nextStopSeq":40,"routeNumber":77,"vehicleLoad":"unknown","bearing":90,"lastStopSeq":39,"inCongestion":false,"delay":-1,"latitude":45.5337327}],"queryTime":1395751968679}}
