{"resultSet":{"vehicle":[{"tripID":4411566,"serviceDate":1395730800000,"direction":1,"garage":"POWELL","type":"bus","lastLocID":1831,"messageCode":268,"time":1395756800263,"expires":1395757219000,"signMessageLong":"14  Hawthorne to Portland","extraBlockID":null,"locationInScheduleDay":25999,"longitude":-122.5662917,"blockID":1436,"offRoute":false,"nextLocID":13236,"vehicleID":2206,"signMessage":"14 To Portland","extraTripID":null,"nextStopSeq":2,"routeNumber":14,"vehicleLoad":"unknown","bearing":291,"lastStopSeq":1,"inCongestion":false,"delay":0,"latitude":45.4791765},{"tripID":4419089,"serviceDate":1395730800000,"direction":0,"garage":"POWELL","type":"bus","lastLocID":2430,"messageCode":809,"time":1395756803108,"expires":1395757221000,"signMessageLong":"77  Broadway/Halsey to Troutdale","extraBlockID":null,"locationInScheduleDay":25810,"longitude":-122.6055625,"blockID":7735,"offRoute":false,"nextLocID":2434,"vehicleID":2222,"signMessage":"77 To Troutdale","extraTripID":null,"nextStopSeq":42,"routeNumber":77,"vehicleLoad":"unknown","bearing":90,"lastStopSeq":41,"inCongestion":false,"delay":-191,"latitude":45.5337225},{"tripID":4419092,"serviceDate":1395730800000,"direction":0,"garage":"POWELL","type":"bus","lastLocID":8484,"messageCode":809,"time":1395756800265,"expires":1395757218000,"signMessageLong":"77  Broadway/Halsey to Troutdale","extraBlockID":null,"locationInScheduleDay":25998,"longitude":-122.7069049,"blockID":7736,"offRoute":false,"nextLocID":8385,"vehicleID":2221,"signMessage":"77 To Troutdale","extraTripID":null,"nextStopSeq":2,"routeNumber":77,"vehicleLoad":"unknown","bearing":178,"lastStopSeq":1,"inCongestion":false,"delay":0,"latitude":45.5370429},{"tripID":4411565,"serviceDate":1395730800000,"direction":1,"garage":"POWELL","type":"bus","lastLocID":13236,"messageCode":268,"time":1395756817940,"expires":1395757236000,"signMessageLong":"14  Hawthorne to Portland","extraBlockID":null,"locationInScheduleDay":25942,"longitude":-122.5675341,"blockID":1438,"offRoute":false,"nextLocID":1829,"vehicleID":2220,"signMessage":"14 To Portland","extraTripID":null,"nextStopSeq":3,"routeNumber":14,"vehicleLoad":"unknown","bearing":291,"lastStopSeq":2,"inCongestion":false,"delay":-74,"latitude":45.4795188},{"tripID":4411562,"serviceDate":1395730800000,"direction":1,"garage":"POWELL","type":"bus","lastLocID":3637,"messageCode":268,"time":1395756815107,"expires":1395757233000,"signMessageLong":"14  Hawthorne to Portland","extraBlockID":null,"locationInScheduleDay":26086,"longitude":-122.6573219,"blockID":1437,"offRoute":false,"nextLocID":3641,"vehicleID":2264,"signMessage":"14 To Portland","extraTripID":null,"nextStopSeq":40,"routeNumber":14,"vehicleLoad":"unknown","bearing":270,"lastStopSeq":39,"inCongestion":false,"delay":73,"latitude":45.512918},{"tripID":4418200,"serviceDate":1395730800000,"direction":1,"garage":"POWELL","type":"bus","lastLocID":5927,"messageCode":760,"time":1395756821913,"expires":1395757240000,"signMessageLong":"72  Killingsworth/82nd to Clackamas TC","extraBlockID":null,"locationInScheduleDay":25970,"longitude":-122.6615637,"blockID":7247,"offRoute":false,"nextLocID":46,"vehicleID":2250,"signMessage":"72 Clackamas TC","extraTripID":null,"nextStopSeq":21,"routeNumber":72,"vehicleLoad":"unknown","bearing":180,"lastStopSeq":20,"inCongestion":false,"delay":-50,"latitude":45.5593575},{"tripID":4418198,"serviceDate":1395730800000,"direction":1,"garage":"POWELL","type":"bus","lastLocID":8889,"messageCode":760,"time":1395756756641,"expires":1395757171000,"signMessageLong":"72  Killingsworth/82nd to Clackamas TC","extraBlockID":null,"locationInScheduleDay":26067,"longitude":-122.5785707,"blockID":7246,"offRoute":false,"nextLocID":8064,"vehicleID":2296,"signMessage":"72 Clackamas TC","extraTripID":null,"nextStopSeq":53,"routeNumber":72,"vehicleLoad":"unknown","bearing":180,"lastStopSeq":52,"inCongestion":false,"delay":116,"latitude":45.558692},{"tripID":4419224,"serviceDate":1395730800000,"direction":1,"garage":"POWELL","type":"bus","lastLocID":7113,"messageCode":813,"time":1395756818066,"expires":1395757234000,"signMessageLong":"77  Broadway/Halsey to Montgomery Park","extraBlockID":null,"locationInScheduleDay":25726,"longitude":-122.6945392,"blockID":7737,"offRoute":false,"nextLocID":7122,"vehicleID":2285,"signMessage":"77 Montgomry Pk","extraTripID":null,"nextStopSeq":96,"routeNumber":77,"vehicleLoad":"unknown","bearing":358,"lastStopSeq":95,"inCongestion":false,"delay":-288,"latitude":45.5292716},{"tripID":4417869,"serviceDate":1395730800000,"direction":0,"garage":"POWELL","type":"bus","lastLocID":3184,"messageCode":766,"time":1395756800396,"expires":1395757218000,"signMessageLong":"72  Killingsworth/82nd to Swan Island-Anchor St","extraBlockID":null,"locationInScheduleDay":25812,"longitude":-122.67112,"blockID":7244,"offRoute":false,"nextLocID":3157,"vehicleID":2276,"signMessage":"72 Swan Island","extraTripID":null,"nextStopSeq":96,"routeNumber":72,"vehicleLoad":"unknown","bearing":269,"lastStopSeq":95,"inCongestion":false,"delay":-186,"latitude":45.562705},{"tripID":4417318,"serviceDate":1395730800000,"direction":1,"garage":"CENTER","type":"bus","lastLocID":7372,"messageCode":788,"time":1395756821265,"expires":1395757238000,"signMessageLong":"70  12th/NE 33rd Ave to Milwaukie","extraBlockID":null,"locationInScheduleDay":26009,"longitude":-122.6306853,"blockID":7005,"offRoute":false,"nextLocID":7363,"vehicleID":2132,"signMessage":"70 To Milwaukie","extraTripID":null,"nextStopSeq":20,"routeNumber":70,"vehicleLoad":"unknown","bearing":180,"lastStopSeq":19,"inCongestion":false,"delay":-9,"latitude":45.561601},{"tripID":4413878,"serviceDate":1395730800000,"direction":1,"garage":"CENTER","type":"bus","lastLocID":7797,"messageCode":467,"time":1395756803005,"expires":1395757222000,"signMessageLong":"31  Downtown Only","extraBlockID":null,"locationInScheduleDay":25225,"longitude":-122.6775012,"blockID":3001,"offRoute":false,"nextLocID":7751,"vehicleID":2123,"signMessage":"31 Downtown Only","extraTripID":null,"nextStopSeq":12,"routeNumber":31,"vehicleLoad":"unknown","bearing":20,"lastStopSeq":11,"inCongestion":false,"delay":-777,"latitude":45.5212076},{"tripID":4417166,"serviceDate":1395730800000,"direction":0,"garage":"CENTER","type":"bus","lastLocID":6578,"messageCode":780,"time":1395756814779,"expires":1395757233000,"signMessageLong":"70  12th/NE 33rd Ave to NE Sunderland","extraBlockID":null,"locationInScheduleDay":25803,"longitude":-122.6537079,"blockID":7006,"offRoute":false,"nextLocID":6581,"vehicleID":2150,"signMessage":"70 To Sunderlnd","extraTripID":null,"nextStopSeq":25,"routeNumber":70,"vehicleLoad":"unknown","bearing":0,"lastStopSeq":24,"inCongestion":false,"delay":-210,"latitude":45.5083379},{"tripID":4417316,"serviceDate":1395730800000,"direction":1,"garage":"CENTER","type":"bus","lastLocID":13658,"messageCode":738,"time":1395756814906,"expires":1395757232000,"signMessageLong":"70  12th Ave to Milwaukie via 13th & Tacoma","extraBlockID":null,"locationInScheduleDay":25920,"longitude":-122.6483482,"blockID":7008,"offRoute":false,"nextLocID":6864,"vehicleID":2506,"signMessage":"70 To Milwaukie","extraTripID":null,"nextStopSeq":19,"routeNumber":70,"vehicleLoad":"unknown","bearing":180,"lastStopSeq":18,"inCongestion":false,"delay":-92,"latitude":45.4930062},{"tripID":4418197,"serviceDate":1395730800000,"direction":1,"garage":"POWELL","type":"bus","lastLocID":8045,"messageCode":760,"time":1395756821804,"expires":1395757238000,"signMessageLong":"72  Killingsworth/82nd to Clackamas TC","extraBlockID":null,"locationInScheduleDay":25910,"longitude":-122.5788516,"blockID":7238,"offRoute":false,"nextLocID":8002,"vehicleID":2527,"signMessage":"72 Clackamas TC","extraTripID":null,"nextStopSeq":60,"routeNumber":72,"vehicleLoad":"unknown","bearing":180,"lastStopSeq":59,"inCongestion":false,"delay":-108,"latitude":45.544071},{"tripID":4417165,"serviceDate":1395730800000,"direction":0,"garage":"CENTER","type":"bus","lastLocID":7373,"messageCode":783,"time":1395756821809,"expires":1395757240000,"signMessageLong":"70  33rd Ave to NE Sunderland","extraBlockID":null,"locationInScheduleDay":26016,"longitude":-122.6307105,"blockID":7002,"offRoute":false,"nextLocID":7393,"vehicleID":2524,"signMessage":"70 To Sunderlnd","extraTripID":null,"nextStopSeq":55,"routeNumber":70,"vehicleLoad":"unknown","bearing":0,"lastStopSeq":54,"inCongestion":false,"delay":-4,"latitude":45.5508896},{"tripID":4419087,"serviceDate":1395730800000,"direction":0,"garage":"CENTER","type":"bus","lastLocID":9470,"messageCode":809,"time":1395756800215,"expires":1395757217000,"signMessageLong":"77  Broadway/Halsey to Troutdale","extraBlockID":null,"locationInScheduleDay":25997,"longitude":-122.3904918,"blockID":7701,"offRoute":false,"nextLocID":10758,"vehicleID":2512,"signMessage":"77 To Troutdale","extraTripID":null,"nextStopSeq":100,"routeNumber":77,"vehicleLoad":"unknown","bearing":358,"lastStopSeq":99,"inCongestion":false,"delay":0,"latitude":45.5438844},{"tripID":4417872,"serviceDate":1395730800000,"direction":0,"garage":"POWELL","type":"bus","lastLocID":8023,"messageCode":768,"time":1395756805829,"expires":1395757223000,"signMessageLong":"72  Killingsworth/82nd to Swan Island-Shipyards","extraBlockID":null,"locationInScheduleDay":25740,"longitude":-122.578735,"blockID":7239,"offRoute":false,"nextLocID":8052,"vehicleID":2540,"signMessage":"72 Swan Island","extraTripID":null,"nextStopSeq":30,"routeNumber":72,"vehicleLoad":"unknown","bearing":0,"lastStopSeq":29,"inCongestion":false,"delay":-263,"latitude":45.4978227},{"tripID":4418199,"serviceDate":1395730800000,"direction":1,"garage":"POWELL","type":"bus","lastLocID":3198,"messageCode":760,"time":1395756824180,"expires":1395757240000,"signMessageLong":"72  Killingsworth/82nd to Clackamas TC","extraBlockID":null,"locationInScheduleDay":26064,"longitude":-122.6207733,"blockID":7240,"offRoute":false,"nextLocID":3199,"vehicleID":2533,"signMessage":"72 Clackamas TC","extraTripID":null,"nextStopSeq":40,"routeNumber":72,"vehicleLoad":"unknown","bearing":89,"lastStopSeq":39,"inCongestion":false,"delay":44,"latitude":45.5628096},{"tripID":4417874,"serviceDate":1395730800000,"direction":0,"garage":"POWELL","type":"bus","lastLocID":12922,"messageCode":768,"time":1395756815239,"expires":1395757233000,"signMessageLong":"72  Killingsworth/82nd to Swan Island-Shipyards","extraBlockID":null,"locationInScheduleDay":25985,"longitude":-122.5790005,"blockID":7249,"offRoute":false,"nextLocID":7941,"vehicleID":2558,"signMessage":"72 Swan Island","extraTripID":null,"nextStopSeq":3,"routeNumber":72,"vehicleLoad":"unknown","bearing":1,"lastStopSeq":2,"inCongestion":false,"delay":-28,"latitude":45.4383498},{"tripID":4418196,"serviceDate":1395730800000,"direction":1,"garage":"POWELL","type":"bus","lastLocID":7937,"messageCode":760,"time":1395756822130,"expires":1395757238000,"signMessageLong":"72  Killingsworth/82nd to Clackamas TC","extraBlockID":null,"locationInScheduleDay":25931,"longitude":-122.5790778,"blockID":7236,"offRoute":false,"nextLocID":7931,"vehicleID":2552,"signMessage":"72 Clackamas TC","extraTripID":null,"nextStopSeq":71,"routeNumber":72,"vehicleLoad":"unknown","bearing":179,"lastStopSeq":70,"inCongestion":false,"delay":-87,"latitude":45.5229217},{"tripID":4417868,"serviceDate":1395730800000,"direction":0,"garage":"POWELL","type":"bus","lastLocID":8496,"messageCode":768,"time":1395756818117,"expires":1395757234000,"signMessageLong":"72  Killingsworth/82nd to Swan Island-Shipyards","extraBlockID":null,"locationInScheduleDay":25680,"longitude":-122.7188312,"blockID":7242,"offRoute":false,"nextLocID":1044,"vehicleID":2548,"signMessage":"72 Swan Island","extraTripID":null,"nextStopSeq":114,"routeNumber":72,"vehicleLoad":"unknown","bearing":104,"lastStopSeq":113,"inCongestion":false,"delay":-334,"latitude":45.5630662},{"tripID":4411315,"serviceDate":1395730800000,"direction":0,"garage":"POWELL","type":"bus","lastLocID":3639,"messageCode":266,"time":1395756818090,"expires":1395757236000,"signMessageLong":"14  Hawthorne to 94th & Foster","extraBlockID":null,"locationInScheduleDay":25821,"longitude":-122.677347,"blockID":1435,"offRoute":false,"nextLocID":3635,"vehicleID":2316,"signMessage":"14 To 94-Foster","extraTripID":null,"nextStopSeq":2,"routeNumber":14,"vehicleLoad":"unknown","bearing":112,"lastStopSeq":1,"inCongestion":false,"delay":-195,"latitude":45.5149236},{"tripID":4413879,"serviceDate":1395730800000,"direction":1,"garage":"CENTER","type":"bus","lastLocID":3797,"messageCode":466,"time":1395756814982,"expires":1395757233000,"signMessageLong":"31  Portland","extraBlockID":null,"locationInScheduleDay":25762,"longitude":-122.6409114,"blockID":1403,"offRoute":false,"nextLocID":3785,"vehicleID":2725,"signMessage":"31 To Portland","extraTripID":null,"nextStopSeq":32,"routeNumber":31,"vehicleLoad":"unknown","bearing":350,"lastStopSeq":31,"inCongestion":false,"delay":-251,"latitude":45.476539},{"tripID":4419088,"serviceDate":1395730800000,"direction":0,"garage":"CENTER","type":"bus","lastLocID":2401,"messageCode":809,"time":1395756800232,"expires":1395757217000,"signMessageLong":"77  Broadway/Halsey to Troutdale","extraBlockID":null,"locationInScheduleDay":26112,"longitude":-122.476556,"blockID":7705,"offRoute":false,"nextLocID":2405,"vehicleID":2720,"signMessage":"77 To Troutdale","extraTripID":null,"nextStopSeq":79,"routeNumber":77,"vehicleLoad":"unknown","bearing":103,"lastStopSeq":78,"inCongestion":false,"delay":115,"latitude":45.5346697},{"tripID":4411563,"serviceDate":1395730800000,"direction":1,"garage":"CENTER","type":"bus","lastLocID":7659,"messageCode":268,"time":1395756805814,"expires":1395757223000,"signMessageLong":"14  Hawthorne to Portland","extraBlockID":null,"locationInScheduleDay":25924,"longitude":-122.6112802,"blockID":1404,"offRoute":false,"nextLocID":12917,"vehicleID":2718,"signMessage":"14 To Portland","extraTripID":null,"nextStopSeq":23,"routeNumber":14,"vehicleLoad":"unknown","bearing":359,"lastStopSeq":22,"inCongestion":false,"delay":-79,"latitude":45.5079414},{"tripID":4417320,"serviceDate":1395730800000,"direction":1,"garage":"CENTER","type":"bus","lastLocID":9368,"messageCode":788,"time":1395756817888,"expires":1395757235000,"signMessageLong":"70  12th/NE 33rd Ave to Milwaukie","extraBlockID":null,"locationInScheduleDay":26015,"longitude":-122.6357648,"blockID":7007,"offRoute":false,"nextLocID":9414,"vehicleID":2709,"signMessage":"70 To Milwaukie","extraTripID":null,"nextStopSeq":2,"routeNumber":70,"vehicleLoad":"unknown","bearing":180,"lastStopSeq":1,"inCongestion":false,"delay":0,"latitude":45.5898735},{"tripID":4417168,"serviceDate":1395730800000,"direction":0,"garage":"CENTER","type":"bus","lastLocID":13477,"messageCode":781,"time":1395756800183,"expires":1395757219000,"signMessageLong":"70  12th/NE 33rd Ave to NE Sunderland via 17th & Tacoma","extraBlockID":null,"locationInScheduleDay":25999,"longitude":-122.6407309,"blockID":7001,"offRoute":false,"nextLocID":8225,"vehicleID":2704,"signMessage":"70 To Sunderland via 17th","extraTripID":null,"nextStopSeq":2,"routeNumber":70,"vehicleLoad":"unknown","bearing":81,"lastStopSeq":1,"inCongestion":false,"delay":0,"latitude":45.4448667},{"tripID":4417317,"serviceDate":1395730800000,"direction":1,"garage":"CENTER","type":"bus","lastLocID":8937,"messageCode":789,"time":1395756805800,"expires":1395757224000,"signMessageLong":"70  12th Ave to Milwaukie via 17th & Tacoma","extraBlockID":null,"locationInScheduleDay":26160,"longitude":-122.6548037,"blockID":7003,"offRoute":false,"nextLocID":6583,"vehicleID":2705,"signMessage":"70 To Milw via 17","extraTripID":null,"nextStopSeq":45,"routeNumber":70,"vehicleLoad":"unknown","bearing":90,"lastStopSeq":44,"inCongestion":false,"delay":156,"latitude":45.5299993},{"tripID":4417167,"serviceDate":1395730800000,"direction":0,"garage":"CENTER","type":"bus","lastLocID":6691,"messageCode":782,"time":1395756800179,"expires":1395757218000,"signMessageLong":"70  12th/NE 33rd Ave to NE Sunderland via 13th & Tacoma","extraBlockID":null,"locationInScheduleDay":25885,"longitude":-122.6529586,"blockID":7004,"offRoute":false,"nextLocID":844,"vehicleID":2701,"signMessage":"70 To Sunderland via 13th","extraTripID":null,"nextStopSeq":14,"routeNumber":70,"vehicleLoad":"unknown","bearing":2,"lastStopSeq":13,"inCongestion":false,"delay":-113,"latitude":45.4713897},{"tripID":4419225,"serviceDate":1395730800000,"direction":1,"garage":"CENTER","type":"bus","lastLocID":629,"messageCode":813,"time":1395756822122,"expires":1395757240000,"signMessageLong":"77  Broadway/Halsey to Montgomery Park","extraBlockID":null,"locationInScheduleDay":25928,"longitude":-122.6565834,"blockID":7704,"offRoute":false,"nextLocID":10867,"vehicleID":2614,"signMessage":"77 Montgomry Pk","extraTripID":null,"nextStopSeq":82,"routeNumber":77,"vehicleLoad":"unknown","bearing":180,"lastStopSeq":81,"inCongestion":false,"delay":-92,"latitude":45.5347454},{"tripID":4411564,"serviceDate":1395730800000,"direction":1,"garage":"CENTER","type":"bus","lastLocID":1793,"messageCode":268,"time":1395756818073,"expires":1395757234000,"signMessageLong":"14  Hawthorne to Portland","extraBlockID":null,"locationInScheduleDay":26124,"longitude":-122.6102544,"blockID":1401,"offRoute":false,"nextLocID":7656,"vehicleID":2608,"signMessage":"14 To Portland","extraTripID":null,"nextStopSeq":18,"routeNumber":14,"vehicleLoad":"unknown","bearing":313,"lastStopSeq":17,"inCongestion":false,"delay":110,"latitude":45.4965102},{"tripID":4419228,"serviceDate":1395730800000,"direction":1,"garage":"CENTER","type":"bus","lastLocID":2333,"messageCode":813,"time":1395756822003,"expires":1395757238000,"signMessageLong":"77  Broadway/Halsey to Montgomery Park","extraBlockID":null,"locationInScheduleDay":25824,"longitude":-122.4178556,"blockID":7703,"offRoute":false,"nextLocID":2420,"vehicleID":2630,"signMessage":"77 Montgomry Pk","extraTripID":null,"nextStopSeq":9,"routeNumber":77,"vehicleLoad":"unknown","bearing":259,"lastStopSeq":8,"inCongestion":false,"delay":-194,"latitude":45.5371885},{"tripID":4419090,"serviceDate":1395730800000,"direction":0,"garage":"CENTER","type":"bus","lastLocID":10866,"messageCode":809,"time":1395756805907,"expires":1395757223000,"signMessageLong":"77  Broadway/Halsey to Troutdale","extraBlockID":null,"locationInScheduleDay":25978,"longitude":-122.6538288,"blockID":7706,"offRoute":false,"nextLocID":6216,"vehicleID":2632,"signMessage":"77 To Troutdale","extraTripID":null,"nextStopSeq":23,"routeNumber":77,"vehicleLoad":"unknown","bearing":90,"lastStopSeq":22,"inCongestion":false,"delay":-25,"latitude":45.5343419},{"tripID":4417870,"serviceDate":1395730800000,"direction":0,"garage":"POWELL","type":"bus","lastLocID":3203,"messageCode":768,"time":1395756805759,"expires":1395757224000,"signMessageLong":"72  Killingsworth/82nd to Swan Island-Shipyards","extraBlockID":null,"locationInScheduleDay":25767,"longitude":-122.6122389,"blockID":7237,"offRoute":false,"nextLocID":3201,"vehicleID":3004,"signMessage":"72 Swan Island","extraTripID":null,"nextStopSeq":73,"routeNumber":72,"vehicleLoad":"unknown","bearing":270,"lastStopSeq":72,"inCongestion":false,"delay":-237,"latitude":45.5627705},{"tripID":4417873,"serviceDate":1395730800000,"direction":0,"garage":"POWELL","type":"bus","lastLocID":8027,"messageCode":766,"time":1395756805795,"expires":1395757223000,"signMessageLong":"72  Killingsworth/82nd to Swan Island-Anchor St","extraBlockID":null,"locationInScheduleDay":26021,"longitude":-122.5789764,"blockID":7241,"offRoute":false,"nextLocID":7964,"vehicleID":3048,"signMessage":"72 Swan Island","extraTripID":null,"nextStopSeq":22,"routeNumber":72,"vehicleLoad":"unknown","bearing":1,"lastStopSeq":21,"inCongestion":false,"delay":18,"latitude":45.4822691},{"tripID":4418201,"serviceDate":1395730800000,"direction":1,"garage":"POWELL","type":"bus","lastLocID":3179,"messageCode":760,"time":1395756803041,"expires":1395757221000,"signMessageLong":"72  Killingsworth/82nd to Clackamas TC","extraBlockID":null,"locationInScheduleDay":26059,"longitude":-122.6894533,"blockID":7235,"offRoute":false,"nextLocID":3162,"vehicleID":3053,"signMessage":"72 Clackamas TC","extraTripID":null,"nextStopSeq":10,"routeNumber":72,"vehicleLoad":"unknown","bearing":90,"lastStopSeq":9,"inCongestion":false,"delay":58,"latitude":45.5627212},{"tripID":4417871,"serviceDate":1395730800000,"direction":0,"garage":"POWELL","type":"bus","lastLocID":7933,"messageCode":766,"time":1395756817890,"expires":1395757234000,"signMessageLong":"72  Killingsworth/82nd to Swan Island-Anchor St","extraBlockID":null,"locationInScheduleDay":26101,"longitude":-122.5787018,"blockID":7245,"offRoute":false,"nextLocID":8039,"vehicleID":3052,"signMessage":"72 Swan Island","extraTripID":null,"nextStopSeq":58,"routeNumber":72,"vehicleLoad":"unknown","bearing":0,"lastStopSeq":57,"inCongestion":false,"delay":87,"latitude":45.5518364},{"tripID":4419091,"serviceDate":1395730800000,"direction":0,"garage":"POWELL","type":"bus","lastLocID":7121,"messageCode":809,"time":1395756817915,"expires":1395757235000,"signMessageLong":"77  Broadway/Halsey to Troutdale","extraBlockID":null,"locationInScheduleDay":25942,"longitude":-122.6945336,"blockID":7734,"offRoute":false,"nextLocID":7114,"vehicleID":3046,"signMessage":"77 To Troutdale","extraTripID":null,"nextStopSeq":9,"routeNumber":77,"vehicleLoad":"unknown","bearing":178,"lastStopSeq":8,"inCongestion":false,"delay":-73,"latitude":45.5291273},{"tripID":4419226,"serviceDate":1395730800000,"direction":1,"garage":"POWELL","type":"bus","lastLocID":2428,"messageCode":813,"time":1395756808988,"expires":1395757226000,"signMessageLong":"77  Broadway/Halsey to Montgomery Park","extraBlockID":null,"locationInScheduleDay":25851,"longitude":-122.6086699,"blockID":7738,"offRoute":false,"nextLocID":2425,"vehicleID":3035,"signMessage":"77 Montgomry Pk","extraTripID":null,"nextStopSeq":64,"routeNumber":77,"vehicleLoad":"unknown","bearing":270,"lastStopSeq":63,"inCongestion":false,"delay":-155,"latitude":45.5337302},{"tripID":4411314,"serviceDate":1395730800000,"direction":0,"garage":"POWELL","type":"bus","lastLocID":1775,"messageCode":266,"time":1395756817862,"expires":1395757236000,"signMessageLong":"14  Hawthorne to 94th & Foster","extraBlockID":null,"locationInScheduleDay":26093,"longitude":-122.6032682,"blockID":1434,"offRoute":false,"nextLocID":12947,"vehicleID":3027,"signMessage":"14 To 94-Foster","extraTripID":null,"nextStopSeq":33,"routeNumber":14,"vehicleLoad":"unknown","bearing":128,"lastStopSeq":32,"inCongestion":false,"delay":77,"latitude":45.4929039},{"tripID":4418195,"serviceDate":1395730800000,"direction":1,"garage":"POWELL","type":"bus","lastLocID":7954,"messageCode":760,"time":1395756817866,"expires":1395757235000,"signMessageLong":"72  Killingsworth/82nd to Clackamas TC","extraBlockID":null,"locationInScheduleDay":25832,"longitude":-122.5790502,"blockID":7243,"offRoute":false,"nextLocID":7945,"vehicleID":3025,"signMessage":"72 Clackamas TC","extraTripID":null,"nextStopSeq":100,"routeNumber":72,"vehicleLoad":"unknown","bearing":179,"lastStopSeq":99,"inCongestion":false,"delay":-183,"latitude":45.4634056},{"tripID":4419227,"serviceDate":1395730800000,"direction":1,"garage":"CENTER","type":"bus","lastLocID":2367,"messageCode":813,"time":1395756797102,"expires":1395757215000,"signMessageLong":"77  Broadway/Halsey to Montgomery Park","extraBlockID":null,"locationInScheduleDay":25920,"longitude":-122.5382634,"blockID":7702,"offRoute":false,"nextLocID":2365,"vehicleID":2005,"signMessage":"77 Montgomry Pk","extraTripID":null,"nextStopSeq":40,"routeNumber":77,"vehicleLoad":"unknown","bearing":269,"lastStopSeq":39,"inCongestion":false,"delay":-75,"latitude":45.5335683}],"queryTime":1395756828873}}
