{"resultSet":{"vehicle":[{"tripID":4411313,"serviceDate":1395730800000,"direction":0,"garage":"POWELL","type":"bus","lastLocID":1794,"messageCode":266,"time":1395755543094,"expires":1395755960000,"signMessageLong":"14  Hawthorne to 94th & Foster","extraBlockID":null,"locationInScheduleDay":24826,"longitude":-122.6082843,"blockID":1436,"offRoute":false,"nextLocID":12946,"vehicleID":2206,"signMessage":"14 To 94-Foster","extraTripID":null,"nextStopSeq":31,"routeNumber":14,"vehicleLoad":"unknown","bearing":126,"lastStopSeq":30,"inCongestion":false,"delay":86,"latitude":45.4953053},{"tripID":4419089,"serviceDate":1395730800000,"direction":0,"garage":"POWELL","type":"bus","lastLocID":11817,"messageCode":809,"time":1395755543195,"expires":1395755962000,"signMessageLong":"77  Broadway/Halsey to Troutdale","extraBlockID":null,"locationInScheduleDay":24675,"longitude":-122.6651718,"blockID":7735,"offRoute":false,"nextLocID":13708,"vehicleID":2222,"signMessage":"77 To Troutdale","extraTripID":null,"nextStopSeq":20,"routeNumber":77,"vehicleLoad":"unknown","bearing":90,"lastStopSeq":19,"inCongestion":false,"delay":-67,"latitude":45.5307989},{"tripID":4419223,"serviceDate":1395730800000,"direction":1,"garage":"POWELL","type":"bus","lastLocID":2099,"messageCode":813,"time":1395755545856,"expires":1395755964000,"signMessageLong":"77  Broadway/Halsey to Montgomery Park","extraBlockID":null,"locationInScheduleDay":24721,"longitude":-122.6944389,"blockID":7736,"offRoute":false,"nextLocID":7113,"vehicleID":2221,"signMessage":"77 Montgomry Pk","extraTripID":null,"nextStopSeq":95,"routeNumber":77,"vehicleLoad":"unknown","bearing":358,"lastStopSeq":94,"inCongestion":false,"delay":-23,"latitude":45.5266038},{"tripID":4411562,"serviceDate":1395730800000,"direction":1,"garage":"POWELL","type":"bus","lastLocID":1805,"messageCode":268,"time":1395755545875,"expires":1395755964000,"signMessageLong":"14  Hawthorne to Portland","extraBlockID":null,"locationInScheduleDay":24770,"longitude":-122.59424,"blockID":1437,"offRoute":false,"nextLocID":1803,"vehicleID":2264,"signMessage":"14 To Portland","extraTripID":null,"nextStopSeq":12,"routeNumber":14,"vehicleLoad":"unknown","bearing":301,"lastStopSeq":11,"inCongestion":false,"delay":26,"latitude":45.4886022},{"tripID":4418198,"serviceDate":1395730800000,"direction":1,"garage":"POWELL","type":"bus","lastLocID":3156,"messageCode":760,"time":1395755566905,"expires":1395755986000,"signMessageLong":"72  Killingsworth/82nd to Clackamas TC","extraBlockID":null,"locationInScheduleDay":24811,"longitude":-122.6693411,"blockID":7246,"offRoute":false,"nextLocID":3183,"vehicleID":2296,"signMessage":"72 Clackamas TC","extraTripID":null,"nextStopSeq":17,"routeNumber":72,"vehicleLoad":"unknown","bearing":89,"lastStopSeq":16,"inCongestion":false,"delay":45,"latitude":45.5627124},{"tripID":4419224,"serviceDate":1395730800000,"direction":1,"garage":"POWELL","type":"bus","lastLocID":649,"messageCode":813,"time":1395755555385,"expires":1395755972000,"signMessageLong":"77  Broadway/Halsey to Montgomery Park","extraBlockID":null,"locationInScheduleDay":24563,"longitude":-122.6270002,"blockID":7737,"offRoute":false,"nextLocID":647,"vehicleID":2285,"signMessage":"77 Montgomry Pk","extraTripID":null,"nextStopSeq":71,"routeNumber":77,"vehicleLoad":"unknown","bearing":270,"lastStopSeq":70,"inCongestion":false,"delay":-189,"latitude":45.535155},{"tripID":4417869,"serviceDate":1395730800000,"direction":0,"garage":"POWELL","type":"bus","lastLocID":3215,"messageCode":766,"time":1395755540109,"expires":1395755957000,"signMessageLong":"72  Killingsworth/82nd to Swan Island-Anchor St","extraBlockID":null,"locationInScheduleDay":24776,"longitude":-122.5878901,"blockID":7244,"offRoute":false,"nextLocID":3212,"vehicleID":2276,"signMessage":"72 Swan Island","extraTripID":null,"nextStopSeq":65,"routeNumber":72,"vehicleLoad":"unknown","bearing":270,"lastStopSeq":64,"inCongestion":false,"delay":39,"latitude":45.5626655},{"tripID":4417318,"serviceDate":1395730800000,"direction":1,"garage":"CENTER","type":"bus","lastLocID":9368,"messageCode":788,"time":1395755566865,"expires":1395755986000,"signMessageLong":"70  12th/NE 33rd Ave to Milwaukie","extraBlockID":null,"locationInScheduleDay":24766,"longitude":-122.6357648,"blockID":7005,"offRoute":false,"nextLocID":9414,"vehicleID":2132,"signMessage":"70 To Milwaukie","extraTripID":null,"nextStopSeq":2,"routeNumber":70,"vehicleLoad":"unknown","bearing":180,"lastStopSeq":1,"inCongestion":false,"delay":0,"latitude":45.5898735},{"tripID":4413878,"serviceDate":1395730800000,"direction":1,"garage":"CENTER","type":"bus","lastLocID":2574,"messageCode":462,"time":1395755509805,"expires":1395755929000,"signMessageLong":"31L Portland Limited","extraBlockID":null,"locationInScheduleDay":24174,"longitude":-122.6386984,"blockID":3001,"offRoute":false,"nextLocID":3858,"vehicleID":2123,"signMessage":"31L To Portland Limited","extraTripID":null,"nextStopSeq":6,"routeNumber":31,"vehicleLoad":"unknown","bearing":350,"lastStopSeq":5,"inCongestion":false,"delay":-535,"latitude":45.4671115},{"tripID":4417166,"serviceDate":1395730800000,"direction":0,"garage":"CENTER","type":"bus","lastLocID":8225,"messageCode":781,"time":1395755555147,"expires":1395755973000,"signMessageLong":"70  12th/NE 33rd Ave to NE Sunderland via 17th & Tacoma","extraBlockID":null,"locationInScheduleDay":24573,"longitude":-122.6420417,"blockID":7006,"offRoute":false,"nextLocID":6871,"vehicleID":2150,"signMessage":"70 To Sunderland via 17th","extraTripID":null,"nextStopSeq":3,"routeNumber":70,"vehicleLoad":"unknown","bearing":260,"lastStopSeq":2,"inCongestion":false,"delay":-180,"latitude":45.4454717},{"tripID":4418197,"serviceDate":1395730800000,"direction":1,"garage":"POWELL","type":"bus","lastLocID":54,"messageCode":760,"time":1395755563814,"expires":1395755981000,"signMessageLong":"72  Killingsworth/82nd to Clackamas TC","extraBlockID":null,"locationInScheduleDay":24794,"longitude":-122.6447335,"blockID":7238,"offRoute":false,"nextLocID":11471,"vehicleID":2527,"signMessage":"72 Clackamas TC","extraTripID":null,"nextStopSeq":28,"routeNumber":72,"vehicleLoad":"unknown","bearing":90,"lastStopSeq":27,"inCongestion":false,"delay":33,"latitude":45.559081},{"tripID":4417165,"serviceDate":1395730800000,"direction":0,"garage":"CENTER","type":"bus","lastLocID":6578,"messageCode":780,"time":1395755555235,"expires":1395755973000,"signMessageLong":"70  12th/NE 33rd Ave to NE Sunderland","extraBlockID":null,"locationInScheduleDay":24732,"longitude":-122.6537086,"blockID":7002,"offRoute":false,"nextLocID":6581,"vehicleID":2524,"signMessage":"70 To Sunderlnd","extraTripID":null,"nextStopSeq":28,"routeNumber":70,"vehicleLoad":"unknown","bearing":0,"lastStopSeq":27,"inCongestion":false,"delay":-21,"latitude":45.5081445},{"tripID":4419087,"serviceDate":1395730800000,"direction":0,"garage":"CENTER","type":"bus","lastLocID":2368,"messageCode":809,"time":1395755539958,"expires":1395755956000,"signMessageLong":"77  Broadway/Halsey to Troutdale","extraBlockID":null,"locationInScheduleDay":24744,"longitude":-122.5336587,"blockID":7701,"offRoute":false,"nextLocID":2370,"vehicleID":2512,"signMessage":"77 To Troutdale","extraTripID":null,"nextStopSeq":64,"routeNumber":77,"vehicleLoad":"unknown","bearing":90,"lastStopSeq":63,"inCongestion":false,"delay":8,"latitude":45.533555},{"tripID":4417872,"serviceDate":1395730800000,"direction":0,"garage":"POWELL","type":"bus","lastLocID":12922,"messageCode":768,"time":1395755545840,"expires":1395755963000,"signMessageLong":"72  Killingsworth/82nd to Swan Island-Shipyards","extraBlockID":null,"locationInScheduleDay":24744,"longitude":-122.5764505,"blockID":7239,"offRoute":false,"nextLocID":7941,"vehicleID":2540,"signMessage":"72 Swan Island","extraTripID":null,"nextStopSeq":3,"routeNumber":72,"vehicleLoad":"unknown","bearing":261,"lastStopSeq":2,"inCongestion":false,"delay":1,"latitude":45.4372256},{"tripID":4418199,"serviceDate":1395730800000,"direction":1,"garage":"POWELL","type":"bus","lastLocID":115,"messageCode":760,"time":1395755539985,"expires":1395755957000,"signMessageLong":"72  Killingsworth/82nd to Clackamas TC","extraBlockID":null,"locationInScheduleDay":24725,"longitude":-122.703626,"blockID":7240,"offRoute":false,"nextLocID":8681,"vehicleID":2533,"signMessage":"72 Clackamas TC","extraTripID":null,"nextStopSeq":2,"routeNumber":72,"vehicleLoad":"unknown","bearing":96,"lastStopSeq":1,"inCongestion":false,"delay":-12,"latitude":45.5565362},{"tripID":4418196,"serviceDate":1395730800000,"direction":1,"garage":"POWELL","type":"bus","lastLocID":3208,"messageCode":760,"time":1395755561272,"expires":1395755979000,"signMessageLong":"72  Killingsworth/82nd to Clackamas TC","extraBlockID":null,"locationInScheduleDay":24785,"longitude":-122.6059116,"blockID":7236,"offRoute":false,"nextLocID":3145,"vehicleID":2552,"signMessage":"72 Clackamas TC","extraTripID":null,"nextStopSeq":45,"routeNumber":72,"vehicleLoad":"unknown","bearing":89,"lastStopSeq":44,"inCongestion":false,"delay":26,"latitude":45.5627572},{"tripID":4413798,"serviceDate":1395730800000,"direction":0,"garage":"POWELL","type":"bus","lastLocID":4002,"messageCode":457,"time":1395755540149,"expires":1395755958000,"signMessageLong":"31  Clackamas Town Center, continuing to Estacada","extraBlockID":null,"locationInScheduleDay":24738,"longitude":-122.5739595,"blockID":3134,"offRoute":false,"nextLocID":12922,"vehicleID":2555,"signMessage":"31 To Estacada via Clackamas","extraTripID":null,"nextStopSeq":24,"routeNumber":31,"vehicleLoad":"unknown","bearing":90,"lastStopSeq":23,"inCongestion":false,"delay":0,"latitude":45.4382788},{"tripID":4417868,"serviceDate":1395730800000,"direction":0,"garage":"POWELL","type":"bus","lastLocID":64,"messageCode":768,"time":1395755558229,"expires":1395755975000,"signMessageLong":"72  Killingsworth/82nd to Swan Island-Shipyards","extraBlockID":null,"locationInScheduleDay":24483,"longitude":-122.6407327,"blockID":7242,"offRoute":false,"nextLocID":61,"vehicleID":2548,"signMessage":"72 Swan Island","extraTripID":null,"nextStopSeq":84,"routeNumber":72,"vehicleLoad":"unknown","bearing":270,"lastStopSeq":83,"inCongestion":false,"delay":-272,"latitude":45.5590659},{"tripID":4411561,"serviceDate":1395730800000,"direction":1,"garage":"POWELL","type":"bus","lastLocID":13734,"messageCode":268,"time":1395755563850,"expires":1395755982000,"signMessageLong":"14  Hawthorne to Portland","extraBlockID":null,"locationInScheduleDay":24641,"longitude":-122.6172829,"blockID":1435,"offRoute":false,"nextLocID":2632,"vehicleID":2316,"signMessage":"14 To Portland","extraTripID":null,"nextStopSeq":26,"routeNumber":14,"vehicleLoad":"unknown","bearing":270,"lastStopSeq":25,"inCongestion":false,"delay":-121,"latitude":45.5120335},{"tripID":4413879,"serviceDate":1395730800000,"direction":1,"garage":"CENTER","type":"bus","lastLocID":3249,"messageCode":464,"time":1395755561023,"expires":1395755978000,"signMessageLong":"31  To Portland via Milwaukie","extraBlockID":null,"locationInScheduleDay":24669,"longitude":-122.5950538,"blockID":1403,"offRoute":false,"nextLocID":3235,"vehicleID":2725,"signMessage":"31 To Portland","extraTripID":null,"nextStopSeq":10,"routeNumber":31,"vehicleLoad":"unknown","bearing":270,"lastStopSeq":9,"inCongestion":false,"delay":-89,"latitude":45.4479311},{"tripID":4419088,"serviceDate":1395730800000,"direction":0,"garage":"CENTER","type":"bus","lastLocID":2426,"messageCode":809,"time":1395755555216,"expires":1395755974000,"signMessageLong":"77  Broadway/Halsey to Troutdale","extraBlockID":null,"locationInScheduleDay":24730,"longitude":-122.6102299,"blockID":7705,"offRoute":false,"nextLocID":2429,"vehicleID":2720,"signMessage":"77 To Troutdale","extraTripID":null,"nextStopSeq":40,"routeNumber":77,"vehicleLoad":"unknown","bearing":90,"lastStopSeq":39,"inCongestion":false,"delay":-24,"latitude":45.5337353},{"tripID":4417164,"serviceDate":1395730800000,"direction":0,"garage":"CENTER","type":"bus","lastLocID":7365,"messageCode":783,"time":1395755545817,"expires":1395755963000,"signMessageLong":"70  33rd Ave to NE Sunderland","extraBlockID":null,"locationInScheduleDay":24685,"longitude":-122.630702,"blockID":7007,"offRoute":false,"nextLocID":7385,"vehicleID":2709,"signMessage":"70 To Sunderlnd","extraTripID":null,"nextStopSeq":48,"routeNumber":70,"vehicleLoad":"unknown","bearing":359,"lastStopSeq":47,"inCongestion":false,"delay":-58,"latitude":45.5418968},{"tripID":4417315,"serviceDate":1395730800000,"direction":1,"garage":"CENTER","type":"bus","lastLocID":3909,"messageCode":789,"time":1395755560969,"expires":1395755979000,"signMessageLong":"70  12th Ave to Milwaukie via 17th & Tacoma","extraBlockID":null,"locationInScheduleDay":24704,"longitude":-122.6490038,"blockID":7001,"offRoute":false,"nextLocID":13658,"vehicleID":2704,"signMessage":"70 To Milw via 17","extraTripID":null,"nextStopSeq":61,"routeNumber":70,"vehicleLoad":"unknown","bearing":90,"lastStopSeq":60,"inCongestion":false,"delay":-55,"latitude":45.493989},{"tripID":4417317,"serviceDate":1395730800000,"direction":1,"garage":"CENTER","type":"bus","lastLocID":7388,"messageCode":788,"time":1395755539918,"expires":1395755956000,"signMessageLong":"70  12th/NE 33rd Ave to Milwaukie","extraBlockID":null,"locationInScheduleDay":24871,"longitude":-122.6306752,"blockID":7003,"offRoute":false,"nextLocID":7379,"vehicleID":2705,"signMessage":"70 To Milwaukie","extraTripID":null,"nextStopSeq":15,"routeNumber":70,"vehicleLoad":"unknown","bearing":180,"lastStopSeq":14,"inCongestion":false,"delay":135,"latitude":45.5698214},{"tripID":4417167,"serviceDate":1395730800000,"direction":0,"garage":"CENTER","type":"bus","lastLocID":13477,"messageCode":782,"time":1395755539908,"expires":1395755957000,"signMessageLong":"70  12th/NE 33rd Ave to NE Sunderland via 13th & Tacoma","extraBlockID":null,"locationInScheduleDay":24737,"longitude":-122.6407309,"blockID":7004,"offRoute":false,"nextLocID":8225,"vehicleID":2701,"signMessage":"70 To Sunderland via 13th","extraTripID":null,"nextStopSeq":2,"routeNumber":70,"vehicleLoad":"unknown","bearing":81,"lastStopSeq":1,"inCongestion":false,"delay":0,"latitude":45.4448667},{"tripID":4419225,"serviceDate":1395730800000,"direction":1,"garage":"CENTER","type":"bus","lastLocID":2455,"messageCode":813,"time":1395755561258,"expires":1395755978000,"signMessageLong":"77  Broadway/Halsey to Montgomery Park","extraBlockID":null,"locationInScheduleDay":24527,"longitude":-122.5845901,"blockID":7704,"offRoute":false,"nextLocID":2453,"vehicleID":2614,"signMessage":"77 Montgomry Pk","extraTripID":null,"nextStopSeq":55,"routeNumber":77,"vehicleLoad":"unknown","bearing":270,"lastStopSeq":54,"inCongestion":false,"delay":-231,"latitude":45.5336101},{"tripID":4411564,"serviceDate":1395730800000,"direction":1,"garage":"CENTER","type":"bus","lastLocID":1831,"messageCode":268,"time":1395755558177,"expires":1395755975000,"signMessageLong":"14  Hawthorne to Portland","extraBlockID":null,"locationInScheduleDay":24755,"longitude":-122.5662917,"blockID":1401,"offRoute":false,"nextLocID":13236,"vehicleID":2608,"signMessage":"14 To Portland","extraTripID":null,"nextStopSeq":2,"routeNumber":14,"vehicleLoad":"unknown","bearing":291,"lastStopSeq":1,"inCongestion":false,"delay":0,"latitude":45.4791765},{"tripID":4419086,"serviceDate":1395730800000,"direction":0,"garage":"CENTER","type":"bus","lastLocID":9472,"messageCode":809,"time":1395755566920,"expires":1395755986000,"signMessageLong":"77  Broadway/Halsey to Troutdale","extraBlockID":null,"locationInScheduleDay":24766,"longitude":-122.397204,"blockID":7703,"offRoute":false,"nextLocID":9481,"vehicleID":2630,"signMessage":"77 To Troutdale","extraTripID":null,"nextStopSeq":102,"routeNumber":77,"vehicleLoad":"unknown","bearing":270,"lastStopSeq":101,"inCongestion":false,"delay":0,"latitude":45.5454325},{"tripID":4419090,"serviceDate":1395730800000,"direction":0,"garage":"CENTER","type":"bus","lastLocID":6013,"messageCode":809,"time":1395755545911,"expires":1395755964000,"signMessageLong":"77  Broadway/Halsey to Troutdale","extraBlockID":null,"locationInScheduleDay":24701,"longitude":-122.6988535,"blockID":7706,"offRoute":false,"nextLocID":7168,"vehicleID":2632,"signMessage":"77 To Troutdale","extraTripID":null,"nextStopSeq":4,"routeNumber":77,"vehicleLoad":"unknown","bearing":178,"lastStopSeq":3,"inCongestion":false,"delay":-43,"latitude":45.535749},{"tripID":4417870,"serviceDate":1395730800000,"direction":0,"garage":"POWELL","type":"bus","lastLocID":8023,"messageCode":768,"time":1395755488793,"expires":1395755906000,"signMessageLong":"72  Killingsworth/82nd to Swan Island-Shipyards","extraBlockID":null,"locationInScheduleDay":24300,"longitude":-122.578735,"blockID":7237,"offRoute":false,"nextLocID":8052,"vehicleID":3004,"signMessage":"72 Swan Island","extraTripID":null,"nextStopSeq":30,"routeNumber":72,"vehicleLoad":"unknown","bearing":0,"lastStopSeq":29,"inCongestion":false,"delay":-386,"latitude":45.4978227},{"tripID":4417867,"serviceDate":1395730800000,"direction":0,"garage":"POWELL","type":"bus","lastLocID":3318,"messageCode":768,"time":1395755555199,"expires":1395755972000,"signMessageLong":"72  Killingsworth/82nd to Swan Island-Shipyards","extraBlockID":null,"locationInScheduleDay":24878,"longitude":-122.7176577,"blockID":7235,"offRoute":false,"nextLocID":8496,"vehicleID":3053,"signMessage":"72 Swan Island","extraTripID":null,"nextStopSeq":113,"routeNumber":72,"vehicleLoad":"unknown","bearing":284,"lastStopSeq":112,"inCongestion":false,"delay":126,"latitude":45.562853},{"tripID":4417871,"serviceDate":1395730800000,"direction":0,"garage":"POWELL","type":"bus","lastLocID":7964,"messageCode":766,"time":1395755555194,"expires":1395755974000,"signMessageLong":"72  Killingsworth/82nd to Swan Island-Anchor St","extraBlockID":null,"locationInScheduleDay":24776,"longitude":-122.5789352,"blockID":7245,"offRoute":false,"nextLocID":8029,"vehicleID":3052,"signMessage":"72 Swan Island","extraTripID":null,"nextStopSeq":23,"routeNumber":72,"vehicleLoad":"unknown","bearing":0,"lastStopSeq":22,"inCongestion":false,"delay":22,"latitude":45.4849909},{"tripID":4418194,"serviceDate":1395730800000,"direction":1,"garage":"POWELL","type":"bus","lastLocID":7963,"messageCode":760,"time":1395755513799,"expires":1395755930000,"signMessageLong":"72  Killingsworth/82nd to Clackamas TC","extraBlockID":null,"locationInScheduleDay":24732,"longitude":-122.5790522,"blockID":7234,"offRoute":false,"nextLocID":7994,"vehicleID":3054,"signMessage":"72 Clackamas TC","extraTripID":null,"nextStopSeq":98,"routeNumber":72,"vehicleLoad":"unknown","bearing":180,"lastStopSeq":97,"inCongestion":false,"delay":22,"latitude":45.4681547},{"tripID":4419222,"serviceDate":1395730800000,"direction":1,"garage":"POWELL","type":"bus","lastLocID":8483,"messageCode":813,"time":1395755543040,"expires":1395755960000,"signMessageLong":"77  Broadway/Halsey to Montgomery Park","extraBlockID":null,"locationInScheduleDay":24042,"longitude":-122.7069345,"blockID":7734,"offRoute":false,"nextLocID":8484,"vehicleID":3046,"signMessage":"77 Montgomry Pk","extraTripID":null,"nextStopSeq":109,"routeNumber":77,"vehicleLoad":"unknown","bearing":178,"lastStopSeq":108,"inCongestion":false,"delay":0,"latitude":45.5377966},{"tripID":4419226,"serviceDate":1395730800000,"direction":1,"garage":"POWELL","type":"bus","lastLocID":2398,"messageCode":813,"time":1395755539884,"expires":1395755956000,"signMessageLong":"77  Broadway/Halsey to Montgomery Park","extraBlockID":null,"locationInScheduleDay":24625,"longitude":-122.4889348,"blockID":7738,"offRoute":false,"nextLocID":2395,"vehicleID":3035,"signMessage":"77 Montgomry Pk","extraTripID":null,"nextStopSeq":26,"routeNumber":77,"vehicleLoad":"unknown","bearing":252,"lastStopSeq":25,"inCongestion":false,"delay":-111,"latitude":45.5345455},{"tripID":4411560,"serviceDate":1395730800000,"direction":1,"garage":"POWELL","type":"bus","lastLocID":2642,"messageCode":266,"time":1395755542897,"expires":1395755960000,"signMessageLong":"14  Hawthorne to 94th & Foster","extraBlockID":null,"locationInScheduleDay":24530,"longitude":-122.6746165,"blockID":1434,"offRoute":false,"nextLocID":11956,"vehicleID":3027,"signMessage":"14 To 94-Foster","extraTripID":null,"nextStopSeq":43,"routeNumber":14,"vehicleLoad":"unknown","bearing":339,"lastStopSeq":42,"inCongestion":false,"delay":-210,"latitude":45.5145471},{"tripID":4418195,"serviceDate":1395730800000,"direction":1,"garage":"POWELL","type":"bus","lastLocID":8045,"messageCode":760,"time":1395755557985,"expires":1395755976000,"signMessageLong":"72  Killingsworth/82nd to Clackamas TC","extraBlockID":null,"locationInScheduleDay":24358,"longitude":-122.5788425,"blockID":7243,"offRoute":false,"nextLocID":8002,"vehicleID":3025,"signMessage":"72 Clackamas TC","extraTripID":null,"nextStopSeq":60,"routeNumber":72,"vehicleLoad":"unknown","bearing":180,"lastStopSeq":59,"inCongestion":false,"delay":-398,"latitude":45.5445087},{"tripID":4419227,"serviceDate":1395730800000,"direction":1,"garage":"CENTER","type":"bus","lastLocID":2333,"messageCode":813,"time":1395755555254,"expires":1395755972000,"signMessageLong":"77  Broadway/Halsey to Montgomery Park","extraBlockID":null,"locationInScheduleDay":24867,"longitude":-122.4181664,"blockID":7702,"offRoute":false,"nextLocID":2420,"vehicleID":2005,"signMessage":"77 Montgomry Pk","extraTripID":null,"nextStopSeq":9,"routeNumber":77,"vehicleLoad":"unknown","bearing":259,"lastStopSeq":8,"inCongestion":false,"delay":115,"latitude":45.5371466},{"tripID":4413877,"serviceDate":1395730800000,"direction":1,"garage":"CENTER","type":"bus","lastLocID":2642,"messageCode":467,"time":1395755543126,"expires":1395755960000,"signMessageLong":"31  Downtown Only","extraBlockID":null,"locationInScheduleDay":24694,"longitude":-122.6749965,"blockID":1402,"offRoute":false,"nextLocID":11956,"vehicleID":2014,"signMessage":"31 Downtown Only","extraTripID":null,"nextStopSeq":38,"routeNumber":31,"vehicleLoad":"unknown","bearing":313,"lastStopSeq":37,"inCongestion":false,"delay":-46,"latitude":45.5149987}],"queryTime":1395755568820}}
