{"resultSet":{"vehicle":[{"tripID":4411642,"serviceDate":1395644400000,"direction":1,"garage":"CENTER","type":"bus","lastLocID":13169,"messageCode":266,"time":1395736578098,"expires":1395736996000,"signMessageLong":"14  Hawthorne to 94th & Foster","extraBlockID":null,"locationInScheduleDay":92160,"longitude":-122.6785444,"blockID":1406,"offRoute":false,"nextLocID":3639,"vehicleID":3128,"signMessage":"14 To 94-Foster","extraTripID":null,"nextStopSeq":45,"routeNumber":14,"vehicleLoad":"unknown","bearing":110,"lastStopSeq":44,"inCongestion":false,"delay":-16,"latitude":45.5152424},{"tripID":4418298,"serviceDate":1395644400000,"direction":1,"garage":"POWELL","type":"bus","lastLocID":7942,"messageCode":760,"time":1395736584113,"expires":1395736998000,"signMessageLong":"72  Killingsworth/82nd to Clackamas TC","extraBlockID":null,"locationInScheduleDay":92316,"longitude":-122.5789575,"blockID":7236,"offRoute":false,"nextLocID":12921,"vehicleID":3022,"signMessage":"72 Clackamas TC","extraTripID":null,"nextStopSeq":110,"routeNumber":72,"vehicleLoad":"unknown","bearing":181,"lastStopSeq":109,"inCongestion":false,"delay":138,"latitude":45.4393007},{"tripID":4417969,"serviceDate":1395644400000,"direction":0,"garage":"POWELL","type":"bus","lastLocID":2202,"messageCode":766,"time":1395736578076,"expires":1395736996000,"signMessageLong":"72  Killingsworth/82nd to Swan Island-Anchor St","extraBlockID":null,"locationInScheduleDay":91995,"longitude":-122.6958275,"blockID":7238,"offRoute":false,"nextLocID":2161,"vehicleID":3035,"signMessage":"72 Swan Island","extraTripID":null,"nextStopSeq":107,"routeNumber":72,"vehicleLoad":"unknown","bearing":270,"lastStopSeq":106,"inCongestion":false,"delay":-181,"latitude":45.5560003}],"queryTime":1395736607749}}
