{"resultSet":{"vehicle":[{"tripID":4411642,"serviceDate":1395644400000,"direction":1,"garage":"CENTER","type":"bus","lastLocID":1831,"messageCode":268,"time":1395734555750,"expires":1395734974000,"signMessageLong":"14  Hawthorne to Portland","extraBlockID":null,"locationInScheduleDay":90154,"longitude":-122.5662917,"blockID":1406,"offRoute":false,"nextLocID":13236,"vehicleID":3128,"signMessage":"14 To Portland","extraTripID":null,"nextStopSeq":2,"routeNumber":14,"vehicleLoad":"unknown","bearing":291,"lastStopSeq":1,"inCongestion":false,"delay":0,"latitude":45.4791765},{"tripID":4417968,"serviceDate":1395644400000,"direction":0,"garage":"POWELL","type":"bus","lastLocID":3167,"messageCode":766,"time":1395734544085,"expires":1395734961000,"signMessageLong":"72  Killingsworth/82nd to Swan Island-Anchor St","extraBlockID":null,"locationInScheduleDay":90011,"longitude":-122.6954243,"blockID":7251,"offRoute":false,"nextLocID":2227,"vehicleID":2545,"signMessage":"72 Swan Island","extraTripID":null,"nextStopSeq":105,"routeNumber":72,"vehicleLoad":"unknown","bearing":154,"lastStopSeq":104,"inCongestion":false,"delay":-130,"latitude":45.5618077},{"tripID":4418297,"serviceDate":1395644400000,"direction":1,"garage":"POWELL","type":"bus","lastLocID":7994,"messageCode":760,"time":1395734538114,"expires":1395734956000,"signMessageLong":"72  Killingsworth/82nd to Clackamas TC","extraBlockID":null,"locationInScheduleDay":90153,"longitude":-122.5790514,"blockID":7253,"offRoute":false,"nextLocID":7954,"vehicleID":3019,"signMessage":"72 Clackamas TC","extraTripID":null,"nextStopSeq":99,"routeNumber":72,"vehicleLoad":"unknown","bearing":179,"lastStopSeq":98,"inCongestion":false,"delay":17,"latitude":45.4664199},{"tripID":4418298,"serviceDate":1395644400000,"direction":1,"garage":"POWELL","type":"bus","lastLocID":3202,"messageCode":760,"time":1395734555709,"expires":1395734974000,"signMessageLong":"72  Killingsworth/82nd to Clackamas TC","extraBlockID":null,"locationInScheduleDay":90224,"longitude":-122.6093376,"blockID":7236,"offRoute":false,"nextLocID":3204,"vehicleID":3022,"signMessage":"72 Clackamas TC","extraTripID":null,"nextStopSeq":43,"routeNumber":72,"vehicleLoad":"unknown","bearing":90,"lastStopSeq":42,"inCongestion":false,"delay":70,"latitude":45.5627593},{"tripID":4417969,"serviceDate":1395644400000,"direction":0,"garage":"POWELL","type":"bus","lastLocID":8033,"messageCode":766,"time":1395734544020,"expires":1395734961000,"signMessageLong":"72  Killingsworth/82nd to Swan Island-Anchor St","extraBlockID":null,"locationInScheduleDay":90234,"longitude":-122.578892,"blockID":7238,"offRoute":false,"nextLocID":8001,"vehicleID":3035,"signMessage":"72 Swan Island","extraTripID":null,"nextStopSeq":53,"routeNumber":72,"vehicleLoad":"unknown","bearing":0,"lastStopSeq":52,"inCongestion":false,"delay":93,"latitude":45.5420288}],"queryTime":1395734568701}}
