{"resultSet":{"vehicle":[{"tripID":4417865,"serviceDate":1395730800000,"direction":0,"garage":"POWELL","type":"bus","lastLocID":7968,"messageCode":768,"time":1395750397461,"expires":1395750815000,"signMessageLong":"72  Killingsworth/82nd to Swan Island-Shipyards","extraBlockID":null,"locationInScheduleDay":19590,"longitude":-122.5790621,"blockID":7238,"offRoute":false,"nextLocID":8015,"vehicleID":2527,"signMessage":"72 Swan Island","extraTripID":null,"nextStopSeq":7,"routeNumber":72,"vehicleLoad":"unknown","bearing":358,"lastStopSeq":6,"inCongestion":false,"delay":-5,"latitude":45.4510681},{"tripID":4417312,"serviceDate":1395730800000,"direction":1,"garage":"CENTER","type":"bus","lastLocID":9369,"messageCode":788,"time":1395750349853,"expires":1395750769000,"signMessageLong":"70  12th/NE 33rd Ave to Milwaukie","extraBlockID":null,"locationInScheduleDay":19480,"longitude":-122.6333906,"blockID":7002,"offRoute":false,"nextLocID":9549,"vehicleID":2524,"signMessage":"70 To Milwaukie","extraTripID":null,"nextStopSeq":5,"routeNumber":70,"vehicleLoad":"unknown","bearing":181,"lastStopSeq":4,"inCongestion":false,"delay":-69,"latitude":45.5801966},{"tripID":4419220,"serviceDate":1395730800000,"direction":1,"garage":"CENTER","type":"bus","lastLocID":629,"messageCode":813,"time":1395750364649,"expires":1395750784000,"signMessageLong":"77  Broadway/Halsey to Montgomery Park","extraBlockID":null,"locationInScheduleDay":19440,"longitude":-122.6534068,"blockID":7701,"offRoute":false,"nextLocID":10867,"vehicleID":2512,"signMessage":"77 Montgomry Pk","extraTripID":null,"nextStopSeq":36,"routeNumber":77,"vehicleLoad":"unknown","bearing":270,"lastStopSeq":35,"inCongestion":false,"delay":-124,"latitude":45.5350518},{"tripID":4417864,"serviceDate":1395730800000,"direction":0,"garage":"POWELL","type":"bus","lastLocID":7957,"messageCode":768,"time":1395750383099,"expires":1395750801000,"signMessageLong":"72  Killingsworth/82nd to Swan Island-Shipyards","extraBlockID":null,"locationInScheduleDay":19411,"longitude":-122.5786978,"blockID":7236,"offRoute":false,"nextLocID":12755,"vehicleID":2552,"signMessage":"72 Swan Island","extraTripID":null,"nextStopSeq":34,"routeNumber":72,"vehicleLoad":"unknown","bearing":359,"lastStopSeq":33,"inCongestion":false,"delay":-170,"latitude":45.505125},{"tripID":4411557,"serviceDate":1395730800000,"direction":1,"garage":"POWELL","type":"bus","lastLocID":12948,"messageCode":268,"time":1395750379962,"expires":1395750798000,"signMessageLong":"14  Hawthorne to Portland","extraBlockID":null,"locationInScheduleDay":19576,"longitude":-122.5894706,"blockID":1435,"offRoute":false,"nextLocID":1811,"vehicleID":2316,"signMessage":"14 To Portland","extraTripID":null,"nextStopSeq":9,"routeNumber":14,"vehicleLoad":"unknown","bearing":299,"lastStopSeq":8,"inCongestion":false,"delay":-2,"latitude":45.4866282},{"tripID":4417161,"serviceDate":1395730800000,"direction":0,"garage":"CENTER","type":"bus","lastLocID":6589,"messageCode":780,"time":1395750397442,"expires":1395750816000,"signMessageLong":"70  12th/NE 33rd Ave to NE Sunderland","extraBlockID":null,"locationInScheduleDay":19680,"longitude":-122.653625,"blockID":7001,"offRoute":false,"nextLocID":6592,"vehicleID":2704,"signMessage":"70 To Sunderlnd","extraTripID":null,"nextStopSeq":34,"routeNumber":70,"vehicleLoad":"unknown","bearing":0,"lastStopSeq":33,"inCongestion":false,"delay":84,"latitude":45.5211794},{"tripID":4418191,"serviceDate":1395730800000,"direction":1,"garage":"POWELL","type":"bus","lastLocID":11471,"messageCode":760,"time":1395750382986,"expires":1395750800000,"signMessageLong":"72  Killingsworth/82nd to Clackamas TC","extraBlockID":null,"locationInScheduleDay":19459,"longitude":-122.6429726,"blockID":7237,"offRoute":false,"nextLocID":60,"vehicleID":3004,"signMessage":"72 Clackamas TC","extraTripID":null,"nextStopSeq":29,"routeNumber":72,"vehicleLoad":"unknown","bearing":89,"lastStopSeq":28,"inCongestion":false,"delay":-121,"latitude":45.5590758},{"tripID":4418190,"serviceDate":1395730800000,"direction":1,"garage":"POWELL","type":"bus","lastLocID":7965,"messageCode":760,"time":1395750406615,"expires":1395750826000,"signMessageLong":"72  Killingsworth/82nd to Clackamas TC","extraBlockID":null,"locationInScheduleDay":19525,"longitude":-122.5789699,"blockID":7235,"offRoute":false,"nextLocID":8028,"vehicleID":3053,"signMessage":"72 Clackamas TC","extraTripID":null,"nextStopSeq":37,"routeNumber":72,"vehicleLoad":"unknown","bearing":179,"lastStopSeq":36,"inCongestion":false,"delay":-81,"latitude":45.4828868},{"tripID":4417863,"serviceDate":1395730800000,"direction":0,"garage":"POWELL","type":"bus","lastLocID":11472,"messageCode":768,"time":1395750397446,"expires":1395750815000,"signMessageLong":"72  Killingsworth/82nd to Swan Island-Shipyards","extraBlockID":null,"locationInScheduleDay":19534,"longitude":-122.6445838,"blockID":7234,"offRoute":false,"nextLocID":55,"vehicleID":3054,"signMessage":"72 Swan Island","extraTripID":null,"nextStopSeq":86,"routeNumber":72,"vehicleLoad":"unknown","bearing":270,"lastStopSeq":85,"inCongestion":false,"delay":-61,"latitude":45.5590807},{"tripID":4411556,"serviceDate":1395730800000,"direction":1,"garage":"POWELL","type":"bus","lastLocID":13169,"messageCode":266,"time":1395750379513,"expires":1395750797000,"signMessageLong":"14  Hawthorne to 94th & Foster","extraBlockID":null,"locationInScheduleDay":19657,"longitude":-122.6799879,"blockID":1434,"offRoute":false,"nextLocID":3639,"vehicleID":3027,"signMessage":"14 To 94-Foster","extraTripID":null,"nextStopSeq":45,"routeNumber":14,"vehicleLoad":"unknown","bearing":111,"lastStopSeq":44,"inCongestion":false,"delay":80,"latitude":45.5156297},{"tripID":4419085,"serviceDate":1395730800000,"direction":0,"garage":"CENTER","type":"bus","lastLocID":1608,"messageCode":809,"time":1395750379786,"expires":1395750798000,"signMessageLong":"77  Broadway/Halsey to Troutdale","extraBlockID":null,"locationInScheduleDay":19557,"longitude":-122.6853748,"blockID":7702,"offRoute":false,"nextLocID":1607,"vehicleID":2005,"signMessage":"77 To Troutdale","extraTripID":null,"nextStopSeq":14,"routeNumber":77,"vehicleLoad":"unknown","bearing":88,"lastStopSeq":13,"inCongestion":false,"delay":-21,"latitude":45.5250428}],"queryTime":1395750408626}}
