{"resultSet":{"vehicle":[{"tripID":4419221,"serviceDate":1395730800000,"direction":1,"garage":"POWELL","type":"bus","lastLocID":641,"messageCode":813,"time":1395751642891,"expires":1395752062000,"signMessageLong":"77  Broadway/Halsey to Montgomery Park","extraBlockID":null,"locationInScheduleDay":20801,"longitude":-122.6364152,"blockID":7735,"offRoute":false,"nextLocID":639,"vehicleID":2222,"signMessage":"77 Montgomry Pk","extraTripID":null,"nextStopSeq":29,"routeNumber":77,"vehicleLoad":"unknown","bearing":269,"lastStopSeq":28,"inCongestion":false,"delay":-41,"latitude":45.5351624},{"tripID":4413875,"serviceDate":1395730800000,"direction":1,"garage":"POWELL","type":"bus","lastLocID":7941,"messageCode":464,"time":1395751639659,"expires":1395752057000,"signMessageLong":"31  To Portland via Milwaukie","extraBlockID":null,"locationInScheduleDay":20754,"longitude":-122.5789287,"blockID":3137,"offRoute":false,"nextLocID":7920,"vehicleID":2258,"signMessage":"31 To Portland","extraTripID":null,"nextStopSeq":4,"routeNumber":31,"vehicleLoad":"unknown","bearing":359,"lastStopSeq":3,"inCongestion":false,"delay":-83,"latitude":45.4411229},{"tripID":4417865,"serviceDate":1395730800000,"direction":0,"garage":"POWELL","type":"bus","lastLocID":8055,"messageCode":768,"time":1395751658077,"expires":1395752075000,"signMessageLong":"72  Killingsworth/82nd to Swan Island-Shipyards","extraBlockID":null,"locationInScheduleDay":20820,"longitude":-122.5789753,"blockID":7238,"offRoute":false,"nextLocID":8036,"vehicleID":2527,"signMessage":"72 Swan Island","extraTripID":null,"nextStopSeq":51,"routeNumber":72,"vehicleLoad":"unknown","bearing":0,"lastStopSeq":50,"inCongestion":false,"delay":-35,"latitude":45.5375813},{"tripID":4417312,"serviceDate":1395730800000,"direction":1,"garage":"CENTER","type":"bus","lastLocID":4044,"messageCode":789,"time":1395751639602,"expires":1395752059000,"signMessageLong":"70  12th Ave to Milwaukie via 17th & Tacoma","extraBlockID":null,"locationInScheduleDay":20708,"longitude":-122.6562406,"blockID":7002,"offRoute":false,"nextLocID":8937,"vehicleID":2524,"signMessage":"70 To Milw via 17","extraTripID":null,"nextStopSeq":44,"routeNumber":70,"vehicleLoad":"unknown","bearing":269,"lastStopSeq":43,"inCongestion":false,"delay":-131,"latitude":45.5314923},{"tripID":4419220,"serviceDate":1395730800000,"direction":1,"garage":"CENTER","type":"bus","lastLocID":8483,"messageCode":813,"time":1395751639581,"expires":1395752058000,"signMessageLong":"77  Broadway/Halsey to Montgomery Park","extraBlockID":null,"locationInScheduleDay":20695,"longitude":-122.7069158,"blockID":7701,"offRoute":false,"nextLocID":8484,"vehicleID":2512,"signMessage":"77 Montgomry Pk","extraTripID":null,"nextStopSeq":63,"routeNumber":77,"vehicleLoad":"unknown","bearing":178,"lastStopSeq":62,"inCongestion":false,"delay":0,"latitude":45.5372941},{"tripID":4418192,"serviceDate":1395730800000,"direction":1,"garage":"POWELL","type":"bus","lastLocID":3193,"messageCode":760,"time":1395751639595,"expires":1395752058000,"signMessageLong":"72  Killingsworth/82nd to Clackamas TC","extraBlockID":null,"locationInScheduleDay":20885,"longitude":-122.6273921,"blockID":7239,"offRoute":false,"nextLocID":3195,"vehicleID":2540,"signMessage":"72 Clackamas TC","extraTripID":null,"nextStopSeq":38,"routeNumber":72,"vehicleLoad":"unknown","bearing":89,"lastStopSeq":37,"inCongestion":false,"delay":47,"latitude":45.5627514},{"tripID":4417866,"serviceDate":1395730800000,"direction":0,"garage":"POWELL","type":"bus","lastLocID":7970,"messageCode":766,"time":1395751658114,"expires":1395752075000,"signMessageLong":"72  Killingsworth/82nd to Swan Island-Anchor St","extraBlockID":null,"locationInScheduleDay":20781,"longitude":-122.5790944,"blockID":7240,"offRoute":false,"nextLocID":7960,"vehicleID":2533,"signMessage":"72 Swan Island","extraTripID":null,"nextStopSeq":18,"routeNumber":72,"vehicleLoad":"unknown","bearing":359,"lastStopSeq":17,"inCongestion":false,"delay":-74,"latitude":45.4749625},{"tripID":4417864,"serviceDate":1395730800000,"direction":0,"garage":"POWELL","type":"bus","lastLocID":3201,"messageCode":768,"time":1395751660846,"expires":1395752078000,"signMessageLong":"72  Killingsworth/82nd to Swan Island-Shipyards","extraBlockID":null,"locationInScheduleDay":20584,"longitude":-122.6149804,"blockID":7236,"offRoute":false,"nextLocID":3200,"vehicleID":2552,"signMessage":"72 Swan Island","extraTripID":null,"nextStopSeq":74,"routeNumber":72,"vehicleLoad":"unknown","bearing":270,"lastStopSeq":73,"inCongestion":false,"delay":-274,"latitude":45.5627863},{"tripID":4413874,"serviceDate":1395730800000,"direction":1,"garage":"POWELL","type":"bus","lastLocID":3652,"messageCode":466,"time":1395751612898,"expires":1395752030000,"signMessageLong":"31  Portland","extraBlockID":null,"locationInScheduleDay":20674,"longitude":-122.638777,"blockID":3134,"offRoute":false,"nextLocID":3797,"vehicleID":2555,"signMessage":"31 To Portland","extraTripID":null,"nextStopSeq":30,"routeNumber":31,"vehicleLoad":"unknown","bearing":67,"lastStopSeq":29,"inCongestion":false,"delay":-136,"latitude":45.4570878},{"tripID":4411557,"serviceDate":1395730800000,"direction":1,"garage":"POWELL","type":"bus","lastLocID":3637,"messageCode":268,"time":1395751630957,"expires":1395752048000,"signMessageLong":"14  Hawthorne to Portland","extraBlockID":null,"locationInScheduleDay":20820,"longitude":-122.6545542,"blockID":1435,"offRoute":false,"nextLocID":3641,"vehicleID":2316,"signMessage":"14 To Portland","extraTripID":null,"nextStopSeq":40,"routeNumber":14,"vehicleLoad":"unknown","bearing":270,"lastStopSeq":39,"inCongestion":false,"delay":-8,"latitude":45.5129288},{"tripID":4417161,"serviceDate":1395730800000,"direction":0,"garage":"CENTER","type":"bus","lastLocID":7362,"messageCode":783,"time":1395751642826,"expires":1395752060000,"signMessageLong":"70  33rd Ave to NE Sunderland","extraBlockID":null,"locationInScheduleDay":20754,"longitude":-122.6306771,"blockID":7001,"offRoute":false,"nextLocID":7378,"vehicleID":2704,"signMessage":"70 To Sunderlnd","extraTripID":null,"nextStopSeq":65,"routeNumber":70,"vehicleLoad":"unknown","bearing":359,"lastStopSeq":64,"inCongestion":false,"delay":-86,"latitude":45.5677763},{"tripID":4417162,"serviceDate":1395730800000,"direction":0,"garage":"CENTER","type":"bus","lastLocID":13693,"messageCode":780,"time":1395751654835,"expires":1395752072000,"signMessageLong":"70  12th/NE 33rd Ave to NE Sunderland","extraBlockID":null,"locationInScheduleDay":20954,"longitude":-122.6499871,"blockID":7003,"offRoute":false,"nextLocID":4539,"vehicleID":2705,"signMessage":"70 To Sunderlnd","extraTripID":null,"nextStopSeq":23,"routeNumber":70,"vehicleLoad":"unknown","bearing":287,"lastStopSeq":22,"inCongestion":false,"delay":102,"latitude":45.5003063},{"tripID":4411558,"serviceDate":1395730800000,"direction":1,"garage":"CENTER","type":"bus","lastLocID":12948,"messageCode":268,"time":1395751639698,"expires":1395752058000,"signMessageLong":"14  Hawthorne to Portland","extraBlockID":null,"locationInScheduleDay":20827,"longitude":-122.5888246,"blockID":1401,"offRoute":false,"nextLocID":1811,"vehicleID":2608,"signMessage":"14 To Portland","extraTripID":null,"nextStopSeq":9,"routeNumber":14,"vehicleLoad":"unknown","bearing":296,"lastStopSeq":8,"inCongestion":false,"delay":-11,"latitude":45.4863855},{"tripID":4418191,"serviceDate":1395730800000,"direction":1,"garage":"POWELL","type":"bus","lastLocID":7932,"messageCode":760,"time":1395751657987,"expires":1395752077000,"signMessageLong":"72  Killingsworth/82nd to Clackamas TC","extraBlockID":null,"locationInScheduleDay":20703,"longitude":-122.5790495,"blockID":7237,"offRoute":false,"nextLocID":7973,"vehicleID":3004,"signMessage":"72 Clackamas TC","extraTripID":null,"nextStopSeq":68,"routeNumber":72,"vehicleLoad":"unknown","bearing":180,"lastStopSeq":67,"inCongestion":false,"delay":-154,"latitude":45.5290347},{"tripID":4413796,"serviceDate":1395730800000,"direction":0,"garage":"POWELL","type":"bus","lastLocID":2575,"messageCode":457,"time":1395751657988,"expires":1395752075000,"signMessageLong":"31  Clackamas Town Center, continuing to Estacada","extraBlockID":null,"locationInScheduleDay":20804,"longitude":-122.627049,"blockID":3136,"offRoute":false,"nextLocID":2578,"vehicleID":3007,"signMessage":"31 To Estacada via Clackamas","extraTripID":null,"nextStopSeq":6,"routeNumber":31,"vehicleLoad":"unknown","bearing":88,"lastStopSeq":5,"inCongestion":false,"delay":-51,"latitude":45.4466402},{"tripID":4418193,"serviceDate":1395730800000,"direction":1,"garage":"POWELL","type":"bus","lastLocID":9399,"messageCode":760,"time":1395751642813,"expires":1395752060000,"signMessageLong":"72  Killingsworth/82nd to Clackamas TC","extraBlockID":null,"locationInScheduleDay":20837,"longitude":-122.6916789,"blockID":7241,"offRoute":false,"nextLocID":2195,"vehicleID":3048,"signMessage":"72 Clackamas TC","extraTripID":null,"nextStopSeq":4,"routeNumber":72,"vehicleLoad":"unknown","bearing":244,"lastStopSeq":3,"inCongestion":false,"delay":-3,"latitude":45.5553886},{"tripID":4417867,"serviceDate":1395730800000,"direction":0,"garage":"POWELL","type":"bus","lastLocID":13248,"messageCode":768,"time":1395751639539,"expires":1395752057000,"signMessageLong":"72  Killingsworth/82nd to Swan Island-Shipyards","extraBlockID":null,"locationInScheduleDay":21028,"longitude":-122.5691015,"blockID":7235,"offRoute":false,"nextLocID":12922,"vehicleID":3053,"signMessage":"72 Swan Island","extraTripID":null,"nextStopSeq":2,"routeNumber":72,"vehicleLoad":"unknown","bearing":353,"lastStopSeq":1,"inCongestion":false,"delay":191,"latitude":45.4359416},{"tripID":4417863,"serviceDate":1395730800000,"direction":0,"garage":"POWELL","type":"bus","lastLocID":1044,"messageCode":768,"time":1395751658038,"expires":1395752075000,"signMessageLong":"72  Killingsworth/82nd to Swan Island-Shipyards","extraBlockID":null,"locationInScheduleDay":20676,"longitude":-122.7140883,"blockID":7234,"offRoute":false,"nextLocID":1043,"vehicleID":3054,"signMessage":"72 Swan Island","extraTripID":null,"nextStopSeq":115,"routeNumber":72,"vehicleLoad":"unknown","bearing":127,"lastStopSeq":114,"inCongestion":false,"delay":-179,"latitude":45.5615771},{"tripID":4419222,"serviceDate":1395730800000,"direction":1,"garage":"POWELL","type":"bus","lastLocID":2399,"messageCode":813,"time":1395751651758,"expires":1395752071000,"signMessageLong":"77  Broadway/Halsey to Montgomery Park","extraBlockID":null,"locationInScheduleDay":20695,"longitude":-122.4861403,"blockID":7734,"offRoute":false,"nextLocID":2398,"vehicleID":3046,"signMessage":"77 Montgomry Pk","extraTripID":null,"nextStopSeq":25,"routeNumber":77,"vehicleLoad":"unknown","bearing":270,"lastStopSeq":24,"inCongestion":false,"delay":-156,"latitude":45.5347009},{"tripID":4411310,"serviceDate":1395730800000,"direction":0,"garage":"POWELL","type":"bus","lastLocID":1802,"messageCode":266,"time":1395751642805,"expires":1395752061000,"signMessageLong":"14  Hawthorne to 94th & Foster","extraBlockID":null,"locationInScheduleDay":20901,"longitude":-122.5941351,"blockID":1434,"offRoute":false,"nextLocID":1804,"vehicleID":3027,"signMessage":"14 To 94-Foster","extraTripID":null,"nextStopSeq":36,"routeNumber":14,"vehicleLoad":"unknown","bearing":121,"lastStopSeq":35,"inCongestion":false,"delay":60,"latitude":45.4885574},{"tripID":4419085,"serviceDate":1395730800000,"direction":0,"garage":"CENTER","type":"bus","lastLocID":10870,"messageCode":809,"time":1395751639612,"expires":1395752058000,"signMessageLong":"77  Broadway/Halsey to Troutdale","extraBlockID":null,"locationInScheduleDay":20940,"longitude":-122.6206027,"blockID":7702,"offRoute":false,"nextLocID":7509,"vehicleID":2005,"signMessage":"77 To Troutdale","extraTripID":null,"nextStopSeq":36,"routeNumber":77,"vehicleLoad":"unknown","bearing":91,"lastStopSeq":35,"inCongestion":false,"delay":102,"latitude":45.5333119}],"queryTime":1395751668667}}
