{"resultSet":{"vehicle":[{"tripID":4417865,"serviceDate":1395730800000,"direction":0,"garage":"POWELL","type":"bus","lastLocID":12922,"messageCode":768,"time":1395750217547,"expires":1395750635000,"signMessageLong":"72  Killingsworth/82nd to Swan Island-Shipyards","extraBlockID":null,"locationInScheduleDay":19399,"longitude":-122.576219,"blockID":7238,"offRoute":false,"nextLocID":7941,"vehicleID":2527,"signMessage":"72 Swan Island","extraTripID":null,"nextStopSeq":3,"routeNumber":72,"vehicleLoad":"unknown","bearing":262,"lastStopSeq":2,"inCongestion":false,"delay":-16,"latitude":45.437249},{"tripID":4419220,"serviceDate":1395730800000,"direction":1,"garage":"CENTER","type":"bus","lastLocID":635,"messageCode":813,"time":1395750214817,"expires":1395750633000,"signMessageLong":"77  Broadway/Halsey to Montgomery Park","extraBlockID":null,"locationInScheduleDay":19332,"longitude":-122.6441398,"blockID":7701,"offRoute":false,"nextLocID":634,"vehicleID":2512,"signMessage":"77 Montgomry Pk","extraTripID":null,"nextStopSeq":32,"routeNumber":77,"vehicleLoad":"unknown","bearing":270,"lastStopSeq":31,"inCongestion":false,"delay":-81,"latitude":45.5350173},{"tripID":4417864,"serviceDate":1395730800000,"direction":0,"garage":"POWELL","type":"bus","lastLocID":7935,"messageCode":768,"time":1395750202713,"expires":1395750621000,"signMessageLong":"72  Killingsworth/82nd to Swan Island-Shipyards","extraBlockID":null,"locationInScheduleDay":19212,"longitude":-122.5788018,"blockID":7236,"offRoute":false,"nextLocID":7943,"vehicleID":2552,"signMessage":"72 Swan Island","extraTripID":null,"nextStopSeq":27,"routeNumber":72,"vehicleLoad":"unknown","bearing":0,"lastStopSeq":26,"inCongestion":false,"delay":-189,"latitude":45.4924258},{"tripID":4411557,"serviceDate":1395730800000,"direction":1,"garage":"POWELL","type":"bus","lastLocID":1818,"messageCode":268,"time":1395750199574,"expires":1395750618000,"signMessageLong":"14  Hawthorne to Portland","extraBlockID":null,"locationInScheduleDay":19440,"longitude":-122.5796973,"blockID":1435,"offRoute":false,"nextLocID":1815,"vehicleID":2316,"signMessage":"14 To Portland","extraTripID":null,"nextStopSeq":7,"routeNumber":14,"vehicleLoad":"unknown","bearing":299,"lastStopSeq":6,"inCongestion":false,"delay":42,"latitude":45.4831103},{"tripID":4417161,"serviceDate":1395730800000,"direction":0,"garage":"CENTER","type":"bus","lastLocID":6576,"messageCode":780,"time":1395750217484,"expires":1395750636000,"signMessageLong":"70  12th/NE 33rd Ave to NE Sunderland","extraBlockID":null,"locationInScheduleDay":19428,"longitude":-122.653683,"blockID":7001,"offRoute":false,"nextLocID":6585,"vehicleID":2704,"signMessage":"70 To Sunderlnd","extraTripID":null,"nextStopSeq":30,"routeNumber":70,"vehicleLoad":"unknown","bearing":359,"lastStopSeq":29,"inCongestion":false,"delay":12,"latitude":45.5124831},{"tripID":4418191,"serviceDate":1395730800000,"direction":1,"garage":"POWELL","type":"bus","lastLocID":46,"messageCode":760,"time":1395750202597,"expires":1395750620000,"signMessageLong":"72  Killingsworth/82nd to Clackamas TC","extraBlockID":null,"locationInScheduleDay":19260,"longitude":-122.6610632,"blockID":7237,"offRoute":false,"nextLocID":11478,"vehicleID":3004,"signMessage":"72 Clackamas TC","extraTripID":null,"nextStopSeq":22,"routeNumber":72,"vehicleLoad":"unknown","bearing":90,"lastStopSeq":21,"inCongestion":false,"delay":-140,"latitude":45.5591223},{"tripID":4418190,"serviceDate":1395730800000,"direction":1,"garage":"POWELL","type":"bus","lastLocID":8024,"messageCode":760,"time":1395750199455,"expires":1395750616000,"signMessageLong":"72  Killingsworth/82nd to Clackamas TC","extraBlockID":null,"locationInScheduleDay":19320,"longitude":-122.5787393,"blockID":7235,"offRoute":false,"nextLocID":13707,"vehicleID":3053,"signMessage":"72 Clackamas TC","extraTripID":null,"nextStopSeq":30,"routeNumber":72,"vehicleLoad":"unknown","bearing":180,"lastStopSeq":29,"inCongestion":false,"delay":-76,"latitude":45.4971097},{"tripID":4417863,"serviceDate":1395730800000,"direction":0,"garage":"POWELL","type":"bus","lastLocID":3192,"messageCode":768,"time":1395750217487,"expires":1395750635000,"signMessageLong":"72  Killingsworth/82nd to Swan Island-Shipyards","extraBlockID":null,"locationInScheduleDay":19312,"longitude":-122.6309343,"blockID":7234,"offRoute":false,"nextLocID":3189,"vehicleID":3054,"signMessage":"72 Swan Island","extraTripID":null,"nextStopSeq":79,"routeNumber":72,"vehicleLoad":"unknown","bearing":269,"lastStopSeq":78,"inCongestion":false,"delay":-103,"latitude":45.5627225},{"tripID":4411556,"serviceDate":1395730800000,"direction":1,"garage":"POWELL","type":"bus","lastLocID":11956,"messageCode":266,"time":1395750214775,"expires":1395750634000,"signMessageLong":"14  Hawthorne to 94th & Foster","extraBlockID":null,"locationInScheduleDay":19532,"longitude":-122.6756,"blockID":1434,"offRoute":false,"nextLocID":13169,"vehicleID":3027,"signMessage":"14 To 94-Foster","extraTripID":null,"nextStopSeq":44,"routeNumber":14,"vehicleLoad":"unknown","bearing":290,"lastStopSeq":43,"inCongestion":false,"delay":118,"latitude":45.5151999},{"tripID":4419085,"serviceDate":1395730800000,"direction":0,"garage":"CENTER","type":"bus","lastLocID":7112,"messageCode":809,"time":1395750199509,"expires":1395750618000,"signMessageLong":"77  Broadway/Halsey to Troutdale","extraBlockID":null,"locationInScheduleDay":19386,"longitude":-122.694384,"blockID":7702,"offRoute":false,"nextLocID":1615,"vehicleID":2005,"signMessage":"77 To Troutdale","extraTripID":null,"nextStopSeq":11,"routeNumber":77,"vehicleLoad":"unknown","bearing":178,"lastStopSeq":10,"inCongestion":false,"delay":-12,"latitude":45.52513}],"queryTime":1395750228611}}
