{"resultSet":{"vehicle":[{"tripID":4419221,"serviceDate":1395730800000,"direction":1,"garage":"POWELL","type":"bus","lastLocID":2438,"messageCode":813,"time":1395750925852,"expires":1395751342000,"signMessageLong":"77  Broadway/Halsey to Montgomery Park","extraBlockID":null,"locationInScheduleDay":20137,"longitude":-122.6037468,"blockID":7735,"offRoute":false,"nextLocID":2432,"vehicleID":2222,"signMessage":"77 Montgomry Pk","extraTripID":null,"nextStopSeq":15,"routeNumber":77,"vehicleLoad":"unknown","bearing":269,"lastStopSeq":14,"inCongestion":false,"delay":15,"latitude":45.5337194},{"tripID":4417865,"serviceDate":1395730800000,"direction":0,"garage":"POWELL","type":"bus","lastLocID":7943,"messageCode":768,"time":1395750937555,"expires":1395751354000,"signMessageLong":"72  Killingsworth/82nd to Swan Island-Shipyards","extraBlockID":null,"locationInScheduleDay":20143,"longitude":-122.5787837,"blockID":7238,"offRoute":false,"nextLocID":8031,"vehicleID":2527,"signMessage":"72 Swan Island","extraTripID":null,"nextStopSeq":28,"routeNumber":72,"vehicleLoad":"unknown","bearing":0,"lastStopSeq":27,"inCongestion":false,"delay":9,"latitude":45.4939608},{"tripID":4417312,"serviceDate":1395730800000,"direction":1,"garage":"CENTER","type":"bus","lastLocID":7372,"messageCode":788,"time":1395750925825,"expires":1395751342000,"signMessageLong":"70  12th/NE 33rd Ave to Milwaukie","extraBlockID":null,"locationInScheduleDay":19967,"longitude":-122.6306875,"blockID":7002,"offRoute":false,"nextLocID":7363,"vehicleID":2524,"signMessage":"70 To Milwaukie","extraTripID":null,"nextStopSeq":20,"routeNumber":70,"vehicleLoad":"unknown","bearing":180,"lastStopSeq":19,"inCongestion":false,"delay":-155,"latitude":45.560144},{"tripID":4419220,"serviceDate":1395730800000,"direction":1,"garage":"CENTER","type":"bus","lastLocID":2030,"messageCode":813,"time":1395750907571,"expires":1395751327000,"signMessageLong":"77  Broadway/Halsey to Montgomery Park","extraBlockID":null,"locationInScheduleDay":20032,"longitude":-122.6838976,"blockID":7701,"offRoute":false,"nextLocID":2046,"vehicleID":2512,"signMessage":"77 Montgomry Pk","extraTripID":null,"nextStopSeq":45,"routeNumber":77,"vehicleLoad":"unknown","bearing":268,"lastStopSeq":44,"inCongestion":false,"delay":-75,"latitude":45.5264937},{"tripID":4418192,"serviceDate":1395730800000,"direction":1,"garage":"POWELL","type":"bus","lastLocID":3169,"messageCode":760,"time":1395750923942,"expires":1395751338000,"signMessageLong":"72  Killingsworth/82nd to Clackamas TC","extraBlockID":null,"locationInScheduleDay":20222,"longitude":-122.6794147,"blockID":7239,"offRoute":false,"nextLocID":3173,"vehicleID":2540,"signMessage":"72 Clackamas TC","extraTripID":null,"nextStopSeq":13,"routeNumber":72,"vehicleLoad":"unknown","bearing":89,"lastStopSeq":12,"inCongestion":false,"delay":104,"latitude":45.5626683},{"tripID":4417866,"serviceDate":1395730800000,"direction":0,"garage":"POWELL","type":"bus","lastLocID":13248,"messageCode":766,"time":1395750937565,"expires":1395751355000,"signMessageLong":"72  Killingsworth/82nd to Swan Island-Anchor St","extraBlockID":null,"locationInScheduleDay":20246,"longitude":-122.5725673,"blockID":7240,"offRoute":false,"nextLocID":12922,"vehicleID":2533,"signMessage":"72 Swan Island","extraTripID":null,"nextStopSeq":2,"routeNumber":72,"vehicleLoad":"unknown","bearing":289,"lastStopSeq":1,"inCongestion":false,"delay":111,"latitude":45.4373325},{"tripID":4417864,"serviceDate":1395730800000,"direction":0,"garage":"POWELL","type":"bus","lastLocID":7999,"messageCode":768,"time":1395750937609,"expires":1395751354000,"signMessageLong":"72  Killingsworth/82nd to Swan Island-Shipyards","extraBlockID":null,"locationInScheduleDay":19860,"longitude":-122.578962,"blockID":7236,"offRoute":false,"nextLocID":8042,"vehicleID":2552,"signMessage":"72 Swan Island","extraTripID":null,"nextStopSeq":49,"routeNumber":72,"vehicleLoad":"unknown","bearing":0,"lastStopSeq":48,"inCongestion":false,"delay":-274,"latitude":45.533614},{"tripID":4413874,"serviceDate":1395730800000,"direction":1,"garage":"POWELL","type":"bus","lastLocID":3235,"messageCode":464,"time":1395750924289,"expires":1395751340000,"signMessageLong":"31  To Portland via Milwaukie","extraBlockID":null,"locationInScheduleDay":19986,"longitude":-122.5992443,"blockID":3134,"offRoute":false,"nextLocID":3232,"vehicleID":2555,"signMessage":"31 To Portland","extraTripID":null,"nextStopSeq":10,"routeNumber":31,"vehicleLoad":"unknown","bearing":270,"lastStopSeq":9,"inCongestion":false,"delay":-134,"latitude":45.4479512},{"tripID":4411557,"serviceDate":1395730800000,"direction":1,"garage":"POWELL","type":"bus","lastLocID":7654,"messageCode":268,"time":1395750924247,"expires":1395751338000,"signMessageLong":"14  Hawthorne to Portland","extraBlockID":null,"locationInScheduleDay":20055,"longitude":-122.6110231,"blockID":1435,"offRoute":false,"nextLocID":7659,"vehicleID":2316,"signMessage":"14 To Portland","extraTripID":null,"nextStopSeq":22,"routeNumber":14,"vehicleLoad":"unknown","bearing":353,"lastStopSeq":21,"inCongestion":false,"delay":-63,"latitude":45.505117},{"tripID":4417161,"serviceDate":1395730800000,"direction":0,"garage":"CENTER","type":"bus","lastLocID":8938,"messageCode":783,"time":1395750878789,"expires":1395751296000,"signMessageLong":"70  33rd Ave to NE Sunderland","extraBlockID":null,"locationInScheduleDay":19975,"longitude":-122.6526785,"blockID":7001,"offRoute":false,"nextLocID":4047,"vehicleID":2704,"signMessage":"70 To Sunderlnd","extraTripID":null,"nextStopSeq":38,"routeNumber":70,"vehicleLoad":"unknown","bearing":90,"lastStopSeq":37,"inCongestion":false,"delay":-101,"latitude":45.5314892},{"tripID":4417162,"serviceDate":1395730800000,"direction":0,"garage":"CENTER","type":"bus","lastLocID":8225,"messageCode":781,"time":1395750934429,"expires":1395751353000,"signMessageLong":"70  12th/NE 33rd Ave to NE Sunderland via 17th & Tacoma","extraBlockID":null,"locationInScheduleDay":20138,"longitude":-122.6431765,"blockID":7003,"offRoute":false,"nextLocID":6871,"vehicleID":2705,"signMessage":"70 To Sunderland via 17th","extraTripID":null,"nextStopSeq":3,"routeNumber":70,"vehicleLoad":"unknown","bearing":291,"lastStopSeq":2,"inCongestion":false,"delay":5,"latitude":45.4453827},{"tripID":4418191,"serviceDate":1395730800000,"direction":1,"garage":"POWELL","type":"bus","lastLocID":3148,"messageCode":760,"time":1395750892964,"expires":1395751310000,"signMessageLong":"72  Killingsworth/82nd to Clackamas TC","extraBlockID":null,"locationInScheduleDay":19951,"longitude":-122.5972101,"blockID":7237,"offRoute":false,"nextLocID":10600,"vehicleID":3004,"signMessage":"72 Clackamas TC","extraTripID":null,"nextStopSeq":48,"routeNumber":72,"vehicleLoad":"unknown","bearing":90,"lastStopSeq":47,"inCongestion":false,"delay":-139,"latitude":45.5627451},{"tripID":4418190,"serviceDate":1395730800000,"direction":1,"garage":"POWELL","type":"bus","lastLocID":7942,"messageCode":760,"time":1395750916803,"expires":1395751336000,"signMessageLong":"72  Killingsworth/82nd to Clackamas TC","extraBlockID":null,"locationInScheduleDay":20106,"longitude":-122.5790028,"blockID":7235,"offRoute":false,"nextLocID":12921,"vehicleID":3053,"signMessage":"72 Clackamas TC","extraTripID":null,"nextStopSeq":56,"routeNumber":72,"vehicleLoad":"unknown","bearing":90,"lastStopSeq":55,"inCongestion":false,"delay":-10,"latitude":45.4370772},{"tripID":4417863,"serviceDate":1395730800000,"direction":0,"garage":"POWELL","type":"bus","lastLocID":3157,"messageCode":768,"time":1395750907550,"expires":1395751325000,"signMessageLong":"72  Killingsworth/82nd to Swan Island-Shipyards","extraBlockID":null,"locationInScheduleDay":19939,"longitude":-122.6747144,"blockID":7234,"offRoute":false,"nextLocID":3154,"vehicleID":3054,"signMessage":"72 Swan Island","extraTripID":null,"nextStopSeq":97,"routeNumber":72,"vehicleLoad":"unknown","bearing":269,"lastStopSeq":96,"inCongestion":false,"delay":-166,"latitude":45.5626907},{"tripID":4419222,"serviceDate":1395730800000,"direction":1,"garage":"POWELL","type":"bus","lastLocID":2420,"messageCode":813,"time":1395750934444,"expires":1395751351000,"signMessageLong":"77  Broadway/Halsey to Montgomery Park","extraBlockID":null,"locationInScheduleDay":20138,"longitude":-122.4193053,"blockID":7734,"offRoute":false,"nextLocID":2331,"vehicleID":3046,"signMessage":"77 Montgomry Pk","extraTripID":null,"nextStopSeq":10,"routeNumber":77,"vehicleLoad":"unknown","bearing":259,"lastStopSeq":9,"inCongestion":false,"delay":7,"latitude":45.5369914},{"tripID":4411310,"serviceDate":1395730800000,"direction":0,"garage":"POWELL","type":"bus","lastLocID":2614,"messageCode":266,"time":1395750923692,"expires":1395751340000,"signMessageLong":"14  Hawthorne to 94th & Foster","extraBlockID":null,"locationInScheduleDay":20177,"longitude":-122.6370475,"blockID":1434,"offRoute":false,"nextLocID":2615,"vehicleID":3027,"signMessage":"14 To 94-Foster","extraTripID":null,"nextStopSeq":14,"routeNumber":14,"vehicleLoad":"unknown","bearing":90,"lastStopSeq":13,"inCongestion":false,"delay":57,"latitude":45.5120721},{"tripID":4419085,"serviceDate":1395730800000,"direction":0,"garage":"CENTER","type":"bus","lastLocID":11817,"messageCode":809,"time":1395750923985,"expires":1395751337000,"signMessageLong":"77  Broadway/Halsey to Troutdale","extraBlockID":null,"locationInScheduleDay":20079,"longitude":-122.663853,"blockID":7702,"offRoute":false,"nextLocID":13708,"vehicleID":2005,"signMessage":"77 To Troutdale","extraTripID":null,"nextStopSeq":20,"routeNumber":77,"vehicleLoad":"unknown","bearing":88,"lastStopSeq":19,"inCongestion":false,"delay":-38,"latitude":45.5307949}],"queryTime":1395750948640}}
