{"resultSet":{"vehicle":[{"tripID":4411566,"serviceDate":1395730800000,"direction":1,"garage":"POWELL","type":"bus","lastLocID":12948,"messageCode":268,"time":1395757523115,"expires":1395757939000,"signMessageLong":"14  Hawthorne to Portland","extraBlockID":null,"locationInScheduleDay":26724,"longitude":-122.5888849,"blockID":1436,"offRoute":false,"nextLocID":1811,"vehicleID":2206,"signMessage":"14 To Portland","extraTripID":null,"nextStopSeq":9,"routeNumber":14,"vehicleLoad":"unknown","bearing":296,"lastStopSeq":8,"inCongestion":false,"delay":5,"latitude":45.4864066},{"tripID":4419089,"serviceDate":1395730800000,"direction":0,"garage":"POWELL","type":"bus","lastLocID":2368,"messageCode":809,"time":1395757538238,"expires":1395757957000,"signMessageLong":"77  Broadway/Halsey to Troutdale","extraBlockID":null,"locationInScheduleDay":26721,"longitude":-122.5340815,"blockID":7735,"offRoute":false,"nextLocID":2370,"vehicleID":2222,"signMessage":"77 To Troutdale","extraTripID":null,"nextStopSeq":64,"routeNumber":77,"vehicleLoad":"unknown","bearing":89,"lastStopSeq":63,"inCongestion":false,"delay":-16,"latitude":45.5335556},{"tripID":4419092,"serviceDate":1395730800000,"direction":0,"garage":"POWELL","type":"bus","lastLocID":7168,"messageCode":809,"time":1395757520138,"expires":1395757938000,"signMessageLong":"77  Broadway/Halsey to Troutdale","extraBlockID":null,"locationInScheduleDay":26790,"longitude":-122.6961462,"blockID":7736,"offRoute":false,"nextLocID":10693,"vehicleID":2221,"signMessage":"77 To Troutdale","extraTripID":null,"nextStopSeq":5,"routeNumber":77,"vehicleLoad":"unknown","bearing":88,"lastStopSeq":4,"inCongestion":false,"delay":72,"latitude":45.5355445},{"tripID":4411565,"serviceDate":1395730800000,"direction":1,"garage":"POWELL","type":"bus","lastLocID":7665,"messageCode":268,"time":1395757538197,"expires":1395757957000,"signMessageLong":"14  Hawthorne to Portland","extraBlockID":null,"locationInScheduleDay":26753,"longitude":-122.6113681,"blockID":1438,"offRoute":false,"nextLocID":8242,"vehicleID":2220,"signMessage":"14 To Portland","extraTripID":null,"nextStopSeq":20,"routeNumber":14,"vehicleLoad":"unknown","bearing":0,"lastStopSeq":19,"inCongestion":false,"delay":16,"latitude":45.5001961},{"tripID":4418202,"serviceDate":1395730800000,"direction":1,"garage":"POWELL","type":"bus","lastLocID":3173,"messageCode":760,"time":1395757528953,"expires":1395757946000,"signMessageLong":"72  Killingsworth/82nd to Clackamas TC","extraBlockID":null,"locationInScheduleDay":26682,"longitude":-122.6759045,"blockID":7248,"offRoute":false,"nextLocID":3153,"vehicleID":2215,"signMessage":"72 Clackamas TC","extraTripID":null,"nextStopSeq":14,"routeNumber":72,"vehicleLoad":"unknown","bearing":89,"lastStopSeq":13,"inCongestion":false,"delay":-44,"latitude":45.562684},{"tripID":4411316,"serviceDate":1395730800000,"direction":0,"garage":"POWELL","type":"bus","lastLocID":2641,"messageCode":266,"time":1395757535177,"expires":1395757953000,"signMessageLong":"14  Hawthorne to 94th & Foster","extraBlockID":null,"locationInScheduleDay":26862,"longitude":-122.6622321,"blockID":1437,"offRoute":false,"nextLocID":2594,"vehicleID":2264,"signMessage":"14 To 94-Foster","extraTripID":null,"nextStopSeq":4,"routeNumber":14,"vehicleLoad":"unknown","bearing":90,"lastStopSeq":3,"inCongestion":false,"delay":129,"latitude":45.5122643},{"tripID":4413799,"serviceDate":1395730800000,"direction":0,"garage":"POWELL","type":"bus","lastLocID":3251,"messageCode":457,"time":1395757527739,"expires":1395757943000,"signMessageLong":"31  Clackamas Town Center, continuing to Estacada","extraBlockID":null,"locationInScheduleDay":26682,"longitude":-122.5873359,"blockID":3137,"offRoute":false,"nextLocID":3226,"vehicleID":2258,"signMessage":"31 To Estacada via Clackamas","extraTripID":null,"nextStopSeq":19,"routeNumber":31,"vehicleLoad":"unknown","bearing":89,"lastStopSeq":18,"inCongestion":false,"delay":-41,"latitude":45.4470607},{"tripID":4418200,"serviceDate":1395730800000,"direction":1,"garage":"POWELL","type":"bus","lastLocID":3146,"messageCode":760,"time":1395757540973,"expires":1395757960000,"signMessageLong":"72  Killingsworth/82nd to Clackamas TC","extraBlockID":null,"locationInScheduleDay":26839,"longitude":-122.5975761,"blockID":7247,"offRoute":false,"nextLocID":3148,"vehicleID":2250,"signMessage":"72 Clackamas TC","extraTripID":null,"nextStopSeq":47,"routeNumber":72,"vehicleLoad":"unknown","bearing":90,"lastStopSeq":46,"inCongestion":false,"delay":99,"latitude":45.5627469},{"tripID":4418198,"serviceDate":1395730800000,"direction":1,"garage":"POWELL","type":"bus","lastLocID":7932,"messageCode":760,"time":1395757535200,"expires":1395757951000,"signMessageLong":"72  Killingsworth/82nd to Clackamas TC","extraBlockID":null,"locationInScheduleDay":26749,"longitude":-122.5790559,"blockID":7246,"offRoute":false,"nextLocID":7973,"vehicleID":2296,"signMessage":"72 Clackamas TC","extraTripID":null,"nextStopSeq":68,"routeNumber":72,"vehicleLoad":"unknown","bearing":180,"lastStopSeq":67,"inCongestion":false,"delay":18,"latitude":45.5274443},{"tripID":4419093,"serviceDate":1395730800000,"direction":0,"garage":"POWELL","type":"bus","lastLocID":8484,"messageCode":809,"time":1395757538305,"expires":1395757956000,"signMessageLong":"77  Broadway/Halsey to Troutdale","extraBlockID":null,"locationInScheduleDay":26736,"longitude":-122.7069049,"blockID":7737,"offRoute":false,"nextLocID":8385,"vehicleID":2285,"signMessage":"77 To Troutdale","extraTripID":null,"nextStopSeq":2,"routeNumber":77,"vehicleLoad":"unknown","bearing":178,"lastStopSeq":1,"inCongestion":false,"delay":0,"latitude":45.5370429},{"tripID":4417869,"serviceDate":1395730800000,"direction":0,"garage":"POWELL","type":"bus","lastLocID":2161,"messageCode":766,"time":1395757520299,"expires":1395757937000,"signMessageLong":"72  Killingsworth/82nd to Swan Island-Anchor St","extraBlockID":null,"locationInScheduleDay":26479,"longitude":-122.7021093,"blockID":7244,"offRoute":false,"nextLocID":115,"vehicleID":2276,"signMessage":"72 Swan Island","extraTripID":null,"nextStopSeq":108,"routeNumber":72,"vehicleLoad":"unknown","bearing":307,"lastStopSeq":107,"inCongestion":false,"delay":0,"latitude":45.5573054},{"tripID":4411567,"serviceDate":1395730800000,"direction":1,"garage":"POWELL","type":"bus","lastLocID":13236,"messageCode":268,"time":1395757523249,"expires":1395757939000,"signMessageLong":"14  Hawthorne to Portland","extraBlockID":null,"locationInScheduleDay":26681,"longitude":-122.5686053,"blockID":1439,"offRoute":false,"nextLocID":1829,"vehicleID":2275,"signMessage":"14 To Portland","extraTripID":null,"nextStopSeq":3,"routeNumber":14,"vehicleLoad":"unknown","bearing":291,"lastStopSeq":2,"inCongestion":false,"delay":-38,"latitude":45.4798139},{"tripID":4417318,"serviceDate":1395730800000,"direction":1,"garage":"CENTER","type":"bus","lastLocID":635,"messageCode":788,"time":1395757537942,"expires":1395757957000,"signMessageLong":"70  12th/NE 33rd Ave to Milwaukie","extraBlockID":null,"locationInScheduleDay":26789,"longitude":-122.6431224,"blockID":7005,"offRoute":false,"nextLocID":7139,"vehicleID":2132,"signMessage":"70 To Milwaukie","extraTripID":null,"nextStopSeq":38,"routeNumber":70,"vehicleLoad":"unknown","bearing":270,"lastStopSeq":37,"inCongestion":false,"delay":52,"latitude":45.5350086},{"tripID":4413880,"serviceDate":1395730800000,"direction":1,"garage":"CENTER","type":"bus","lastLocID":8223,"messageCode":454,"time":1395757535072,"expires":1395757954000,"signMessageLong":"31E Portland Express","extraBlockID":null,"locationInScheduleDay":26332,"longitude":-122.6397769,"blockID":3002,"offRoute":false,"nextLocID":3858,"vehicleID":2134,"signMessage":"31E Portland Express","extraTripID":null,"nextStopSeq":2,"routeNumber":31,"vehicleLoad":"unknown","bearing":8,"lastStopSeq":1,"inCongestion":false,"delay":-402,"latitude":45.458377},{"tripID":4417166,"serviceDate":1395730800000,"direction":0,"garage":"CENTER","type":"bus","lastLocID":4047,"messageCode":783,"time":1395757537964,"expires":1395757955000,"signMessageLong":"70  33rd Ave to NE Sunderland","extraBlockID":null,"locationInScheduleDay":26489,"longitude":-122.6509373,"blockID":7006,"offRoute":false,"nextLocID":4048,"vehicleID":2150,"signMessage":"70 To Sunderlnd","extraTripID":null,"nextStopSeq":36,"routeNumber":70,"vehicleLoad":"unknown","bearing":90,"lastStopSeq":35,"inCongestion":false,"delay":-246,"latitude":45.5314808},{"tripID":4417316,"serviceDate":1395730800000,"direction":1,"garage":"CENTER","type":"bus","lastLocID":6900,"messageCode":738,"time":1395757520012,"expires":1395757937000,"signMessageLong":"70  12th Ave to Milwaukie via 13th & Tacoma","extraBlockID":null,"locationInScheduleDay":26613,"longitude":-122.6470565,"blockID":7008,"offRoute":false,"nextLocID":6852,"vehicleID":2506,"signMessage":"70 To Milwaukie","extraTripID":null,"nextStopSeq":35,"routeNumber":70,"vehicleLoad":"unknown","bearing":180,"lastStopSeq":34,"inCongestion":false,"delay":-104,"latitude":45.4625589},{"tripID":4418197,"serviceDate":1395730800000,"direction":1,"garage":"POWELL","type":"bus","lastLocID":7958,"messageCode":760,"time":1395757540941,"expires":1395757958000,"signMessageLong":"72  Killingsworth/82nd to Clackamas TC","extraBlockID":null,"locationInScheduleDay":26733,"longitude":-122.5786978,"blockID":7238,"offRoute":false,"nextLocID":7948,"vehicleID":2527,"signMessage":"72 Clackamas TC","extraTripID":null,"nextStopSeq":80,"routeNumber":72,"vehicleLoad":"unknown","bearing":180,"lastStopSeq":79,"inCongestion":false,"delay":-5,"latitude":45.5050686},{"tripID":4417165,"serviceDate":1395730800000,"direction":0,"garage":"CENTER","type":"bus","lastLocID":9367,"messageCode":783,"time":1395757540948,"expires":1395757959000,"signMessageLong":"70  33rd Ave to NE Sunderland","extraBlockID":null,"locationInScheduleDay":26795,"longitude":-122.6357685,"blockID":7002,"offRoute":false,"nextLocID":13040,"vehicleID":2524,"signMessage":"70 To Sunderlnd","extraTripID":null,"nextStopSeq":82,"routeNumber":70,"vehicleLoad":"unknown","bearing":179,"lastStopSeq":81,"inCongestion":false,"delay":56,"latitude":45.5922355},{"tripID":4419230,"serviceDate":1395730800000,"direction":1,"garage":"CENTER","type":"bus","lastLocID":9481,"messageCode":813,"time":1395757517245,"expires":1395757936000,"signMessageLong":"77  Broadway/Halsey to Montgomery Park","extraBlockID":null,"locationInScheduleDay":26716,"longitude":-122.3982117,"blockID":7701,"offRoute":false,"nextLocID":9471,"vehicleID":2512,"signMessage":"77 Montgomry Pk","extraTripID":null,"nextStopSeq":2,"routeNumber":77,"vehicleLoad":"unknown","bearing":85,"lastStopSeq":1,"inCongestion":false,"delay":0,"latitude":45.5443612},{"tripID":4417872,"serviceDate":1395730800000,"direction":0,"garage":"POWELL","type":"bus","lastLocID":8042,"messageCode":768,"time":1395757527652,"expires":1395757943000,"signMessageLong":"72  Killingsworth/82nd to Swan Island-Shipyards","extraBlockID":null,"locationInScheduleDay":26566,"longitude":-122.5789831,"blockID":7239,"offRoute":false,"nextLocID":8055,"vehicleID":2540,"signMessage":"72 Swan Island","extraTripID":null,"nextStopSeq":50,"routeNumber":72,"vehicleLoad":"unknown","bearing":0,"lastStopSeq":49,"inCongestion":false,"delay":-157,"latitude":45.5364017},{"tripID":4418199,"serviceDate":1395730800000,"direction":1,"garage":"POWELL","type":"bus","lastLocID":8038,"messageCode":760,"time":1395757445285,"expires":1395757863000,"signMessageLong":"72  Killingsworth/82nd to Clackamas TC","extraBlockID":null,"locationInScheduleDay":26715,"longitude":-122.5786844,"blockID":7240,"offRoute":false,"nextLocID":7934,"vehicleID":2533,"signMessage":"72 Clackamas TC","extraTripID":null,"nextStopSeq":56,"routeNumber":72,"vehicleLoad":"unknown","bearing":180,"lastStopSeq":55,"inCongestion":false,"delay":72,"latitude":45.5526992},{"tripID":4417874,"serviceDate":1395730800000,"direction":0,"garage":"POWELL","type":"bus","lastLocID":7964,"messageCode":768,"time":1395757535375,"expires":1395757953000,"signMessageLong":"72  Killingsworth/82nd to Swan Island-Shipyards","extraBlockID":null,"locationInScheduleDay":26664,"longitude":-122.5789621,"blockID":7249,"offRoute":false,"nextLocID":8029,"vehicleID":2558,"signMessage":"72 Swan Island","extraTripID":null,"nextStopSeq":23,"routeNumber":72,"vehicleLoad":"unknown","bearing":0,"lastStopSeq":22,"inCongestion":false,"delay":-69,"latitude":45.4832833},{"tripID":4418196,"serviceDate":1395730800000,"direction":1,"garage":"POWELL","type":"bus","lastLocID":8028,"messageCode":760,"time":1395757538355,"expires":1395757957000,"signMessageLong":"72  Killingsworth/82nd to Clackamas TC","extraBlockID":null,"locationInScheduleDay":26706,"longitude":-122.5790059,"blockID":7236,"offRoute":false,"nextLocID":8060,"vehicleID":2552,"signMessage":"72 Clackamas TC","extraTripID":null,"nextStopSeq":92,"routeNumber":72,"vehicleLoad":"unknown","bearing":180,"lastStopSeq":91,"inCongestion":false,"delay":-31,"latitude":45.4807144},{"tripID":4417868,"serviceDate":1395730800000,"direction":0,"garage":"POWELL","type":"bus","lastLocID":1042,"messageCode":768,"time":1395757535397,"expires":1395757951000,"signMessageLong":"72  Killingsworth/82nd to Swan Island-Shipyards","extraBlockID":null,"locationInScheduleDay":25798,"longitude":-122.7041941,"blockID":7242,"offRoute":false,"nextLocID":1041,"vehicleID":2548,"signMessage":"72 Swan Island","extraTripID":null,"nextStopSeq":117,"routeNumber":72,"vehicleLoad":"unknown","bearing":94,"lastStopSeq":116,"inCongestion":false,"delay":-153,"latitude":45.5566863},{"tripID":4411315,"serviceDate":1395730800000,"direction":0,"garage":"POWELL","type":"bus","lastLocID":2628,"messageCode":266,"time":1395757541085,"expires":1395757959000,"signMessageLong":"14  Hawthorne to 94th & Foster","extraBlockID":null,"locationInScheduleDay":26679,"longitude":-122.6200411,"blockID":1435,"offRoute":false,"nextLocID":2630,"vehicleID":2316,"signMessage":"14 To 94-Foster","extraTripID":null,"nextStopSeq":20,"routeNumber":14,"vehicleLoad":"unknown","bearing":90,"lastStopSeq":19,"inCongestion":false,"delay":-60,"latitude":45.5120396},{"tripID":4413879,"serviceDate":1395730800000,"direction":1,"garage":"CENTER","type":"bus","lastLocID":2642,"messageCode":467,"time":1395757522913,"expires":1395757940000,"signMessageLong":"31  Downtown Only","extraBlockID":null,"locationInScheduleDay":26672,"longitude":-122.6748898,"blockID":1403,"offRoute":false,"nextLocID":11956,"vehicleID":2725,"signMessage":"31 Downtown Only","extraTripID":null,"nextStopSeq":38,"routeNumber":31,"vehicleLoad":"unknown","bearing":318,"lastStopSeq":37,"inCongestion":false,"delay":-48,"latitude":45.5149246},{"tripID":4419088,"serviceDate":1395730800000,"direction":0,"garage":"CENTER","type":"bus","lastLocID":9472,"messageCode":809,"time":1395757532019,"expires":1395757950000,"signMessageLong":"77  Broadway/Halsey to Troutdale","extraBlockID":null,"locationInScheduleDay":27093,"longitude":-122.4005216,"blockID":7705,"offRoute":false,"nextLocID":9481,"vehicleID":2720,"signMessage":"77 To Troutdale","extraTripID":null,"nextStopSeq":102,"routeNumber":77,"vehicleLoad":"unknown","bearing":175,"lastStopSeq":101,"inCongestion":false,"delay":0,"latitude":45.5444876},{"tripID":4411563,"serviceDate":1395730800000,"direction":1,"garage":"CENTER","type":"bus","lastLocID":2609,"messageCode":268,"time":1395757535135,"expires":1395757954000,"signMessageLong":"14  Hawthorne to Portland","extraBlockID":null,"locationInScheduleDay":26582,"longitude":-122.644826,"blockID":1404,"offRoute":false,"nextLocID":2606,"vehicleID":2718,"signMessage":"14 To Portland","extraTripID":null,"nextStopSeq":36,"routeNumber":14,"vehicleLoad":"unknown","bearing":270,"lastStopSeq":35,"inCongestion":false,"delay":-152,"latitude":45.5120967},{"tripID":4413881,"serviceDate":1395730800000,"direction":1,"garage":"CENTER","type":"bus","lastLocID":3246,"messageCode":464,"time":1395757537991,"expires":1395757956000,"signMessageLong":"31  To Portland via Milwaukie","extraBlockID":null,"locationInScheduleDay":26865,"longitude":-122.6114288,"blockID":3101,"offRoute":false,"nextLocID":10303,"vehicleID":2714,"signMessage":"31 To Portland","extraTripID":null,"nextStopSeq":14,"routeNumber":31,"vehicleLoad":"unknown","bearing":270,"lastStopSeq":13,"inCongestion":false,"delay":129,"latitude":45.4480072},{"tripID":4417320,"serviceDate":1395730800000,"direction":1,"garage":"CENTER","type":"bus","lastLocID":9368,"messageCode":788,"time":1395757535116,"expires":1395757951000,"signMessageLong":"70  12th/NE 33rd Ave to Milwaukie","extraBlockID":null,"locationInScheduleDay":26731,"longitude":-122.6357648,"blockID":7007,"offRoute":false,"nextLocID":9414,"vehicleID":2709,"signMessage":"70 To Milwaukie","extraTripID":null,"nextStopSeq":2,"routeNumber":70,"vehicleLoad":"unknown","bearing":180,"lastStopSeq":1,"inCongestion":false,"delay":0,"latitude":45.5898735},{"tripID":4417168,"serviceDate":1395730800000,"direction":0,"garage":"CENTER","type":"bus","lastLocID":6885,"messageCode":781,"time":1395757522874,"expires":1395757939000,"signMessageLong":"70  12th/NE 33rd Ave to NE Sunderland via 17th & Tacoma","extraBlockID":null,"locationInScheduleDay":26717,"longitude":-122.6468551,"blockID":7001,"offRoute":false,"nextLocID":6853,"vehicleID":2704,"signMessage":"70 To Sunderland via 17th","extraTripID":null,"nextStopSeq":6,"routeNumber":70,"vehicleLoad":"unknown","bearing":346,"lastStopSeq":5,"inCongestion":false,"delay":-2,"latitude":45.4583902},{"tripID":4417317,"serviceDate":1395730800000,"direction":1,"garage":"CENTER","type":"bus","lastLocID":6555,"messageCode":789,"time":1395757528908,"expires":1395757945000,"signMessageLong":"70  12th Ave to Milwaukie via 17th & Tacoma","extraBlockID":null,"locationInScheduleDay":26781,"longitude":-122.6547167,"blockID":7003,"offRoute":false,"nextLocID":6553,"vehicleID":2705,"signMessage":"70 To Milw via 17","extraTripID":null,"nextStopSeq":54,"routeNumber":70,"vehicleLoad":"unknown","bearing":180,"lastStopSeq":53,"inCongestion":false,"delay":56,"latitude":45.5094702},{"tripID":4417167,"serviceDate":1395730800000,"direction":0,"garage":"CENTER","type":"bus","lastLocID":6578,"messageCode":780,"time":1395757537984,"expires":1395757955000,"signMessageLong":"70  12th/NE 33rd Ave to NE Sunderland","extraBlockID":null,"locationInScheduleDay":26773,"longitude":-122.6537312,"blockID":7004,"offRoute":false,"nextLocID":6581,"vehicleID":2701,"signMessage":"70 To Sunderlnd","extraTripID":null,"nextStopSeq":28,"routeNumber":70,"vehicleLoad":"unknown","bearing":0,"lastStopSeq":27,"inCongestion":false,"delay":38,"latitude":45.5047538},{"tripID":4419225,"serviceDate":1395730800000,"direction":1,"garage":"CENTER","type":"bus","lastLocID":2086,"messageCode":813,"time":1395757528998,"expires":1395757946000,"signMessageLong":"77  Broadway/Halsey to Montgomery Park","extraBlockID":null,"locationInScheduleDay":26611,"longitude":-122.6932681,"blockID":7704,"offRoute":false,"nextLocID":2099,"vehicleID":2614,"signMessage":"77 Montgomry Pk","extraTripID":null,"nextStopSeq":94,"routeNumber":77,"vehicleLoad":"unknown","bearing":268,"lastStopSeq":93,"inCongestion":false,"delay":-115,"latitude":45.5263237},{"tripID":4411564,"serviceDate":1395730800000,"direction":1,"garage":"CENTER","type":"bus","lastLocID":2624,"messageCode":268,"time":1395757511186,"expires":1395757928000,"signMessageLong":"14  Hawthorne to Portland","extraBlockID":null,"locationInScheduleDay":26741,"longitude":-122.6256325,"blockID":1401,"offRoute":false,"nextLocID":12892,"vehicleID":2608,"signMessage":"14 To Portland","extraTripID":null,"nextStopSeq":30,"routeNumber":14,"vehicleLoad":"unknown","bearing":270,"lastStopSeq":29,"inCongestion":false,"delay":33,"latitude":45.5120514},{"tripID":4419229,"serviceDate":1395730800000,"direction":1,"garage":"CENTER","type":"bus","lastLocID":2333,"messageCode":813,"time":1395757535220,"expires":1395757951000,"signMessageLong":"77  Broadway/Halsey to Montgomery Park","extraBlockID":null,"locationInScheduleDay":26734,"longitude":-122.4188907,"blockID":7707,"offRoute":false,"nextLocID":2420,"vehicleID":2653,"signMessage":"77 Montgomry Pk","extraTripID":null,"nextStopSeq":9,"routeNumber":77,"vehicleLoad":"unknown","bearing":258,"lastStopSeq":8,"inCongestion":false,"delay":3,"latitude":45.5370464},{"tripID":4417319,"serviceDate":1395730800000,"direction":1,"garage":"CENTER","type":"bus","lastLocID":7379,"messageCode":788,"time":1395757538273,"expires":1395757955000,"signMessageLong":"70  12th/NE 33rd Ave to Milwaukie","extraBlockID":null,"locationInScheduleDay":26712,"longitude":-122.6306773,"blockID":7009,"offRoute":false,"nextLocID":7361,"vehicleID":2626,"signMessage":"70 To Milwaukie","extraTripID":null,"nextStopSeq":16,"routeNumber":70,"vehicleLoad":"unknown","bearing":178,"lastStopSeq":15,"inCongestion":false,"delay":-23,"latitude":45.566325},{"tripID":4419228,"serviceDate":1395730800000,"direction":1,"garage":"CENTER","type":"bus","lastLocID":2406,"messageCode":813,"time":1395757451086,"expires":1395757867000,"signMessageLong":"77  Broadway/Halsey to Montgomery Park","extraBlockID":null,"locationInScheduleDay":26388,"longitude":-122.4770259,"blockID":7703,"offRoute":false,"nextLocID":8860,"vehicleID":2630,"signMessage":"77 Montgomry Pk","extraTripID":null,"nextStopSeq":22,"routeNumber":77,"vehicleLoad":"unknown","bearing":271,"lastStopSeq":21,"inCongestion":false,"delay":-259,"latitude":45.5347051},{"tripID":4419090,"serviceDate":1395730800000,"direction":0,"garage":"CENTER","type":"bus","lastLocID":7509,"messageCode":809,"time":1395757527811,"expires":1395757943000,"signMessageLong":"77  Broadway/Halsey to Troutdale","extraBlockID":null,"locationInScheduleDay":26613,"longitude":-122.6203099,"blockID":7706,"offRoute":false,"nextLocID":651,"vehicleID":2632,"signMessage":"77 To Troutdale","extraTripID":null,"nextStopSeq":37,"routeNumber":77,"vehicleLoad":"unknown","bearing":359,"lastStopSeq":36,"inCongestion":false,"delay":-110,"latitude":45.5349678},{"tripID":4417870,"serviceDate":1395730800000,"direction":0,"garage":"POWELL","type":"bus","lastLocID":3184,"messageCode":768,"time":1395757527511,"expires":1395757944000,"signMessageLong":"72  Killingsworth/82nd to Swan Island-Shipyards","extraBlockID":null,"locationInScheduleDay":26680,"longitude":-122.6683611,"blockID":7237,"offRoute":false,"nextLocID":3157,"vehicleID":3004,"signMessage":"72 Swan Island","extraTripID":null,"nextStopSeq":96,"routeNumber":72,"vehicleLoad":"unknown","bearing":269,"lastStopSeq":95,"inCongestion":false,"delay":-44,"latitude":45.562715},{"tripID":4417873,"serviceDate":1395730800000,"direction":0,"garage":"POWELL","type":"bus","lastLocID":7955,"messageCode":766,"time":1395757527605,"expires":1395757943000,"signMessageLong":"72  Killingsworth/82nd to Swan Island-Anchor St","extraBlockID":null,"locationInScheduleDay":26853,"longitude":-122.57906,"blockID":7241,"offRoute":false,"nextLocID":7972,"vehicleID":3048,"signMessage":"72 Swan Island","extraTripID":null,"nextStopSeq":44,"routeNumber":72,"vehicleLoad":"unknown","bearing":0,"lastStopSeq":43,"inCongestion":false,"delay":130,"latitude":45.5261526},{"tripID":4418201,"serviceDate":1395730800000,"direction":1,"garage":"POWELL","type":"bus","lastLocID":11722,"messageCode":760,"time":1395757522883,"expires":1395757941000,"signMessageLong":"72  Killingsworth/82nd to Clackamas TC","extraBlockID":null,"locationInScheduleDay":26818,"longitude":-122.6349605,"blockID":7235,"offRoute":false,"nextLocID":7330,"vehicleID":3053,"signMessage":"72 Clackamas TC","extraTripID":null,"nextStopSeq":32,"routeNumber":72,"vehicleLoad":"unknown","bearing":89,"lastStopSeq":31,"inCongestion":false,"delay":97,"latitude":45.5590446},{"tripID":4417871,"serviceDate":1395730800000,"direction":0,"garage":"POWELL","type":"bus","lastLocID":3194,"messageCode":766,"time":1395757535123,"expires":1395757953000,"signMessageLong":"72  Killingsworth/82nd to Swan Island-Anchor St","extraBlockID":null,"locationInScheduleDay":26737,"longitude":-122.6284904,"blockID":7245,"offRoute":false,"nextLocID":3192,"vehicleID":3052,"signMessage":"72 Swan Island","extraTripID":null,"nextStopSeq":78,"routeNumber":72,"vehicleLoad":"unknown","bearing":269,"lastStopSeq":77,"inCongestion":false,"delay":4,"latitude":45.5627411},{"tripID":4417875,"serviceDate":1395730800000,"direction":0,"garage":"POWELL","type":"bus","lastLocID":7995,"messageCode":766,"time":1395757522883,"expires":1395757939000,"signMessageLong":"72  Killingsworth/82nd to Swan Island-Anchor St","extraBlockID":null,"locationInScheduleDay":26794,"longitude":-122.5790832,"blockID":7234,"offRoute":false,"nextLocID":7951,"vehicleID":3054,"signMessage":"72 Swan Island","extraTripID":null,"nextStopSeq":11,"routeNumber":72,"vehicleLoad":"unknown","bearing":0,"lastStopSeq":10,"inCongestion":false,"delay":75,"latitude":45.4590695},{"tripID":4419091,"serviceDate":1395730800000,"direction":0,"garage":"POWELL","type":"bus","lastLocID":11817,"messageCode":809,"time":1395757538004,"expires":1395757956000,"signMessageLong":"77  Broadway/Halsey to Troutdale","extraBlockID":null,"locationInScheduleDay":26700,"longitude":-122.6659959,"blockID":7734,"offRoute":false,"nextLocID":13708,"vehicleID":3046,"signMessage":"77 To Troutdale","extraTripID":null,"nextStopSeq":20,"routeNumber":77,"vehicleLoad":"unknown","bearing":86,"lastStopSeq":19,"inCongestion":false,"delay":-36,"latitude":45.5307959},{"tripID":4419226,"serviceDate":1395730800000,"direction":1,"garage":"POWELL","type":"bus","lastLocID":637,"messageCode":813,"time":1395757528895,"expires":1395757945000,"signMessageLong":"77  Broadway/Halsey to Montgomery Park","extraBlockID":null,"locationInScheduleDay":26676,"longitude":-122.6411804,"blockID":7738,"offRoute":false,"nextLocID":635,"vehicleID":3035,"signMessage":"77 Montgomry Pk","extraTripID":null,"nextStopSeq":77,"routeNumber":77,"vehicleLoad":"unknown","bearing":258,"lastStopSeq":76,"inCongestion":false,"delay":-49,"latitude":45.53513},{"tripID":4411570,"serviceDate":1395730800000,"direction":1,"garage":"POWELL","type":"bus","lastLocID":1831,"messageCode":268,"time":1395757537974,"expires":1395757957000,"signMessageLong":"14  Hawthorne to Portland","extraBlockID":null,"locationInScheduleDay":26737,"longitude":-122.5662917,"blockID":1434,"offRoute":false,"nextLocID":13236,"vehicleID":3027,"signMessage":"14 To Portland","extraTripID":null,"nextStopSeq":2,"routeNumber":14,"vehicleLoad":"unknown","bearing":291,"lastStopSeq":1,"inCongestion":false,"delay":0,"latitude":45.4791765},{"tripID":4418195,"serviceDate":1395730800000,"direction":1,"garage":"POWELL","type":"bus","lastLocID":12921,"messageCode":760,"time":1395757478616,"expires":1395757896000,"signMessageLong":"72  Killingsworth/82nd to Clackamas TC","extraBlockID":null,"locationInScheduleDay":26496,"longitude":-122.5690354,"blockID":7243,"offRoute":false,"nextLocID":13247,"vehicleID":3025,"signMessage":"72 Clackamas TC","extraTripID":null,"nextStopSeq":111,"routeNumber":72,"vehicleLoad":"unknown","bearing":173,"lastStopSeq":110,"inCongestion":false,"delay":0,"latitude":45.4355465},{"tripID":4419227,"serviceDate":1395730800000,"direction":1,"garage":"CENTER","type":"bus","lastLocID":2438,"messageCode":813,"time":1395757538189,"expires":1395757956000,"signMessageLong":"77  Broadway/Halsey to Montgomery Park","extraBlockID":null,"locationInScheduleDay":26580,"longitude":-122.6019149,"blockID":7702,"offRoute":false,"nextLocID":2432,"vehicleID":2005,"signMessage":"77 Montgomry Pk","extraTripID":null,"nextStopSeq":61,"routeNumber":77,"vehicleLoad":"unknown","bearing":269,"lastStopSeq":60,"inCongestion":false,"delay":-156,"latitude":45.5337138},{"tripID":4411568,"serviceDate":1395730800000,"direction":1,"garage":"CENTER","type":"bus","lastLocID":1831,"messageCode":268,"time":1395757538205,"expires":1395757955000,"signMessageLong":"14  Hawthorne to Portland","extraBlockID":null,"locationInScheduleDay":26735,"longitude":-122.5662917,"blockID":1402,"offRoute":false,"nextLocID":13236,"vehicleID":2014,"signMessage":"14 To Portland","extraTripID":null,"nextStopSeq":2,"routeNumber":14,"vehicleLoad":"unknown","bearing":291,"lastStopSeq":1,"inCongestion":false,"delay":0,"latitude":45.4791765}],"queryTime":1395757548895}}
