{"resultSet":{"vehicle":[{"tripID":4411577,"serviceDate":1395730800000,"direction":1,"garage":"POWELL","type":"bus","lastLocID":13169,"messageCode":267,"time":1395763946436,"expires":1395764363000,"signMessageLong":"14  Downtown Only","extraBlockID":null,"locationInScheduleDay":33215,"longitude":-122.6799391,"blockID":1436,"offRoute":false,"nextLocID":3639,"vehicleID":2206,"signMessage":"14 Downtown Only","extraTripID":null,"nextStopSeq":45,"routeNumber":14,"vehicleLoad":"unknown","bearing":111,"lastStopSeq":44,"inCongestion":false,"delay":72,"latitude":45.5156165},{"tripID":4419232,"serviceDate":1395730800000,"direction":1,"garage":"POWELL","type":"bus","lastLocID":10867,"messageCode":813,"time":1395763943086,"expires":1395764362000,"signMessageLong":"77  Broadway/Halsey to Montgomery Park","extraBlockID":null,"locationInScheduleDay":33089,"longitude":-122.6565851,"blockID":7735,"offRoute":false,"nextLocID":10876,"vehicleID":2222,"signMessage":"77 Montgomry Pk","extraTripID":null,"nextStopSeq":83,"routeNumber":77,"vehicleLoad":"unknown","bearing":180,"lastStopSeq":82,"inCongestion":false,"delay":-53,"latitude":45.5344459},{"tripID":4419235,"serviceDate":1395730800000,"direction":1,"garage":"POWELL","type":"bus","lastLocID":13505,"messageCode":813,"time":1395763901875,"expires":1395764319000,"signMessageLong":"77  Broadway/Halsey to Montgomery Park","extraBlockID":null,"locationInScheduleDay":33119,"longitude":-122.4561226,"blockID":7736,"offRoute":false,"nextLocID":2411,"vehicleID":2221,"signMessage":"77 Montgomry Pk","extraTripID":null,"nextStopSeq":17,"routeNumber":77,"vehicleLoad":"unknown","bearing":273,"lastStopSeq":16,"inCongestion":false,"delay":20,"latitude":45.5335117},{"tripID":4411578,"serviceDate":1395730800000,"direction":1,"garage":"POWELL","type":"bus","lastLocID":3637,"messageCode":268,"time":1395763955287,"expires":1395764374000,"signMessageLong":"14  Hawthorne to Portland","extraBlockID":null,"locationInScheduleDay":33180,"longitude":-122.6545542,"blockID":1438,"offRoute":false,"nextLocID":3641,"vehicleID":2220,"signMessage":"14 To Portland","extraTripID":null,"nextStopSeq":40,"routeNumber":14,"vehicleLoad":"unknown","bearing":270,"lastStopSeq":39,"inCongestion":false,"delay":26,"latitude":45.5129288},{"tripID":4417884,"serviceDate":1395730800000,"direction":0,"garage":"POWELL","type":"bus","lastLocID":8033,"messageCode":766,"time":1395763958447,"expires":1395764375000,"signMessageLong":"72  Killingsworth/82nd to Swan Island-Anchor St","extraBlockID":null,"locationInScheduleDay":33142,"longitude":-122.5788892,"blockID":7247,"offRoute":false,"nextLocID":8001,"vehicleID":2250,"signMessage":"72 Swan Island","extraTripID":null,"nextStopSeq":53,"routeNumber":72,"vehicleLoad":"unknown","bearing":0,"lastStopSeq":52,"inCongestion":false,"delay":-13,"latitude":45.5421913},{"tripID":4417882,"serviceDate":1395730800000,"direction":0,"garage":"POWELL","type":"bus","lastLocID":55,"messageCode":766,"time":1395763940367,"expires":1395764359000,"signMessageLong":"72  Killingsworth/82nd to Swan Island-Anchor St","extraBlockID":null,"locationInScheduleDay":33113,"longitude":-122.6466801,"blockID":7246,"offRoute":false,"nextLocID":53,"vehicleID":2296,"signMessage":"72 Swan Island","extraTripID":null,"nextStopSeq":87,"routeNumber":72,"vehicleLoad":"unknown","bearing":270,"lastStopSeq":86,"inCongestion":false,"delay":-26,"latitude":45.5590851},{"tripID":4417887,"serviceDate":1395730800000,"direction":0,"garage":"POWELL","type":"bus","lastLocID":12922,"messageCode":766,"time":1395763946501,"expires":1395764365000,"signMessageLong":"72  Killingsworth/82nd to Swan Island-Anchor St","extraBlockID":null,"locationInScheduleDay":33120,"longitude":-122.5740057,"blockID":7244,"offRoute":false,"nextLocID":7941,"vehicleID":2276,"signMessage":"72 Swan Island","extraTripID":null,"nextStopSeq":3,"routeNumber":72,"vehicleLoad":"unknown","bearing":271,"lastStopSeq":2,"inCongestion":false,"delay":-25,"latitude":45.4374107},{"tripID":4411579,"serviceDate":1395730800000,"direction":1,"garage":"POWELL","type":"bus","lastLocID":7665,"messageCode":268,"time":1395763940393,"expires":1395764357000,"signMessageLong":"14  Hawthorne to Portland","extraBlockID":null,"locationInScheduleDay":33091,"longitude":-122.611033,"blockID":1439,"offRoute":false,"nextLocID":8242,"vehicleID":2275,"signMessage":"14 To Portland","extraTripID":null,"nextStopSeq":20,"routeNumber":14,"vehicleLoad":"unknown","bearing":0,"lastStopSeq":19,"inCongestion":false,"delay":-46,"latitude":45.5017204},{"tripID":4417326,"serviceDate":1395730800000,"direction":1,"garage":"CENTER","type":"bus","lastLocID":9368,"messageCode":788,"time":1395763942995,"expires":1395764362000,"signMessageLong":"70  12th/NE 33rd Ave to Milwaukie","extraBlockID":null,"locationInScheduleDay":33142,"longitude":-122.6357648,"blockID":7008,"offRoute":false,"nextLocID":9414,"vehicleID":2506,"signMessage":"70 To Milwaukie","extraTripID":null,"nextStopSeq":2,"routeNumber":70,"vehicleLoad":"unknown","bearing":180,"lastStopSeq":1,"inCongestion":false,"delay":0,"latitude":45.5898735},{"tripID":4417881,"serviceDate":1395730800000,"direction":0,"garage":"POWELL","type":"bus","lastLocID":3163,"messageCode":766,"time":1395763949080,"expires":1395764366000,"signMessageLong":"72  Killingsworth/82nd to Swan Island-Anchor St","extraBlockID":null,"locationInScheduleDay":33162,"longitude":-122.6889721,"blockID":7238,"offRoute":false,"nextLocID":3180,"vehicleID":2527,"signMessage":"72 Swan Island","extraTripID":null,"nextStopSeq":102,"routeNumber":72,"vehicleLoad":"unknown","bearing":270,"lastStopSeq":101,"inCongestion":false,"delay":16,"latitude":45.5627189},{"tripID":4417174,"serviceDate":1395730800000,"direction":0,"garage":"CENTER","type":"bus","lastLocID":8225,"messageCode":781,"time":1395763946425,"expires":1395764363000,"signMessageLong":"70  12th/NE 33rd Ave to NE Sunderland via 17th & Tacoma","extraBlockID":null,"locationInScheduleDay":33039,"longitude":-122.6425801,"blockID":7002,"offRoute":false,"nextLocID":6871,"vehicleID":2524,"signMessage":"70 To Sunderland via 17th","extraTripID":null,"nextStopSeq":3,"routeNumber":70,"vehicleLoad":"unknown","bearing":260,"lastStopSeq":2,"inCongestion":false,"delay":-104,"latitude":45.445408},{"tripID":4418208,"serviceDate":1395730800000,"direction":1,"garage":"POWELL","type":"bus","lastLocID":7980,"messageCode":760,"time":1395763958415,"expires":1395764375000,"signMessageLong":"72  Killingsworth/82nd to Clackamas TC","extraBlockID":null,"locationInScheduleDay":33199,"longitude":-122.5787241,"blockID":7239,"offRoute":false,"nextLocID":8008,"vehicleID":2540,"signMessage":"72 Clackamas TC","extraTripID":null,"nextStopSeq":77,"routeNumber":72,"vehicleLoad":"unknown","bearing":177,"lastStopSeq":76,"inCongestion":false,"delay":44,"latitude":45.5124512},{"tripID":4417883,"serviceDate":1395730800000,"direction":0,"garage":"POWELL","type":"bus","lastLocID":10601,"messageCode":766,"time":1395763895417,"expires":1395764312000,"signMessageLong":"72  Killingsworth/82nd to Swan Island-Anchor St","extraBlockID":null,"locationInScheduleDay":33081,"longitude":-122.5964448,"blockID":7240,"offRoute":false,"nextLocID":3147,"vehicleID":2533,"signMessage":"72 Swan Island","extraTripID":null,"nextStopSeq":67,"routeNumber":72,"vehicleLoad":"unknown","bearing":270,"lastStopSeq":66,"inCongestion":false,"delay":-11,"latitude":45.5627413},{"tripID":4417880,"serviceDate":1395730800000,"direction":0,"garage":"POWELL","type":"bus","lastLocID":2161,"messageCode":766,"time":1395763946558,"expires":1395764363000,"signMessageLong":"72  Killingsworth/82nd to Swan Island-Anchor St","extraBlockID":null,"locationInScheduleDay":33019,"longitude":-122.7021093,"blockID":7236,"offRoute":false,"nextLocID":115,"vehicleID":2552,"signMessage":"72 Swan Island","extraTripID":null,"nextStopSeq":108,"routeNumber":72,"vehicleLoad":"unknown","bearing":307,"lastStopSeq":107,"inCongestion":false,"delay":0,"latitude":45.5573054},{"tripID":4417886,"serviceDate":1395730800000,"direction":0,"garage":"POWELL","type":"bus","lastLocID":7970,"messageCode":766,"time":1395763865685,"expires":1395764283000,"signMessageLong":"72  Killingsworth/82nd to Swan Island-Anchor St","extraBlockID":null,"locationInScheduleDay":33019,"longitude":-122.5790962,"blockID":7242,"offRoute":false,"nextLocID":7960,"vehicleID":2548,"signMessage":"72 Swan Island","extraTripID":null,"nextStopSeq":18,"routeNumber":72,"vehicleLoad":"unknown","bearing":0,"lastStopSeq":17,"inCongestion":false,"delay":-44,"latitude":45.4755791},{"tripID":4411580,"serviceDate":1395730800000,"direction":1,"garage":"POWELL","type":"bus","lastLocID":13236,"messageCode":268,"time":1395763943240,"expires":1395764361000,"signMessageLong":"14  Hawthorne to Portland","extraBlockID":null,"locationInScheduleDay":33142,"longitude":-122.5675341,"blockID":1440,"offRoute":false,"nextLocID":1829,"vehicleID":2308,"signMessage":"14 To Portland","extraTripID":null,"nextStopSeq":3,"routeNumber":14,"vehicleLoad":"unknown","bearing":291,"lastStopSeq":2,"inCongestion":false,"delay":1,"latitude":45.4795188},{"tripID":4418212,"serviceDate":1395730800000,"direction":1,"garage":"POWELL","type":"bus","lastLocID":8681,"messageCode":760,"time":1395763967289,"expires":1395764381000,"signMessageLong":"72  Killingsworth/82nd to Clackamas TC","extraBlockID":null,"locationInScheduleDay":33242,"longitude":-122.6992441,"blockID":7253,"offRoute":false,"nextLocID":9399,"vehicleID":2318,"signMessage":"72 Clackamas TC","extraTripID":null,"nextStopSeq":3,"routeNumber":72,"vehicleLoad":"unknown","bearing":101,"lastStopSeq":2,"inCongestion":false,"delay":81,"latitude":45.5562381},{"tripID":4411581,"serviceDate":1395730800000,"direction":1,"garage":"POWELL","type":"bus","lastLocID":1831,"messageCode":268,"time":1395763946550,"expires":1395764365000,"signMessageLong":"14  Hawthorne to Portland","extraBlockID":null,"locationInScheduleDay":33145,"longitude":-122.5662917,"blockID":1435,"offRoute":false,"nextLocID":13236,"vehicleID":2316,"signMessage":"14 To Portland","extraTripID":null,"nextStopSeq":2,"routeNumber":14,"vehicleLoad":"unknown","bearing":291,"lastStopSeq":1,"inCongestion":false,"delay":0,"latitude":45.4791765},{"tripID":4419231,"serviceDate":1395730800000,"direction":1,"garage":"CENTER","type":"bus","lastLocID":10972,"messageCode":813,"time":1395763958411,"expires":1395764375000,"signMessageLong":"77  Broadway/Halsey to Montgomery Park","extraBlockID":null,"locationInScheduleDay":33125,"longitude":-122.6988718,"blockID":7705,"offRoute":false,"nextLocID":6014,"vehicleID":2720,"signMessage":"77 Montgomry Pk","extraTripID":null,"nextStopSeq":102,"routeNumber":77,"vehicleLoad":"unknown","bearing":358,"lastStopSeq":101,"inCongestion":false,"delay":-30,"latitude":45.5362944},{"tripID":4411322,"serviceDate":1395730800000,"direction":0,"garage":"CENTER","type":"bus","lastLocID":7662,"messageCode":266,"time":1395763961085,"expires":1395764378000,"signMessageLong":"14  Hawthorne to 94th & Foster","extraBlockID":null,"locationInScheduleDay":33026,"longitude":-122.6113499,"blockID":1404,"offRoute":false,"nextLocID":7660,"vehicleID":2718,"signMessage":"14 To 94-Foster","extraTripID":null,"nextStopSeq":24,"routeNumber":14,"vehicleLoad":"unknown","bearing":176,"lastStopSeq":23,"inCongestion":false,"delay":-132,"latitude":45.5088293},{"tripID":4417173,"serviceDate":1395730800000,"direction":0,"garage":"CENTER","type":"bus","lastLocID":6578,"messageCode":780,"time":1395763942989,"expires":1395764362000,"signMessageLong":"70  12th/NE 33rd Ave to NE Sunderland","extraBlockID":null,"locationInScheduleDay":32998,"longitude":-122.6537312,"blockID":7007,"offRoute":false,"nextLocID":6581,"vehicleID":2709,"signMessage":"70 To Sunderlnd","extraTripID":null,"nextStopSeq":28,"routeNumber":70,"vehicleLoad":"unknown","bearing":0,"lastStopSeq":27,"inCongestion":false,"delay":-144,"latitude":45.5047538},{"tripID":4417324,"serviceDate":1395730800000,"direction":1,"garage":"CENTER","type":"bus","lastLocID":6554,"messageCode":790,"time":1395763955251,"expires":1395764374000,"signMessageLong":"70  12th Ave to Milwaukie via 13th & Tacoma","extraBlockID":null,"locationInScheduleDay":33007,"longitude":-122.6546699,"blockID":7001,"offRoute":false,"nextLocID":6542,"vehicleID":2704,"signMessage":"70 To Milw via 13","extraTripID":null,"nextStopSeq":50,"routeNumber":70,"vehicleLoad":"unknown","bearing":179,"lastStopSeq":49,"inCongestion":false,"delay":-147,"latitude":45.516881},{"tripID":4417327,"serviceDate":1395730800000,"direction":1,"garage":"CENTER","type":"bus","lastLocID":9368,"messageCode":788,"time":1395763940238,"expires":1395764357000,"signMessageLong":"70  12th/NE 33rd Ave to Milwaukie","extraBlockID":null,"locationInScheduleDay":33137,"longitude":-122.6357648,"blockID":7003,"offRoute":false,"nextLocID":9414,"vehicleID":2705,"signMessage":"70 To Milwaukie","extraTripID":null,"nextStopSeq":2,"routeNumber":70,"vehicleLoad":"unknown","bearing":180,"lastStopSeq":1,"inCongestion":false,"delay":0,"latitude":45.5898735},{"tripID":4417323,"serviceDate":1395730800000,"direction":1,"garage":"CENTER","type":"bus","lastLocID":6902,"messageCode":791,"time":1395763961054,"expires":1395764378000,"signMessageLong":"70  To Milwaukie","extraBlockID":null,"locationInScheduleDay":33223,"longitude":-122.645918,"blockID":7004,"offRoute":false,"nextLocID":6903,"vehicleID":2701,"signMessage":"70 To Milwaukie","extraTripID":null,"nextStopSeq":77,"routeNumber":70,"vehicleLoad":"unknown","bearing":165,"lastStopSeq":76,"inCongestion":false,"delay":65,"latitude":45.4526466},{"tripID":4419094,"serviceDate":1395730800000,"direction":0,"garage":"CENTER","type":"bus","lastLocID":13532,"messageCode":809,"time":1395763940449,"expires":1395764357000,"signMessageLong":"77  Broadway/Halsey to Troutdale","extraBlockID":null,"locationInScheduleDay":33038,"longitude":-122.3905121,"blockID":7704,"offRoute":false,"nextLocID":9470,"vehicleID":2614,"signMessage":"77 To Troutdale","extraTripID":null,"nextStopSeq":99,"routeNumber":77,"vehicleLoad":"unknown","bearing":0,"lastStopSeq":98,"inCongestion":false,"delay":-99,"latitude":45.5412391},{"tripID":4411323,"serviceDate":1395730800000,"direction":0,"garage":"CENTER","type":"bus","lastLocID":2599,"messageCode":266,"time":1395763967271,"expires":1395764381000,"signMessageLong":"14  Hawthorne to 94th & Foster","extraBlockID":null,"locationInScheduleDay":33244,"longitude":-122.6536128,"blockID":1401,"offRoute":false,"nextLocID":2595,"vehicleID":2608,"signMessage":"14 To 94-Foster","extraTripID":null,"nextStopSeq":7,"routeNumber":14,"vehicleLoad":"unknown","bearing":88,"lastStopSeq":6,"inCongestion":false,"delay":83,"latitude":45.5121891},{"tripID":4417325,"serviceDate":1395730800000,"direction":1,"garage":"CENTER","type":"bus","lastLocID":7377,"messageCode":788,"time":1395763943102,"expires":1395764360000,"signMessageLong":"70  12th/NE 33rd Ave to Milwaukie","extraBlockID":null,"locationInScheduleDay":33216,"longitude":-122.6306911,"blockID":7010,"offRoute":false,"nextLocID":644,"vehicleID":2623,"signMessage":"70 To Milwaukie","extraTripID":null,"nextStopSeq":32,"routeNumber":70,"vehicleLoad":"unknown","bearing":180,"lastStopSeq":31,"inCongestion":false,"delay":76,"latitude":45.5361961},{"tripID":4419229,"serviceDate":1395730800000,"direction":1,"garage":"CENTER","type":"bus","lastLocID":8483,"messageCode":813,"time":1395763946488,"expires":1395764364000,"signMessageLong":"77  Broadway/Halsey to Montgomery Park","extraBlockID":null,"locationInScheduleDay":31362,"longitude":-122.7069345,"blockID":7707,"offRoute":false,"nextLocID":8484,"vehicleID":2653,"signMessage":"77 Montgomry Pk","extraTripID":null,"nextStopSeq":109,"routeNumber":77,"vehicleLoad":"unknown","bearing":178,"lastStopSeq":108,"inCongestion":false,"delay":0,"latitude":45.5377966},{"tripID":4417172,"serviceDate":1395730800000,"direction":0,"garage":"CENTER","type":"bus","lastLocID":7385,"messageCode":783,"time":1395763955338,"expires":1395764372000,"signMessageLong":"70  33rd Ave to NE Sunderland","extraBlockID":null,"locationInScheduleDay":33151,"longitude":-122.6307056,"blockID":7009,"offRoute":false,"nextLocID":7399,"vehicleID":2626,"signMessage":"70 To Sunderlnd","extraTripID":null,"nextStopSeq":49,"routeNumber":70,"vehicleLoad":"unknown","bearing":359,"lastStopSeq":48,"inCongestion":false,"delay":-1,"latitude":45.5423347},{"tripID":4419097,"serviceDate":1395730800000,"direction":0,"garage":"CENTER","type":"bus","lastLocID":13708,"messageCode":809,"time":1395763958480,"expires":1395764375000,"signMessageLong":"77  Broadway/Halsey to Troutdale","extraBlockID":null,"locationInScheduleDay":33095,"longitude":-122.6618973,"blockID":7703,"offRoute":false,"nextLocID":4042,"vehicleID":2630,"signMessage":"77 To Troutdale","extraTripID":null,"nextStopSeq":21,"routeNumber":77,"vehicleLoad":"unknown","bearing":87,"lastStopSeq":20,"inCongestion":false,"delay":-60,"latitude":45.531514},{"tripID":4419233,"serviceDate":1395730800000,"direction":1,"garage":"CENTER","type":"bus","lastLocID":10869,"messageCode":813,"time":1395763955345,"expires":1395764374000,"signMessageLong":"77  Broadway/Halsey to Montgomery Park","extraBlockID":null,"locationInScheduleDay":33360,"longitude":-122.6206252,"blockID":7706,"offRoute":false,"nextLocID":7484,"vehicleID":2632,"signMessage":"77 Montgomry Pk","extraTripID":null,"nextStopSeq":69,"routeNumber":77,"vehicleLoad":"unknown","bearing":89,"lastStopSeq":68,"inCongestion":false,"delay":206,"latitude":45.5332523},{"tripID":4418206,"serviceDate":1395730800000,"direction":1,"garage":"POWELL","type":"bus","lastLocID":12921,"messageCode":760,"time":1395763942974,"expires":1395764362000,"signMessageLong":"72  Killingsworth/82nd to Clackamas TC","extraBlockID":null,"locationInScheduleDay":33343,"longitude":-122.5688201,"blockID":7237,"offRoute":false,"nextLocID":13247,"vehicleID":3004,"signMessage":"72 Clackamas TC","extraTripID":null,"nextStopSeq":111,"routeNumber":72,"vehicleLoad":"unknown","bearing":81,"lastStopSeq":110,"inCongestion":false,"delay":0,"latitude":45.4355153},{"tripID":4413802,"serviceDate":1395730800000,"direction":0,"garage":"POWELL","type":"bus","lastLocID":3234,"messageCode":457,"time":1395763961044,"expires":1395764378000,"signMessageLong":"31  Clackamas Town Center, continuing to Estacada","extraBlockID":null,"locationInScheduleDay":32924,"longitude":-122.5961193,"blockID":3136,"offRoute":false,"nextLocID":3250,"vehicleID":3007,"signMessage":"31 To Estacada via Clackamas","extraTripID":null,"nextStopSeq":15,"routeNumber":31,"vehicleLoad":"unknown","bearing":90,"lastStopSeq":14,"inCongestion":false,"delay":-234,"latitude":45.4479359},{"tripID":4418211,"serviceDate":1395730800000,"direction":1,"garage":"POWELL","type":"bus","lastLocID":3165,"messageCode":760,"time":1395763949076,"expires":1395764368000,"signMessageLong":"72  Killingsworth/82nd to Clackamas TC","extraBlockID":null,"locationInScheduleDay":33205,"longitude":-122.663227,"blockID":7251,"offRoute":false,"nextLocID":5927,"vehicleID":3003,"signMessage":"72 Clackamas TC","extraTripID":null,"nextStopSeq":20,"routeNumber":72,"vehicleLoad":"unknown","bearing":89,"lastStopSeq":19,"inCongestion":false,"delay":57,"latitude":45.5627426},{"tripID":4418209,"serviceDate":1395730800000,"direction":1,"garage":"POWELL","type":"bus","lastLocID":8064,"messageCode":760,"time":1395763868835,"expires":1395764287000,"signMessageLong":"72  Killingsworth/82nd to Clackamas TC","extraBlockID":null,"locationInScheduleDay":33051,"longitude":-122.5786222,"blockID":7241,"offRoute":false,"nextLocID":8025,"vehicleID":3048,"signMessage":"72 Clackamas TC","extraTripID":null,"nextStopSeq":54,"routeNumber":72,"vehicleLoad":"unknown","bearing":180,"lastStopSeq":53,"inCongestion":false,"delay":-16,"latitude":45.5558966},{"tripID":4417885,"serviceDate":1395730800000,"direction":0,"garage":"POWELL","type":"bus","lastLocID":7955,"messageCode":766,"time":1395763946397,"expires":1395764365000,"signMessageLong":"72  Killingsworth/82nd to Swan Island-Anchor St","extraBlockID":null,"locationInScheduleDay":33282,"longitude":-122.5790748,"blockID":7235,"offRoute":false,"nextLocID":7972,"vehicleID":3053,"signMessage":"72 Swan Island","extraTripID":null,"nextStopSeq":44,"routeNumber":72,"vehicleLoad":"unknown","bearing":0,"lastStopSeq":43,"inCongestion":false,"delay":137,"latitude":45.524477},{"tripID":4418207,"serviceDate":1395730800000,"direction":1,"garage":"POWELL","type":"bus","lastLocID":8058,"messageCode":760,"time":1395763946394,"expires":1395764364000,"signMessageLong":"72  Killingsworth/82nd to Clackamas TC","extraBlockID":null,"locationInScheduleDay":33170,"longitude":-122.579065,"blockID":7245,"offRoute":false,"nextLocID":7961,"vehicleID":3052,"signMessage":"72 Clackamas TC","extraTripID":null,"nextStopSeq":94,"routeNumber":72,"vehicleLoad":"unknown","bearing":180,"lastStopSeq":93,"inCongestion":false,"delay":26,"latitude":45.4777337},{"tripID":4418210,"serviceDate":1395730800000,"direction":1,"garage":"POWELL","type":"bus","lastLocID":3198,"messageCode":760,"time":1395763955255,"expires":1395764372000,"signMessageLong":"72  Killingsworth/82nd to Clackamas TC","extraBlockID":null,"locationInScheduleDay":33163,"longitude":-122.6226525,"blockID":7234,"offRoute":false,"nextLocID":3199,"vehicleID":3054,"signMessage":"72 Clackamas TC","extraTripID":null,"nextStopSeq":40,"routeNumber":72,"vehicleLoad":"unknown","bearing":89,"lastStopSeq":39,"inCongestion":false,"delay":11,"latitude":45.5627923},{"tripID":4419234,"serviceDate":1395730800000,"direction":1,"garage":"POWELL","type":"bus","lastLocID":10973,"messageCode":813,"time":1395763958409,"expires":1395764376000,"signMessageLong":"77  Broadway/Halsey to Montgomery Park","extraBlockID":null,"locationInScheduleDay":33105,"longitude":-122.5600981,"blockID":7734,"offRoute":false,"nextLocID":2343,"vehicleID":3046,"signMessage":"77 Montgomry Pk","extraTripID":null,"nextStopSeq":48,"routeNumber":77,"vehicleLoad":"unknown","bearing":256,"lastStopSeq":47,"inCongestion":false,"delay":-51,"latitude":45.5335673},{"tripID":4419095,"serviceDate":1395730800000,"direction":0,"garage":"POWELL","type":"bus","lastLocID":2370,"messageCode":809,"time":1395763940197,"expires":1395764357000,"signMessageLong":"77  Broadway/Halsey to Troutdale","extraBlockID":null,"locationInScheduleDay":33101,"longitude":-122.5312633,"blockID":7738,"offRoute":false,"nextLocID":2374,"vehicleID":3035,"signMessage":"77 To Troutdale","extraTripID":null,"nextStopSeq":65,"routeNumber":77,"vehicleLoad":"unknown","bearing":90,"lastStopSeq":64,"inCongestion":false,"delay":-36,"latitude":45.5335386},{"tripID":4419096,"serviceDate":1395730800000,"direction":0,"garage":"CENTER","type":"bus","lastLocID":10870,"messageCode":809,"time":1395763967241,"expires":1395764381000,"signMessageLong":"77  Broadway/Halsey to Troutdale","extraBlockID":null,"locationInScheduleDay":33125,"longitude":-122.6203408,"blockID":7702,"offRoute":false,"nextLocID":7509,"vehicleID":2005,"signMessage":"77 To Troutdale","extraTripID":null,"nextStopSeq":36,"routeNumber":77,"vehicleLoad":"unknown","bearing":1,"lastStopSeq":35,"inCongestion":false,"delay":-36,"latitude":45.5334058}],"queryTime":1395763969205}}
