{"resultSet":{"vehicle":[{"tripID":4411388,"serviceDate":1395644400000,"direction":0,"garage":"CENTER","type":"bus","lastLocID":2615,"messageCode":266,"time":1395737117955,"expires":1395737536000,"signMessageLong":"14  Hawthorne to 94th & Foster","extraBlockID":null,"locationInScheduleDay":92779,"longitude":-122.6349151,"blockID":1406,"offRoute":false,"nextLocID":2617,"vehicleID":3128,"signMessage":"14 To 94-Foster","extraTripID":null,"nextStopSeq":15,"routeNumber":14,"vehicleLoad":"unknown","bearing":89,"lastStopSeq":14,"inCongestion":false,"delay":63,"latitude":45.5120691}],"queryTime":1395737147770}}
