{"resultSet":{"vehicle":[{"tripID":4411566,"serviceDate":1395730800000,"direction":1,"garage":"POWELL","type":"bus","lastLocID":1793,"messageCode":268,"time":1395757883137,"expires":1395758299000,"signMessageLong":"14  Hawthorne to Portland","extraBlockID":null,"locationInScheduleDay":27057,"longitude":-122.6088324,"blockID":1436,"offRoute":false,"nextLocID":7656,"vehicleID":2206,"signMessage":"14 To Portland","extraTripID":null,"nextStopSeq":18,"routeNumber":14,"vehicleLoad":"unknown","bearing":307,"lastStopSeq":17,"inCongestion":false,"delay":-22,"latitude":45.495596},{"tripID":4419089,"serviceDate":1395730800000,"direction":0,"garage":"POWELL","type":"bus","lastLocID":2322,"messageCode":809,"time":1395757895337,"expires":1395758312000,"signMessageLong":"77  Broadway/Halsey to Troutdale","extraBlockID":null,"locationInScheduleDay":27098,"longitude":-122.4811436,"blockID":7735,"offRoute":false,"nextLocID":2401,"vehicleID":2222,"signMessage":"77 To Troutdale","extraTripID":null,"nextStopSeq":78,"routeNumber":77,"vehicleLoad":"unknown","bearing":90,"lastStopSeq":77,"inCongestion":false,"delay":6,"latitude":45.5347018},{"tripID":4419092,"serviceDate":1395730800000,"direction":0,"garage":"POWELL","type":"bus","lastLocID":1615,"messageCode":null,"time":1395757878000,"expires":1395758298000,"signMessageLong":null,"extraBlockID":null,"locationInScheduleDay":null,"longitude":-122.695283,"blockID":7736,"offRoute":false,"nextLocID":1611,"vehicleID":2221,"signMessage":null,"extraTripID":null,"nextStopSeq":null,"routeNumber":77,"vehicleLoad":"unknown","bearing":null,"lastStopSeq":null,"inCongestion":false,"delay":53,"latitude":45.523233},{"tripID":4411565,"serviceDate":1395730800000,"direction":1,"garage":"POWELL","type":"bus","lastLocID":2632,"messageCode":268,"time":1395757895290,"expires":1395758314000,"signMessageLong":"14  Hawthorne to Portland","extraBlockID":null,"locationInScheduleDay":27140,"longitude":-122.6173581,"blockID":1438,"offRoute":false,"nextLocID":2629,"vehicleID":2220,"signMessage":"14 To Portland","extraTripID":null,"nextStopSeq":27,"routeNumber":14,"vehicleLoad":"unknown","bearing":270,"lastStopSeq":26,"inCongestion":false,"delay":46,"latitude":45.5120338},{"tripID":4418202,"serviceDate":1395730800000,"direction":1,"garage":"POWELL","type":"bus","lastLocID":50,"messageCode":760,"time":1395757889017,"expires":1395758306000,"signMessageLong":"72  Killingsworth/82nd to Clackamas TC","extraBlockID":null,"locationInScheduleDay":27087,"longitude":-122.6510379,"blockID":7248,"offRoute":false,"nextLocID":52,"vehicleID":2215,"signMessage":"72 Clackamas TC","extraTripID":null,"nextStopSeq":26,"routeNumber":72,"vehicleLoad":"unknown","bearing":90,"lastStopSeq":25,"inCongestion":false,"delay":1,"latitude":45.5590992},{"tripID":4411316,"serviceDate":1395730800000,"direction":0,"garage":"POWELL","type":"bus","lastLocID":2612,"messageCode":266,"time":1395757895326,"expires":1395758313000,"signMessageLong":"14  Hawthorne to 94th & Foster","extraBlockID":null,"locationInScheduleDay":27204,"longitude":-122.6389306,"blockID":1437,"offRoute":false,"nextLocID":2614,"vehicleID":2264,"signMessage":"14 To 94-Foster","extraTripID":null,"nextStopSeq":13,"routeNumber":14,"vehicleLoad":"unknown","bearing":90,"lastStopSeq":12,"inCongestion":false,"delay":111,"latitude":45.5120847},{"tripID":4418200,"serviceDate":1395730800000,"direction":1,"garage":"POWELL","type":"bus","lastLocID":3185,"messageCode":760,"time":1395757880352,"expires":1395758297000,"signMessageLong":"72  Killingsworth/82nd to Clackamas TC","extraBlockID":null,"locationInScheduleDay":27106,"longitude":-122.5785228,"blockID":7247,"offRoute":false,"nextLocID":8889,"vehicleID":2250,"signMessage":"72 Clackamas TC","extraTripID":null,"nextStopSeq":52,"routeNumber":72,"vehicleLoad":"unknown","bearing":180,"lastStopSeq":51,"inCongestion":false,"delay":29,"latitude":45.5609912},{"tripID":4417876,"serviceDate":1395730800000,"direction":0,"garage":"POWELL","type":"bus","lastLocID":7941,"messageCode":766,"time":1395757880374,"expires":1395758298000,"signMessageLong":"72  Killingsworth/82nd to Swan Island-Anchor St","extraBlockID":null,"locationInScheduleDay":27001,"longitude":-122.5789284,"blockID":7250,"offRoute":false,"nextLocID":7920,"vehicleID":2242,"signMessage":"72 Swan Island","extraTripID":null,"nextStopSeq":4,"routeNumber":72,"vehicleLoad":"unknown","bearing":0,"lastStopSeq":3,"inCongestion":false,"delay":-77,"latitude":45.4414467},{"tripID":4418198,"serviceDate":1395730800000,"direction":1,"garage":"POWELL","type":"bus","lastLocID":7980,"messageCode":760,"time":1395757892120,"expires":1395758310000,"signMessageLong":"72  Killingsworth/82nd to Clackamas TC","extraBlockID":null,"locationInScheduleDay":27019,"longitude":-122.5787241,"blockID":7246,"offRoute":false,"nextLocID":8008,"vehicleID":2296,"signMessage":"72 Clackamas TC","extraTripID":null,"nextStopSeq":77,"routeNumber":72,"vehicleLoad":"unknown","bearing":177,"lastStopSeq":76,"inCongestion":false,"delay":-71,"latitude":45.5124512},{"tripID":4419093,"serviceDate":1395730800000,"direction":0,"garage":"POWELL","type":"bus","lastLocID":8484,"messageCode":809,"time":1395757904667,"expires":1395758321000,"signMessageLong":"77  Broadway/Halsey to Troutdale","extraBlockID":null,"locationInScheduleDay":27101,"longitude":-122.7069049,"blockID":7737,"offRoute":false,"nextLocID":8385,"vehicleID":2285,"signMessage":"77 To Troutdale","extraTripID":null,"nextStopSeq":2,"routeNumber":77,"vehicleLoad":"unknown","bearing":178,"lastStopSeq":1,"inCongestion":false,"delay":0,"latitude":45.5370429},{"tripID":4417869,"serviceDate":1395730800000,"direction":0,"garage":"POWELL","type":"bus","lastLocID":2161,"messageCode":766,"time":1395757880414,"expires":1395758297000,"signMessageLong":"72  Killingsworth/82nd to Swan Island-Anchor St","extraBlockID":null,"locationInScheduleDay":26479,"longitude":-122.7021093,"blockID":7244,"offRoute":false,"nextLocID":115,"vehicleID":2276,"signMessage":"72 Swan Island","extraTripID":null,"nextStopSeq":108,"routeNumber":72,"vehicleLoad":"unknown","bearing":307,"lastStopSeq":107,"inCongestion":false,"delay":0,"latitude":45.5573054},{"tripID":4411567,"serviceDate":1395730800000,"direction":1,"garage":"POWELL","type":"bus","lastLocID":1805,"messageCode":268,"time":1395757883247,"expires":1395758299000,"signMessageLong":"14  Hawthorne to Portland","extraBlockID":null,"locationInScheduleDay":27134,"longitude":-122.5956868,"blockID":1439,"offRoute":false,"nextLocID":1803,"vehicleID":2275,"signMessage":"14 To Portland","extraTripID":null,"nextStopSeq":12,"routeNumber":14,"vehicleLoad":"unknown","bearing":300,"lastStopSeq":11,"inCongestion":false,"delay":55,"latitude":45.4891969},{"tripID":4417318,"serviceDate":1395730800000,"direction":1,"garage":"CENTER","type":"bus","lastLocID":4044,"messageCode":790,"time":1395757904129,"expires":1395758321000,"signMessageLong":"70  12th Ave to Milwaukie via 13th & Tacoma","extraBlockID":null,"locationInScheduleDay":27135,"longitude":-122.656605,"blockID":7005,"offRoute":false,"nextLocID":8937,"vehicleID":2132,"signMessage":"70 To Milw via 13","extraTripID":null,"nextStopSeq":44,"routeNumber":70,"vehicleLoad":"unknown","bearing":180,"lastStopSeq":43,"inCongestion":false,"delay":34,"latitude":45.5305585},{"tripID":4413880,"serviceDate":1395730800000,"direction":1,"garage":"CENTER","type":"bus","lastLocID":8223,"messageCode":454,"time":1395757883019,"expires":1395758300000,"signMessageLong":"31E Portland Express","extraBlockID":null,"locationInScheduleDay":26786,"longitude":-122.6471592,"blockID":3002,"offRoute":false,"nextLocID":3858,"vehicleID":2134,"signMessage":"31E Portland Express","extraTripID":null,"nextStopSeq":2,"routeNumber":31,"vehicleLoad":"unknown","bearing":304,"lastStopSeq":1,"inCongestion":false,"delay":-294,"latitude":45.4857515},{"tripID":4417166,"serviceDate":1395730800000,"direction":0,"garage":"CENTER","type":"bus","lastLocID":638,"messageCode":783,"time":1395757904191,"expires":1395758321000,"signMessageLong":"70  33rd Ave to NE Sunderland","extraBlockID":null,"locationInScheduleDay":26783,"longitude":-122.6363799,"blockID":7006,"offRoute":false,"nextLocID":642,"vehicleID":2150,"signMessage":"70 To Sunderlnd","extraTripID":null,"nextStopSeq":44,"routeNumber":70,"vehicleLoad":"unknown","bearing":89,"lastStopSeq":43,"inCongestion":false,"delay":-318,"latitude":45.5351625},{"tripID":4417316,"serviceDate":1395730800000,"direction":1,"garage":"CENTER","type":"bus","lastLocID":6872,"messageCode":738,"time":1395757880275,"expires":1395758297000,"signMessageLong":"70  12th Ave to Milwaukie via 13th & Tacoma","extraBlockID":null,"locationInScheduleDay":26935,"longitude":-122.6411572,"blockID":7008,"offRoute":false,"nextLocID":13477,"vehicleID":2506,"signMessage":"70 To Milwaukie","extraTripID":null,"nextStopSeq":40,"routeNumber":70,"vehicleLoad":"unknown","bearing":81,"lastStopSeq":39,"inCongestion":false,"delay":0,"latitude":45.4448198},{"tripID":4418197,"serviceDate":1395730800000,"direction":1,"garage":"POWELL","type":"bus","lastLocID":8009,"messageCode":760,"time":1395757904364,"expires":1395758321000,"signMessageLong":"72  Killingsworth/82nd to Clackamas TC","extraBlockID":null,"locationInScheduleDay":27124,"longitude":-122.5789361,"blockID":7238,"offRoute":false,"nextLocID":7965,"vehicleID":2527,"signMessage":"72 Clackamas TC","extraTripID":null,"nextStopSeq":90,"routeNumber":72,"vehicleLoad":"unknown","bearing":180,"lastStopSeq":89,"inCongestion":false,"delay":23,"latitude":45.484916},{"tripID":4417165,"serviceDate":1395730800000,"direction":0,"garage":"CENTER","type":"bus","lastLocID":13040,"messageCode":783,"time":1395757895270,"expires":1395758312000,"signMessageLong":"70  33rd Ave to NE Sunderland","extraBlockID":null,"locationInScheduleDay":26820,"longitude":-122.6357648,"blockID":7002,"offRoute":false,"nextLocID":9368,"vehicleID":2524,"signMessage":"70 To Sunderlnd","extraTripID":null,"nextStopSeq":83,"routeNumber":70,"vehicleLoad":"unknown","bearing":180,"lastStopSeq":82,"inCongestion":false,"delay":0,"latitude":45.5898735},{"tripID":4419230,"serviceDate":1395730800000,"direction":1,"garage":"CENTER","type":"bus","lastLocID":9481,"messageCode":813,"time":1395757906807,"expires":1395758326000,"signMessageLong":"77  Broadway/Halsey to Montgomery Park","extraBlockID":null,"locationInScheduleDay":27106,"longitude":-122.3982117,"blockID":7701,"offRoute":false,"nextLocID":9471,"vehicleID":2512,"signMessage":"77 Montgomry Pk","extraTripID":null,"nextStopSeq":2,"routeNumber":77,"vehicleLoad":"unknown","bearing":85,"lastStopSeq":1,"inCongestion":false,"delay":0,"latitude":45.5443612},{"tripID":4417872,"serviceDate":1395730800000,"direction":0,"garage":"POWELL","type":"bus","lastLocID":7933,"messageCode":768,"time":1395757766147,"expires":1395758183000,"signMessageLong":"72  Killingsworth/82nd to Swan Island-Shipyards","extraBlockID":null,"locationInScheduleDay":26830,"longitude":-122.5786899,"blockID":7239,"offRoute":false,"nextLocID":8039,"vehicleID":2540,"signMessage":"72 Swan Island","extraTripID":null,"nextStopSeq":58,"routeNumber":72,"vehicleLoad":"unknown","bearing":1,"lastStopSeq":57,"inCongestion":false,"delay":-133,"latitude":45.5523817},{"tripID":4418199,"serviceDate":1395730800000,"direction":1,"garage":"POWELL","type":"bus","lastLocID":8000,"messageCode":760,"time":1395757883133,"expires":1395758302000,"signMessageLong":"72  Killingsworth/82nd to Clackamas TC","extraBlockID":null,"locationInScheduleDay":27082,"longitude":-122.5791014,"blockID":7240,"offRoute":false,"nextLocID":7978,"vehicleID":2533,"signMessage":"72 Clackamas TC","extraTripID":null,"nextStopSeq":66,"routeNumber":72,"vehicleLoad":"unknown","bearing":180,"lastStopSeq":65,"inCongestion":false,"delay":0,"latitude":45.5334929},{"tripID":4417874,"serviceDate":1395730800000,"direction":0,"garage":"POWELL","type":"bus","lastLocID":8061,"messageCode":768,"time":1395757895439,"expires":1395758313000,"signMessageLong":"72  Killingsworth/82nd to Swan Island-Shipyards","extraBlockID":null,"locationInScheduleDay":27059,"longitude":-122.5787087,"blockID":7249,"offRoute":false,"nextLocID":7947,"vehicleID":2558,"signMessage":"72 Swan Island","extraTripID":null,"nextStopSeq":32,"routeNumber":72,"vehicleLoad":"unknown","bearing":0,"lastStopSeq":31,"inCongestion":false,"delay":-34,"latitude":45.5030644},{"tripID":4418196,"serviceDate":1395730800000,"direction":1,"garage":"POWELL","type":"bus","lastLocID":7996,"messageCode":760,"time":1395757904768,"expires":1395758321000,"signMessageLong":"72  Killingsworth/82nd to Clackamas TC","extraBlockID":null,"locationInScheduleDay":27073,"longitude":-122.5791073,"blockID":7236,"offRoute":false,"nextLocID":7988,"vehicleID":2552,"signMessage":"72 Clackamas TC","extraTripID":null,"nextStopSeq":103,"routeNumber":72,"vehicleLoad":"unknown","bearing":180,"lastStopSeq":102,"inCongestion":false,"delay":-28,"latitude":45.4573646},{"tripID":4418203,"serviceDate":1395730800000,"direction":1,"garage":"POWELL","type":"bus","lastLocID":3169,"messageCode":760,"time":1395757895464,"expires":1395758312000,"signMessageLong":"72  Killingsworth/82nd to Clackamas TC","extraBlockID":null,"locationInScheduleDay":27088,"longitude":-122.6816809,"blockID":7242,"offRoute":false,"nextLocID":3173,"vehicleID":2548,"signMessage":"72 Clackamas TC","extraTripID":null,"nextStopSeq":13,"routeNumber":72,"vehicleLoad":"unknown","bearing":90,"lastStopSeq":12,"inCongestion":false,"delay":-4,"latitude":45.5626669},{"tripID":4411315,"serviceDate":1395730800000,"direction":0,"garage":"POWELL","type":"bus","lastLocID":1792,"messageCode":266,"time":1395757892129,"expires":1395758310000,"signMessageLong":"14  Hawthorne to 94th & Foster","extraBlockID":null,"locationInScheduleDay":27092,"longitude":-122.6092711,"blockID":1435,"offRoute":false,"nextLocID":1794,"vehicleID":2316,"signMessage":"14 To 94-Foster","extraTripID":null,"nextStopSeq":30,"routeNumber":14,"vehicleLoad":"unknown","bearing":133,"lastStopSeq":29,"inCongestion":false,"delay":2,"latitude":45.4958603},{"tripID":4413879,"serviceDate":1395730800000,"direction":1,"garage":"CENTER","type":"bus","lastLocID":7797,"messageCode":467,"time":1395757883097,"expires":1395758299000,"signMessageLong":"31  Downtown Only","extraBlockID":null,"locationInScheduleDay":26840,"longitude":-122.6776346,"blockID":1403,"offRoute":false,"nextLocID":7751,"vehicleID":2725,"signMessage":"31 Downtown Only","extraTripID":null,"nextStopSeq":41,"routeNumber":31,"vehicleLoad":"unknown","bearing":21,"lastStopSeq":40,"inCongestion":false,"delay":-239,"latitude":45.5209618},{"tripID":4419088,"serviceDate":1395730800000,"direction":0,"garage":"CENTER","type":"bus","lastLocID":9472,"messageCode":809,"time":1395757892114,"expires":1395758310000,"signMessageLong":"77  Broadway/Halsey to Troutdale","extraBlockID":null,"locationInScheduleDay":27090,"longitude":-122.4005449,"blockID":7705,"offRoute":false,"nextLocID":9481,"vehicleID":2720,"signMessage":"77 To Troutdale","extraTripID":null,"nextStopSeq":102,"routeNumber":77,"vehicleLoad":"unknown","bearing":175,"lastStopSeq":101,"inCongestion":false,"delay":0,"latitude":45.5446931},{"tripID":4411563,"serviceDate":1395730800000,"direction":1,"garage":"CENTER","type":"bus","lastLocID":3633,"messageCode":268,"time":1395757895248,"expires":1395758314000,"signMessageLong":"14  Hawthorne to Portland","extraBlockID":null,"locationInScheduleDay":26861,"longitude":-122.6606011,"blockID":1404,"offRoute":false,"nextLocID":2642,"vehicleID":2718,"signMessage":"14 To Portland","extraTripID":null,"nextStopSeq":42,"routeNumber":14,"vehicleLoad":"unknown","bearing":270,"lastStopSeq":41,"inCongestion":false,"delay":-233,"latitude":45.5129375},{"tripID":4413881,"serviceDate":1395730800000,"direction":1,"garage":"CENTER","type":"bus","lastLocID":2574,"messageCode":464,"time":1395757904281,"expires":1395758321000,"signMessageLong":"31  To Portland via Milwaukie","extraBlockID":null,"locationInScheduleDay":27155,"longitude":-122.6318871,"blockID":3101,"offRoute":false,"nextLocID":2573,"vehicleID":2714,"signMessage":"31 To Portland","extraTripID":null,"nextStopSeq":21,"routeNumber":31,"vehicleLoad":"unknown","bearing":268,"lastStopSeq":20,"inCongestion":false,"delay":54,"latitude":45.446543},{"tripID":4417320,"serviceDate":1395730800000,"direction":1,"garage":"CENTER","type":"bus","lastLocID":9371,"messageCode":788,"time":1395757880261,"expires":1395758298000,"signMessageLong":"70  12th/NE 33rd Ave to Milwaukie","extraBlockID":null,"locationInScheduleDay":27129,"longitude":-122.6401648,"blockID":7007,"offRoute":false,"nextLocID":9402,"vehicleID":2709,"signMessage":"70 To Milwaukie","extraTripID":null,"nextStopSeq":7,"routeNumber":70,"vehicleLoad":"unknown","bearing":295,"lastStopSeq":6,"inCongestion":false,"delay":51,"latitude":45.5810589},{"tripID":4417168,"serviceDate":1395730800000,"direction":0,"garage":"CENTER","type":"bus","lastLocID":6856,"messageCode":780,"time":1395757880261,"expires":1395758298000,"signMessageLong":"70  12th/NE 33rd Ave to NE Sunderland","extraBlockID":null,"locationInScheduleDay":27018,"longitude":-122.6479405,"blockID":7001,"offRoute":false,"nextLocID":6898,"vehicleID":2704,"signMessage":"70 To Sunderlnd","extraTripID":null,"nextStopSeq":14,"routeNumber":70,"vehicleLoad":"unknown","bearing":355,"lastStopSeq":13,"inCongestion":false,"delay":-60,"latitude":45.4755068},{"tripID":4417317,"serviceDate":1395730800000,"direction":1,"garage":"CENTER","type":"bus","lastLocID":13658,"messageCode":789,"time":1395757904247,"expires":1395758321000,"signMessageLong":"70  12th Ave to Milwaukie via 17th & Tacoma","extraBlockID":null,"locationInScheduleDay":27120,"longitude":-122.6483482,"blockID":7003,"offRoute":false,"nextLocID":6864,"vehicleID":2705,"signMessage":"70 To Milw via 17","extraTripID":null,"nextStopSeq":62,"routeNumber":70,"vehicleLoad":"unknown","bearing":180,"lastStopSeq":61,"inCongestion":false,"delay":19,"latitude":45.4930062},{"tripID":4417167,"serviceDate":1395730800000,"direction":0,"garage":"CENTER","type":"bus","lastLocID":6594,"messageCode":780,"time":1395757904249,"expires":1395758321000,"signMessageLong":"70  12th/NE 33rd Ave to NE Sunderland","extraBlockID":null,"locationInScheduleDay":27185,"longitude":-122.6536399,"blockID":7004,"offRoute":false,"nextLocID":6589,"vehicleID":2701,"signMessage":"70 To Sunderlnd","extraTripID":null,"nextStopSeq":33,"routeNumber":70,"vehicleLoad":"unknown","bearing":0,"lastStopSeq":32,"inCongestion":false,"delay":84,"latitude":45.5193295},{"tripID":4419225,"serviceDate":1395730800000,"direction":1,"garage":"CENTER","type":"bus","lastLocID":10972,"messageCode":813,"time":1395757889087,"expires":1395758306000,"signMessageLong":"77  Broadway/Halsey to Montgomery Park","extraBlockID":null,"locationInScheduleDay":26951,"longitude":-122.6988793,"blockID":7704,"offRoute":false,"nextLocID":6014,"vehicleID":2614,"signMessage":"77 Montgomry Pk","extraTripID":null,"nextStopSeq":102,"routeNumber":77,"vehicleLoad":"unknown","bearing":358,"lastStopSeq":101,"inCongestion":false,"delay":-135,"latitude":45.5365177},{"tripID":4411564,"serviceDate":1395730800000,"direction":1,"garage":"CENTER","type":"bus","lastLocID":2604,"messageCode":268,"time":1395757889071,"expires":1395758306000,"signMessageLong":"14  Hawthorne to Portland","extraBlockID":null,"locationInScheduleDay":27141,"longitude":-122.6494784,"blockID":1401,"offRoute":false,"nextLocID":2602,"vehicleID":2608,"signMessage":"14 To Portland","extraTripID":null,"nextStopSeq":38,"routeNumber":14,"vehicleLoad":"unknown","bearing":270,"lastStopSeq":37,"inCongestion":false,"delay":55,"latitude":45.5121986},{"tripID":4417169,"serviceDate":1395730800000,"direction":0,"garage":"CENTER","type":"bus","lastLocID":8225,"messageCode":782,"time":1395757895354,"expires":1395758312000,"signMessageLong":"70  12th/NE 33rd Ave to NE Sunderland via 13th & Tacoma","extraBlockID":null,"locationInScheduleDay":27123,"longitude":-122.6405049,"blockID":7010,"offRoute":false,"nextLocID":6871,"vehicleID":2623,"signMessage":"70 To Sunderland via 13th","extraTripID":null,"nextStopSeq":3,"routeNumber":70,"vehicleLoad":"unknown","bearing":81,"lastStopSeq":2,"inCongestion":false,"delay":31,"latitude":45.4448916},{"tripID":4419229,"serviceDate":1395730800000,"direction":1,"garage":"CENTER","type":"bus","lastLocID":13505,"messageCode":813,"time":1395757880404,"expires":1395758297000,"signMessageLong":"77  Broadway/Halsey to Montgomery Park","extraBlockID":null,"locationInScheduleDay":27118,"longitude":-122.4560291,"blockID":7707,"offRoute":false,"nextLocID":2411,"vehicleID":2653,"signMessage":"77 Montgomry Pk","extraTripID":null,"nextStopSeq":17,"routeNumber":77,"vehicleLoad":"unknown","bearing":273,"lastStopSeq":16,"inCongestion":false,"delay":41,"latitude":45.5335071},{"tripID":4417319,"serviceDate":1395730800000,"direction":1,"garage":"CENTER","type":"bus","lastLocID":7400,"messageCode":788,"time":1395757904604,"expires":1395758321000,"signMessageLong":"70  12th/NE 33rd Ave to Milwaukie","extraBlockID":null,"locationInScheduleDay":27181,"longitude":-122.6307065,"blockID":7009,"offRoute":false,"nextLocID":7386,"vehicleID":2626,"signMessage":"70 To Milwaukie","extraTripID":null,"nextStopSeq":28,"routeNumber":70,"vehicleLoad":"unknown","bearing":179,"lastStopSeq":27,"inCongestion":false,"delay":80,"latitude":45.5429371},{"tripID":4419228,"serviceDate":1395730800000,"direction":1,"garage":"CENTER","type":"bus","lastLocID":2352,"messageCode":813,"time":1395757904611,"expires":1395758321000,"signMessageLong":"77  Broadway/Halsey to Montgomery Park","extraBlockID":null,"locationInScheduleDay":26918,"longitude":-122.5357754,"blockID":7703,"offRoute":false,"nextLocID":2367,"vehicleID":2630,"signMessage":"77 Montgomry Pk","extraTripID":null,"nextStopSeq":39,"routeNumber":77,"vehicleLoad":"unknown","bearing":270,"lastStopSeq":38,"inCongestion":false,"delay":-183,"latitude":45.5335633},{"tripID":4419090,"serviceDate":1395730800000,"direction":0,"garage":"CENTER","type":"bus","lastLocID":2448,"messageCode":809,"time":1395757886380,"expires":1395758304000,"signMessageLong":"77  Broadway/Halsey to Troutdale","extraBlockID":null,"locationInScheduleDay":27066,"longitude":-122.5883639,"blockID":7706,"offRoute":false,"nextLocID":2450,"vehicleID":2632,"signMessage":"77 To Troutdale","extraTripID":null,"nextStopSeq":48,"routeNumber":77,"vehicleLoad":"unknown","bearing":89,"lastStopSeq":47,"inCongestion":false,"delay":-18,"latitude":45.5336011},{"tripID":4417870,"serviceDate":1395730800000,"direction":0,"garage":"POWELL","type":"bus","lastLocID":3161,"messageCode":768,"time":1395757886052,"expires":1395758304000,"signMessageLong":"72  Killingsworth/82nd to Swan Island-Shipyards","extraBlockID":null,"locationInScheduleDay":27052,"longitude":-122.6950801,"blockID":7237,"offRoute":false,"nextLocID":3167,"vehicleID":3004,"signMessage":"72 Swan Island","extraTripID":null,"nextStopSeq":104,"routeNumber":72,"vehicleLoad":"unknown","bearing":270,"lastStopSeq":103,"inCongestion":false,"delay":-32,"latitude":45.5627445},{"tripID":4417873,"serviceDate":1395730800000,"direction":0,"garage":"POWELL","type":"bus","lastLocID":7999,"messageCode":766,"time":1395757886119,"expires":1395758303000,"signMessageLong":"72  Killingsworth/82nd to Swan Island-Anchor St","extraBlockID":null,"locationInScheduleDay":27134,"longitude":-122.5790247,"blockID":7241,"offRoute":false,"nextLocID":8042,"vehicleID":3048,"signMessage":"72 Swan Island","extraTripID":null,"nextStopSeq":49,"routeNumber":72,"vehicleLoad":"unknown","bearing":1,"lastStopSeq":48,"inCongestion":false,"delay":51,"latitude":45.5344575},{"tripID":4418201,"serviceDate":1395730800000,"direction":1,"garage":"POWELL","type":"bus","lastLocID":3202,"messageCode":760,"time":1395757904260,"expires":1395758322000,"signMessageLong":"72  Killingsworth/82nd to Clackamas TC","extraBlockID":null,"locationInScheduleDay":27189,"longitude":-122.6094016,"blockID":7235,"offRoute":false,"nextLocID":3204,"vehicleID":3053,"signMessage":"72 Clackamas TC","extraTripID":null,"nextStopSeq":43,"routeNumber":72,"vehicleLoad":"unknown","bearing":90,"lastStopSeq":42,"inCongestion":false,"delay":87,"latitude":45.5627594},{"tripID":4417871,"serviceDate":1395730800000,"direction":0,"garage":"POWELL","type":"bus","lastLocID":53,"messageCode":766,"time":1395757895233,"expires":1395758313000,"signMessageLong":"72  Killingsworth/82nd to Swan Island-Anchor St","extraBlockID":null,"locationInScheduleDay":27168,"longitude":-122.6500883,"blockID":7245,"offRoute":false,"nextLocID":51,"vehicleID":3052,"signMessage":"72 Swan Island","extraTripID":null,"nextStopSeq":88,"routeNumber":72,"vehicleLoad":"unknown","bearing":269,"lastStopSeq":87,"inCongestion":false,"delay":75,"latitude":45.5590994},{"tripID":4417875,"serviceDate":1395730800000,"direction":0,"garage":"POWELL","type":"bus","lastLocID":8057,"messageCode":766,"time":1395757850015,"expires":1395758268000,"signMessageLong":"72  Killingsworth/82nd to Swan Island-Anchor St","extraBlockID":null,"locationInScheduleDay":27132,"longitude":-122.5790312,"blockID":7234,"offRoute":false,"nextLocID":8059,"vehicleID":3054,"signMessage":"72 Swan Island","extraTripID":null,"nextStopSeq":20,"routeNumber":72,"vehicleLoad":"unknown","bearing":0,"lastStopSeq":19,"inCongestion":false,"delay":84,"latitude":45.4792339},{"tripID":4419091,"serviceDate":1395730800000,"direction":0,"garage":"POWELL","type":"bus","lastLocID":10866,"messageCode":809,"time":1395757904339,"expires":1395758321000,"signMessageLong":"77  Broadway/Halsey to Troutdale","extraBlockID":null,"locationInScheduleDay":26957,"longitude":-122.6560938,"blockID":7734,"offRoute":false,"nextLocID":6216,"vehicleID":3046,"signMessage":"77 To Troutdale","extraTripID":null,"nextStopSeq":23,"routeNumber":77,"vehicleLoad":"unknown","bearing":90,"lastStopSeq":22,"inCongestion":false,"delay":-144,"latitude":45.5343498},{"tripID":4419226,"serviceDate":1395730800000,"direction":1,"garage":"POWELL","type":"bus","lastLocID":10867,"messageCode":813,"time":1395757888976,"expires":1395758306000,"signMessageLong":"77  Broadway/Halsey to Montgomery Park","extraBlockID":null,"locationInScheduleDay":26977,"longitude":-122.6565892,"blockID":7738,"offRoute":false,"nextLocID":10876,"vehicleID":3035,"signMessage":"77 Montgomry Pk","extraTripID":null,"nextStopSeq":83,"routeNumber":77,"vehicleLoad":"unknown","bearing":180,"lastStopSeq":82,"inCongestion":false,"delay":-109,"latitude":45.5336613},{"tripID":4411570,"serviceDate":1395730800000,"direction":1,"garage":"POWELL","type":"bus","lastLocID":1831,"messageCode":268,"time":1395757868109,"expires":1395758286000,"signMessageLong":"14  Hawthorne to Portland","extraBlockID":null,"locationInScheduleDay":27066,"longitude":-122.5662917,"blockID":1434,"offRoute":false,"nextLocID":13236,"vehicleID":3027,"signMessage":"14 To Portland","extraTripID":null,"nextStopSeq":2,"routeNumber":14,"vehicleLoad":"unknown","bearing":291,"lastStopSeq":1,"inCongestion":false,"delay":0,"latitude":45.4791765},{"tripID":4419227,"serviceDate":1395730800000,"direction":1,"garage":"CENTER","type":"bus","lastLocID":7510,"messageCode":813,"time":1395757889006,"expires":1395758306000,"signMessageLong":"77  Broadway/Halsey to Montgomery Park","extraBlockID":null,"locationInScheduleDay":27107,"longitude":-122.620309,"blockID":7702,"offRoute":false,"nextLocID":10869,"vehicleID":2005,"signMessage":"77 Montgomry Pk","extraTripID":null,"nextStopSeq":68,"routeNumber":77,"vehicleLoad":"unknown","bearing":179,"lastStopSeq":67,"inCongestion":false,"delay":21,"latitude":45.5347788},{"tripID":4411568,"serviceDate":1395730800000,"direction":1,"garage":"CENTER","type":"bus","lastLocID":1831,"messageCode":268,"time":1395757895291,"expires":1395758314000,"signMessageLong":"14  Hawthorne to Portland","extraBlockID":null,"locationInScheduleDay":27015,"longitude":-122.5671382,"blockID":1402,"offRoute":false,"nextLocID":13236,"vehicleID":2014,"signMessage":"14 To Portland","extraTripID":null,"nextStopSeq":2,"routeNumber":14,"vehicleLoad":"unknown","bearing":292,"lastStopSeq":1,"inCongestion":false,"delay":-79,"latitude":45.4794111}],"queryTime":1395757908911}}
