{"resultSet":{"vehicle":[{"tripID":4411642,"serviceDate":1395644400000,"direction":1,"garage":"CENTER","type":"bus","lastLocID":3633,"messageCode":268,"time":1395736161032,"expires":1395736579000,"signMessageLong":"14  Hawthorne to Portland","extraBlockID":null,"locationInScheduleDay":91847,"longitude":-122.6658144,"blockID":1406,"offRoute":false,"nextLocID":2642,"vehicleID":3128,"signMessage":"14 To Portland","extraTripID":null,"nextStopSeq":42,"routeNumber":14,"vehicleLoad":"unknown","bearing":267,"lastStopSeq":41,"inCongestion":false,"delay":88,"latitude":45.5129535},{"tripID":4418298,"serviceDate":1395644400000,"direction":1,"garage":"POWELL","type":"bus","lastLocID":7961,"messageCode":760,"time":1395736161015,"expires":1395736579000,"signMessageLong":"72  Killingsworth/82nd to Clackamas TC","extraBlockID":null,"locationInScheduleDay":91837,"longitude":-122.5790962,"blockID":7236,"offRoute":false,"nextLocID":7950,"vehicleID":3022,"signMessage":"72 Clackamas TC","extraTripID":null,"nextStopSeq":95,"routeNumber":72,"vehicleLoad":"unknown","bearing":180,"lastStopSeq":94,"inCongestion":false,"delay":78,"latitude":45.4753275},{"tripID":4417969,"serviceDate":1395644400000,"direction":0,"garage":"POWELL","type":"bus","lastLocID":5890,"messageCode":null,"time":1395736157000,"expires":1395736577000,"signMessageLong":null,"extraBlockID":null,"locationInScheduleDay":null,"longitude":-122.6669,"blockID":7238,"offRoute":false,"nextLocID":10957,"vehicleID":3035,"signMessage":null,"extraTripID":null,"nextStopSeq":null,"routeNumber":72,"vehicleLoad":"unknown","bearing":null,"lastStopSeq":null,"inCongestion":false,"delay":15,"latitude":45.561517}],"queryTime":1395736187737}}
