{"resultSet":{"vehicle":[{"tripID":4411577,"serviceDate":1395730800000,"direction":1,"garage":"POWELL","type":"bus","lastLocID":8242,"messageCode":268,"time":1395762443458,"expires":1395762861000,"signMessageLong":"14  Hawthorne to Portland","extraBlockID":null,"locationInScheduleDay":31763,"longitude":-122.6110244,"blockID":1436,"offRoute":false,"nextLocID":7654,"vehicleID":2206,"signMessage":"14 To Portland","extraTripID":null,"nextStopSeq":21,"routeNumber":14,"vehicleLoad":"unknown","bearing":0,"lastStopSeq":20,"inCongestion":false,"delay":122,"latitude":45.5038483},{"tripID":4419232,"serviceDate":1395730800000,"direction":1,"garage":"POWELL","type":"bus","lastLocID":2443,"messageCode":813,"time":1395762446364,"expires":1395762864000,"signMessageLong":"77  Broadway/Halsey to Montgomery Park","extraBlockID":null,"locationInScheduleDay":31620,"longitude":-122.5965095,"blockID":7735,"offRoute":false,"nextLocID":2441,"vehicleID":2222,"signMessage":"77 Montgomry Pk","extraTripID":null,"nextStopSeq":59,"routeNumber":77,"vehicleLoad":"unknown","bearing":270,"lastStopSeq":58,"inCongestion":false,"delay":-24,"latitude":45.5336763},{"tripID":4419092,"serviceDate":1395730800000,"direction":0,"garage":"POWELL","type":"bus","lastLocID":9472,"messageCode":809,"time":1395762455617,"expires":1395762871000,"signMessageLong":"77  Broadway/Halsey to Troutdale","extraBlockID":null,"locationInScheduleDay":31195,"longitude":-122.3986988,"blockID":7736,"offRoute":false,"nextLocID":9481,"vehicleID":2221,"signMessage":"77 To Troutdale","extraTripID":null,"nextStopSeq":102,"routeNumber":77,"vehicleLoad":"unknown","bearing":83,"lastStopSeq":101,"inCongestion":false,"delay":0,"latitude":45.5443317},{"tripID":4411578,"serviceDate":1395730800000,"direction":1,"garage":"POWELL","type":"bus","lastLocID":1818,"messageCode":268,"time":1395762455616,"expires":1395762873000,"signMessageLong":"14  Hawthorne to Portland","extraBlockID":null,"locationInScheduleDay":31547,"longitude":-122.5823377,"blockID":1438,"offRoute":false,"nextLocID":1815,"vehicleID":2220,"signMessage":"14 To Portland","extraTripID":null,"nextStopSeq":7,"routeNumber":14,"vehicleLoad":"unknown","bearing":298,"lastStopSeq":6,"inCongestion":false,"delay":-106,"latitude":45.4841305},{"tripID":4411575,"serviceDate":1395730800000,"direction":1,"garage":"POWELL","type":"bus","lastLocID":2609,"messageCode":268,"time":1395762380338,"expires":1395762798000,"signMessageLong":"14  Hawthorne to Portland","extraBlockID":null,"locationInScheduleDay":31605,"longitude":-122.6438132,"blockID":1437,"offRoute":false,"nextLocID":2606,"vehicleID":2270,"signMessage":"14 To Portland","extraTripID":null,"nextStopSeq":36,"routeNumber":14,"vehicleLoad":"unknown","bearing":270,"lastStopSeq":35,"inCongestion":false,"delay":27,"latitude":45.5120928},{"tripID":4417884,"serviceDate":1395730800000,"direction":0,"garage":"POWELL","type":"bus","lastLocID":7970,"messageCode":766,"time":1395762458349,"expires":1395762875000,"signMessageLong":"72  Killingsworth/82nd to Swan Island-Anchor St","extraBlockID":null,"locationInScheduleDay":31656,"longitude":-122.579091,"blockID":7247,"offRoute":false,"nextLocID":7960,"vehicleID":2250,"signMessage":"72 Swan Island","extraTripID":null,"nextStopSeq":18,"routeNumber":72,"vehicleLoad":"unknown","bearing":359,"lastStopSeq":17,"inCongestion":false,"delay":1,"latitude":45.4738835},{"tripID":4417882,"serviceDate":1395730800000,"direction":0,"garage":"POWELL","type":"bus","lastLocID":8010,"messageCode":766,"time":1395762455640,"expires":1395762871000,"signMessageLong":"72  Killingsworth/82nd to Swan Island-Anchor St","extraBlockID":null,"locationInScheduleDay":31674,"longitude":-122.5789625,"blockID":7246,"offRoute":false,"nextLocID":7999,"vehicleID":2296,"signMessage":"72 Swan Island","extraTripID":null,"nextStopSeq":48,"routeNumber":72,"vehicleLoad":"unknown","bearing":0,"lastStopSeq":47,"inCongestion":false,"delay":23,"latitude":45.5333371},{"tripID":4419093,"serviceDate":1395730800000,"direction":0,"garage":"POWELL","type":"bus","lastLocID":2410,"messageCode":809,"time":1395762461667,"expires":1395762878000,"signMessageLong":"77  Broadway/Halsey to Troutdale","extraBlockID":null,"locationInScheduleDay":31464,"longitude":-122.4526263,"blockID":7737,"offRoute":false,"nextLocID":10125,"vehicleID":2285,"signMessage":"77 To Troutdale","extraTripID":null,"nextStopSeq":85,"routeNumber":77,"vehicleLoad":"unknown","bearing":90,"lastStopSeq":84,"inCongestion":false,"delay":-194,"latitude":45.5334079},{"tripID":4418205,"serviceDate":1395730800000,"direction":1,"garage":"POWELL","type":"bus","lastLocID":7961,"messageCode":760,"time":1395762455671,"expires":1395762872000,"signMessageLong":"72  Killingsworth/82nd to Clackamas TC","extraBlockID":null,"locationInScheduleDay":31695,"longitude":-122.5790937,"blockID":7252,"offRoute":false,"nextLocID":7950,"vehicleID":2283,"signMessage":"72 Clackamas TC","extraTripID":null,"nextStopSeq":95,"routeNumber":72,"vehicleLoad":"unknown","bearing":180,"lastStopSeq":94,"inCongestion":false,"delay":43,"latitude":45.4760135},{"tripID":4418204,"serviceDate":1395730800000,"direction":1,"garage":"POWELL","type":"bus","lastLocID":12921,"messageCode":760,"time":1395762446411,"expires":1395762864000,"signMessageLong":"72  Killingsworth/82nd to Clackamas TC","extraBlockID":null,"locationInScheduleDay":31820,"longitude":-122.5691118,"blockID":7244,"offRoute":false,"nextLocID":13247,"vehicleID":2276,"signMessage":"72 Clackamas TC","extraTripID":null,"nextStopSeq":111,"routeNumber":72,"vehicleLoad":"unknown","bearing":173,"lastStopSeq":110,"inCongestion":false,"delay":0,"latitude":45.4360027},{"tripID":4411579,"serviceDate":1395730800000,"direction":1,"garage":"POWELL","type":"bus","lastLocID":1831,"messageCode":268,"time":1395762440344,"expires":1395762857000,"signMessageLong":"14  Hawthorne to Portland","extraBlockID":null,"locationInScheduleDay":31637,"longitude":-122.5662917,"blockID":1439,"offRoute":false,"nextLocID":13236,"vehicleID":2275,"signMessage":"14 To Portland","extraTripID":null,"nextStopSeq":2,"routeNumber":14,"vehicleLoad":"unknown","bearing":291,"lastStopSeq":1,"inCongestion":false,"delay":0,"latitude":45.4791765},{"tripID":4413883,"serviceDate":1395730800000,"direction":1,"garage":"CENTER","type":"bus","lastLocID":7800,"messageCode":467,"time":1395762458236,"expires":1395762877000,"signMessageLong":"31  Downtown Only","extraBlockID":null,"locationInScheduleDay":31758,"longitude":-122.6776895,"blockID":3003,"offRoute":false,"nextLocID":7797,"vehicleID":2119,"signMessage":"31 Downtown Only","extraTripID":null,"nextStopSeq":39,"routeNumber":31,"vehicleLoad":"unknown","bearing":21,"lastStopSeq":38,"inCongestion":false,"delay":101,"latitude":45.5208628},{"tripID":4417322,"serviceDate":1395730800000,"direction":1,"garage":"CENTER","type":"bus","lastLocID":6545,"messageCode":790,"time":1395762443408,"expires":1395762861000,"signMessageLong":"70  12th Ave to Milwaukie via 13th & Tacoma","extraBlockID":null,"locationInScheduleDay":31273,"longitude":-122.6547486,"blockID":7006,"offRoute":false,"nextLocID":6544,"vehicleID":2150,"signMessage":"70 To Milw via 13","extraTripID":null,"nextStopSeq":56,"routeNumber":70,"vehicleLoad":"unknown","bearing":180,"lastStopSeq":55,"inCongestion":false,"delay":-368,"latitude":45.5049482},{"tripID":4417170,"serviceDate":1395730800000,"direction":0,"garage":"CENTER","type":"bus","lastLocID":9339,"messageCode":783,"time":1395762461576,"expires":1395762879000,"signMessageLong":"70  33rd Ave to NE Sunderland","extraBlockID":null,"locationInScheduleDay":31609,"longitude":-122.6355008,"blockID":7008,"offRoute":false,"nextLocID":11171,"vehicleID":2506,"signMessage":"70 To Sunderlnd","extraTripID":null,"nextStopSeq":77,"routeNumber":70,"vehicleLoad":"unknown","bearing":346,"lastStopSeq":76,"inCongestion":false,"delay":-50,"latitude":45.5952741},{"tripID":4417881,"serviceDate":1395730800000,"direction":0,"garage":"POWELL","type":"bus","lastLocID":7927,"messageCode":766,"time":1395762446301,"expires":1395762865000,"signMessageLong":"72  Killingsworth/82nd to Swan Island-Anchor St","extraBlockID":null,"locationInScheduleDay":31675,"longitude":-122.5785117,"blockID":7238,"offRoute":false,"nextLocID":3216,"vehicleID":2527,"signMessage":"72 Swan Island","extraTripID":null,"nextStopSeq":62,"routeNumber":72,"vehicleLoad":"unknown","bearing":0,"lastStopSeq":61,"inCongestion":false,"delay":30,"latitude":45.5623294},{"tripID":4417174,"serviceDate":1395730800000,"direction":0,"garage":"CENTER","type":"bus","lastLocID":13477,"messageCode":781,"time":1395762446301,"expires":1395762863000,"signMessageLong":"70  12th/NE 33rd Ave to NE Sunderland via 17th & Tacoma","extraBlockID":null,"locationInScheduleDay":31643,"longitude":-122.6407309,"blockID":7002,"offRoute":false,"nextLocID":8225,"vehicleID":2524,"signMessage":"70 To Sunderland via 17th","extraTripID":null,"nextStopSeq":2,"routeNumber":70,"vehicleLoad":"unknown","bearing":81,"lastStopSeq":1,"inCongestion":false,"delay":0,"latitude":45.4448667},{"tripID":4419230,"serviceDate":1395730800000,"direction":1,"garage":"CENTER","type":"bus","lastLocID":2062,"messageCode":813,"time":1395762461583,"expires":1395762880000,"signMessageLong":"77  Broadway/Halsey to Montgomery Park","extraBlockID":null,"locationInScheduleDay":31647,"longitude":-122.6885147,"blockID":7701,"offRoute":false,"nextLocID":2086,"vehicleID":2512,"signMessage":"77 Montgomry Pk","extraTripID":null,"nextStopSeq":93,"routeNumber":77,"vehicleLoad":"unknown","bearing":269,"lastStopSeq":92,"inCongestion":false,"delay":-13,"latitude":45.5264013},{"tripID":4418208,"serviceDate":1395730800000,"direction":1,"garage":"POWELL","type":"bus","lastLocID":3198,"messageCode":760,"time":1395762446316,"expires":1395762862000,"signMessageLong":"72  Killingsworth/82nd to Clackamas TC","extraBlockID":null,"locationInScheduleDay":31750,"longitude":-122.6201806,"blockID":7239,"offRoute":false,"nextLocID":3199,"vehicleID":2540,"signMessage":"72 Clackamas TC","extraTripID":null,"nextStopSeq":40,"routeNumber":72,"vehicleLoad":"unknown","bearing":90,"lastStopSeq":39,"inCongestion":false,"delay":108,"latitude":45.5628121},{"tripID":4417883,"serviceDate":1395730800000,"direction":0,"garage":"POWELL","type":"bus","lastLocID":7957,"messageCode":766,"time":1395762458326,"expires":1395762875000,"signMessageLong":"72  Killingsworth/82nd to Swan Island-Anchor St","extraBlockID":null,"locationInScheduleDay":31655,"longitude":-122.5786991,"blockID":7240,"offRoute":false,"nextLocID":12755,"vehicleID":2533,"signMessage":"72 Swan Island","extraTripID":null,"nextStopSeq":34,"routeNumber":72,"vehicleLoad":"unknown","bearing":359,"lastStopSeq":33,"inCongestion":false,"delay":0,"latitude":45.5047863},{"tripID":4417880,"serviceDate":1395730800000,"direction":0,"garage":"POWELL","type":"bus","lastLocID":3194,"messageCode":766,"time":1395762446465,"expires":1395762862000,"signMessageLong":"72  Killingsworth/82nd to Swan Island-Anchor St","extraBlockID":null,"locationInScheduleDay":31537,"longitude":-122.6284904,"blockID":7236,"offRoute":false,"nextLocID":3192,"vehicleID":2552,"signMessage":"72 Swan Island","extraTripID":null,"nextStopSeq":78,"routeNumber":72,"vehicleLoad":"unknown","bearing":269,"lastStopSeq":77,"inCongestion":false,"delay":-105,"latitude":45.5627411},{"tripID":4413884,"serviceDate":1395730800000,"direction":1,"garage":"POWELL","type":"bus","lastLocID":3235,"messageCode":458,"time":1395762446452,"expires":1395762864000,"signMessageLong":"31  To Milwaukie","extraBlockID":null,"locationInScheduleDay":31623,"longitude":-122.5989621,"blockID":3134,"offRoute":false,"nextLocID":3232,"vehicleID":2555,"signMessage":"31 To Milwaukie","extraTripID":null,"nextStopSeq":10,"routeNumber":31,"vehicleLoad":"unknown","bearing":269,"lastStopSeq":9,"inCongestion":false,"delay":-21,"latitude":45.4479494},{"tripID":4417886,"serviceDate":1395730800000,"direction":0,"garage":"POWELL","type":"bus","lastLocID":13248,"messageCode":766,"time":1395762455707,"expires":1395762873000,"signMessageLong":"72  Killingsworth/82nd to Swan Island-Anchor St","extraBlockID":null,"locationInScheduleDay":32184,"longitude":-122.5690815,"blockID":7242,"offRoute":false,"nextLocID":12922,"vehicleID":2548,"signMessage":"72 Swan Island","extraTripID":null,"nextStopSeq":2,"routeNumber":72,"vehicleLoad":"unknown","bearing":353,"lastStopSeq":1,"inCongestion":false,"delay":531,"latitude":45.4358222},{"tripID":4411320,"serviceDate":1395730800000,"direction":0,"garage":"POWELL","type":"bus","lastLocID":1804,"messageCode":266,"time":1395762443564,"expires":1395762860000,"signMessageLong":"14  Hawthorne to 94th & Foster","extraBlockID":null,"locationInScheduleDay":31644,"longitude":-122.5918329,"blockID":1440,"offRoute":false,"nextLocID":1808,"vehicleID":2308,"signMessage":"14 To 94-Foster","extraTripID":null,"nextStopSeq":37,"routeNumber":14,"vehicleLoad":"unknown","bearing":120,"lastStopSeq":36,"inCongestion":false,"delay":4,"latitude":45.4875898},{"tripID":4417879,"serviceDate":1395730800000,"direction":0,"garage":"POWELL","type":"bus","lastLocID":10957,"messageCode":766,"time":1395762461698,"expires":1395762880000,"signMessageLong":"72  Killingsworth/82nd to Swan Island-Anchor St","extraBlockID":null,"locationInScheduleDay":31693,"longitude":-122.6667315,"blockID":7253,"offRoute":false,"nextLocID":3187,"vehicleID":2318,"signMessage":"72 Swan Island","extraTripID":null,"nextStopSeq":94,"routeNumber":72,"vehicleLoad":"unknown","bearing":269,"lastStopSeq":93,"inCongestion":false,"delay":33,"latitude":45.5627279},{"tripID":4411321,"serviceDate":1395730800000,"direction":0,"garage":"POWELL","type":"bus","lastLocID":2612,"messageCode":266,"time":1395762464271,"expires":1395762881000,"signMessageLong":"14  Hawthorne to 94th & Foster","extraBlockID":null,"locationInScheduleDay":31655,"longitude":-122.6400895,"blockID":1435,"offRoute":false,"nextLocID":2614,"vehicleID":2316,"signMessage":"14 To 94-Foster","extraTripID":null,"nextStopSeq":13,"routeNumber":14,"vehicleLoad":"unknown","bearing":90,"lastStopSeq":12,"inCongestion":false,"delay":-6,"latitude":45.512086},{"tripID":4419231,"serviceDate":1395730800000,"direction":1,"garage":"CENTER","type":"bus","lastLocID":643,"messageCode":813,"time":1395762455592,"expires":1395762873000,"signMessageLong":"77  Broadway/Halsey to Montgomery Park","extraBlockID":null,"locationInScheduleDay":31615,"longitude":-122.6335389,"blockID":7705,"offRoute":false,"nextLocID":641,"vehicleID":2720,"signMessage":"77 Montgomry Pk","extraTripID":null,"nextStopSeq":74,"routeNumber":77,"vehicleLoad":"unknown","bearing":269,"lastStopSeq":73,"inCongestion":false,"delay":-38,"latitude":45.53516},{"tripID":4411574,"serviceDate":1395730800000,"direction":1,"garage":"CENTER","type":"bus","lastLocID":2642,"messageCode":266,"time":1395762464207,"expires":1395762882000,"signMessageLong":"14  Hawthorne to 94th & Foster","extraBlockID":null,"locationInScheduleDay":31535,"longitude":-122.6661479,"blockID":1404,"offRoute":false,"nextLocID":11956,"vehicleID":2718,"signMessage":"14 To 94-Foster","extraTripID":null,"nextStopSeq":43,"routeNumber":14,"vehicleLoad":"unknown","bearing":256,"lastStopSeq":42,"inCongestion":false,"delay":-127,"latitude":45.5129151},{"tripID":4413801,"serviceDate":1395730800000,"direction":0,"garage":"CENTER","type":"bus","lastLocID":7942,"messageCode":456,"time":1395762461578,"expires":1395762879000,"signMessageLong":"31  Clackamas Town Center","extraBlockID":null,"locationInScheduleDay":31626,"longitude":-122.5773259,"blockID":3101,"offRoute":false,"nextLocID":12921,"vehicleID":2714,"signMessage":"31 To Clackamas Town Ctr","extraTripID":null,"nextStopSeq":23,"routeNumber":31,"vehicleLoad":"unknown","bearing":64,"lastStopSeq":22,"inCongestion":false,"delay":-33,"latitude":45.4371152},{"tripID":4417173,"serviceDate":1395730800000,"direction":0,"garage":"CENTER","type":"bus","lastLocID":8225,"messageCode":782,"time":1395762443421,"expires":1395762861000,"signMessageLong":"70  12th/NE 33rd Ave to NE Sunderland via 13th & Tacoma","extraBlockID":null,"locationInScheduleDay":31519,"longitude":-122.6405823,"blockID":7007,"offRoute":false,"nextLocID":6871,"vehicleID":2709,"signMessage":"70 To Sunderland via 13th","extraTripID":null,"nextStopSeq":3,"routeNumber":70,"vehicleLoad":"unknown","bearing":263,"lastStopSeq":2,"inCongestion":false,"delay":-122,"latitude":45.4456494},{"tripID":4417324,"serviceDate":1395730800000,"direction":1,"garage":"CENTER","type":"bus","lastLocID":8304,"messageCode":788,"time":1395762278334,"expires":1395762695000,"signMessageLong":"70  12th/NE 33rd Ave to Milwaukie","extraBlockID":null,"locationInScheduleDay":31315,"longitude":-122.6418046,"blockID":7001,"offRoute":false,"nextLocID":8507,"vehicleID":2704,"signMessage":"70 To Milwaukie","extraTripID":null,"nextStopSeq":10,"routeNumber":70,"vehicleLoad":"unknown","bearing":107,"lastStopSeq":9,"inCongestion":false,"delay":-160,"latitude":45.576067},{"tripID":4417171,"serviceDate":1395730800000,"direction":0,"garage":"CENTER","type":"bus","lastLocID":7138,"messageCode":783,"time":1395762431408,"expires":1395762850000,"signMessageLong":"70  33rd Ave to NE Sunderland","extraBlockID":null,"locationInScheduleDay":31679,"longitude":-122.6448414,"blockID":7003,"offRoute":false,"nextLocID":6237,"vehicleID":2705,"signMessage":"70 To Sunderlnd","extraTripID":null,"nextStopSeq":43,"routeNumber":70,"vehicleLoad":"unknown","bearing":0,"lastStopSeq":42,"inCongestion":false,"delay":49,"latitude":45.5342166},{"tripID":4417323,"serviceDate":1395730800000,"direction":1,"garage":"CENTER","type":"bus","lastLocID":6580,"messageCode":789,"time":1395762425531,"expires":1395762842000,"signMessageLong":"70  12th Ave to Milwaukie via 17th & Tacoma","extraBlockID":null,"locationInScheduleDay":31797,"longitude":-122.6535864,"blockID":7004,"offRoute":false,"nextLocID":6577,"vehicleID":2701,"signMessage":"70 To Milw via 17","extraTripID":null,"nextStopSeq":47,"routeNumber":70,"vehicleLoad":"unknown","bearing":180,"lastStopSeq":46,"inCongestion":false,"delay":175,"latitude":45.5234585},{"tripID":4419094,"serviceDate":1395730800000,"direction":0,"garage":"CENTER","type":"bus","lastLocID":2356,"messageCode":809,"time":1395762440358,"expires":1395762857000,"signMessageLong":"77  Broadway/Halsey to Troutdale","extraBlockID":null,"locationInScheduleDay":31633,"longitude":-122.5519549,"blockID":7704,"offRoute":false,"nextLocID":2357,"vehicleID":2614,"signMessage":"77 To Troutdale","extraTripID":null,"nextStopSeq":58,"routeNumber":77,"vehicleLoad":"unknown","bearing":90,"lastStopSeq":57,"inCongestion":false,"delay":-4,"latitude":45.5335109},{"tripID":4411576,"serviceDate":1395730800000,"direction":1,"garage":"CENTER","type":"bus","lastLocID":2632,"messageCode":268,"time":1395762356150,"expires":1395762772000,"signMessageLong":"14  Hawthorne to Portland","extraBlockID":null,"locationInScheduleDay":31614,"longitude":-122.6193678,"blockID":1401,"offRoute":false,"nextLocID":2629,"vehicleID":2608,"signMessage":"14 To Portland","extraTripID":null,"nextStopSeq":27,"routeNumber":14,"vehicleLoad":"unknown","bearing":270,"lastStopSeq":26,"inCongestion":false,"delay":62,"latitude":45.5120388},{"tripID":4417325,"serviceDate":1395730800000,"direction":1,"garage":"CENTER","type":"bus","lastLocID":9368,"messageCode":788,"time":1395762467318,"expires":1395762886000,"signMessageLong":"70  12th/NE 33rd Ave to Milwaukie","extraBlockID":null,"locationInScheduleDay":31666,"longitude":-122.6357648,"blockID":7010,"offRoute":false,"nextLocID":9414,"vehicleID":2623,"signMessage":"70 To Milwaukie","extraTripID":null,"nextStopSeq":2,"routeNumber":70,"vehicleLoad":"unknown","bearing":180,"lastStopSeq":1,"inCongestion":false,"delay":0,"latitude":45.5898735},{"tripID":4419229,"serviceDate":1395730800000,"direction":1,"garage":"CENTER","type":"bus","lastLocID":8483,"messageCode":813,"time":1395762446387,"expires":1395762864000,"signMessageLong":"77  Broadway/Halsey to Montgomery Park","extraBlockID":null,"locationInScheduleDay":31362,"longitude":-122.7069345,"blockID":7707,"offRoute":false,"nextLocID":8484,"vehicleID":2653,"signMessage":"77 Montgomry Pk","extraTripID":null,"nextStopSeq":109,"routeNumber":77,"vehicleLoad":"unknown","bearing":178,"lastStopSeq":108,"inCongestion":false,"delay":0,"latitude":45.5377966},{"tripID":4417172,"serviceDate":1395730800000,"direction":0,"garage":"CENTER","type":"bus","lastLocID":6876,"messageCode":780,"time":1395762458379,"expires":1395762877000,"signMessageLong":"70  12th/NE 33rd Ave to NE Sunderland","extraBlockID":null,"locationInScheduleDay":31472,"longitude":-122.6483513,"blockID":7009,"offRoute":false,"nextLocID":6849,"vehicleID":2626,"signMessage":"70 To Sunderlnd","extraTripID":null,"nextStopSeq":21,"routeNumber":70,"vehicleLoad":"unknown","bearing":0,"lastStopSeq":20,"inCongestion":false,"delay":-185,"latitude":45.4923723},{"tripID":4419228,"serviceDate":1395730800000,"direction":1,"garage":"CENTER","type":"bus","lastLocID":8483,"messageCode":813,"time":1395762446412,"expires":1395762864000,"signMessageLong":"77  Broadway/Halsey to Montgomery Park","extraBlockID":null,"locationInScheduleDay":30400,"longitude":-122.7069345,"blockID":7703,"offRoute":false,"nextLocID":8484,"vehicleID":2630,"signMessage":"77 Montgomry Pk","extraTripID":null,"nextStopSeq":109,"routeNumber":77,"vehicleLoad":"unknown","bearing":178,"lastStopSeq":108,"inCongestion":false,"delay":0,"latitude":45.5377966},{"tripID":4419233,"serviceDate":1395730800000,"direction":1,"garage":"CENTER","type":"bus","lastLocID":2398,"messageCode":813,"time":1395762458389,"expires":1395762877000,"signMessageLong":"77  Broadway/Halsey to Montgomery Park","extraBlockID":null,"locationInScheduleDay":31617,"longitude":-122.4929231,"blockID":7706,"offRoute":false,"nextLocID":2395,"vehicleID":2632,"signMessage":"77 Montgomry Pk","extraTripID":null,"nextStopSeq":26,"routeNumber":77,"vehicleLoad":"unknown","bearing":270,"lastStopSeq":25,"inCongestion":false,"delay":-40,"latitude":45.5343087},{"tripID":4418206,"serviceDate":1395730800000,"direction":1,"garage":"POWELL","type":"bus","lastLocID":7937,"messageCode":760,"time":1395762446105,"expires":1395762862000,"signMessageLong":"72  Killingsworth/82nd to Clackamas TC","extraBlockID":null,"locationInScheduleDay":31601,"longitude":-122.5790837,"blockID":7237,"offRoute":false,"nextLocID":7931,"vehicleID":3004,"signMessage":"72 Clackamas TC","extraTripID":null,"nextStopSeq":71,"routeNumber":72,"vehicleLoad":"unknown","bearing":180,"lastStopSeq":70,"inCongestion":false,"delay":-41,"latitude":45.5212209},{"tripID":4417878,"serviceDate":1395730800000,"direction":0,"garage":"POWELL","type":"bus","lastLocID":2161,"messageCode":766,"time":1395762449484,"expires":1395762867000,"signMessageLong":"72  Killingsworth/82nd to Swan Island-Anchor St","extraBlockID":null,"locationInScheduleDay":31696,"longitude":-122.7019321,"blockID":7251,"offRoute":false,"nextLocID":115,"vehicleID":3003,"signMessage":"72 Swan Island","extraTripID":null,"nextStopSeq":108,"routeNumber":72,"vehicleLoad":"unknown","bearing":307,"lastStopSeq":107,"inCongestion":false,"delay":0,"latitude":45.5572096},{"tripID":4418209,"serviceDate":1395730800000,"direction":1,"garage":"POWELL","type":"bus","lastLocID":3153,"messageCode":760,"time":1395762458287,"expires":1395762877000,"signMessageLong":"72  Killingsworth/82nd to Clackamas TC","extraBlockID":null,"locationInScheduleDay":31612,"longitude":-122.6751271,"blockID":7241,"offRoute":false,"nextLocID":3171,"vehicleID":3048,"signMessage":"72 Clackamas TC","extraTripID":null,"nextStopSeq":15,"routeNumber":72,"vehicleLoad":"unknown","bearing":89,"lastStopSeq":14,"inCongestion":false,"delay":-45,"latitude":45.5626892},{"tripID":4417885,"serviceDate":1395730800000,"direction":0,"garage":"POWELL","type":"bus","lastLocID":12922,"messageCode":766,"time":1395762443428,"expires":1395762859000,"signMessageLong":"72  Killingsworth/82nd to Swan Island-Anchor St","extraBlockID":null,"locationInScheduleDay":31620,"longitude":-122.5740057,"blockID":7235,"offRoute":false,"nextLocID":7941,"vehicleID":3053,"signMessage":"72 Swan Island","extraTripID":null,"nextStopSeq":3,"routeNumber":72,"vehicleLoad":"unknown","bearing":271,"lastStopSeq":2,"inCongestion":false,"delay":-19,"latitude":45.4374107},{"tripID":4418207,"serviceDate":1395730800000,"direction":1,"garage":"POWELL","type":"bus","lastLocID":8038,"messageCode":760,"time":1395762440241,"expires":1395762857000,"signMessageLong":"72  Killingsworth/82nd to Clackamas TC","extraBlockID":null,"locationInScheduleDay":31666,"longitude":-122.5786871,"blockID":7245,"offRoute":false,"nextLocID":7934,"vehicleID":3052,"signMessage":"72 Clackamas TC","extraTripID":null,"nextStopSeq":56,"routeNumber":72,"vehicleLoad":"unknown","bearing":180,"lastStopSeq":55,"inCongestion":false,"delay":29,"latitude":45.5525756},{"tripID":4418210,"serviceDate":1395730800000,"direction":1,"garage":"POWELL","type":"bus","lastLocID":115,"messageCode":760,"time":1395762458301,"expires":1395762875000,"signMessageLong":"72  Killingsworth/82nd to Clackamas TC","extraBlockID":null,"locationInScheduleDay":31655,"longitude":-122.703865,"blockID":7234,"offRoute":false,"nextLocID":8681,"vehicleID":3054,"signMessage":"72 Clackamas TC","extraTripID":null,"nextStopSeq":2,"routeNumber":72,"vehicleLoad":"unknown","bearing":159,"lastStopSeq":1,"inCongestion":false,"delay":0,"latitude":45.5567629},{"tripID":4419234,"serviceDate":1395730800000,"direction":1,"garage":"POWELL","type":"bus","lastLocID":2333,"messageCode":813,"time":1395762425562,"expires":1395762842000,"signMessageLong":"77  Broadway/Halsey to Montgomery Park","extraBlockID":null,"locationInScheduleDay":31766,"longitude":-122.4180628,"blockID":7734,"offRoute":false,"nextLocID":2420,"vehicleID":3046,"signMessage":"77 Montgomry Pk","extraTripID":null,"nextStopSeq":9,"routeNumber":77,"vehicleLoad":"unknown","bearing":259,"lastStopSeq":8,"inCongestion":false,"delay":144,"latitude":45.5371605},{"tripID":4419095,"serviceDate":1395730800000,"direction":0,"garage":"POWELL","type":"bus","lastLocID":648,"messageCode":809,"time":1395762446120,"expires":1395762862000,"signMessageLong":"77  Broadway/Halsey to Troutdale","extraBlockID":null,"locationInScheduleDay":31731,"longitude":-122.6255222,"blockID":7738,"offRoute":false,"nextLocID":10870,"vehicleID":3035,"signMessage":"77 To Troutdale","extraTripID":null,"nextStopSeq":35,"routeNumber":77,"vehicleLoad":"unknown","bearing":90,"lastStopSeq":34,"inCongestion":false,"delay":89,"latitude":45.5351527},{"tripID":4417877,"serviceDate":1395730800000,"direction":0,"garage":"POWELL","type":"bus","lastLocID":3167,"messageCode":766,"time":1395762443412,"expires":1395762860000,"signMessageLong":"72  Killingsworth/82nd to Swan Island-Anchor St","extraBlockID":null,"locationInScheduleDay":31693,"longitude":-122.6950608,"blockID":7243,"offRoute":false,"nextLocID":2227,"vehicleID":3025,"signMessage":"72 Swan Island","extraTripID":null,"nextStopSeq":105,"routeNumber":72,"vehicleLoad":"unknown","bearing":161,"lastStopSeq":104,"inCongestion":false,"delay":53,"latitude":45.5610976},{"tripID":4419096,"serviceDate":1395730800000,"direction":0,"garage":"CENTER","type":"bus","lastLocID":1608,"messageCode":809,"time":1395762455608,"expires":1395762872000,"signMessageLong":"77  Broadway/Halsey to Troutdale","extraBlockID":null,"locationInScheduleDay":31586,"longitude":-122.6837876,"blockID":7702,"offRoute":false,"nextLocID":1607,"vehicleID":2005,"signMessage":"77 To Troutdale","extraTripID":null,"nextStopSeq":14,"routeNumber":77,"vehicleLoad":"unknown","bearing":88,"lastStopSeq":13,"inCongestion":false,"delay":-66,"latitude":45.5250698}],"queryTime":1395762469100}}
