{"resultSet":{"vehicle":[{"tripID":4411313,"serviceDate":1395730800000,"direction":0,"garage":"POWELL","type":"bus","lastLocID":2625,"messageCode":266,"time":1395755032917,"expires":1395755450000,"signMessageLong":"14  Hawthorne to 94th & Foster","extraBlockID":null,"locationInScheduleDay":24420,"longitude":-122.6230796,"blockID":1436,"offRoute":false,"nextLocID":2628,"vehicleID":2206,"signMessage":"14 To 94-Foster","extraTripID":null,"nextStopSeq":19,"routeNumber":14,"vehicleLoad":"unknown","bearing":90,"lastStopSeq":18,"inCongestion":false,"delay":190,"latitude":45.5120448},{"tripID":4419089,"serviceDate":1395730800000,"direction":0,"garage":"POWELL","type":"bus","lastLocID":1611,"messageCode":809,"time":1395755065887,"expires":1395755482000,"signMessageLong":"77  Broadway/Halsey to Troutdale","extraBlockID":null,"locationInScheduleDay":24111,"longitude":-122.6889766,"blockID":7735,"offRoute":false,"nextLocID":1608,"vehicleID":2222,"signMessage":"77 To Troutdale","extraTripID":null,"nextStopSeq":13,"routeNumber":77,"vehicleLoad":"unknown","bearing":88,"lastStopSeq":12,"inCongestion":false,"delay":-151,"latitude":45.5249827},{"tripID":4419223,"serviceDate":1395730800000,"direction":1,"garage":"POWELL","type":"bus","lastLocID":11492,"messageCode":813,"time":1395755065867,"expires":1395755484000,"signMessageLong":"77  Broadway/Halsey to Montgomery Park","extraBlockID":null,"locationInScheduleDay":24276,"longitude":-122.6628838,"blockID":7736,"offRoute":false,"nextLocID":2592,"vehicleID":2221,"signMessage":"77 Montgomry Pk","extraTripID":null,"nextStopSeq":86,"routeNumber":77,"vehicleLoad":"unknown","bearing":233,"lastStopSeq":85,"inCongestion":false,"delay":12,"latitude":45.5311162},{"tripID":4411562,"serviceDate":1395730800000,"direction":1,"garage":"POWELL","type":"bus","lastLocID":1831,"messageCode":268,"time":1395755065885,"expires":1395755483000,"signMessageLong":"14  Hawthorne to Portland","extraBlockID":null,"locationInScheduleDay":24367,"longitude":-122.5668365,"blockID":1437,"offRoute":false,"nextLocID":13236,"vehicleID":2264,"signMessage":"14 To Portland","extraTripID":null,"nextStopSeq":2,"routeNumber":14,"vehicleLoad":"unknown","bearing":291,"lastStopSeq":1,"inCongestion":false,"delay":104,"latitude":45.4793241},{"tripID":4419224,"serviceDate":1395730800000,"direction":1,"garage":"POWELL","type":"bus","lastLocID":650,"messageCode":813,"time":1395755071953,"expires":1395755491000,"signMessageLong":"77  Broadway/Halsey to Montgomery Park","extraBlockID":null,"locationInScheduleDay":24317,"longitude":-122.6196306,"blockID":7737,"offRoute":false,"nextLocID":7510,"vehicleID":2285,"signMessage":"77 Montgomry Pk","extraTripID":null,"nextStopSeq":67,"routeNumber":77,"vehicleLoad":"unknown","bearing":270,"lastStopSeq":66,"inCongestion":false,"delay":46,"latitude":45.5351279},{"tripID":4417869,"serviceDate":1395730800000,"direction":0,"garage":"POWELL","type":"bus","lastLocID":8055,"messageCode":766,"time":1395755063215,"expires":1395755480000,"signMessageLong":"72  Killingsworth/82nd to Swan Island-Anchor St","extraBlockID":null,"locationInScheduleDay":24297,"longitude":-122.5789793,"blockID":7244,"offRoute":false,"nextLocID":8036,"vehicleID":2276,"signMessage":"72 Swan Island","extraTripID":null,"nextStopSeq":51,"routeNumber":72,"vehicleLoad":"unknown","bearing":0,"lastStopSeq":50,"inCongestion":false,"delay":37,"latitude":45.5373825},{"tripID":4417163,"serviceDate":1395730800000,"direction":0,"garage":"CENTER","type":"bus","lastLocID":8854,"messageCode":783,"time":1395755063029,"expires":1395755481000,"signMessageLong":"70  33rd Ave to NE Sunderland","extraBlockID":null,"locationInScheduleDay":24079,"longitude":-122.6393258,"blockID":7005,"offRoute":false,"nextLocID":9550,"vehicleID":2132,"signMessage":"70 To Sunderlnd","extraTripID":null,"nextStopSeq":75,"routeNumber":70,"vehicleLoad":"unknown","bearing":115,"lastStopSeq":74,"inCongestion":false,"delay":-182,"latitude":45.5807806},{"tripID":4413878,"serviceDate":1395730800000,"direction":1,"garage":"CENTER","type":"bus","lastLocID":7524,"messageCode":462,"time":1395755059986,"expires":1395755479000,"signMessageLong":"31L Portland Limited","extraBlockID":null,"locationInScheduleDay":24015,"longitude":-122.6297794,"blockID":3001,"offRoute":false,"nextLocID":2574,"vehicleID":2123,"signMessage":"31L To Portland Limited","extraTripID":null,"nextStopSeq":5,"routeNumber":31,"vehicleLoad":"unknown","bearing":268,"lastStopSeq":4,"inCongestion":false,"delay":-244,"latitude":45.4465892},{"tripID":4417166,"serviceDate":1395730800000,"direction":0,"garage":"CENTER","type":"bus","lastLocID":13477,"messageCode":781,"time":1395755075001,"expires":1395755493000,"signMessageLong":"70  12th/NE 33rd Ave to NE Sunderland via 17th & Tacoma","extraBlockID":null,"locationInScheduleDay":24273,"longitude":-122.6407309,"blockID":7006,"offRoute":false,"nextLocID":8225,"vehicleID":2150,"signMessage":"70 To Sunderland via 17th","extraTripID":null,"nextStopSeq":2,"routeNumber":70,"vehicleLoad":"unknown","bearing":81,"lastStopSeq":1,"inCongestion":false,"delay":0,"latitude":45.4448667},{"tripID":4418197,"serviceDate":1395730800000,"direction":1,"garage":"POWELL","type":"bus","lastLocID":3153,"messageCode":760,"time":1395755083929,"expires":1395755501000,"signMessageLong":"72  Killingsworth/82nd to Clackamas TC","extraBlockID":null,"locationInScheduleDay":24387,"longitude":-122.6751271,"blockID":7238,"offRoute":false,"nextLocID":3171,"vehicleID":2527,"signMessage":"72 Clackamas TC","extraTripID":null,"nextStopSeq":15,"routeNumber":72,"vehicleLoad":"unknown","bearing":89,"lastStopSeq":14,"inCongestion":false,"delay":106,"latitude":45.5626892},{"tripID":4417165,"serviceDate":1395730800000,"direction":0,"garage":"CENTER","type":"bus","lastLocID":6893,"messageCode":780,"time":1395755081247,"expires":1395755497000,"signMessageLong":"70  12th/NE 33rd Ave to NE Sunderland","extraBlockID":null,"locationInScheduleDay":24250,"longitude":-122.6483643,"blockID":7002,"offRoute":false,"nextLocID":6863,"vehicleID":2524,"signMessage":"70 To Sunderlnd","extraTripID":null,"nextStopSeq":22,"routeNumber":70,"vehicleLoad":"unknown","bearing":0,"lastStopSeq":21,"inCongestion":false,"delay":-27,"latitude":45.4878663},{"tripID":4419087,"serviceDate":1395730800000,"direction":0,"garage":"CENTER","type":"bus","lastLocID":7999,"messageCode":809,"time":1395755060241,"expires":1395755477000,"signMessageLong":"77  Broadway/Halsey to Troutdale","extraBlockID":null,"locationInScheduleDay":24280,"longitude":-122.5760016,"blockID":7701,"offRoute":false,"nextLocID":2456,"vehicleID":2512,"signMessage":"77 To Troutdale","extraTripID":null,"nextStopSeq":53,"routeNumber":77,"vehicleLoad":"unknown","bearing":75,"lastStopSeq":52,"inCongestion":false,"delay":23,"latitude":45.5335491},{"tripID":4417866,"serviceDate":1395730800000,"direction":0,"garage":"POWELL","type":"bus","lastLocID":2161,"messageCode":766,"time":1395755060267,"expires":1395755477000,"signMessageLong":"72  Killingsworth/82nd to Swan Island-Anchor St","extraBlockID":null,"locationInScheduleDay":23783,"longitude":-122.7021949,"blockID":7240,"offRoute":false,"nextLocID":115,"vehicleID":2533,"signMessage":"72 Swan Island","extraTripID":null,"nextStopSeq":108,"routeNumber":72,"vehicleLoad":"unknown","bearing":307,"lastStopSeq":107,"inCongestion":false,"delay":0,"latitude":45.5573516},{"tripID":4418196,"serviceDate":1395730800000,"direction":1,"garage":"POWELL","type":"bus","lastLocID":52,"messageCode":760,"time":1395755081376,"expires":1395755498000,"signMessageLong":"72  Killingsworth/82nd to Clackamas TC","extraBlockID":null,"locationInScheduleDay":24253,"longitude":-122.6498776,"blockID":7236,"offRoute":false,"nextLocID":54,"vehicleID":2552,"signMessage":"72 Clackamas TC","extraTripID":null,"nextStopSeq":27,"routeNumber":72,"vehicleLoad":"unknown","bearing":89,"lastStopSeq":26,"inCongestion":false,"delay":-25,"latitude":45.5590995},{"tripID":4413798,"serviceDate":1395730800000,"direction":0,"garage":"POWELL","type":"bus","lastLocID":3234,"messageCode":457,"time":1395755060491,"expires":1395755478000,"signMessageLong":"31  Clackamas Town Center, continuing to Estacada","extraBlockID":null,"locationInScheduleDay":24271,"longitude":-122.5971243,"blockID":3134,"offRoute":false,"nextLocID":3250,"vehicleID":2555,"signMessage":"31 To Estacada via Clackamas","extraTripID":null,"nextStopSeq":15,"routeNumber":31,"vehicleLoad":"unknown","bearing":90,"lastStopSeq":14,"inCongestion":false,"delay":13,"latitude":45.4479414},{"tripID":4417868,"serviceDate":1395730800000,"direction":0,"garage":"POWELL","type":"bus","lastLocID":3207,"messageCode":768,"time":1395755078662,"expires":1395755495000,"signMessageLong":"72  Killingsworth/82nd to Swan Island-Shipyards","extraBlockID":null,"locationInScheduleDay":24095,"longitude":-122.6076065,"blockID":7242,"offRoute":false,"nextLocID":3205,"vehicleID":2548,"signMessage":"72 Swan Island","extraTripID":null,"nextStopSeq":71,"routeNumber":72,"vehicleLoad":"unknown","bearing":269,"lastStopSeq":70,"inCongestion":false,"delay":-180,"latitude":45.5627587},{"tripID":4411561,"serviceDate":1395730800000,"direction":1,"garage":"POWELL","type":"bus","lastLocID":12904,"messageCode":268,"time":1395755081369,"expires":1395755497000,"signMessageLong":"14  Hawthorne to Portland","extraBlockID":null,"locationInScheduleDay":24140,"longitude":-122.6031004,"blockID":1435,"offRoute":false,"nextLocID":1799,"vehicleID":2316,"signMessage":"14 To Portland","extraTripID":null,"nextStopSeq":15,"routeNumber":14,"vehicleLoad":"unknown","bearing":308,"lastStopSeq":14,"inCongestion":false,"delay":-137,"latitude":45.4928099},{"tripID":4413879,"serviceDate":1395730800000,"direction":1,"garage":"CENTER","type":"bus","lastLocID":13248,"messageCode":464,"time":1395755081244,"expires":1395755498000,"signMessageLong":"31  To Portland via Milwaukie","extraBlockID":null,"locationInScheduleDay":24172,"longitude":-122.5736641,"blockID":1403,"offRoute":false,"nextLocID":12922,"vehicleID":2725,"signMessage":"31 To Portland","extraTripID":null,"nextStopSeq":2,"routeNumber":31,"vehicleLoad":"unknown","bearing":271,"lastStopSeq":1,"inCongestion":false,"delay":-106,"latitude":45.4374063},{"tripID":4419088,"serviceDate":1395730800000,"direction":0,"garage":"CENTER","type":"bus","lastLocID":642,"messageCode":809,"time":1395755078388,"expires":1395755494000,"signMessageLong":"77  Broadway/Halsey to Troutdale","extraBlockID":null,"locationInScheduleDay":24322,"longitude":-122.6316293,"blockID":7705,"offRoute":false,"nextLocID":645,"vehicleID":2720,"signMessage":"77 To Troutdale","extraTripID":null,"nextStopSeq":32,"routeNumber":77,"vehicleLoad":"unknown","bearing":90,"lastStopSeq":31,"inCongestion":false,"delay":48,"latitude":45.5351598},{"tripID":4417164,"serviceDate":1395730800000,"direction":0,"garage":"CENTER","type":"bus","lastLocID":8938,"messageCode":783,"time":1395755051140,"expires":1395755470000,"signMessageLong":"70  33rd Ave to NE Sunderland","extraBlockID":null,"locationInScheduleDay":24163,"longitude":-122.6540092,"blockID":7007,"offRoute":false,"nextLocID":4047,"vehicleID":2709,"signMessage":"70 To Sunderlnd","extraTripID":null,"nextStopSeq":35,"routeNumber":70,"vehicleLoad":"unknown","bearing":90,"lastStopSeq":34,"inCongestion":false,"delay":-87,"latitude":45.5314901},{"tripID":4417315,"serviceDate":1395730800000,"direction":1,"garage":"CENTER","type":"bus","lastLocID":6542,"messageCode":789,"time":1395755081221,"expires":1395755499000,"signMessageLong":"70  12th Ave to Milwaukie via 17th & Tacoma","extraBlockID":null,"locationInScheduleDay":24213,"longitude":-122.6546745,"blockID":7001,"offRoute":false,"nextLocID":6551,"vehicleID":2704,"signMessage":"70 To Milw via 17","extraTripID":null,"nextStopSeq":51,"routeNumber":70,"vehicleLoad":"unknown","bearing":180,"lastStopSeq":50,"inCongestion":false,"delay":-66,"latitude":45.5159288},{"tripID":4417317,"serviceDate":1395730800000,"direction":1,"garage":"CENTER","type":"bus","lastLocID":9368,"messageCode":788,"time":1395755071916,"expires":1395755491000,"signMessageLong":"70  12th/NE 33rd Ave to Milwaukie","extraBlockID":null,"locationInScheduleDay":24271,"longitude":-122.6357648,"blockID":7003,"offRoute":false,"nextLocID":9414,"vehicleID":2705,"signMessage":"70 To Milwaukie","extraTripID":null,"nextStopSeq":2,"routeNumber":70,"vehicleLoad":"unknown","bearing":180,"lastStopSeq":1,"inCongestion":false,"delay":0,"latitude":45.5898735},{"tripID":4417314,"serviceDate":1395730800000,"direction":1,"garage":"CENTER","type":"bus","lastLocID":6872,"messageCode":791,"time":1395755060046,"expires":1395755478000,"signMessageLong":"70  To Milwaukie","extraBlockID":null,"locationInScheduleDay":24327,"longitude":-122.6431804,"blockID":7004,"offRoute":false,"nextLocID":13477,"vehicleID":2701,"signMessage":"70 To Milwaukie","extraTripID":null,"nextStopSeq":83,"routeNumber":70,"vehicleLoad":"unknown","bearing":111,"lastStopSeq":82,"inCongestion":false,"delay":0,"latitude":45.4453838},{"tripID":4419225,"serviceDate":1395730800000,"direction":1,"garage":"CENTER","type":"bus","lastLocID":2352,"messageCode":813,"time":1395755063244,"expires":1395755480000,"signMessageLong":"77  Broadway/Halsey to Montgomery Park","extraBlockID":null,"locationInScheduleDay":24055,"longitude":-122.5376414,"blockID":7704,"offRoute":false,"nextLocID":2367,"vehicleID":2614,"signMessage":"77 Montgomry Pk","extraTripID":null,"nextStopSeq":39,"routeNumber":77,"vehicleLoad":"unknown","bearing":270,"lastStopSeq":38,"inCongestion":false,"delay":-205,"latitude":45.533573},{"tripID":4411312,"serviceDate":1395730800000,"direction":0,"garage":"CENTER","type":"bus","lastLocID":6398,"messageCode":266,"time":1395755078604,"expires":1395755495000,"signMessageLong":"14  Hawthorne to 94th & Foster","extraBlockID":null,"locationInScheduleDay":24280,"longitude":-122.5652555,"blockID":1401,"offRoute":false,"nextLocID":8134,"vehicleID":2608,"signMessage":"14 To 94-Foster","extraTripID":null,"nextStopSeq":48,"routeNumber":14,"vehicleLoad":"unknown","bearing":110,"lastStopSeq":47,"inCongestion":false,"delay":5,"latitude":45.4781391},{"tripID":4419086,"serviceDate":1395730800000,"direction":0,"garage":"CENTER","type":"bus","lastLocID":2330,"messageCode":809,"time":1395755060436,"expires":1395755477000,"signMessageLong":"77  Broadway/Halsey to Troutdale","extraBlockID":null,"locationInScheduleDay":24324,"longitude":-122.4194103,"blockID":7703,"offRoute":false,"nextLocID":2421,"vehicleID":2630,"signMessage":"77 To Troutdale","extraTripID":null,"nextStopSeq":93,"routeNumber":77,"vehicleLoad":"unknown","bearing":79,"lastStopSeq":92,"inCongestion":false,"delay":67,"latitude":45.5369779},{"tripID":4417870,"serviceDate":1395730800000,"direction":0,"garage":"POWELL","type":"bus","lastLocID":7960,"messageCode":768,"time":1395755081202,"expires":1395755499000,"signMessageLong":"72  Killingsworth/82nd to Swan Island-Shipyards","extraBlockID":null,"locationInScheduleDay":23931,"longitude":-122.5790903,"blockID":7237,"offRoute":false,"nextLocID":8057,"vehicleID":3004,"signMessage":"72 Swan Island","extraTripID":null,"nextStopSeq":19,"routeNumber":72,"vehicleLoad":"unknown","bearing":0,"lastStopSeq":18,"inCongestion":false,"delay":-348,"latitude":45.4762384},{"tripID":4418193,"serviceDate":1395730800000,"direction":1,"garage":"POWELL","type":"bus","lastLocID":8018,"messageCode":760,"time":1395755065820,"expires":1395755482000,"signMessageLong":"72  Killingsworth/82nd to Clackamas TC","extraBlockID":null,"locationInScheduleDay":23932,"longitude":-122.5791284,"blockID":7241,"offRoute":false,"nextLocID":8016,"vehicleID":3048,"signMessage":"72 Clackamas TC","extraTripID":null,"nextStopSeq":105,"routeNumber":72,"vehicleLoad":"unknown","bearing":178,"lastStopSeq":104,"inCongestion":false,"delay":-330,"latitude":45.4534674},{"tripID":4417867,"serviceDate":1395730800000,"direction":0,"garage":"POWELL","type":"bus","lastLocID":3154,"messageCode":768,"time":1395755071923,"expires":1395755491000,"signMessageLong":"72  Killingsworth/82nd to Swan Island-Shipyards","extraBlockID":null,"locationInScheduleDay":24200,"longitude":-122.6748043,"blockID":7235,"offRoute":false,"nextLocID":3174,"vehicleID":3053,"signMessage":"72 Swan Island","extraTripID":null,"nextStopSeq":98,"routeNumber":72,"vehicleLoad":"unknown","bearing":269,"lastStopSeq":97,"inCongestion":false,"delay":-71,"latitude":45.5626905},{"tripID":4417871,"serviceDate":1395730800000,"direction":0,"garage":"POWELL","type":"bus","lastLocID":8015,"messageCode":766,"time":1395755078353,"expires":1395755494000,"signMessageLong":"72  Killingsworth/82nd to Swan Island-Anchor St","extraBlockID":null,"locationInScheduleDay":24302,"longitude":-122.5790666,"blockID":7245,"offRoute":false,"nextLocID":8017,"vehicleID":3052,"signMessage":"72 Swan Island","extraTripID":null,"nextStopSeq":8,"routeNumber":72,"vehicleLoad":"unknown","bearing":358,"lastStopSeq":7,"inCongestion":false,"delay":28,"latitude":45.4512325},{"tripID":4418194,"serviceDate":1395730800000,"direction":1,"garage":"POWELL","type":"bus","lastLocID":8024,"messageCode":760,"time":1395755081231,"expires":1395755498000,"signMessageLong":"72  Killingsworth/82nd to Clackamas TC","extraBlockID":null,"locationInScheduleDay":24352,"longitude":-122.578774,"blockID":7234,"offRoute":false,"nextLocID":13707,"vehicleID":3054,"signMessage":"72 Clackamas TC","extraTripID":null,"nextStopSeq":84,"routeNumber":72,"vehicleLoad":"unknown","bearing":180,"lastStopSeq":83,"inCongestion":false,"delay":74,"latitude":45.4946926},{"tripID":4419222,"serviceDate":1395730800000,"direction":1,"garage":"POWELL","type":"bus","lastLocID":8481,"messageCode":813,"time":1395755063103,"expires":1395755480000,"signMessageLong":"77  Broadway/Halsey to Montgomery Park","extraBlockID":null,"locationInScheduleDay":23883,"longitude":-122.7096133,"blockID":7734,"offRoute":false,"nextLocID":8482,"vehicleID":3046,"signMessage":"77 Montgomry Pk","extraTripID":null,"nextStopSeq":106,"routeNumber":77,"vehicleLoad":"unknown","bearing":277,"lastStopSeq":105,"inCongestion":false,"delay":-377,"latitude":45.5370475},{"tripID":4419226,"serviceDate":1395730800000,"direction":1,"garage":"POWELL","type":"bus","lastLocID":13505,"messageCode":813,"time":1395755075018,"expires":1395755492000,"signMessageLong":"77  Broadway/Halsey to Montgomery Park","extraBlockID":null,"locationInScheduleDay":24283,"longitude":-122.4511486,"blockID":7738,"offRoute":false,"nextLocID":2411,"vehicleID":3035,"signMessage":"77 Montgomry Pk","extraTripID":null,"nextStopSeq":17,"routeNumber":77,"vehicleLoad":"unknown","bearing":270,"lastStopSeq":16,"inCongestion":false,"delay":11,"latitude":45.533404},{"tripID":4411560,"serviceDate":1395730800000,"direction":1,"garage":"POWELL","type":"bus","lastLocID":2626,"messageCode":268,"time":1395755063053,"expires":1395755481000,"signMessageLong":"14  Hawthorne to Portland","extraBlockID":null,"locationInScheduleDay":23640,"longitude":-122.623213,"blockID":1434,"offRoute":false,"nextLocID":2624,"vehicleID":3027,"signMessage":"14 To Portland","extraTripID":null,"nextStopSeq":29,"routeNumber":14,"vehicleLoad":"unknown","bearing":270,"lastStopSeq":28,"inCongestion":false,"delay":-621,"latitude":45.5120449},{"tripID":4418195,"serviceDate":1395730800000,"direction":1,"garage":"POWELL","type":"bus","lastLocID":3211,"messageCode":760,"time":1395755078309,"expires":1395755495000,"signMessageLong":"72  Killingsworth/82nd to Clackamas TC","extraBlockID":null,"locationInScheduleDay":23977,"longitude":-122.5856245,"blockID":7243,"offRoute":false,"nextLocID":3186,"vehicleID":3025,"signMessage":"72 Clackamas TC","extraTripID":null,"nextStopSeq":50,"routeNumber":72,"vehicleLoad":"unknown","bearing":89,"lastStopSeq":49,"inCongestion":false,"delay":-298,"latitude":45.5626674},{"tripID":4419227,"serviceDate":1395730800000,"direction":1,"garage":"CENTER","type":"bus","lastLocID":9481,"messageCode":813,"time":1395755071930,"expires":1395755491000,"signMessageLong":"77  Broadway/Halsey to Montgomery Park","extraBlockID":null,"locationInScheduleDay":24271,"longitude":-122.3982117,"blockID":7702,"offRoute":false,"nextLocID":9471,"vehicleID":2005,"signMessage":"77 Montgomry Pk","extraTripID":null,"nextStopSeq":2,"routeNumber":77,"vehicleLoad":"unknown","bearing":85,"lastStopSeq":1,"inCongestion":false,"delay":0,"latitude":45.5443612},{"tripID":4413877,"serviceDate":1395730800000,"direction":1,"garage":"CENTER","type":"bus","lastLocID":3785,"messageCode":466,"time":1395755075106,"expires":1395755492000,"signMessageLong":"31  Portland","extraBlockID":null,"locationInScheduleDay":23923,"longitude":-122.6472474,"blockID":1402,"offRoute":false,"nextLocID":3858,"vehicleID":2014,"signMessage":"31 To Portland","extraTripID":null,"nextStopSeq":33,"routeNumber":31,"vehicleLoad":"unknown","bearing":304,"lastStopSeq":32,"inCongestion":false,"delay":-349,"latitude":45.4857943}],"queryTime":1395755088809}}
