{"resultSet":{"vehicle":[{"tripID":4411313,"serviceDate":1395730800000,"direction":0,"garage":"POWELL","type":"bus","lastLocID":2641,"messageCode":266,"time":1395754598118,"expires":1395755016000,"signMessageLong":"14  Hawthorne to 94th & Foster","extraBlockID":null,"locationInScheduleDay":23897,"longitude":-122.6611625,"blockID":1436,"offRoute":false,"nextLocID":2594,"vehicleID":2206,"signMessage":"14 To 94-Foster","extraTripID":null,"nextStopSeq":4,"routeNumber":14,"vehicleLoad":"unknown","bearing":90,"lastStopSeq":3,"inCongestion":false,"delay":101,"latitude":45.512244},{"tripID":4419089,"serviceDate":1395730800000,"direction":0,"garage":"POWELL","type":"bus","lastLocID":7168,"messageCode":809,"time":1395754582972,"expires":1395755002000,"signMessageLong":"77  Broadway/Halsey to Troutdale","extraBlockID":null,"locationInScheduleDay":23741,"longitude":-122.6954649,"blockID":7735,"offRoute":false,"nextLocID":10693,"vehicleID":2222,"signMessage":"77 To Troutdale","extraTripID":null,"nextStopSeq":5,"routeNumber":77,"vehicleLoad":"unknown","bearing":88,"lastStopSeq":4,"inCongestion":false,"delay":-41,"latitude":45.5355576},{"tripID":4419223,"serviceDate":1395730800000,"direction":1,"garage":"POWELL","type":"bus","lastLocID":647,"messageCode":813,"time":1395754586164,"expires":1395755005000,"signMessageLong":"77  Broadway/Halsey to Montgomery Park","extraBlockID":null,"locationInScheduleDay":23641,"longitude":-122.6295453,"blockID":7736,"offRoute":false,"nextLocID":644,"vehicleID":2221,"signMessage":"77 Montgomry Pk","extraTripID":null,"nextStopSeq":72,"routeNumber":77,"vehicleLoad":"unknown","bearing":270,"lastStopSeq":71,"inCongestion":false,"delay":-144,"latitude":45.5351573},{"tripID":4419224,"serviceDate":1395730800000,"direction":1,"garage":"POWELL","type":"bus","lastLocID":2455,"messageCode":813,"time":1395754598327,"expires":1395755015000,"signMessageLong":"77  Broadway/Halsey to Montgomery Park","extraBlockID":null,"locationInScheduleDay":23620,"longitude":-122.5839627,"blockID":7737,"offRoute":false,"nextLocID":2453,"vehicleID":2285,"signMessage":"77 Montgomry Pk","extraTripID":null,"nextStopSeq":55,"routeNumber":77,"vehicleLoad":"unknown","bearing":270,"lastStopSeq":54,"inCongestion":false,"delay":-175,"latitude":45.5336092},{"tripID":4417869,"serviceDate":1395730800000,"direction":0,"garage":"POWELL","type":"bus","lastLocID":12755,"messageCode":766,"time":1395754583004,"expires":1395755000000,"signMessageLong":"72  Killingsworth/82nd to Swan Island-Anchor St","extraBlockID":null,"locationInScheduleDay":23729,"longitude":-122.5786941,"blockID":7244,"offRoute":false,"nextLocID":8007,"vehicleID":2276,"signMessage":"72 Swan Island","extraTripID":null,"nextStopSeq":35,"routeNumber":72,"vehicleLoad":"unknown","bearing":359,"lastStopSeq":34,"inCongestion":false,"delay":-51,"latitude":45.5087731},{"tripID":4417163,"serviceDate":1395730800000,"direction":0,"garage":"CENTER","type":"bus","lastLocID":7383,"messageCode":783,"time":1395754556293,"expires":1395754974000,"signMessageLong":"70  33rd Ave to NE Sunderland","extraBlockID":null,"locationInScheduleDay":23760,"longitude":-122.6306815,"blockID":7005,"offRoute":false,"nextLocID":7380,"vehicleID":2132,"signMessage":"70 To Sunderlnd","extraTripID":null,"nextStopSeq":63,"routeNumber":70,"vehicleLoad":"unknown","bearing":0,"lastStopSeq":62,"inCongestion":false,"delay":6,"latitude":45.5625998},{"tripID":4413878,"serviceDate":1395730800000,"direction":1,"garage":"CENTER","type":"bus","lastLocID":12922,"messageCode":462,"time":1395754579657,"expires":1395754999000,"signMessageLong":"31L Portland Limited","extraBlockID":null,"locationInScheduleDay":23658,"longitude":-122.5789186,"blockID":3001,"offRoute":false,"nextLocID":3228,"vehicleID":2123,"signMessage":"31L To Portland Limited","extraTripID":null,"nextStopSeq":2,"routeNumber":31,"vehicleLoad":"unknown","bearing":0,"lastStopSeq":1,"inCongestion":false,"delay":-121,"latitude":45.4441703},{"tripID":4417166,"serviceDate":1395730800000,"direction":0,"garage":"CENTER","type":"bus","lastLocID":13477,"messageCode":781,"time":1395754594931,"expires":1395755013000,"signMessageLong":"70  12th/NE 33rd Ave to NE Sunderland via 17th & Tacoma","extraBlockID":null,"locationInScheduleDay":23793,"longitude":-122.6407309,"blockID":7006,"offRoute":false,"nextLocID":8225,"vehicleID":2150,"signMessage":"70 To Sunderland via 17th","extraTripID":null,"nextStopSeq":2,"routeNumber":70,"vehicleLoad":"unknown","bearing":81,"lastStopSeq":1,"inCongestion":false,"delay":0,"latitude":45.4448667},{"tripID":4417165,"serviceDate":1395730800000,"direction":0,"garage":"CENTER","type":"bus","lastLocID":6711,"messageCode":782,"time":1395754598077,"expires":1395755017000,"signMessageLong":"70  12th/NE 33rd Ave to NE Sunderland via 13th & Tacoma","extraBlockID":null,"locationInScheduleDay":23750,"longitude":-122.6530086,"blockID":7002,"offRoute":false,"nextLocID":6708,"vehicleID":2524,"signMessage":"70 To Sunderland via 13th","extraTripID":null,"nextStopSeq":10,"routeNumber":70,"vehicleLoad":"unknown","bearing":0,"lastStopSeq":9,"inCongestion":false,"delay":-47,"latitude":45.4635685},{"tripID":4419087,"serviceDate":1395730800000,"direction":0,"garage":"CENTER","type":"bus","lastLocID":2429,"messageCode":809,"time":1395754595010,"expires":1395755013000,"signMessageLong":"77  Broadway/Halsey to Troutdale","extraBlockID":null,"locationInScheduleDay":23800,"longitude":-122.6078874,"blockID":7701,"offRoute":false,"nextLocID":2430,"vehicleID":2512,"signMessage":"77 To Troutdale","extraTripID":null,"nextStopSeq":41,"routeNumber":77,"vehicleLoad":"unknown","bearing":90,"lastStopSeq":40,"inCongestion":false,"delay":7,"latitude":45.5337286},{"tripID":4418192,"serviceDate":1395730800000,"direction":1,"garage":"POWELL","type":"bus","lastLocID":12921,"messageCode":760,"time":1395754346446,"expires":1395754764000,"signMessageLong":"72  Killingsworth/82nd to Clackamas TC","extraBlockID":null,"locationInScheduleDay":23450,"longitude":-122.5692301,"blockID":7239,"offRoute":false,"nextLocID":13247,"vehicleID":2540,"signMessage":"72 Clackamas TC","extraTripID":null,"nextStopSeq":111,"routeNumber":72,"vehicleLoad":"unknown","bearing":181,"lastStopSeq":110,"inCongestion":false,"delay":0,"latitude":45.4368594},{"tripID":4417866,"serviceDate":1395730800000,"direction":0,"garage":"POWELL","type":"bus","lastLocID":2161,"messageCode":766,"time":1395754582936,"expires":1395755000000,"signMessageLong":"72  Killingsworth/82nd to Swan Island-Anchor St","extraBlockID":null,"locationInScheduleDay":23780,"longitude":-122.7020054,"blockID":7240,"offRoute":false,"nextLocID":115,"vehicleID":2533,"signMessage":"72 Swan Island","extraTripID":null,"nextStopSeq":108,"routeNumber":72,"vehicleLoad":"unknown","bearing":307,"lastStopSeq":107,"inCongestion":false,"delay":0,"latitude":45.5572492},{"tripID":4418196,"serviceDate":1395730800000,"direction":1,"garage":"POWELL","type":"bus","lastLocID":3169,"messageCode":760,"time":1395754601140,"expires":1395755018000,"signMessageLong":"72  Killingsworth/82nd to Clackamas TC","extraBlockID":null,"locationInScheduleDay":23835,"longitude":-122.6816809,"blockID":7236,"offRoute":false,"nextLocID":3173,"vehicleID":2552,"signMessage":"72 Clackamas TC","extraTripID":null,"nextStopSeq":13,"routeNumber":72,"vehicleLoad":"unknown","bearing":90,"lastStopSeq":12,"inCongestion":false,"delay":37,"latitude":45.5626669},{"tripID":4417868,"serviceDate":1395730800000,"direction":0,"garage":"POWELL","type":"bus","lastLocID":7991,"messageCode":768,"time":1395754579848,"expires":1395754999000,"signMessageLong":"72  Killingsworth/82nd to Swan Island-Shipyards","extraBlockID":null,"locationInScheduleDay":23613,"longitude":-122.5787761,"blockID":7242,"offRoute":false,"nextLocID":7967,"vehicleID":2548,"signMessage":"72 Swan Island","extraTripID":null,"nextStopSeq":56,"routeNumber":72,"vehicleLoad":"unknown","bearing":0,"lastStopSeq":55,"inCongestion":false,"delay":-166,"latitude":45.5478126},{"tripID":4411561,"serviceDate":1395730800000,"direction":1,"garage":"POWELL","type":"bus","lastLocID":1826,"messageCode":268,"time":1395754601126,"expires":1395755018000,"signMessageLong":"14  Hawthorne to Portland","extraBlockID":null,"locationInScheduleDay":23692,"longitude":-122.5746886,"blockID":1435,"offRoute":false,"nextLocID":1824,"vehicleID":2316,"signMessage":"14 To Portland","extraTripID":null,"nextStopSeq":5,"routeNumber":14,"vehicleLoad":"unknown","bearing":288,"lastStopSeq":4,"inCongestion":false,"delay":-106,"latitude":45.4815734},{"tripID":4419088,"serviceDate":1395730800000,"direction":0,"garage":"CENTER","type":"bus","lastLocID":13708,"messageCode":809,"time":1395754595019,"expires":1395755014000,"signMessageLong":"77  Broadway/Halsey to Troutdale","extraBlockID":null,"locationInScheduleDay":23713,"longitude":-122.6622352,"blockID":7705,"offRoute":false,"nextLocID":4042,"vehicleID":2720,"signMessage":"77 To Troutdale","extraTripID":null,"nextStopSeq":21,"routeNumber":77,"vehicleLoad":"unknown","bearing":62,"lastStopSeq":20,"inCongestion":false,"delay":-81,"latitude":45.5314463},{"tripID":4417164,"serviceDate":1395730800000,"direction":0,"garage":"CENTER","type":"bus","lastLocID":6585,"messageCode":780,"time":1395754600953,"expires":1395755019000,"signMessageLong":"70  12th/NE 33rd Ave to NE Sunderland","extraBlockID":null,"locationInScheduleDay":23731,"longitude":-122.6536596,"blockID":7007,"offRoute":false,"nextLocID":6588,"vehicleID":2709,"signMessage":"70 To Sunderlnd","extraTripID":null,"nextStopSeq":28,"routeNumber":70,"vehicleLoad":"unknown","bearing":0,"lastStopSeq":27,"inCongestion":false,"delay":-68,"latitude":45.5161849},{"tripID":4417315,"serviceDate":1395730800000,"direction":1,"garage":"CENTER","type":"bus","lastLocID":4045,"messageCode":788,"time":1395754594975,"expires":1395755014000,"signMessageLong":"70  12th/NE 33rd Ave to Milwaukie","extraBlockID":null,"locationInScheduleDay":23672,"longitude":-122.6532684,"blockID":7001,"offRoute":false,"nextLocID":4044,"vehicleID":2704,"signMessage":"70 To Milwaukie","extraTripID":null,"nextStopSeq":43,"routeNumber":70,"vehicleLoad":"unknown","bearing":270,"lastStopSeq":42,"inCongestion":false,"delay":-122,"latitude":45.5314896},{"tripID":4417317,"serviceDate":1395730800000,"direction":1,"garage":"CENTER","type":"bus","lastLocID":9368,"messageCode":788,"time":1395754594967,"expires":1395755012000,"signMessageLong":"70  12th/NE 33rd Ave to Milwaukie","extraBlockID":null,"locationInScheduleDay":23792,"longitude":-122.6357648,"blockID":7003,"offRoute":false,"nextLocID":9414,"vehicleID":2705,"signMessage":"70 To Milwaukie","extraTripID":null,"nextStopSeq":2,"routeNumber":70,"vehicleLoad":"unknown","bearing":180,"lastStopSeq":1,"inCongestion":false,"delay":0,"latitude":45.5898735},{"tripID":4417314,"serviceDate":1395730800000,"direction":1,"garage":"CENTER","type":"bus","lastLocID":6707,"messageCode":791,"time":1395754579694,"expires":1395754998000,"signMessageLong":"70  To Milwaukie","extraBlockID":null,"locationInScheduleDay":23890,"longitude":-122.6529995,"blockID":7004,"offRoute":false,"nextLocID":6694,"vehicleID":2701,"signMessage":"70 To Milwaukie","extraTripID":null,"nextStopSeq":73,"routeNumber":70,"vehicleLoad":"unknown","bearing":180,"lastStopSeq":72,"inCongestion":false,"delay":112,"latitude":45.4705911},{"tripID":4419225,"serviceDate":1395730800000,"direction":1,"garage":"CENTER","type":"bus","lastLocID":2406,"messageCode":813,"time":1395754406453,"expires":1395754822000,"signMessageLong":"77  Broadway/Halsey to Montgomery Park","extraBlockID":null,"locationInScheduleDay":23564,"longitude":-122.4763028,"blockID":7704,"offRoute":false,"nextLocID":8860,"vehicleID":2614,"signMessage":"77 Montgomry Pk","extraTripID":null,"nextStopSeq":22,"routeNumber":77,"vehicleLoad":"unknown","bearing":288,"lastStopSeq":21,"inCongestion":false,"delay":-38,"latitude":45.5346223},{"tripID":4411312,"serviceDate":1395730800000,"direction":0,"garage":"CENTER","type":"bus","lastLocID":12947,"messageCode":266,"time":1395754598330,"expires":1395755015000,"signMessageLong":"14  Hawthorne to 94th & Foster","extraBlockID":null,"locationInScheduleDay":23800,"longitude":-122.599898,"blockID":1401,"offRoute":false,"nextLocID":10196,"vehicleID":2608,"signMessage":"14 To 94-Foster","extraTripID":null,"nextStopSeq":34,"routeNumber":14,"vehicleLoad":"unknown","bearing":128,"lastStopSeq":33,"inCongestion":false,"delay":5,"latitude":45.4910448},{"tripID":4419086,"serviceDate":1395730800000,"direction":0,"garage":"CENTER","type":"bus","lastLocID":2400,"messageCode":809,"time":1395754520212,"expires":1395754939000,"signMessageLong":"77  Broadway/Halsey to Troutdale","extraBlockID":null,"locationInScheduleDay":23786,"longitude":-122.4828309,"blockID":7703,"offRoute":false,"nextLocID":2322,"vehicleID":2630,"signMessage":"77 To Troutdale","extraTripID":null,"nextStopSeq":77,"routeNumber":77,"vehicleLoad":"unknown","bearing":89,"lastStopSeq":76,"inCongestion":false,"delay":67,"latitude":45.5346998},{"tripID":4417870,"serviceDate":1395730800000,"direction":0,"garage":"POWELL","type":"bus","lastLocID":7941,"messageCode":768,"time":1395754600936,"expires":1395755019000,"signMessageLong":"72  Killingsworth/82nd to Swan Island-Shipyards","extraBlockID":null,"locationInScheduleDay":23476,"longitude":-122.5789222,"blockID":7237,"offRoute":false,"nextLocID":7920,"vehicleID":3004,"signMessage":"72 Swan Island","extraTripID":null,"nextStopSeq":4,"routeNumber":72,"vehicleLoad":"unknown","bearing":0,"lastStopSeq":3,"inCongestion":false,"delay":-323,"latitude":45.443504},{"tripID":4418193,"serviceDate":1395730800000,"direction":1,"garage":"POWELL","type":"bus","lastLocID":7961,"messageCode":760,"time":1395754603657,"expires":1395755021000,"signMessageLong":"72  Killingsworth/82nd to Clackamas TC","extraBlockID":null,"locationInScheduleDay":23636,"longitude":-122.579091,"blockID":7241,"offRoute":false,"nextLocID":7950,"vehicleID":3048,"signMessage":"72 Clackamas TC","extraTripID":null,"nextStopSeq":95,"routeNumber":72,"vehicleLoad":"unknown","bearing":179,"lastStopSeq":94,"inCongestion":false,"delay":-165,"latitude":45.4738791},{"tripID":4417867,"serviceDate":1395730800000,"direction":0,"garage":"POWELL","type":"bus","lastLocID":7331,"messageCode":768,"time":1395754594986,"expires":1395755012000,"signMessageLong":"72  Killingsworth/82nd to Swan Island-Shipyards","extraBlockID":null,"locationInScheduleDay":23644,"longitude":-122.634892,"blockID":7235,"offRoute":false,"nextLocID":7326,"vehicleID":3053,"signMessage":"72 Swan Island","extraTripID":null,"nextStopSeq":82,"routeNumber":72,"vehicleLoad":"unknown","bearing":179,"lastStopSeq":81,"inCongestion":false,"delay":-148,"latitude":45.5594045},{"tripID":4418194,"serviceDate":1395730800000,"direction":1,"garage":"POWELL","type":"bus","lastLocID":7932,"messageCode":760,"time":1395754600968,"expires":1395755019000,"signMessageLong":"72  Killingsworth/82nd to Clackamas TC","extraBlockID":null,"locationInScheduleDay":23853,"longitude":-122.5790571,"blockID":7234,"offRoute":false,"nextLocID":7973,"vehicleID":3054,"signMessage":"72 Clackamas TC","extraTripID":null,"nextStopSeq":68,"routeNumber":72,"vehicleLoad":"unknown","bearing":180,"lastStopSeq":67,"inCongestion":false,"delay":54,"latitude":45.526836},{"tripID":4419222,"serviceDate":1395730800000,"direction":1,"garage":"POWELL","type":"bus","lastLocID":7113,"messageCode":813,"time":1395754595011,"expires":1395755014000,"signMessageLong":"77  Broadway/Halsey to Montgomery Park","extraBlockID":null,"locationInScheduleDay":23455,"longitude":-122.6945601,"blockID":7734,"offRoute":false,"nextLocID":7122,"vehicleID":3046,"signMessage":"77 Montgomry Pk","extraTripID":null,"nextStopSeq":96,"routeNumber":77,"vehicleLoad":"unknown","bearing":358,"lastStopSeq":95,"inCongestion":false,"delay":-339,"latitude":45.5298128},{"tripID":4419226,"serviceDate":1395730800000,"direction":1,"garage":"POWELL","type":"bus","lastLocID":2423,"messageCode":813,"time":1395754594947,"expires":1395755012000,"signMessageLong":"77  Broadway/Halsey to Montgomery Park","extraBlockID":null,"locationInScheduleDay":23921,"longitude":-122.4133456,"blockID":7738,"offRoute":false,"nextLocID":2333,"vehicleID":3035,"signMessage":"77 Montgomry Pk","extraTripID":null,"nextStopSeq":8,"routeNumber":77,"vehicleLoad":"unknown","bearing":259,"lastStopSeq":7,"inCongestion":false,"delay":129,"latitude":45.5378029},{"tripID":4411560,"serviceDate":1395730800000,"direction":1,"garage":"POWELL","type":"bus","lastLocID":2626,"messageCode":268,"time":1395754582894,"expires":1395755001000,"signMessageLong":"14  Hawthorne to Portland","extraBlockID":null,"locationInScheduleDay":23640,"longitude":-122.623213,"blockID":1434,"offRoute":false,"nextLocID":2624,"vehicleID":3027,"signMessage":"14 To Portland","extraTripID":null,"nextStopSeq":29,"routeNumber":14,"vehicleLoad":"unknown","bearing":270,"lastStopSeq":28,"inCongestion":false,"delay":-141,"latitude":45.5120449},{"tripID":4418195,"serviceDate":1395730800000,"direction":1,"garage":"POWELL","type":"bus","lastLocID":3195,"messageCode":760,"time":1395754594938,"expires":1395755012000,"signMessageLong":"72  Killingsworth/82nd to Clackamas TC","extraBlockID":null,"locationInScheduleDay":23566,"longitude":-122.6267155,"blockID":7243,"offRoute":false,"nextLocID":3198,"vehicleID":3025,"signMessage":"72 Clackamas TC","extraTripID":null,"nextStopSeq":39,"routeNumber":72,"vehicleLoad":"unknown","bearing":89,"lastStopSeq":38,"inCongestion":false,"delay":-226,"latitude":45.5627584},{"tripID":4419227,"serviceDate":1395730800000,"direction":1,"garage":"CENTER","type":"bus","lastLocID":9481,"messageCode":813,"time":1395754595034,"expires":1395755012000,"signMessageLong":"77  Broadway/Halsey to Montgomery Park","extraBlockID":null,"locationInScheduleDay":23792,"longitude":-122.3982117,"blockID":7702,"offRoute":false,"nextLocID":9471,"vehicleID":2005,"signMessage":"77 Montgomry Pk","extraTripID":null,"nextStopSeq":2,"routeNumber":77,"vehicleLoad":"unknown","bearing":85,"lastStopSeq":1,"inCongestion":false,"delay":0,"latitude":45.5443612},{"tripID":4413877,"serviceDate":1395730800000,"direction":1,"garage":"CENTER","type":"bus","lastLocID":3657,"messageCode":466,"time":1395754598133,"expires":1395755015000,"signMessageLong":"31  Portland","extraBlockID":null,"locationInScheduleDay":23495,"longitude":-122.6405683,"blockID":1402,"offRoute":false,"nextLocID":3658,"vehicleID":2014,"signMessage":"31 To Portland","extraTripID":null,"nextStopSeq":29,"routeNumber":31,"vehicleLoad":"unknown","bearing":14,"lastStopSeq":28,"inCongestion":false,"delay":-300,"latitude":45.4526601}],"queryTime":1395754608781}}
