{"resultSet":{"vehicle":[{"tripID":4411566,"serviceDate":1395730800000,"direction":1,"garage":"POWELL","type":"bus","lastLocID":1831,"messageCode":268,"time":1395756383106,"expires":1395756799000,"signMessageLong":"14  Hawthorne to Portland","extraBlockID":null,"locationInScheduleDay":25579,"longitude":-122.5662917,"blockID":1436,"offRoute":false,"nextLocID":13236,"vehicleID":2206,"signMessage":"14 To Portland","extraTripID":null,"nextStopSeq":2,"routeNumber":14,"vehicleLoad":"unknown","bearing":291,"lastStopSeq":1,"inCongestion":false,"delay":0,"latitude":45.4791765},{"tripID":4419089,"serviceDate":1395730800000,"direction":0,"garage":"POWELL","type":"bus","lastLocID":10870,"messageCode":809,"time":1395756383157,"expires":1395756802000,"signMessageLong":"77  Broadway/Halsey to Troutdale","extraBlockID":null,"locationInScheduleDay":25560,"longitude":-122.6206027,"blockID":7735,"offRoute":false,"nextLocID":7509,"vehicleID":2222,"signMessage":"77 To Troutdale","extraTripID":null,"nextStopSeq":36,"routeNumber":77,"vehicleLoad":"unknown","bearing":91,"lastStopSeq":35,"inCongestion":false,"delay":-22,"latitude":45.5333119},{"tripID":4419092,"serviceDate":1395730800000,"direction":0,"garage":"POWELL","type":"bus","lastLocID":8484,"messageCode":809,"time":1395756380259,"expires":1395756798000,"signMessageLong":"77  Broadway/Halsey to Troutdale","extraBlockID":null,"locationInScheduleDay":25578,"longitude":-122.7069049,"blockID":7736,"offRoute":false,"nextLocID":8385,"vehicleID":2221,"signMessage":"77 To Troutdale","extraTripID":null,"nextStopSeq":2,"routeNumber":77,"vehicleLoad":"unknown","bearing":178,"lastStopSeq":1,"inCongestion":false,"delay":0,"latitude":45.5370429},{"tripID":4411562,"serviceDate":1395730800000,"direction":1,"garage":"POWELL","type":"bus","lastLocID":2619,"messageCode":268,"time":1395756385937,"expires":1395756803000,"signMessageLong":"14  Hawthorne to Portland","extraBlockID":null,"locationInScheduleDay":25654,"longitude":-122.6324191,"blockID":1437,"offRoute":false,"nextLocID":2616,"vehicleID":2264,"signMessage":"14 To Portland","extraTripID":null,"nextStopSeq":32,"routeNumber":14,"vehicleLoad":"unknown","bearing":270,"lastStopSeq":31,"inCongestion":false,"delay":71,"latitude":45.5120625},{"tripID":4418200,"serviceDate":1395730800000,"direction":1,"garage":"POWELL","type":"bus","lastLocID":3158,"messageCode":760,"time":1395756400944,"expires":1395756819000,"signMessageLong":"72  Killingsworth/82nd to Clackamas TC","extraBlockID":null,"locationInScheduleDay":25661,"longitude":-122.682516,"blockID":7247,"offRoute":false,"nextLocID":3169,"vehicleID":2250,"signMessage":"72 Clackamas TC","extraTripID":null,"nextStopSeq":12,"routeNumber":72,"vehicleLoad":"unknown","bearing":90,"lastStopSeq":11,"inCongestion":false,"delay":62,"latitude":45.5626591},{"tripID":4418198,"serviceDate":1395730800000,"direction":1,"garage":"POWELL","type":"bus","lastLocID":3199,"messageCode":760,"time":1395756380306,"expires":1395756797000,"signMessageLong":"72  Killingsworth/82nd to Clackamas TC","extraBlockID":null,"locationInScheduleDay":25533,"longitude":-122.6199059,"blockID":7246,"offRoute":false,"nextLocID":3144,"vehicleID":2296,"signMessage":"72 Clackamas TC","extraTripID":null,"nextStopSeq":41,"routeNumber":72,"vehicleLoad":"unknown","bearing":90,"lastStopSeq":40,"inCongestion":false,"delay":-44,"latitude":45.5628108},{"tripID":4419224,"serviceDate":1395730800000,"direction":1,"garage":"POWELL","type":"bus","lastLocID":9311,"messageCode":813,"time":1395756398271,"expires":1395756815000,"signMessageLong":"77  Broadway/Halsey to Montgomery Park","extraBlockID":null,"locationInScheduleDay":25434,"longitude":-122.6739685,"blockID":7737,"offRoute":false,"nextLocID":1997,"vehicleID":2285,"signMessage":"77 Montgomry Pk","extraTripID":null,"nextStopSeq":88,"routeNumber":77,"vehicleLoad":"unknown","bearing":260,"lastStopSeq":87,"inCongestion":false,"delay":-161,"latitude":45.526763},{"tripID":4417869,"serviceDate":1395730800000,"direction":0,"garage":"POWELL","type":"bus","lastLocID":55,"messageCode":766,"time":1395756380332,"expires":1395756798000,"signMessageLong":"72  Killingsworth/82nd to Swan Island-Anchor St","extraBlockID":null,"locationInScheduleDay":25412,"longitude":-122.6471068,"blockID":7244,"offRoute":false,"nextLocID":53,"vehicleID":2276,"signMessage":"72 Swan Island","extraTripID":null,"nextStopSeq":87,"routeNumber":72,"vehicleLoad":"unknown","bearing":270,"lastStopSeq":86,"inCongestion":false,"delay":-166,"latitude":45.559087},{"tripID":4417318,"serviceDate":1395730800000,"direction":1,"garage":"CENTER","type":"bus","lastLocID":118,"messageCode":788,"time":1395756406614,"expires":1395756825000,"signMessageLong":"70  12th/NE 33rd Ave to Milwaukie","extraBlockID":null,"locationInScheduleDay":25647,"longitude":-122.6439382,"blockID":7005,"offRoute":false,"nextLocID":8304,"vehicleID":2132,"signMessage":"70 To Milwaukie","extraTripID":null,"nextStopSeq":9,"routeNumber":70,"vehicleLoad":"unknown","bearing":180,"lastStopSeq":8,"inCongestion":false,"delay":42,"latitude":45.5793956},{"tripID":4413878,"serviceDate":1395730800000,"direction":1,"garage":"CENTER","type":"bus","lastLocID":11956,"messageCode":467,"time":1395756382989,"expires":1395756802000,"signMessageLong":"31  Downtown Only","extraBlockID":null,"locationInScheduleDay":25091,"longitude":-122.6774944,"blockID":3001,"offRoute":false,"nextLocID":7800,"vehicleID":2123,"signMessage":"31 Downtown Only","extraTripID":null,"nextStopSeq":10,"routeNumber":31,"vehicleLoad":"unknown","bearing":289,"lastStopSeq":9,"inCongestion":false,"delay":-491,"latitude":45.5157819},{"tripID":4417166,"serviceDate":1395730800000,"direction":0,"garage":"CENTER","type":"bus","lastLocID":6863,"messageCode":780,"time":1395756395184,"expires":1395756814000,"signMessageLong":"70  12th/NE 33rd Ave to NE Sunderland","extraBlockID":null,"locationInScheduleDay":25316,"longitude":-122.648354,"blockID":7006,"offRoute":false,"nextLocID":6876,"vehicleID":2150,"signMessage":"70 To Sunderlnd","extraTripID":null,"nextStopSeq":20,"routeNumber":70,"vehicleLoad":"unknown","bearing":0,"lastStopSeq":19,"inCongestion":false,"delay":-278,"latitude":45.4900195},{"tripID":4417316,"serviceDate":1395730800000,"direction":1,"garage":"CENTER","type":"bus","lastLocID":6545,"messageCode":738,"time":1395756395259,"expires":1395756813000,"signMessageLong":"70  12th Ave to Milwaukie via 13th & Tacoma","extraBlockID":null,"locationInScheduleDay":25693,"longitude":-122.6547486,"blockID":7008,"offRoute":false,"nextLocID":6544,"vehicleID":2506,"signMessage":"70 To Milwaukie","extraTripID":null,"nextStopSeq":13,"routeNumber":70,"vehicleLoad":"unknown","bearing":180,"lastStopSeq":12,"inCongestion":false,"delay":100,"latitude":45.5049482},{"tripID":4418197,"serviceDate":1395730800000,"direction":1,"garage":"POWELL","type":"bus","lastLocID":3185,"messageCode":760,"time":1395756356268,"expires":1395756774000,"signMessageLong":"72  Killingsworth/82nd to Clackamas TC","extraBlockID":null,"locationInScheduleDay":25575,"longitude":-122.57858,"blockID":7238,"offRoute":false,"nextLocID":8889,"vehicleID":2527,"signMessage":"72 Clackamas TC","extraTripID":null,"nextStopSeq":52,"routeNumber":72,"vehicleLoad":"unknown","bearing":89,"lastStopSeq":51,"inCongestion":false,"delay":21,"latitude":45.5626759},{"tripID":4417165,"serviceDate":1395730800000,"direction":0,"garage":"CENTER","type":"bus","lastLocID":4050,"messageCode":783,"time":1395756383089,"expires":1395756800000,"signMessageLong":"70  33rd Ave to NE Sunderland","extraBlockID":null,"locationInScheduleDay":25495,"longitude":-122.6452192,"blockID":7002,"offRoute":false,"nextLocID":7107,"vehicleID":2524,"signMessage":"70 To Sunderlnd","extraTripID":null,"nextStopSeq":41,"routeNumber":70,"vehicleLoad":"unknown","bearing":90,"lastStopSeq":40,"inCongestion":false,"delay":-85,"latitude":45.531457},{"tripID":4419087,"serviceDate":1395730800000,"direction":0,"garage":"CENTER","type":"bus","lastLocID":2418,"messageCode":809,"time":1395756380239,"expires":1395756797000,"signMessageLong":"77  Broadway/Halsey to Troutdale","extraBlockID":null,"locationInScheduleDay":25587,"longitude":-122.4248715,"blockID":7701,"offRoute":false,"nextLocID":2330,"vehicleID":2512,"signMessage":"77 To Troutdale","extraTripID":null,"nextStopSeq":92,"routeNumber":77,"vehicleLoad":"unknown","bearing":79,"lastStopSeq":91,"inCongestion":false,"delay":10,"latitude":45.5362744},{"tripID":4417872,"serviceDate":1395730800000,"direction":0,"garage":"POWELL","type":"bus","lastLocID":8057,"messageCode":768,"time":1395756385896,"expires":1395756803000,"signMessageLong":"72  Killingsworth/82nd to Swan Island-Shipyards","extraBlockID":null,"locationInScheduleDay":25358,"longitude":-122.5790507,"blockID":7239,"offRoute":false,"nextLocID":8059,"vehicleID":2540,"signMessage":"72 Swan Island","extraTripID":null,"nextStopSeq":20,"routeNumber":72,"vehicleLoad":"unknown","bearing":0,"lastStopSeq":19,"inCongestion":false,"delay":-225,"latitude":45.4783469},{"tripID":4418199,"serviceDate":1395730800000,"direction":1,"garage":"POWELL","type":"bus","lastLocID":50,"messageCode":760,"time":1395756404071,"expires":1395756820000,"signMessageLong":"72  Killingsworth/82nd to Clackamas TC","extraBlockID":null,"locationInScheduleDay":25642,"longitude":-122.6499572,"blockID":7240,"offRoute":false,"nextLocID":52,"vehicleID":2533,"signMessage":"72 Clackamas TC","extraTripID":null,"nextStopSeq":26,"routeNumber":72,"vehicleLoad":"unknown","bearing":89,"lastStopSeq":25,"inCongestion":false,"delay":42,"latitude":45.5590995},{"tripID":4418196,"serviceDate":1395730800000,"direction":1,"garage":"POWELL","type":"bus","lastLocID":8043,"messageCode":760,"time":1395756398310,"expires":1395756817000,"signMessageLong":"72  Killingsworth/82nd to Clackamas TC","extraBlockID":null,"locationInScheduleDay":25597,"longitude":-122.5790161,"blockID":7236,"offRoute":false,"nextLocID":8000,"vehicleID":2552,"signMessage":"72 Clackamas TC","extraTripID":null,"nextStopSeq":65,"routeNumber":72,"vehicleLoad":"unknown","bearing":181,"lastStopSeq":64,"inCongestion":false,"delay":0,"latitude":45.5347704},{"tripID":4417868,"serviceDate":1395730800000,"direction":0,"garage":"POWELL","type":"bus","lastLocID":2227,"messageCode":768,"time":1395756398323,"expires":1395756815000,"signMessageLong":"72  Killingsworth/82nd to Swan Island-Shipyards","extraBlockID":null,"locationInScheduleDay":25256,"longitude":-122.6945762,"blockID":7242,"offRoute":false,"nextLocID":2202,"vehicleID":2548,"signMessage":"72 Swan Island","extraTripID":null,"nextStopSeq":106,"routeNumber":72,"vehicleLoad":"unknown","bearing":161,"lastStopSeq":105,"inCongestion":false,"delay":-339,"latitude":45.560059},{"tripID":4411561,"serviceDate":1395730800000,"direction":1,"garage":"POWELL","type":"bus","lastLocID":2642,"messageCode":266,"time":1395756368152,"expires":1395756786000,"signMessageLong":"14  Hawthorne to 94th & Foster","extraBlockID":null,"locationInScheduleDay":25520,"longitude":-122.6698839,"blockID":1435,"offRoute":false,"nextLocID":11956,"vehicleID":2316,"signMessage":"14 To 94-Foster","extraTripID":null,"nextStopSeq":43,"routeNumber":14,"vehicleLoad":"unknown","bearing":290,"lastStopSeq":42,"inCongestion":false,"delay":-46,"latitude":45.5130141},{"tripID":4413879,"serviceDate":1395730800000,"direction":1,"garage":"CENTER","type":"bus","lastLocID":3657,"messageCode":466,"time":1395756400882,"expires":1395756819000,"signMessageLong":"31  Portland","extraBlockID":null,"locationInScheduleDay":25423,"longitude":-122.6406912,"blockID":1403,"offRoute":false,"nextLocID":3658,"vehicleID":2725,"signMessage":"31 To Portland","extraTripID":null,"nextStopSeq":29,"routeNumber":31,"vehicleLoad":"unknown","bearing":23,"lastStopSeq":28,"inCongestion":false,"delay":-176,"latitude":45.4524178},{"tripID":4419088,"serviceDate":1395730800000,"direction":0,"garage":"CENTER","type":"bus","lastLocID":2370,"messageCode":809,"time":1395756400872,"expires":1395756818000,"signMessageLong":"77  Broadway/Halsey to Troutdale","extraBlockID":null,"locationInScheduleDay":25730,"longitude":-122.5300221,"blockID":7705,"offRoute":false,"nextLocID":2374,"vehicleID":2720,"signMessage":"77 To Troutdale","extraTripID":null,"nextStopSeq":65,"routeNumber":77,"vehicleLoad":"unknown","bearing":90,"lastStopSeq":64,"inCongestion":false,"delay":132,"latitude":45.5335305},{"tripID":4411563,"serviceDate":1395730800000,"direction":1,"garage":"CENTER","type":"bus","lastLocID":12904,"messageCode":268,"time":1395756370765,"expires":1395756787000,"signMessageLong":"14  Hawthorne to Portland","extraBlockID":null,"locationInScheduleDay":25517,"longitude":-122.6029319,"blockID":1404,"offRoute":false,"nextLocID":1799,"vehicleID":2718,"signMessage":"14 To Portland","extraTripID":null,"nextStopSeq":15,"routeNumber":14,"vehicleLoad":"unknown","bearing":308,"lastStopSeq":14,"inCongestion":false,"delay":-50,"latitude":45.4927155},{"tripID":4417164,"serviceDate":1395730800000,"direction":0,"garage":"CENTER","type":"bus","lastLocID":13040,"messageCode":783,"time":1395756400871,"expires":1395756819000,"signMessageLong":"70  33rd Ave to NE Sunderland","extraBlockID":null,"locationInScheduleDay":25615,"longitude":-122.6357628,"blockID":7007,"offRoute":false,"nextLocID":9368,"vehicleID":2709,"signMessage":"70 To Sunderlnd","extraTripID":null,"nextStopSeq":80,"routeNumber":70,"vehicleLoad":"unknown","bearing":179,"lastStopSeq":79,"inCongestion":false,"delay":0,"latitude":45.5903449},{"tripID":4417168,"serviceDate":1395730800000,"direction":0,"garage":"CENTER","type":"bus","lastLocID":13477,"messageCode":781,"time":1395756383034,"expires":1395756799000,"signMessageLong":"70  12th/NE 33rd Ave to NE Sunderland via 17th & Tacoma","extraBlockID":null,"locationInScheduleDay":25579,"longitude":-122.6407309,"blockID":7001,"offRoute":false,"nextLocID":8225,"vehicleID":2704,"signMessage":"70 To Sunderland via 17th","extraTripID":null,"nextStopSeq":2,"routeNumber":70,"vehicleLoad":"unknown","bearing":81,"lastStopSeq":1,"inCongestion":false,"delay":0,"latitude":45.4448667},{"tripID":4417317,"serviceDate":1395730800000,"direction":1,"garage":"CENTER","type":"bus","lastLocID":641,"messageCode":788,"time":1395756374061,"expires":1395756790000,"signMessageLong":"70  12th/NE 33rd Ave to Milwaukie","extraBlockID":null,"locationInScheduleDay":25651,"longitude":-122.6363572,"blockID":7003,"offRoute":false,"nextLocID":639,"vehicleID":2705,"signMessage":"70 To Milwaukie","extraTripID":null,"nextStopSeq":35,"routeNumber":70,"vehicleLoad":"unknown","bearing":269,"lastStopSeq":34,"inCongestion":false,"delay":81,"latitude":45.5351625},{"tripID":4417167,"serviceDate":1395730800000,"direction":0,"garage":"CENTER","type":"bus","lastLocID":6871,"messageCode":782,"time":1395756380229,"expires":1395756798000,"signMessageLong":"70  12th/NE 33rd Ave to NE Sunderland via 13th & Tacoma","extraBlockID":null,"locationInScheduleDay":25452,"longitude":-122.6459197,"blockID":7004,"offRoute":false,"nextLocID":6901,"vehicleID":2701,"signMessage":"70 To Sunderland via 13th","extraTripID":null,"nextStopSeq":4,"routeNumber":70,"vehicleLoad":"unknown","bearing":345,"lastStopSeq":3,"inCongestion":false,"delay":-126,"latitude":45.4526513},{"tripID":4419225,"serviceDate":1395730800000,"direction":1,"garage":"CENTER","type":"bus","lastLocID":647,"messageCode":813,"time":1395756404089,"expires":1395756821000,"signMessageLong":"77  Broadway/Halsey to Montgomery Park","extraBlockID":null,"locationInScheduleDay":25513,"longitude":-122.6303483,"blockID":7704,"offRoute":false,"nextLocID":644,"vehicleID":2614,"signMessage":"77 Montgomry Pk","extraTripID":null,"nextStopSeq":72,"routeNumber":77,"vehicleLoad":"unknown","bearing":270,"lastStopSeq":71,"inCongestion":false,"delay":-88,"latitude":45.5351579},{"tripID":4411564,"serviceDate":1395730800000,"direction":1,"garage":"CENTER","type":"bus","lastLocID":1826,"messageCode":268,"time":1395756398279,"expires":1395756815000,"signMessageLong":"14  Hawthorne to Portland","extraBlockID":null,"locationInScheduleDay":25527,"longitude":-122.5727807,"blockID":1401,"offRoute":false,"nextLocID":1824,"vehicleID":2608,"signMessage":"14 To Portland","extraTripID":null,"nextStopSeq":5,"routeNumber":14,"vehicleLoad":"unknown","bearing":293,"lastStopSeq":4,"inCongestion":false,"delay":-68,"latitude":45.4810834},{"tripID":4419228,"serviceDate":1395730800000,"direction":1,"garage":"CENTER","type":"bus","lastLocID":9481,"messageCode":813,"time":1395756380333,"expires":1395756797000,"signMessageLong":"77  Broadway/Halsey to Montgomery Park","extraBlockID":null,"locationInScheduleDay":25440,"longitude":-122.3982117,"blockID":7703,"offRoute":false,"nextLocID":9471,"vehicleID":2630,"signMessage":"77 Montgomry Pk","extraTripID":null,"nextStopSeq":2,"routeNumber":77,"vehicleLoad":"unknown","bearing":85,"lastStopSeq":1,"inCongestion":false,"delay":-137,"latitude":45.5443612},{"tripID":4419090,"serviceDate":1395730800000,"direction":0,"garage":"CENTER","type":"bus","lastLocID":1612,"messageCode":809,"time":1395756385988,"expires":1395756803000,"signMessageLong":"77  Broadway/Halsey to Troutdale","extraBlockID":null,"locationInScheduleDay":25599,"longitude":-122.6658502,"blockID":7706,"offRoute":false,"nextLocID":11817,"vehicleID":2632,"signMessage":"77 To Troutdale","extraTripID":null,"nextStopSeq":19,"routeNumber":77,"vehicleLoad":"unknown","bearing":88,"lastStopSeq":18,"inCongestion":false,"delay":16,"latitude":45.5286602},{"tripID":4417870,"serviceDate":1395730800000,"direction":0,"garage":"POWELL","type":"bus","lastLocID":7933,"messageCode":768,"time":1395756349867,"expires":1395756769000,"signMessageLong":"72  Killingsworth/82nd to Swan Island-Shipyards","extraBlockID":null,"locationInScheduleDay":25266,"longitude":-122.5786955,"blockID":7237,"offRoute":false,"nextLocID":8039,"vehicleID":3004,"signMessage":"72 Swan Island","extraTripID":null,"nextStopSeq":58,"routeNumber":72,"vehicleLoad":"unknown","bearing":0,"lastStopSeq":57,"inCongestion":false,"delay":-283,"latitude":45.5521393},{"tripID":4417873,"serviceDate":1395730800000,"direction":0,"garage":"POWELL","type":"bus","lastLocID":7968,"messageCode":766,"time":1395756385863,"expires":1395756802000,"signMessageLong":"72  Killingsworth/82nd to Swan Island-Anchor St","extraBlockID":null,"locationInScheduleDay":25539,"longitude":-122.5790199,"blockID":7241,"offRoute":false,"nextLocID":8015,"vehicleID":3048,"signMessage":"72 Swan Island","extraTripID":null,"nextStopSeq":7,"routeNumber":72,"vehicleLoad":"unknown","bearing":358,"lastStopSeq":6,"inCongestion":false,"delay":-43,"latitude":45.4495065},{"tripID":4418201,"serviceDate":1395730800000,"direction":1,"garage":"POWELL","type":"bus","lastLocID":9399,"messageCode":760,"time":1395756395270,"expires":1395756811000,"signMessageLong":"72  Killingsworth/82nd to Clackamas TC","extraBlockID":null,"locationInScheduleDay":25760,"longitude":-122.6973858,"blockID":7235,"offRoute":false,"nextLocID":2195,"vehicleID":3053,"signMessage":"72 Clackamas TC","extraTripID":null,"nextStopSeq":4,"routeNumber":72,"vehicleLoad":"unknown","bearing":95,"lastStopSeq":3,"inCongestion":false,"delay":169,"latitude":45.5560339},{"tripID":4417871,"serviceDate":1395730800000,"direction":0,"garage":"POWELL","type":"bus","lastLocID":8014,"messageCode":766,"time":1395756395269,"expires":1395756814000,"signMessageLong":"72  Killingsworth/82nd to Swan Island-Anchor St","extraBlockID":null,"locationInScheduleDay":25594,"longitude":-122.5790487,"blockID":7245,"offRoute":false,"nextLocID":7987,"vehicleID":3052,"signMessage":"72 Swan Island","extraTripID":null,"nextStopSeq":46,"routeNumber":72,"vehicleLoad":"unknown","bearing":0,"lastStopSeq":45,"inCongestion":false,"delay":0,"latitude":45.5292669},{"tripID":4418194,"serviceDate":1395730800000,"direction":1,"garage":"POWELL","type":"bus","lastLocID":12921,"messageCode":760,"time":1395756230562,"expires":1395756649000,"signMessageLong":"72  Killingsworth/82nd to Clackamas TC","extraBlockID":null,"locationInScheduleDay":25472,"longitude":-122.5690545,"blockID":7234,"offRoute":false,"nextLocID":13247,"vehicleID":3054,"signMessage":"72 Clackamas TC","extraTripID":null,"nextStopSeq":111,"routeNumber":72,"vehicleLoad":"unknown","bearing":173,"lastStopSeq":110,"inCongestion":false,"delay":0,"latitude":45.4356606},{"tripID":4419091,"serviceDate":1395730800000,"direction":0,"garage":"POWELL","type":"bus","lastLocID":8484,"messageCode":809,"time":1395756383077,"expires":1395756800000,"signMessageLong":"77  Broadway/Halsey to Troutdale","extraBlockID":null,"locationInScheduleDay":25560,"longitude":-122.7069049,"blockID":7734,"offRoute":false,"nextLocID":8385,"vehicleID":3046,"signMessage":"77 To Troutdale","extraTripID":null,"nextStopSeq":2,"routeNumber":77,"vehicleLoad":"unknown","bearing":178,"lastStopSeq":1,"inCongestion":false,"delay":-20,"latitude":45.5370429},{"tripID":4419226,"serviceDate":1395730800000,"direction":1,"garage":"POWELL","type":"bus","lastLocID":2457,"messageCode":813,"time":1395756383029,"expires":1395756799000,"signMessageLong":"77  Broadway/Halsey to Montgomery Park","extraBlockID":null,"locationInScheduleDay":25352,"longitude":-122.5758183,"blockID":7738,"offRoute":false,"nextLocID":10846,"vehicleID":3035,"signMessage":"77 Montgomry Pk","extraTripID":null,"nextStopSeq":52,"routeNumber":77,"vehicleLoad":"unknown","bearing":271,"lastStopSeq":51,"inCongestion":false,"delay":-227,"latitude":45.5335689},{"tripID":4411314,"serviceDate":1395730800000,"direction":0,"garage":"POWELL","type":"bus","lastLocID":2623,"messageCode":266,"time":1395756349927,"expires":1395756768000,"signMessageLong":"14  Hawthorne to 94th & Foster","extraBlockID":null,"locationInScheduleDay":25528,"longitude":-122.6254585,"blockID":1434,"offRoute":false,"nextLocID":2625,"vehicleID":3027,"signMessage":"14 To 94-Foster","extraTripID":null,"nextStopSeq":18,"routeNumber":14,"vehicleLoad":"unknown","bearing":90,"lastStopSeq":17,"inCongestion":false,"delay":-20,"latitude":45.512051},{"tripID":4418195,"serviceDate":1395730800000,"direction":1,"garage":"POWELL","type":"bus","lastLocID":8237,"messageCode":760,"time":1395756398067,"expires":1395756816000,"signMessageLong":"72  Killingsworth/82nd to Clackamas TC","extraBlockID":null,"locationInScheduleDay":25398,"longitude":-122.5788136,"blockID":7243,"offRoute":false,"nextLocID":7986,"vehicleID":3025,"signMessage":"72 Clackamas TC","extraTripID":null,"nextStopSeq":86,"routeNumber":72,"vehicleLoad":"unknown","bearing":181,"lastStopSeq":85,"inCongestion":false,"delay":-198,"latitude":45.491444},{"tripID":4419227,"serviceDate":1395730800000,"direction":1,"garage":"CENTER","type":"bus","lastLocID":2399,"messageCode":813,"time":1395756290237,"expires":1395756706000,"signMessageLong":"77  Broadway/Halsey to Montgomery Park","extraBlockID":null,"locationInScheduleDay":25521,"longitude":-122.4884597,"blockID":7702,"offRoute":false,"nextLocID":2398,"vehicleID":2005,"signMessage":"77 Montgomry Pk","extraTripID":null,"nextStopSeq":25,"routeNumber":77,"vehicleLoad":"unknown","bearing":260,"lastStopSeq":24,"inCongestion":false,"delay":35,"latitude":45.5346284}],"queryTime":1395756408852}}
