{"resultSet":{"vehicle":[{"tripID":4419221,"serviceDate":1395730800000,"direction":1,"garage":"POWELL","type":"bus","lastLocID":7571,"messageCode":813,"time":1395751102921,"expires":1395751522000,"signMessageLong":"77  Broadway/Halsey to Montgomery Park","extraBlockID":null,"locationInScheduleDay":20448,"longitude":-122.6171596,"blockID":7735,"offRoute":false,"nextLocID":650,"vehicleID":2222,"signMessage":"77 Montgomry Pk","extraTripID":null,"nextStopSeq":20,"routeNumber":77,"vehicleLoad":"unknown","bearing":270,"lastStopSeq":19,"inCongestion":false,"delay":146,"latitude":45.5351255},{"tripID":4417865,"serviceDate":1395730800000,"direction":0,"garage":"POWELL","type":"bus","lastLocID":7947,"messageCode":768,"time":1395751117804,"expires":1395751536000,"signMessageLong":"72  Killingsworth/82nd to Swan Island-Shipyards","extraBlockID":null,"locationInScheduleDay":20286,"longitude":-122.578706,"blockID":7238,"offRoute":false,"nextLocID":7957,"vehicleID":2527,"signMessage":"72 Swan Island","extraTripID":null,"nextStopSeq":33,"routeNumber":72,"vehicleLoad":"unknown","bearing":0,"lastStopSeq":32,"inCongestion":false,"delay":-30,"latitude":45.5035345},{"tripID":4417312,"serviceDate":1395730800000,"direction":1,"garage":"CENTER","type":"bus","lastLocID":7374,"messageCode":788,"time":1395751102837,"expires":1395751522000,"signMessageLong":"70  12th/NE 33rd Ave to Milwaukie","extraBlockID":null,"locationInScheduleDay":20165,"longitude":-122.6307186,"blockID":7002,"offRoute":false,"nextLocID":7396,"vehicleID":2524,"signMessage":"70 To Milwaukie","extraTripID":null,"nextStopSeq":26,"routeNumber":70,"vehicleLoad":"unknown","bearing":179,"lastStopSeq":25,"inCongestion":false,"delay":-137,"latitude":45.5480016},{"tripID":4419220,"serviceDate":1395730800000,"direction":1,"garage":"CENTER","type":"bus","lastLocID":7122,"messageCode":813,"time":1395751117784,"expires":1395751536000,"signMessageLong":"77  Broadway/Halsey to Montgomery Park","extraBlockID":null,"locationInScheduleDay":20220,"longitude":-122.6945695,"blockID":7701,"offRoute":false,"nextLocID":7128,"vehicleID":2512,"signMessage":"77 Montgomry Pk","extraTripID":null,"nextStopSeq":51,"routeNumber":77,"vehicleLoad":"unknown","bearing":359,"lastStopSeq":50,"inCongestion":false,"delay":-96,"latitude":45.5301135},{"tripID":4418192,"serviceDate":1395730800000,"direction":1,"garage":"POWELL","type":"bus","lastLocID":3165,"messageCode":760,"time":1395751099645,"expires":1395751518000,"signMessageLong":"72  Killingsworth/82nd to Clackamas TC","extraBlockID":null,"locationInScheduleDay":20399,"longitude":-122.661825,"blockID":7239,"offRoute":false,"nextLocID":5927,"vehicleID":2540,"signMessage":"72 Clackamas TC","extraTripID":null,"nextStopSeq":20,"routeNumber":72,"vehicleLoad":"unknown","bearing":89,"lastStopSeq":19,"inCongestion":false,"delay":101,"latitude":45.5627492},{"tripID":4417866,"serviceDate":1395730800000,"direction":0,"garage":"POWELL","type":"bus","lastLocID":7941,"messageCode":766,"time":1395751117811,"expires":1395751536000,"signMessageLong":"72  Killingsworth/82nd to Swan Island-Anchor St","extraBlockID":null,"locationInScheduleDay":20393,"longitude":-122.5789261,"blockID":7240,"offRoute":false,"nextLocID":7920,"vehicleID":2533,"signMessage":"72 Swan Island","extraTripID":null,"nextStopSeq":4,"routeNumber":72,"vehicleLoad":"unknown","bearing":0,"lastStopSeq":3,"inCongestion":false,"delay":77,"latitude":45.4429966},{"tripID":4417864,"serviceDate":1395730800000,"direction":0,"garage":"POWELL","type":"bus","lastLocID":7933,"messageCode":768,"time":1395751117886,"expires":1395751536000,"signMessageLong":"72  Killingsworth/82nd to Swan Island-Shipyards","extraBlockID":null,"locationInScheduleDay":20141,"longitude":-122.5786918,"blockID":7236,"offRoute":false,"nextLocID":8039,"vehicleID":2552,"signMessage":"72 Swan Island","extraTripID":null,"nextStopSeq":58,"routeNumber":72,"vehicleLoad":"unknown","bearing":0,"lastStopSeq":57,"inCongestion":false,"delay":-175,"latitude":45.5523156},{"tripID":4413874,"serviceDate":1395730800000,"direction":1,"garage":"POWELL","type":"bus","lastLocID":7524,"messageCode":464,"time":1395751102999,"expires":1395751520000,"signMessageLong":"31  To Portland via Milwaukie","extraBlockID":null,"locationInScheduleDay":20231,"longitude":-122.6195304,"blockID":3134,"offRoute":false,"nextLocID":2583,"vehicleID":2555,"signMessage":"31 To Portland","extraTripID":null,"nextStopSeq":16,"routeNumber":31,"vehicleLoad":"unknown","bearing":179,"lastStopSeq":15,"inCongestion":false,"delay":-69,"latitude":45.4474847},{"tripID":4411557,"serviceDate":1395730800000,"direction":1,"garage":"POWELL","type":"bus","lastLocID":2632,"messageCode":268,"time":1395751099749,"expires":1395751518000,"signMessageLong":"14  Hawthorne to Portland","extraBlockID":null,"locationInScheduleDay":20291,"longitude":-122.6195398,"blockID":1435,"offRoute":false,"nextLocID":2629,"vehicleID":2316,"signMessage":"14 To Portland","extraTripID":null,"nextStopSeq":27,"routeNumber":14,"vehicleLoad":"unknown","bearing":270,"lastStopSeq":26,"inCongestion":false,"delay":-7,"latitude":45.512039},{"tripID":4417161,"serviceDate":1395730800000,"direction":0,"garage":"CENTER","type":"bus","lastLocID":638,"messageCode":783,"time":1395751114568,"expires":1395751532000,"signMessageLong":"70  33rd Ave to NE Sunderland","extraBlockID":null,"locationInScheduleDay":20271,"longitude":-122.635177,"blockID":7001,"offRoute":false,"nextLocID":642,"vehicleID":2704,"signMessage":"70 To Sunderlnd","extraTripID":null,"nextStopSeq":47,"routeNumber":70,"vehicleLoad":"unknown","bearing":89,"lastStopSeq":46,"inCongestion":false,"delay":-41,"latitude":45.5351157},{"tripID":4417162,"serviceDate":1395730800000,"direction":0,"garage":"CENTER","type":"bus","lastLocID":6860,"messageCode":781,"time":1395751114560,"expires":1395751532000,"signMessageLong":"70  12th/NE 33rd Ave to NE Sunderland via 17th & Tacoma","extraBlockID":null,"locationInScheduleDay":20378,"longitude":-122.6470572,"blockID":7003,"offRoute":false,"nextLocID":6897,"vehicleID":2705,"signMessage":"70 To Sunderland via 17th","extraTripID":null,"nextStopSeq":8,"routeNumber":70,"vehicleLoad":"unknown","bearing":359,"lastStopSeq":7,"inCongestion":false,"delay":66,"latitude":45.4632379},{"tripID":4418191,"serviceDate":1395730800000,"direction":1,"garage":"POWELL","type":"bus","lastLocID":3185,"messageCode":760,"time":1395751114505,"expires":1395751532000,"signMessageLong":"72  Killingsworth/82nd to Clackamas TC","extraBlockID":null,"locationInScheduleDay":20187,"longitude":-122.5785224,"blockID":7237,"offRoute":false,"nextLocID":8889,"vehicleID":3004,"signMessage":"72 Clackamas TC","extraTripID":null,"nextStopSeq":52,"routeNumber":72,"vehicleLoad":"unknown","bearing":180,"lastStopSeq":51,"inCongestion":false,"delay":-125,"latitude":45.5610061},{"tripID":4418190,"serviceDate":1395730800000,"direction":1,"garage":"POWELL","type":"bus","lastLocID":12921,"messageCode":760,"time":1395751099628,"expires":1395751517000,"signMessageLong":"72  Killingsworth/82nd to Clackamas TC","extraBlockID":null,"locationInScheduleDay":20295,"longitude":-122.5691356,"blockID":7235,"offRoute":false,"nextLocID":13247,"vehicleID":3053,"signMessage":"72 Clackamas TC","extraTripID":null,"nextStopSeq":57,"routeNumber":72,"vehicleLoad":"unknown","bearing":173,"lastStopSeq":56,"inCongestion":false,"delay":0,"latitude":45.4361453},{"tripID":4417863,"serviceDate":1395730800000,"direction":0,"garage":"POWELL","type":"bus","lastLocID":3180,"messageCode":768,"time":1395751117769,"expires":1395751536000,"signMessageLong":"72  Killingsworth/82nd to Swan Island-Shipyards","extraBlockID":null,"locationInScheduleDay":20123,"longitude":-122.6912501,"blockID":7234,"offRoute":false,"nextLocID":3161,"vehicleID":3054,"signMessage":"72 Swan Island","extraTripID":null,"nextStopSeq":103,"routeNumber":72,"vehicleLoad":"unknown","bearing":270,"lastStopSeq":102,"inCongestion":false,"delay":-193,"latitude":45.5627356},{"tripID":4419222,"serviceDate":1395730800000,"direction":1,"garage":"POWELL","type":"bus","lastLocID":2342,"messageCode":813,"time":1395751111450,"expires":1395751531000,"signMessageLong":"77  Broadway/Halsey to Montgomery Park","extraBlockID":null,"locationInScheduleDay":20291,"longitude":-122.4352136,"blockID":7734,"offRoute":false,"nextLocID":2437,"vehicleID":3046,"signMessage":"77 Montgomry Pk","extraTripID":null,"nextStopSeq":14,"routeNumber":77,"vehicleLoad":"unknown","bearing":245,"lastStopSeq":13,"inCongestion":false,"delay":-20,"latitude":45.5345551},{"tripID":4411310,"serviceDate":1395730800000,"direction":0,"garage":"POWELL","type":"bus","lastLocID":2625,"messageCode":266,"time":1395751102807,"expires":1395751521000,"signMessageLong":"14  Hawthorne to 94th & Foster","extraBlockID":null,"locationInScheduleDay":20340,"longitude":-122.6230796,"blockID":1434,"offRoute":false,"nextLocID":2628,"vehicleID":3027,"signMessage":"14 To 94-Foster","extraTripID":null,"nextStopSeq":19,"routeNumber":14,"vehicleLoad":"unknown","bearing":90,"lastStopSeq":18,"inCongestion":false,"delay":39,"latitude":45.5120448},{"tripID":4419085,"serviceDate":1395730800000,"direction":0,"garage":"CENTER","type":"bus","lastLocID":4042,"messageCode":809,"time":1395751099672,"expires":1395751518000,"signMessageLong":"77  Broadway/Halsey to Troutdale","extraBlockID":null,"locationInScheduleDay":20242,"longitude":-122.6565933,"blockID":7702,"offRoute":false,"nextLocID":10866,"vehicleID":2005,"signMessage":"77 To Troutdale","extraTripID":null,"nextStopSeq":22,"routeNumber":77,"vehicleLoad":"unknown","bearing":0,"lastStopSeq":21,"inCongestion":false,"delay":-56,"latitude":45.5325585}],"queryTime":1395751128653}}
