{"resultSet":{"vehicle":[{"tripID":4411388,"serviceDate":1395644400000,"direction":0,"garage":"CENTER","type":"bus","lastLocID":1804,"messageCode":266,"time":1395737837861,"expires":1395738257000,"signMessageLong":"14  Hawthorne to 94th & Foster","extraBlockID":null,"locationInScheduleDay":93505,"longitude":-122.593779,"blockID":1406,"offRoute":false,"nextLocID":1808,"vehicleID":3128,"signMessage":"14 To 94-Foster","extraTripID":null,"nextStopSeq":37,"routeNumber":14,"vehicleLoad":"unknown","bearing":121,"lastStopSeq":36,"inCongestion":false,"delay":68,"latitude":45.4884057}],"queryTime":1395737867798}}
