{"resultSet":{"vehicle":[{"tripID":4411559,"serviceDate":1395730800000,"direction":1,"garage":"POWELL","type":"bus","lastLocID":1798,"messageCode":268,"time":1395752845671,"expires":1395753262000,"signMessageLong":"14  Hawthorne to Portland","extraBlockID":null,"locationInScheduleDay":22122,"longitude":-122.6074087,"blockID":1436,"offRoute":false,"nextLocID":1793,"vehicleID":2206,"signMessage":"14 To Portland","extraTripID":null,"nextStopSeq":17,"routeNumber":14,"vehicleLoad":"unknown","bearing":302,"lastStopSeq":16,"inCongestion":false,"delay":80,"latitude":45.4948461},{"tripID":4419221,"serviceDate":1395730800000,"direction":1,"garage":"POWELL","type":"bus","lastLocID":4788,"messageCode":813,"time":1395752861193,"expires":1395753278000,"signMessageLong":"77  Broadway/Halsey to Montgomery Park","extraBlockID":null,"locationInScheduleDay":21945,"longitude":-122.6977007,"blockID":7735,"offRoute":false,"nextLocID":10972,"vehicleID":2222,"signMessage":"77 Montgomry Pk","extraTripID":null,"nextStopSeq":55,"routeNumber":77,"vehicleLoad":"unknown","bearing":268,"lastStopSeq":54,"inCongestion":false,"delay":-113,"latitude":45.5355164},{"tripID":4419223,"serviceDate":1395730800000,"direction":1,"garage":"POWELL","type":"bus","lastLocID":2395,"messageCode":813,"time":1395752854869,"expires":1395753272000,"signMessageLong":"77  Broadway/Halsey to Montgomery Park","extraBlockID":null,"locationInScheduleDay":21917,"longitude":-122.4954392,"blockID":7736,"offRoute":false,"nextLocID":13026,"vehicleID":2221,"signMessage":"77 Montgomry Pk","extraTripID":null,"nextStopSeq":27,"routeNumber":77,"vehicleLoad":"unknown","bearing":262,"lastStopSeq":26,"inCongestion":false,"delay":-135,"latitude":45.5343144},{"tripID":4413875,"serviceDate":1395730800000,"direction":1,"garage":"POWELL","type":"bus","lastLocID":3797,"messageCode":466,"time":1395752843039,"expires":1395753262000,"signMessageLong":"31  Portland","extraBlockID":null,"locationInScheduleDay":21966,"longitude":-122.640284,"blockID":3137,"offRoute":false,"nextLocID":3785,"vehicleID":2258,"signMessage":"31 To Portland","extraTripID":null,"nextStopSeq":32,"routeNumber":31,"vehicleLoad":"unknown","bearing":351,"lastStopSeq":31,"inCongestion":false,"delay":-76,"latitude":45.4738514},{"tripID":4419224,"serviceDate":1395730800000,"direction":1,"garage":"POWELL","type":"bus","lastLocID":2333,"messageCode":813,"time":1395752854968,"expires":1395753272000,"signMessageLong":"77  Broadway/Halsey to Montgomery Park","extraBlockID":null,"locationInScheduleDay":22164,"longitude":-122.4178556,"blockID":7737,"offRoute":false,"nextLocID":2420,"vehicleID":2285,"signMessage":"77 Montgomry Pk","extraTripID":null,"nextStopSeq":9,"routeNumber":77,"vehicleLoad":"unknown","bearing":259,"lastStopSeq":8,"inCongestion":false,"delay":112,"latitude":45.5371885},{"tripID":4417163,"serviceDate":1395730800000,"direction":0,"garage":"CENTER","type":"bus","lastLocID":6849,"messageCode":780,"time":1395752840083,"expires":1395753259000,"signMessageLong":"70  12th/NE 33rd Ave to NE Sunderland","extraBlockID":null,"locationInScheduleDay":22039,"longitude":-122.6483348,"blockID":7005,"offRoute":false,"nextLocID":13693,"vehicleID":2132,"signMessage":"70 To Sunderlnd","extraTripID":null,"nextStopSeq":25,"routeNumber":70,"vehicleLoad":"unknown","bearing":0,"lastStopSeq":24,"inCongestion":false,"delay":0,"latitude":45.4948787},{"tripID":4417313,"serviceDate":1395730800000,"direction":1,"garage":"CENTER","type":"bus","lastLocID":6580,"messageCode":738,"time":1395752800937,"expires":1395753218000,"signMessageLong":"70  12th Ave to Milwaukie via 13th & Tacoma","extraBlockID":null,"locationInScheduleDay":21823,"longitude":-122.6535884,"blockID":7006,"offRoute":false,"nextLocID":6577,"vehicleID":2150,"signMessage":"70 To Milwaukie","extraTripID":null,"nextStopSeq":4,"routeNumber":70,"vehicleLoad":"unknown","bearing":180,"lastStopSeq":3,"inCongestion":false,"delay":-175,"latitude":45.5240683},{"tripID":4417865,"serviceDate":1395730800000,"direction":0,"garage":"POWELL","type":"bus","lastLocID":53,"messageCode":768,"time":1395752857622,"expires":1395753275000,"signMessageLong":"72  Killingsworth/82nd to Swan Island-Shipyards","extraBlockID":null,"locationInScheduleDay":21888,"longitude":-122.6508605,"blockID":7238,"offRoute":false,"nextLocID":51,"vehicleID":2527,"signMessage":"72 Swan Island","extraTripID":null,"nextStopSeq":88,"routeNumber":72,"vehicleLoad":"unknown","bearing":270,"lastStopSeq":87,"inCongestion":false,"delay":-167,"latitude":45.5590991},{"tripID":4417312,"serviceDate":1395730800000,"direction":1,"garage":"CENTER","type":"bus","lastLocID":6857,"messageCode":789,"time":1395752861177,"expires":1395753278000,"signMessageLong":"70  12th Ave to Milwaukie via 17th & Tacoma","extraBlockID":null,"locationInScheduleDay":21904,"longitude":-122.6478627,"blockID":7002,"offRoute":false,"nextLocID":6847,"vehicleID":2524,"signMessage":"70 To Milw via 17","extraTripID":null,"nextStopSeq":69,"routeNumber":70,"vehicleLoad":"unknown","bearing":175,"lastStopSeq":68,"inCongestion":false,"delay":-154,"latitude":45.4748472},{"tripID":4419087,"serviceDate":1395730800000,"direction":0,"garage":"CENTER","type":"bus","lastLocID":8402,"messageCode":809,"time":1395752854865,"expires":1395753273000,"signMessageLong":"77  Broadway/Halsey to Troutdale","extraBlockID":null,"locationInScheduleDay":22297,"longitude":-122.6783787,"blockID":7701,"offRoute":false,"nextLocID":1606,"vehicleID":2512,"signMessage":"77 To Troutdale","extraTripID":null,"nextStopSeq":16,"routeNumber":77,"vehicleLoad":"unknown","bearing":88,"lastStopSeq":15,"inCongestion":false,"delay":244,"latitude":45.5251712},{"tripID":4418192,"serviceDate":1395730800000,"direction":1,"garage":"POWELL","type":"bus","lastLocID":7973,"messageCode":760,"time":1395752845661,"expires":1395753264000,"signMessageLong":"72  Killingsworth/82nd to Clackamas TC","extraBlockID":null,"locationInScheduleDay":21934,"longitude":-122.5790573,"blockID":7239,"offRoute":false,"nextLocID":7956,"vehicleID":2540,"signMessage":"72 Clackamas TC","extraTripID":null,"nextStopSeq":69,"routeNumber":72,"vehicleLoad":"unknown","bearing":180,"lastStopSeq":68,"inCongestion":false,"delay":-110,"latitude":45.5267627},{"tripID":4417866,"serviceDate":1395730800000,"direction":0,"garage":"POWELL","type":"bus","lastLocID":7991,"messageCode":766,"time":1395752845665,"expires":1395753264000,"signMessageLong":"72  Killingsworth/82nd to Swan Island-Anchor St","extraBlockID":null,"locationInScheduleDay":21871,"longitude":-122.5787791,"blockID":7240,"offRoute":false,"nextLocID":7967,"vehicleID":2533,"signMessage":"72 Swan Island","extraTripID":null,"nextStopSeq":56,"routeNumber":72,"vehicleLoad":"unknown","bearing":0,"lastStopSeq":55,"inCongestion":false,"delay":-173,"latitude":45.547677},{"tripID":4417864,"serviceDate":1395730800000,"direction":0,"garage":"POWELL","type":"bus","lastLocID":2202,"messageCode":768,"time":1395752845730,"expires":1395753262000,"signMessageLong":"72  Killingsworth/82nd to Swan Island-Shipyards","extraBlockID":null,"locationInScheduleDay":21658,"longitude":-122.6930541,"blockID":7236,"offRoute":false,"nextLocID":2161,"vehicleID":2552,"signMessage":"72 Swan Island","extraTripID":null,"nextStopSeq":107,"routeNumber":72,"vehicleLoad":"unknown","bearing":155,"lastStopSeq":106,"inCongestion":false,"delay":-384,"latitude":45.5563406},{"tripID":4417868,"serviceDate":1395730800000,"direction":0,"garage":"POWELL","type":"bus","lastLocID":12922,"messageCode":768,"time":1395752840358,"expires":1395753258000,"signMessageLong":"72  Killingsworth/82nd to Swan Island-Shipyards","extraBlockID":null,"locationInScheduleDay":21999,"longitude":-122.5789279,"blockID":7242,"offRoute":false,"nextLocID":7941,"vehicleID":2548,"signMessage":"72 Swan Island","extraTripID":null,"nextStopSeq":3,"routeNumber":72,"vehicleLoad":"unknown","bearing":359,"lastStopSeq":2,"inCongestion":false,"delay":-39,"latitude":45.4408309},{"tripID":4411311,"serviceDate":1395730800000,"direction":0,"garage":"POWELL","type":"bus","lastLocID":2633,"messageCode":266,"time":1395752857800,"expires":1395753277000,"signMessageLong":"14  Hawthorne to 94th & Foster","extraBlockID":null,"locationInScheduleDay":22063,"longitude":-122.613833,"blockID":1435,"offRoute":false,"nextLocID":7651,"vehicleID":2316,"signMessage":"14 To 94-Foster","extraTripID":null,"nextStopSeq":22,"routeNumber":14,"vehicleLoad":"unknown","bearing":90,"lastStopSeq":21,"inCongestion":false,"delay":6,"latitude":45.5120268},{"tripID":4413876,"serviceDate":1395730800000,"direction":1,"garage":"CENTER","type":"bus","lastLocID":3235,"messageCode":462,"time":1395752857601,"expires":1395753277000,"signMessageLong":"31L Portland Limited","extraBlockID":null,"locationInScheduleDay":21969,"longitude":-122.6009269,"blockID":3101,"offRoute":false,"nextLocID":7524,"vehicleID":2714,"signMessage":"31L To Portland Limited","extraTripID":null,"nextStopSeq":4,"routeNumber":31,"vehicleLoad":"unknown","bearing":270,"lastStopSeq":3,"inCongestion":false,"delay":-88,"latitude":45.4479624},{"tripID":4417161,"serviceDate":1395730800000,"direction":0,"garage":"CENTER","type":"bus","lastLocID":13040,"messageCode":783,"time":1395752854837,"expires":1395753272000,"signMessageLong":"70  33rd Ave to NE Sunderland","extraBlockID":null,"locationInScheduleDay":21300,"longitude":-122.6357648,"blockID":7001,"offRoute":false,"nextLocID":9368,"vehicleID":2704,"signMessage":"70 To Sunderlnd","extraTripID":null,"nextStopSeq":83,"routeNumber":70,"vehicleLoad":"unknown","bearing":180,"lastStopSeq":82,"inCongestion":false,"delay":0,"latitude":45.5898735},{"tripID":4417162,"serviceDate":1395730800000,"direction":0,"garage":"CENTER","type":"bus","lastLocID":642,"messageCode":783,"time":1395752824727,"expires":1395753244000,"signMessageLong":"70  33rd Ave to NE Sunderland","extraBlockID":null,"locationInScheduleDay":22102,"longitude":-122.6328255,"blockID":7003,"offRoute":false,"nextLocID":7392,"vehicleID":2705,"signMessage":"70 To Sunderlnd","extraTripID":null,"nextStopSeq":45,"routeNumber":70,"vehicleLoad":"unknown","bearing":90,"lastStopSeq":44,"inCongestion":false,"delay":78,"latitude":45.5351603},{"tripID":4417314,"serviceDate":1395730800000,"direction":1,"garage":"CENTER","type":"bus","lastLocID":7400,"messageCode":788,"time":1395752857557,"expires":1395753275000,"signMessageLong":"70  12th/NE 33rd Ave to Milwaukie","extraBlockID":null,"locationInScheduleDay":22022,"longitude":-122.6307078,"blockID":7004,"offRoute":false,"nextLocID":7386,"vehicleID":2701,"signMessage":"70 To Milwaukie","extraTripID":null,"nextStopSeq":28,"routeNumber":70,"vehicleLoad":"unknown","bearing":179,"lastStopSeq":27,"inCongestion":false,"delay":-33,"latitude":45.5437114},{"tripID":4411558,"serviceDate":1395730800000,"direction":1,"garage":"CENTER","type":"bus","lastLocID":3637,"messageCode":268,"time":1395752843078,"expires":1395753260000,"signMessageLong":"14  Hawthorne to Portland","extraBlockID":null,"locationInScheduleDay":22120,"longitude":-122.6572514,"blockID":1401,"offRoute":false,"nextLocID":3641,"vehicleID":2608,"signMessage":"14 To Portland","extraTripID":null,"nextStopSeq":40,"routeNumber":14,"vehicleLoad":"unknown","bearing":270,"lastStopSeq":39,"inCongestion":false,"delay":80,"latitude":45.5129176},{"tripID":4419086,"serviceDate":1395730800000,"direction":0,"garage":"CENTER","type":"bus","lastLocID":4042,"messageCode":809,"time":1395752809840,"expires":1395753228000,"signMessageLong":"77  Broadway/Halsey to Troutdale","extraBlockID":null,"locationInScheduleDay":21525,"longitude":-122.6571331,"blockID":7703,"offRoute":false,"nextLocID":10866,"vehicleID":2630,"signMessage":"77 To Troutdale","extraTripID":null,"nextStopSeq":22,"routeNumber":77,"vehicleLoad":"unknown","bearing":90,"lastStopSeq":21,"inCongestion":false,"delay":-483,"latitude":45.5314986},{"tripID":4418191,"serviceDate":1395730800000,"direction":1,"garage":"POWELL","type":"bus","lastLocID":7969,"messageCode":760,"time":1395752860835,"expires":1395753280000,"signMessageLong":"72  Killingsworth/82nd to Clackamas TC","extraBlockID":null,"locationInScheduleDay":21863,"longitude":-122.5790117,"blockID":7237,"offRoute":false,"nextLocID":7990,"vehicleID":3004,"signMessage":"72 Clackamas TC","extraTripID":null,"nextStopSeq":107,"routeNumber":72,"vehicleLoad":"unknown","bearing":178,"lastStopSeq":106,"inCongestion":false,"delay":-197,"latitude":45.4492284},{"tripID":4418193,"serviceDate":1395730800000,"direction":1,"garage":"POWELL","type":"bus","lastLocID":3146,"messageCode":760,"time":1395752857545,"expires":1395753276000,"signMessageLong":"72  Killingsworth/82nd to Clackamas TC","extraBlockID":null,"locationInScheduleDay":22018,"longitude":-122.6009615,"blockID":7241,"offRoute":false,"nextLocID":3148,"vehicleID":3048,"signMessage":"72 Clackamas TC","extraTripID":null,"nextStopSeq":47,"routeNumber":72,"vehicleLoad":"unknown","bearing":90,"lastStopSeq":46,"inCongestion":false,"delay":-38,"latitude":45.5627553},{"tripID":4417867,"serviceDate":1395730800000,"direction":0,"garage":"POWELL","type":"bus","lastLocID":8040,"messageCode":768,"time":1395752836961,"expires":1395753256000,"signMessageLong":"72  Killingsworth/82nd to Swan Island-Shipyards","extraBlockID":null,"locationInScheduleDay":21967,"longitude":-122.5788182,"blockID":7235,"offRoute":false,"nextLocID":7984,"vehicleID":3053,"signMessage":"72 Swan Island","extraTripID":null,"nextStopSeq":25,"routeNumber":72,"vehicleLoad":"unknown","bearing":0,"lastStopSeq":24,"inCongestion":false,"delay":-69,"latitude":45.4899558},{"tripID":4418194,"serviceDate":1395730800000,"direction":1,"garage":"POWELL","type":"bus","lastLocID":3173,"messageCode":760,"time":1395752842982,"expires":1395753262000,"signMessageLong":"72  Killingsworth/82nd to Clackamas TC","extraBlockID":null,"locationInScheduleDay":22054,"longitude":-122.6762388,"blockID":7234,"offRoute":false,"nextLocID":3153,"vehicleID":3054,"signMessage":"72 Clackamas TC","extraTripID":null,"nextStopSeq":14,"routeNumber":72,"vehicleLoad":"unknown","bearing":89,"lastStopSeq":13,"inCongestion":false,"delay":12,"latitude":45.5626815},{"tripID":4419222,"serviceDate":1395730800000,"direction":1,"garage":"POWELL","type":"bus","lastLocID":2445,"messageCode":813,"time":1395752840162,"expires":1395753259000,"signMessageLong":"77  Broadway/Halsey to Montgomery Park","extraBlockID":null,"locationInScheduleDay":21628,"longitude":-122.5936472,"blockID":7734,"offRoute":false,"nextLocID":2443,"vehicleID":3046,"signMessage":"77 Montgomry Pk","extraTripID":null,"nextStopSeq":58,"routeNumber":77,"vehicleLoad":"unknown","bearing":270,"lastStopSeq":57,"inCongestion":false,"delay":-411,"latitude":45.533651},{"tripID":4411560,"serviceDate":1395730800000,"direction":1,"garage":"POWELL","type":"bus","lastLocID":1831,"messageCode":268,"time":1395752842968,"expires":1395753262000,"signMessageLong":"14  Hawthorne to Portland","extraBlockID":null,"locationInScheduleDay":22042,"longitude":-122.5662917,"blockID":1434,"offRoute":false,"nextLocID":13236,"vehicleID":3027,"signMessage":"14 To Portland","extraTripID":null,"nextStopSeq":2,"routeNumber":14,"vehicleLoad":"unknown","bearing":291,"lastStopSeq":1,"inCongestion":false,"delay":0,"latitude":45.4791765},{"tripID":4419085,"serviceDate":1395730800000,"direction":0,"garage":"CENTER","type":"bus","lastLocID":2366,"messageCode":809,"time":1395752857646,"expires":1395753275000,"signMessageLong":"77  Broadway/Halsey to Troutdale","extraBlockID":null,"locationInScheduleDay":22099,"longitude":-122.5343675,"blockID":7702,"offRoute":false,"nextLocID":2368,"vehicleID":2005,"signMessage":"77 To Troutdale","extraTripID":null,"nextStopSeq":63,"routeNumber":77,"vehicleLoad":"unknown","bearing":89,"lastStopSeq":62,"inCongestion":false,"delay":44,"latitude":45.5335552}],"queryTime":1395752868714}}
