{"resultSet":{"vehicle":[{"tripID":4417863,"serviceDate":1395730800000,"direction":0,"garage":"POWELL","type":"bus","lastLocID":7953,"messageCode":768,"time":1395748282775,"expires":1395748699000,"signMessageLong":"72  Killingsworth/82nd to Swan Island-Shipyards","extraBlockID":null,"locationInScheduleDay":17499,"longitude":-122.5790517,"blockID":7234,"offRoute":false,"nextLocID":7993,"vehicleID":3054,"signMessage":"72 Swan Island","extraTripID":null,"nextStopSeq":14,"routeNumber":72,"vehicleLoad":"unknown","bearing":359,"lastStopSeq":13,"inCongestion":false,"delay":20,"latitude":45.4667723}],"queryTime":1395748308535}}
