{"resultSet":{"vehicle":[{"tripID":4411642,"serviceDate":1395644400000,"direction":1,"garage":"CENTER","type":"bus","lastLocID":1811,"messageCode":268,"time":1395735024580,"expires":1395735440000,"signMessageLong":"14  Hawthorne to Portland","extraBlockID":null,"locationInScheduleDay":90644,"longitude":-122.5914158,"blockID":1406,"offRoute":false,"nextLocID":1807,"vehicleID":3128,"signMessage":"14 To Portland","extraTripID":null,"nextStopSeq":10,"routeNumber":14,"vehicleLoad":"unknown","bearing":300,"lastStopSeq":9,"inCongestion":false,"delay":24,"latitude":45.4874158},{"tripID":4418297,"serviceDate":1395644400000,"direction":1,"garage":"POWELL","type":"bus","lastLocID":7942,"messageCode":760,"time":1395735018008,"expires":1395735437000,"signMessageLong":"72  Killingsworth/82nd to Clackamas TC","extraBlockID":null,"locationInScheduleDay":90595,"longitude":-122.5738432,"blockID":7253,"offRoute":false,"nextLocID":12921,"vehicleID":3019,"signMessage":"72 Clackamas TC","extraTripID":null,"nextStopSeq":110,"routeNumber":72,"vehicleLoad":"unknown","bearing":91,"lastStopSeq":109,"inCongestion":false,"delay":-22,"latitude":45.4374086},{"tripID":4418298,"serviceDate":1395644400000,"direction":1,"garage":"POWELL","type":"bus","lastLocID":7966,"messageCode":760,"time":1395735018012,"expires":1395735437000,"signMessageLong":"72  Killingsworth/82nd to Clackamas TC","extraBlockID":null,"locationInScheduleDay":90738,"longitude":-122.5787664,"blockID":7236,"offRoute":false,"nextLocID":7992,"vehicleID":3022,"signMessage":"72 Clackamas TC","extraTripID":null,"nextStopSeq":58,"routeNumber":72,"vehicleLoad":"unknown","bearing":180,"lastStopSeq":57,"inCongestion":false,"delay":121,"latitude":45.5483456},{"tripID":4417969,"serviceDate":1395644400000,"direction":0,"garage":"POWELL","type":"bus","lastLocID":3209,"messageCode":766,"time":1395735018002,"expires":1395735437000,"signMessageLong":"72  Killingsworth/82nd to Swan Island-Anchor St","extraBlockID":null,"locationInScheduleDay":90739,"longitude":-122.6062573,"blockID":7238,"offRoute":false,"nextLocID":3207,"vehicleID":3035,"signMessage":"72 Swan Island","extraTripID":null,"nextStopSeq":70,"routeNumber":72,"vehicleLoad":"unknown","bearing":270,"lastStopSeq":69,"inCongestion":false,"delay":122,"latitude":45.5627565}],"queryTime":1395735047687}}
