{"resultSet":{"vehicle":[{"tripID":4417865,"serviceDate":1395730800000,"direction":0,"garage":"POWELL","type":"bus","lastLocID":13248,"messageCode":768,"time":1395750037797,"expires":1395750455000,"signMessageLong":"72  Killingsworth/82nd to Swan Island-Shipyards","extraBlockID":null,"locationInScheduleDay":19238,"longitude":-122.5691516,"blockID":7238,"offRoute":false,"nextLocID":12922,"vehicleID":2527,"signMessage":"72 Swan Island","extraTripID":null,"nextStopSeq":2,"routeNumber":72,"vehicleLoad":"unknown","bearing":353,"lastStopSeq":1,"inCongestion":false,"delay":3,"latitude":45.4362402},{"tripID":4419220,"serviceDate":1395730800000,"direction":1,"garage":"CENTER","type":"bus","lastLocID":644,"messageCode":813,"time":1395750034674,"expires":1395750451000,"signMessageLong":"77  Broadway/Halsey to Montgomery Park","extraBlockID":null,"locationInScheduleDay":19180,"longitude":-122.6311514,"blockID":7701,"offRoute":false,"nextLocID":643,"vehicleID":2512,"signMessage":"77 Montgomry Pk","extraTripID":null,"nextStopSeq":27,"routeNumber":77,"vehicleLoad":"unknown","bearing":270,"lastStopSeq":26,"inCongestion":false,"delay":-51,"latitude":45.5351596},{"tripID":4417864,"serviceDate":1395730800000,"direction":0,"garage":"POWELL","type":"bus","lastLocID":7964,"messageCode":768,"time":1395750037877,"expires":1395750456000,"signMessageLong":"72  Killingsworth/82nd to Swan Island-Shipyards","extraBlockID":null,"locationInScheduleDay":19098,"longitude":-122.5789427,"blockID":7236,"offRoute":false,"nextLocID":8029,"vehicleID":2552,"signMessage":"72 Swan Island","extraTripID":null,"nextStopSeq":23,"routeNumber":72,"vehicleLoad":"unknown","bearing":0,"lastStopSeq":22,"inCongestion":false,"delay":-138,"latitude":45.4843316},{"tripID":4417161,"serviceDate":1395730800000,"direction":0,"garage":"CENTER","type":"bus","lastLocID":4539,"messageCode":780,"time":1395750034659,"expires":1395750453000,"signMessageLong":"70  12th/NE 33rd Ave to NE Sunderland","extraBlockID":null,"locationInScheduleDay":19214,"longitude":-122.6540706,"blockID":7001,"offRoute":false,"nextLocID":6578,"vehicleID":2704,"signMessage":"70 To Sunderlnd","extraTripID":null,"nextStopSeq":27,"routeNumber":70,"vehicleLoad":"unknown","bearing":321,"lastStopSeq":26,"inCongestion":false,"delay":-19,"latitude":45.5013665},{"tripID":4418191,"serviceDate":1395730800000,"direction":1,"garage":"POWELL","type":"bus","lastLocID":3183,"messageCode":760,"time":1395750022917,"expires":1395750439000,"signMessageLong":"72  Killingsworth/82nd to Clackamas TC","extraBlockID":null,"locationInScheduleDay":19130,"longitude":-122.6686835,"blockID":7237,"offRoute":false,"nextLocID":3188,"vehicleID":3004,"signMessage":"72 Clackamas TC","extraTripID":null,"nextStopSeq":18,"routeNumber":72,"vehicleLoad":"unknown","bearing":89,"lastStopSeq":17,"inCongestion":false,"delay":-89,"latitude":45.5627148},{"tripID":4418190,"serviceDate":1395730800000,"direction":1,"garage":"POWELL","type":"bus","lastLocID":8008,"messageCode":760,"time":1395750016707,"expires":1395750436000,"signMessageLong":"72  Killingsworth/82nd to Clackamas TC","extraBlockID":null,"locationInScheduleDay":19112,"longitude":-122.5786959,"blockID":7235,"offRoute":false,"nextLocID":7923,"vehicleID":3053,"signMessage":"72 Clackamas TC","extraTripID":null,"nextStopSeq":24,"routeNumber":72,"vehicleLoad":"unknown","bearing":179,"lastStopSeq":23,"inCongestion":false,"delay":-104,"latitude":45.5098061},{"tripID":4417863,"serviceDate":1395730800000,"direction":0,"garage":"POWELL","type":"bus","lastLocID":3207,"messageCode":768,"time":1395750037780,"expires":1395750456000,"signMessageLong":"72  Killingsworth/82nd to Swan Island-Shipyards","extraBlockID":null,"locationInScheduleDay":19161,"longitude":-122.6077264,"blockID":7234,"offRoute":false,"nextLocID":3205,"vehicleID":3054,"signMessage":"72 Swan Island","extraTripID":null,"nextStopSeq":71,"routeNumber":72,"vehicleLoad":"unknown","bearing":269,"lastStopSeq":70,"inCongestion":false,"delay":-75,"latitude":45.5627585},{"tripID":4411556,"serviceDate":1395730800000,"direction":1,"garage":"POWELL","type":"bus","lastLocID":3633,"messageCode":268,"time":1395750034654,"expires":1395750453000,"signMessageLong":"14  Hawthorne to Portland","extraBlockID":null,"locationInScheduleDay":19290,"longitude":-122.6606011,"blockID":1434,"offRoute":false,"nextLocID":2642,"vehicleID":3027,"signMessage":"14 To Portland","extraTripID":null,"nextStopSeq":42,"routeNumber":14,"vehicleLoad":"unknown","bearing":270,"lastStopSeq":41,"inCongestion":false,"delay":57,"latitude":45.5129375},{"tripID":4419085,"serviceDate":1395730800000,"direction":0,"garage":"CENTER","type":"bus","lastLocID":7127,"messageCode":809,"time":1395750019820,"expires":1395750437000,"signMessageLong":"77  Broadway/Halsey to Troutdale","extraBlockID":null,"locationInScheduleDay":19245,"longitude":-122.694592,"blockID":7702,"offRoute":false,"nextLocID":7121,"vehicleID":2005,"signMessage":"77 To Troutdale","extraTripID":null,"nextStopSeq":8,"routeNumber":77,"vehicleLoad":"unknown","bearing":178,"lastStopSeq":7,"inCongestion":false,"delay":28,"latitude":45.530758}],"queryTime":1395750048614}}
