{"resultSet":{"vehicle":[{"tripID":4411559,"serviceDate":1395730800000,"direction":1,"garage":"POWELL","type":"bus","lastLocID":13236,"messageCode":268,"time":1395752362591,"expires":1395752781000,"signMessageLong":"14  Hawthorne to Portland","extraBlockID":null,"locationInScheduleDay":21556,"longitude":-122.5675341,"blockID":1436,"offRoute":false,"nextLocID":1829,"vehicleID":2206,"signMessage":"14 To Portland","extraTripID":null,"nextStopSeq":3,"routeNumber":14,"vehicleLoad":"unknown","bearing":291,"lastStopSeq":2,"inCongestion":false,"delay":-5,"latitude":45.4795188},{"tripID":4419221,"serviceDate":1395730800000,"direction":1,"garage":"POWELL","type":"bus","lastLocID":9311,"messageCode":813,"time":1395752333281,"expires":1395752752000,"signMessageLong":"77  Broadway/Halsey to Montgomery Park","extraBlockID":null,"locationInScheduleDay":21522,"longitude":-122.6779823,"blockID":7735,"offRoute":false,"nextLocID":1997,"vehicleID":2222,"signMessage":"77 Montgomry Pk","extraTripID":null,"nextStopSeq":42,"routeNumber":77,"vehicleLoad":"unknown","bearing":268,"lastStopSeq":41,"inCongestion":false,"delay":-10,"latitude":45.5266035},{"tripID":4419223,"serviceDate":1395730800000,"direction":1,"garage":"POWELL","type":"bus","lastLocID":2414,"messageCode":813,"time":1395752359963,"expires":1395752777000,"signMessageLong":"77  Broadway/Halsey to Montgomery Park","extraBlockID":null,"locationInScheduleDay":21528,"longitude":-122.4472229,"blockID":7736,"offRoute":false,"nextLocID":13505,"vehicleID":2221,"signMessage":"77 Montgomry Pk","extraTripID":null,"nextStopSeq":16,"routeNumber":77,"vehicleLoad":"unknown","bearing":265,"lastStopSeq":15,"inCongestion":false,"delay":-29,"latitude":45.53356},{"tripID":4413875,"serviceDate":1395730800000,"direction":1,"garage":"POWELL","type":"bus","lastLocID":2573,"messageCode":464,"time":1395752314725,"expires":1395752734000,"signMessageLong":"31  To Portland via Milwaukie","extraBlockID":null,"locationInScheduleDay":21507,"longitude":-122.6351192,"blockID":3137,"offRoute":false,"nextLocID":2571,"vehicleID":2258,"signMessage":"31 To Portland","extraTripID":null,"nextStopSeq":22,"routeNumber":31,"vehicleLoad":"unknown","bearing":268,"lastStopSeq":21,"inCongestion":false,"delay":-7,"latitude":45.4464733},{"tripID":4417163,"serviceDate":1395730800000,"direction":0,"garage":"CENTER","type":"bus","lastLocID":6693,"messageCode":782,"time":1395752359904,"expires":1395752778000,"signMessageLong":"70  12th/NE 33rd Ave to NE Sunderland via 13th & Tacoma","extraBlockID":null,"locationInScheduleDay":21551,"longitude":-122.6529621,"blockID":7005,"offRoute":false,"nextLocID":6691,"vehicleID":2132,"signMessage":"70 To Sunderland via 13th","extraTripID":null,"nextStopSeq":13,"routeNumber":70,"vehicleLoad":"unknown","bearing":2,"lastStopSeq":12,"inCongestion":false,"delay":-7,"latitude":45.4713349},{"tripID":4417865,"serviceDate":1395730800000,"direction":0,"garage":"POWELL","type":"bus","lastLocID":3209,"messageCode":768,"time":1395752317979,"expires":1395752735000,"signMessageLong":"72  Killingsworth/82nd to Swan Island-Shipyards","extraBlockID":null,"locationInScheduleDay":21432,"longitude":-122.6061644,"blockID":7238,"offRoute":false,"nextLocID":3207,"vehicleID":2527,"signMessage":"72 Swan Island","extraTripID":null,"nextStopSeq":70,"routeNumber":72,"vehicleLoad":"unknown","bearing":270,"lastStopSeq":69,"inCongestion":false,"delay":-83,"latitude":45.5627563},{"tripID":4417312,"serviceDate":1395730800000,"direction":1,"garage":"CENTER","type":"bus","lastLocID":6544,"messageCode":789,"time":1395752333209,"expires":1395752751000,"signMessageLong":"70  12th Ave to Milwaukie via 17th & Tacoma","extraBlockID":null,"locationInScheduleDay":21464,"longitude":-122.6542268,"blockID":7002,"offRoute":false,"nextLocID":10472,"vehicleID":2524,"signMessage":"70 To Milw via 17","extraTripID":null,"nextStopSeq":57,"routeNumber":70,"vehicleLoad":"unknown","bearing":179,"lastStopSeq":56,"inCongestion":false,"delay":-67,"latitude":45.5014674},{"tripID":4419087,"serviceDate":1395730800000,"direction":0,"garage":"CENTER","type":"bus","lastLocID":8484,"messageCode":809,"time":1395752359948,"expires":1395752778000,"signMessageLong":"77  Broadway/Halsey to Troutdale","extraBlockID":null,"locationInScheduleDay":21558,"longitude":-122.7059166,"blockID":7701,"offRoute":false,"nextLocID":8385,"vehicleID":2512,"signMessage":"77 To Troutdale","extraTripID":null,"nextStopSeq":2,"routeNumber":77,"vehicleLoad":"unknown","bearing":87,"lastStopSeq":1,"inCongestion":false,"delay":0,"latitude":45.5368099},{"tripID":4418192,"serviceDate":1395730800000,"direction":1,"garage":"POWELL","type":"bus","lastLocID":8025,"messageCode":760,"time":1395752272627,"expires":1395752690000,"signMessageLong":"72  Killingsworth/82nd to Clackamas TC","extraBlockID":null,"locationInScheduleDay":21512,"longitude":-122.5786686,"blockID":7239,"offRoute":false,"nextLocID":8038,"vehicleID":2540,"signMessage":"72 Clackamas TC","extraTripID":null,"nextStopSeq":55,"routeNumber":72,"vehicleLoad":"unknown","bearing":180,"lastStopSeq":54,"inCongestion":false,"delay":42,"latitude":45.5534243},{"tripID":4417866,"serviceDate":1395730800000,"direction":0,"garage":"POWELL","type":"bus","lastLocID":7936,"messageCode":766,"time":1395752365648,"expires":1395752782000,"signMessageLong":"72  Killingsworth/82nd to Swan Island-Anchor St","extraBlockID":null,"locationInScheduleDay":21487,"longitude":-122.5790768,"blockID":7240,"offRoute":false,"nextLocID":7955,"vehicleID":2533,"signMessage":"72 Swan Island","extraTripID":null,"nextStopSeq":43,"routeNumber":72,"vehicleLoad":"unknown","bearing":0,"lastStopSeq":42,"inCongestion":false,"delay":-75,"latitude":45.5226576},{"tripID":4417864,"serviceDate":1395730800000,"direction":0,"garage":"POWELL","type":"bus","lastLocID":5890,"messageCode":768,"time":1395752320752,"expires":1395752738000,"signMessageLong":"72  Killingsworth/82nd to Swan Island-Shipyards","extraBlockID":null,"locationInScheduleDay":21120,"longitude":-122.6614271,"blockID":7236,"offRoute":false,"nextLocID":10957,"vehicleID":2552,"signMessage":"72 Swan Island","extraTripID":null,"nextStopSeq":93,"routeNumber":72,"vehicleLoad":"unknown","bearing":0,"lastStopSeq":92,"inCongestion":false,"delay":-398,"latitude":45.5595755},{"tripID":4413874,"serviceDate":1395730800000,"direction":1,"garage":"POWELL","type":"bus","lastLocID":2642,"messageCode":467,"time":1395752314819,"expires":1395752734000,"signMessageLong":"31  Downtown Only","extraBlockID":null,"locationInScheduleDay":21703,"longitude":-122.6742232,"blockID":3134,"offRoute":false,"nextLocID":11956,"vehicleID":2555,"signMessage":"31 Downtown Only","extraTripID":null,"nextStopSeq":37,"routeNumber":31,"vehicleLoad":"unknown","bearing":301,"lastStopSeq":36,"inCongestion":false,"delay":189,"latitude":45.5141452},{"tripID":4411311,"serviceDate":1395730800000,"direction":0,"garage":"POWELL","type":"bus","lastLocID":2594,"messageCode":266,"time":1395752320743,"expires":1395752738000,"signMessageLong":"14  Hawthorne to 94th & Foster","extraBlockID":null,"locationInScheduleDay":21546,"longitude":-122.6584286,"blockID":1435,"offRoute":false,"nextLocID":2597,"vehicleID":2316,"signMessage":"14 To 94-Foster","extraTripID":null,"nextStopSeq":5,"routeNumber":14,"vehicleLoad":"unknown","bearing":90,"lastStopSeq":4,"inCongestion":false,"delay":28,"latitude":45.5122365},{"tripID":4417161,"serviceDate":1395730800000,"direction":0,"garage":"CENTER","type":"bus","lastLocID":13040,"messageCode":783,"time":1395752374758,"expires":1395752792000,"signMessageLong":"70  33rd Ave to NE Sunderland","extraBlockID":null,"locationInScheduleDay":21300,"longitude":-122.6357648,"blockID":7001,"offRoute":false,"nextLocID":9368,"vehicleID":2704,"signMessage":"70 To Sunderlnd","extraTripID":null,"nextStopSeq":83,"routeNumber":70,"vehicleLoad":"unknown","bearing":180,"lastStopSeq":82,"inCongestion":false,"delay":0,"latitude":45.5898735},{"tripID":4417162,"serviceDate":1395730800000,"direction":0,"garage":"CENTER","type":"bus","lastLocID":6592,"messageCode":780,"time":1395752329824,"expires":1395752747000,"signMessageLong":"70  12th/NE 33rd Ave to NE Sunderland","extraBlockID":null,"locationInScheduleDay":21622,"longitude":-122.6535936,"blockID":7003,"offRoute":false,"nextLocID":6582,"vehicleID":2705,"signMessage":"70 To Sunderlnd","extraTripID":null,"nextStopSeq":32,"routeNumber":70,"vehicleLoad":"unknown","bearing":359,"lastStopSeq":31,"inCongestion":false,"delay":95,"latitude":45.5265826},{"tripID":4417314,"serviceDate":1395730800000,"direction":1,"garage":"CENTER","type":"bus","lastLocID":8304,"messageCode":788,"time":1395752288084,"expires":1395752706000,"signMessageLong":"70  12th/NE 33rd Ave to Milwaukie","extraBlockID":null,"locationInScheduleDay":21452,"longitude":-122.6439627,"blockID":7004,"offRoute":false,"nextLocID":8507,"vehicleID":2701,"signMessage":"70 To Milwaukie","extraTripID":null,"nextStopSeq":10,"routeNumber":70,"vehicleLoad":"unknown","bearing":198,"lastStopSeq":9,"inCongestion":false,"delay":-34,"latitude":45.5766804},{"tripID":4411558,"serviceDate":1395730800000,"direction":1,"garage":"CENTER","type":"bus","lastLocID":2632,"messageCode":268,"time":1395752320732,"expires":1395752739000,"signMessageLong":"14  Hawthorne to Portland","extraBlockID":null,"locationInScheduleDay":21534,"longitude":-122.6182608,"blockID":1401,"offRoute":false,"nextLocID":2629,"vehicleID":2608,"signMessage":"14 To Portland","extraTripID":null,"nextStopSeq":27,"routeNumber":14,"vehicleLoad":"unknown","bearing":270,"lastStopSeq":26,"inCongestion":false,"delay":15,"latitude":45.5120371},{"tripID":4419086,"serviceDate":1395730800000,"direction":0,"garage":"CENTER","type":"bus","lastLocID":7121,"messageCode":null,"time":1395752330000,"expires":1395752750000,"signMessageLong":null,"extraBlockID":null,"locationInScheduleDay":null,"longitude":-122.687267,"blockID":7703,"offRoute":false,"nextLocID":7114,"vehicleID":2630,"signMessage":null,"extraTripID":null,"nextStopSeq":null,"routeNumber":77,"vehicleLoad":"unknown","bearing":null,"lastStopSeq":null,"inCongestion":false,"delay":-895,"latitude":45.52685},{"tripID":4418191,"serviceDate":1395730800000,"direction":1,"garage":"POWELL","type":"bus","lastLocID":7965,"messageCode":760,"time":1395752377887,"expires":1395752797000,"signMessageLong":"72  Killingsworth/82nd to Clackamas TC","extraBlockID":null,"locationInScheduleDay":21431,"longitude":-122.5789826,"blockID":7237,"offRoute":false,"nextLocID":8028,"vehicleID":3004,"signMessage":"72 Clackamas TC","extraTripID":null,"nextStopSeq":91,"routeNumber":72,"vehicleLoad":"unknown","bearing":180,"lastStopSeq":90,"inCongestion":false,"delay":-146,"latitude":45.4819888},{"tripID":4413796,"serviceDate":1395730800000,"direction":0,"garage":"POWELL","type":"bus","lastLocID":4002,"messageCode":457,"time":1395752377895,"expires":1395752796000,"signMessageLong":"31  Clackamas Town Center, continuing to Estacada","extraBlockID":null,"locationInScheduleDay":21576,"longitude":-122.5729722,"blockID":3136,"offRoute":false,"nextLocID":12922,"vehicleID":3007,"signMessage":"31 To Estacada via Clackamas","extraTripID":null,"nextStopSeq":24,"routeNumber":31,"vehicleLoad":"unknown","bearing":181,"lastStopSeq":23,"inCongestion":false,"delay":0,"latitude":45.4381562},{"tripID":4418193,"serviceDate":1395730800000,"direction":1,"garage":"POWELL","type":"bus","lastLocID":52,"messageCode":760,"time":1395752383620,"expires":1395752801000,"signMessageLong":"72  Killingsworth/82nd to Clackamas TC","extraBlockID":null,"locationInScheduleDay":21493,"longitude":-122.648975,"blockID":7241,"offRoute":false,"nextLocID":54,"vehicleID":3048,"signMessage":"72 Clackamas TC","extraTripID":null,"nextStopSeq":27,"routeNumber":72,"vehicleLoad":"unknown","bearing":90,"lastStopSeq":26,"inCongestion":false,"delay":-88,"latitude":45.5590966},{"tripID":4417867,"serviceDate":1395730800000,"direction":0,"garage":"POWELL","type":"bus","lastLocID":7953,"messageCode":768,"time":1395752359929,"expires":1395752777000,"signMessageLong":"72  Killingsworth/82nd to Swan Island-Shipyards","extraBlockID":null,"locationInScheduleDay":21609,"longitude":-122.5790506,"blockID":7235,"offRoute":false,"nextLocID":7993,"vehicleID":3053,"signMessage":"72 Swan Island","extraTripID":null,"nextStopSeq":14,"routeNumber":72,"vehicleLoad":"unknown","bearing":0,"lastStopSeq":13,"inCongestion":false,"delay":52,"latitude":45.4647464},{"tripID":4417863,"serviceDate":1395730800000,"direction":0,"garage":"POWELL","type":"bus","lastLocID":1042,"messageCode":768,"time":1395752317946,"expires":1395752736000,"signMessageLong":"72  Killingsworth/82nd to Swan Island-Shipyards","extraBlockID":null,"locationInScheduleDay":20758,"longitude":-122.7041941,"blockID":7234,"offRoute":false,"nextLocID":1041,"vehicleID":3054,"signMessage":"72 Swan Island","extraTripID":null,"nextStopSeq":117,"routeNumber":72,"vehicleLoad":"unknown","bearing":94,"lastStopSeq":116,"inCongestion":false,"delay":0,"latitude":45.5566863},{"tripID":4419222,"serviceDate":1395730800000,"direction":1,"garage":"POWELL","type":"bus","lastLocID":6223,"messageCode":813,"time":1395752359949,"expires":1395752778000,"signMessageLong":"77  Broadway/Halsey to Montgomery Park","extraBlockID":null,"locationInScheduleDay":21198,"longitude":-122.5539685,"blockID":7734,"offRoute":false,"nextLocID":10746,"vehicleID":3046,"signMessage":"77 Montgomry Pk","extraTripID":null,"nextStopSeq":46,"routeNumber":77,"vehicleLoad":"unknown","bearing":270,"lastStopSeq":45,"inCongestion":false,"delay":-360,"latitude":45.5341692},{"tripID":4411310,"serviceDate":1395730800000,"direction":0,"garage":"POWELL","type":"bus","lastLocID":6398,"messageCode":null,"time":1395752360000,"expires":1395752780000,"signMessageLong":null,"extraBlockID":null,"locationInScheduleDay":null,"longitude":-122.565767,"blockID":1434,"offRoute":false,"nextLocID":8134,"vehicleID":3027,"signMessage":null,"extraTripID":null,"nextStopSeq":null,"routeNumber":14,"vehicleLoad":"unknown","bearing":null,"lastStopSeq":null,"inCongestion":false,"delay":55,"latitude":45.47905},{"tripID":4419085,"serviceDate":1395730800000,"direction":0,"garage":"CENTER","type":"bus","lastLocID":7999,"messageCode":809,"time":1395752329912,"expires":1395752748000,"signMessageLong":"77  Broadway/Halsey to Troutdale","extraBlockID":null,"locationInScheduleDay":21600,"longitude":-122.578962,"blockID":7702,"offRoute":false,"nextLocID":2456,"vehicleID":2005,"signMessage":"77 To Troutdale","extraTripID":null,"nextStopSeq":53,"routeNumber":77,"vehicleLoad":"unknown","bearing":0,"lastStopSeq":52,"inCongestion":false,"delay":72,"latitude":45.533614}],"queryTime":1395752388695}}
