{"resultSet":{"vehicle":[{"tripID":4411388,"serviceDate":1395644400000,"direction":0,"garage":"CENTER","type":"bus","lastLocID":2596,"messageCode":266,"time":1395736997885,"expires":1395737416000,"signMessageLong":"14  Hawthorne to 94th & Foster","extraBlockID":null,"locationInScheduleDay":92638,"longitude":-122.6452517,"blockID":1406,"offRoute":false,"nextLocID":2607,"vehicleID":3128,"signMessage":"14 To 94-Foster","extraTripID":null,"nextStopSeq":10,"routeNumber":14,"vehicleLoad":"unknown","bearing":105,"lastStopSeq":9,"inCongestion":false,"delay":42,"latitude":45.5121264}],"queryTime":1395737027767}}
