{"resultSet":{"vehicle":[{"tripID":4411566,"serviceDate":1395730800000,"direction":1,"garage":"POWELL","type":"bus","lastLocID":2632,"messageCode":268,"time":1395758303539,"expires":1395758719000,"signMessageLong":"14  Hawthorne to Portland","extraBlockID":null,"locationInScheduleDay":27560,"longitude":-122.6173581,"blockID":1436,"offRoute":false,"nextLocID":2629,"vehicleID":2206,"signMessage":"14 To Portland","extraTripID":null,"nextStopSeq":27,"routeNumber":14,"vehicleLoad":"unknown","bearing":270,"lastStopSeq":26,"inCongestion":false,"delay":61,"latitude":45.5120338},{"tripID":4419089,"serviceDate":1395730800000,"direction":0,"garage":"POWELL","type":"bus","lastLocID":2415,"messageCode":809,"time":1395758288502,"expires":1395758704000,"signMessageLong":"77  Broadway/Halsey to Troutdale","extraBlockID":null,"locationInScheduleDay":27397,"longitude":-122.4434307,"blockID":7735,"offRoute":false,"nextLocID":2327,"vehicleID":2222,"signMessage":"77 To Troutdale","extraTripID":null,"nextStopSeq":87,"routeNumber":77,"vehicleLoad":"unknown","bearing":85,"lastStopSeq":86,"inCongestion":false,"delay":-87,"latitude":45.5337644},{"tripID":4419092,"serviceDate":1395730800000,"direction":0,"garage":"POWELL","type":"bus","lastLocID":1606,"messageCode":809,"time":1395758303561,"expires":1395758719000,"signMessageLong":"77  Broadway/Halsey to Troutdale","extraBlockID":null,"locationInScheduleDay":27402,"longitude":-122.6763414,"blockID":7736,"offRoute":false,"nextLocID":8886,"vehicleID":2221,"signMessage":"77 To Troutdale","extraTripID":null,"nextStopSeq":17,"routeNumber":77,"vehicleLoad":"unknown","bearing":88,"lastStopSeq":16,"inCongestion":false,"delay":-97,"latitude":45.5252079},{"tripID":4411565,"serviceDate":1395730800000,"direction":1,"garage":"POWELL","type":"bus","lastLocID":2611,"messageCode":268,"time":1395758303558,"expires":1395758719000,"signMessageLong":"14  Hawthorne to Portland","extraBlockID":null,"locationInScheduleDay":27575,"longitude":-122.6432161,"blockID":1438,"offRoute":false,"nextLocID":2609,"vehicleID":2220,"signMessage":"14 To Portland","extraTripID":null,"nextStopSeq":35,"routeNumber":14,"vehicleLoad":"unknown","bearing":269,"lastStopSeq":34,"inCongestion":false,"delay":76,"latitude":45.5120926},{"tripID":4418202,"serviceDate":1395730800000,"direction":1,"garage":"POWELL","type":"bus","lastLocID":3199,"messageCode":760,"time":1395758308768,"expires":1395758726000,"signMessageLong":"72  Killingsworth/82nd to Clackamas TC","extraBlockID":null,"locationInScheduleDay":27627,"longitude":-122.6171668,"blockID":7248,"offRoute":false,"nextLocID":3144,"vehicleID":2215,"signMessage":"72 Clackamas TC","extraTripID":null,"nextStopSeq":41,"routeNumber":72,"vehicleLoad":"unknown","bearing":90,"lastStopSeq":40,"inCongestion":false,"delay":121,"latitude":45.5627959},{"tripID":4411316,"serviceDate":1395730800000,"direction":0,"garage":"POWELL","type":"bus","lastLocID":2633,"messageCode":266,"time":1395758307043,"expires":1395758725000,"signMessageLong":"14  Hawthorne to 94th & Foster","extraBlockID":null,"locationInScheduleDay":27562,"longitude":-122.612137,"blockID":1437,"offRoute":false,"nextLocID":7651,"vehicleID":2264,"signMessage":"14 To 94-Foster","extraTripID":null,"nextStopSeq":22,"routeNumber":14,"vehicleLoad":"unknown","bearing":90,"lastStopSeq":21,"inCongestion":false,"delay":57,"latitude":45.5120192},{"tripID":4418200,"serviceDate":1395730800000,"direction":1,"garage":"POWELL","type":"bus","lastLocID":8034,"messageCode":760,"time":1395758327404,"expires":1395758735000,"signMessageLong":"72  Killingsworth/82nd to Clackamas TC","extraBlockID":null,"locationInScheduleDay":27491,"longitude":-122.5789375,"blockID":7247,"offRoute":false,"nextLocID":8035,"vehicleID":2250,"signMessage":"72 Clackamas TC","extraTripID":null,"nextStopSeq":62,"routeNumber":72,"vehicleLoad":"unknown","bearing":180,"lastStopSeq":61,"inCongestion":false,"delay":-24,"latitude":45.5395635},{"tripID":4417876,"serviceDate":1395730800000,"direction":0,"garage":"POWELL","type":"bus","lastLocID":7962,"messageCode":766,"time":1395758303655,"expires":1395758719000,"signMessageLong":"72  Killingsworth/82nd to Swan Island-Anchor St","extraBlockID":null,"locationInScheduleDay":27456,"longitude":-122.5790594,"blockID":7250,"offRoute":false,"nextLocID":7982,"vehicleID":2242,"signMessage":"72 Swan Island","extraTripID":null,"nextStopSeq":16,"routeNumber":72,"vehicleLoad":"unknown","bearing":359,"lastStopSeq":15,"inCongestion":false,"delay":-43,"latitude":45.4705267},{"tripID":4418198,"serviceDate":1395730800000,"direction":1,"garage":"POWELL","type":"bus","lastLocID":7965,"messageCode":760,"time":1395758311871,"expires":1395758730000,"signMessageLong":"72  Killingsworth/82nd to Clackamas TC","extraBlockID":null,"locationInScheduleDay":27563,"longitude":-122.5789564,"blockID":7246,"offRoute":false,"nextLocID":8028,"vehicleID":2296,"signMessage":"72 Clackamas TC","extraTripID":null,"nextStopSeq":91,"routeNumber":72,"vehicleLoad":"unknown","bearing":181,"lastStopSeq":90,"inCongestion":false,"delay":53,"latitude":45.4836186},{"tripID":4419093,"serviceDate":1395730800000,"direction":0,"garage":"POWELL","type":"bus","lastLocID":8484,"messageCode":809,"time":1395758327568,"expires":1395758736000,"signMessageLong":"77  Broadway/Halsey to Troutdale","extraBlockID":null,"locationInScheduleDay":27516,"longitude":-122.7069049,"blockID":7737,"offRoute":false,"nextLocID":8385,"vehicleID":2285,"signMessage":"77 To Troutdale","extraTripID":null,"nextStopSeq":2,"routeNumber":77,"vehicleLoad":"unknown","bearing":178,"lastStopSeq":1,"inCongestion":false,"delay":0,"latitude":45.5370429},{"tripID":4418204,"serviceDate":1395730800000,"direction":1,"garage":"POWELL","type":"bus","lastLocID":9399,"messageCode":760,"time":1395758303772,"expires":1395758717000,"signMessageLong":"72  Killingsworth/82nd to Clackamas TC","extraBlockID":null,"locationInScheduleDay":27421,"longitude":-122.694672,"blockID":7244,"offRoute":false,"nextLocID":2195,"vehicleID":2276,"signMessage":"72 Clackamas TC","extraTripID":null,"nextStopSeq":4,"routeNumber":72,"vehicleLoad":"unknown","bearing":90,"lastStopSeq":3,"inCongestion":false,"delay":-76,"latitude":45.5559988},{"tripID":4411567,"serviceDate":1395730800000,"direction":1,"garage":"POWELL","type":"bus","lastLocID":8242,"messageCode":268,"time":1395758303763,"expires":1395758719000,"signMessageLong":"14  Hawthorne to Portland","extraBlockID":null,"locationInScheduleDay":27551,"longitude":-122.6110254,"blockID":1439,"offRoute":false,"nextLocID":7654,"vehicleID":2275,"signMessage":"14 To Portland","extraTripID":null,"nextStopSeq":21,"routeNumber":14,"vehicleLoad":"unknown","bearing":0,"lastStopSeq":20,"inCongestion":false,"delay":52,"latitude":45.503357},{"tripID":4417318,"serviceDate":1395730800000,"direction":1,"garage":"CENTER","type":"bus","lastLocID":6541,"messageCode":790,"time":1395758311852,"expires":1395758730000,"signMessageLong":"70  12th Ave to Milwaukie via 13th & Tacoma","extraBlockID":null,"locationInScheduleDay":27527,"longitude":-122.6546521,"blockID":7005,"offRoute":false,"nextLocID":6554,"vehicleID":2132,"signMessage":"70 To Milw via 13","extraTripID":null,"nextStopSeq":49,"routeNumber":70,"vehicleLoad":"unknown","bearing":180,"lastStopSeq":48,"inCongestion":false,"delay":17,"latitude":45.5197958},{"tripID":4413880,"serviceDate":1395730800000,"direction":1,"garage":"CENTER","type":"bus","lastLocID":2171,"messageCode":454,"time":1395758273209,"expires":1395758690000,"signMessageLong":"31E Portland Express","extraBlockID":null,"locationInScheduleDay":27215,"longitude":-122.6607954,"blockID":3002,"offRoute":false,"nextLocID":11956,"vehicleID":2134,"signMessage":"31E Portland Express","extraTripID":null,"nextStopSeq":4,"routeNumber":31,"vehicleLoad":"unknown","bearing":0,"lastStopSeq":3,"inCongestion":false,"delay":-255,"latitude":45.5100033},{"tripID":4417166,"serviceDate":1395730800000,"direction":0,"garage":"CENTER","type":"bus","lastLocID":7383,"messageCode":783,"time":1395758303368,"expires":1395758720000,"signMessageLong":"70  33rd Ave to NE Sunderland","extraBlockID":null,"locationInScheduleDay":27300,"longitude":-122.6306815,"blockID":7006,"offRoute":false,"nextLocID":7380,"vehicleID":2150,"signMessage":"70 To Sunderlnd","extraTripID":null,"nextStopSeq":60,"routeNumber":70,"vehicleLoad":"unknown","bearing":0,"lastStopSeq":59,"inCongestion":false,"delay":-200,"latitude":45.5625998},{"tripID":4417170,"serviceDate":1395730800000,"direction":0,"garage":"CENTER","type":"bus","lastLocID":13477,"messageCode":781,"time":1395758303437,"expires":1395758717000,"signMessageLong":"70  12th/NE 33rd Ave to NE Sunderland via 17th & Tacoma","extraBlockID":null,"locationInScheduleDay":27497,"longitude":-122.6407309,"blockID":7008,"offRoute":false,"nextLocID":8225,"vehicleID":2506,"signMessage":"70 To Sunderland via 17th","extraTripID":null,"nextStopSeq":2,"routeNumber":70,"vehicleLoad":"unknown","bearing":81,"lastStopSeq":1,"inCongestion":false,"delay":0,"latitude":45.4448667},{"tripID":4418197,"serviceDate":1395730800000,"direction":1,"garage":"POWELL","type":"bus","lastLocID":7996,"messageCode":760,"time":1395758327377,"expires":1395758737000,"signMessageLong":"72  Killingsworth/82nd to Clackamas TC","extraBlockID":null,"locationInScheduleDay":27568,"longitude":-122.5791112,"blockID":7238,"offRoute":false,"nextLocID":7988,"vehicleID":2527,"signMessage":"72 Clackamas TC","extraTripID":null,"nextStopSeq":103,"routeNumber":72,"vehicleLoad":"unknown","bearing":180,"lastStopSeq":102,"inCongestion":false,"delay":51,"latitude":45.4564674},{"tripID":4417165,"serviceDate":1395730800000,"direction":0,"garage":"CENTER","type":"bus","lastLocID":13040,"messageCode":783,"time":1395758315003,"expires":1395758732000,"signMessageLong":"70  33rd Ave to NE Sunderland","extraBlockID":null,"locationInScheduleDay":26820,"longitude":-122.6357648,"blockID":7002,"offRoute":false,"nextLocID":9368,"vehicleID":2524,"signMessage":"70 To Sunderlnd","extraTripID":null,"nextStopSeq":83,"routeNumber":70,"vehicleLoad":"unknown","bearing":180,"lastStopSeq":82,"inCongestion":false,"delay":0,"latitude":45.5898735},{"tripID":4419230,"serviceDate":1395730800000,"direction":1,"garage":"CENTER","type":"bus","lastLocID":2346,"messageCode":813,"time":1395758303478,"expires":1395758716000,"signMessageLong":"77  Broadway/Halsey to Montgomery Park","extraBlockID":null,"locationInScheduleDay":27543,"longitude":-122.3967319,"blockID":7701,"offRoute":false,"nextLocID":10630,"vehicleID":2512,"signMessage":"77 Montgomry Pk","extraTripID":null,"nextStopSeq":5,"routeNumber":77,"vehicleLoad":"unknown","bearing":266,"lastStopSeq":4,"inCongestion":false,"delay":47,"latitude":45.5391358},{"tripID":4417872,"serviceDate":1395730800000,"direction":0,"garage":"POWELL","type":"bus","lastLocID":3200,"messageCode":768,"time":1395758315006,"expires":1395758732000,"signMessageLong":"72  Killingsworth/82nd to Swan Island-Shipyards","extraBlockID":null,"locationInScheduleDay":27400,"longitude":-122.6197033,"blockID":7239,"offRoute":false,"nextLocID":3197,"vehicleID":2540,"signMessage":"72 Swan Island","extraTripID":null,"nextStopSeq":75,"routeNumber":72,"vehicleLoad":"unknown","bearing":270,"lastStopSeq":74,"inCongestion":false,"delay":-112,"latitude":45.5628098},{"tripID":4418199,"serviceDate":1395730800000,"direction":1,"garage":"POWELL","type":"bus","lastLocID":8066,"messageCode":760,"time":1395758303521,"expires":1395758722000,"signMessageLong":"72  Killingsworth/82nd to Clackamas TC","extraBlockID":null,"locationInScheduleDay":27515,"longitude":-122.5788532,"blockID":7240,"offRoute":false,"nextLocID":8004,"vehicleID":2533,"signMessage":"72 Clackamas TC","extraTripID":null,"nextStopSeq":75,"routeNumber":72,"vehicleLoad":"unknown","bearing":177,"lastStopSeq":74,"inCongestion":false,"delay":13,"latitude":45.5148877},{"tripID":4417874,"serviceDate":1395730800000,"direction":0,"garage":"POWELL","type":"bus","lastLocID":7936,"messageCode":768,"time":1395758315150,"expires":1395758733000,"signMessageLong":"72  Killingsworth/82nd to Swan Island-Shipyards","extraBlockID":null,"locationInScheduleDay":27444,"longitude":-122.5790768,"blockID":7249,"offRoute":false,"nextLocID":7955,"vehicleID":2558,"signMessage":"72 Swan Island","extraTripID":null,"nextStopSeq":43,"routeNumber":72,"vehicleLoad":"unknown","bearing":0,"lastStopSeq":42,"inCongestion":false,"delay":-69,"latitude":45.5226576},{"tripID":4418196,"serviceDate":1395730800000,"direction":1,"garage":"POWELL","type":"bus","lastLocID":12921,"messageCode":760,"time":1395758327651,"expires":1395758737000,"signMessageLong":"72  Killingsworth/82nd to Clackamas TC","extraBlockID":null,"locationInScheduleDay":27610,"longitude":-122.5691595,"blockID":7236,"offRoute":false,"nextLocID":13247,"vehicleID":2552,"signMessage":"72 Clackamas TC","extraTripID":null,"nextStopSeq":111,"routeNumber":72,"vehicleLoad":"unknown","bearing":173,"lastStopSeq":110,"inCongestion":false,"delay":0,"latitude":45.4362878},{"tripID":4418203,"serviceDate":1395730800000,"direction":1,"garage":"POWELL","type":"bus","lastLocID":5927,"messageCode":760,"time":1395758285312,"expires":1395758701000,"signMessageLong":"72  Killingsworth/82nd to Clackamas TC","extraBlockID":null,"locationInScheduleDay":27411,"longitude":-122.6615656,"blockID":7242,"offRoute":false,"nextLocID":46,"vehicleID":2548,"signMessage":"72 Clackamas TC","extraTripID":null,"nextStopSeq":21,"routeNumber":72,"vehicleLoad":"unknown","bearing":180,"lastStopSeq":20,"inCongestion":false,"delay":-70,"latitude":45.5592581},{"tripID":4411569,"serviceDate":1395730800000,"direction":1,"garage":"POWELL","type":"bus","lastLocID":13236,"messageCode":268,"time":1395758304100,"expires":1395758721000,"signMessageLong":"14  Hawthorne to Portland","extraBlockID":null,"locationInScheduleDay":27562,"longitude":-122.5675341,"blockID":1440,"offRoute":false,"nextLocID":1829,"vehicleID":2308,"signMessage":"14 To Portland","extraTripID":null,"nextStopSeq":3,"routeNumber":14,"vehicleLoad":"unknown","bearing":291,"lastStopSeq":2,"inCongestion":false,"delay":61,"latitude":45.4795188},{"tripID":4411315,"serviceDate":1395730800000,"direction":0,"garage":"POWELL","type":"bus","lastLocID":6427,"messageCode":266,"time":1395758315126,"expires":1395758732000,"signMessageLong":"14  Hawthorne to 94th & Foster","extraBlockID":null,"locationInScheduleDay":27653,"longitude":-122.5684141,"blockID":1435,"offRoute":false,"nextLocID":6398,"vehicleID":2316,"signMessage":"14 To 94-Foster","extraTripID":null,"nextStopSeq":47,"routeNumber":14,"vehicleLoad":"unknown","bearing":110,"lastStopSeq":46,"inCongestion":false,"delay":141,"latitude":45.4790887},{"tripID":4419231,"serviceDate":1395730800000,"direction":1,"garage":"CENTER","type":"bus","lastLocID":9481,"messageCode":813,"time":1395758311859,"expires":1395758730000,"signMessageLong":"77  Broadway/Halsey to Montgomery Park","extraBlockID":null,"locationInScheduleDay":27510,"longitude":-122.3982117,"blockID":7705,"offRoute":false,"nextLocID":9471,"vehicleID":2720,"signMessage":"77 Montgomry Pk","extraTripID":null,"nextStopSeq":2,"routeNumber":77,"vehicleLoad":"unknown","bearing":85,"lastStopSeq":1,"inCongestion":false,"delay":0,"latitude":45.5443612},{"tripID":4411563,"serviceDate":1395730800000,"direction":1,"garage":"CENTER","type":"bus","lastLocID":13169,"messageCode":267,"time":1395758293722,"expires":1395758711000,"signMessageLong":"14  Downtown Only","extraBlockID":null,"locationInScheduleDay":27210,"longitude":-122.6798638,"blockID":1404,"offRoute":false,"nextLocID":3639,"vehicleID":2718,"signMessage":"14 Downtown Only","extraTripID":null,"nextStopSeq":45,"routeNumber":14,"vehicleLoad":"unknown","bearing":290,"lastStopSeq":44,"inCongestion":false,"delay":-281,"latitude":45.516358},{"tripID":4413881,"serviceDate":1395730800000,"direction":1,"garage":"CENTER","type":"bus","lastLocID":3652,"messageCode":466,"time":1395758327349,"expires":1395758736000,"signMessageLong":"31  Portland","extraBlockID":null,"locationInScheduleDay":27489,"longitude":-122.6381907,"blockID":3101,"offRoute":false,"nextLocID":3797,"vehicleID":2714,"signMessage":"31 To Portland","extraTripID":null,"nextStopSeq":31,"routeNumber":31,"vehicleLoad":"unknown","bearing":352,"lastStopSeq":30,"inCongestion":false,"delay":-27,"latitude":45.4583215},{"tripID":4417320,"serviceDate":1395730800000,"direction":1,"garage":"CENTER","type":"bus","lastLocID":7370,"messageCode":788,"time":1395758255105,"expires":1395758671000,"signMessageLong":"70  12th/NE 33rd Ave to Milwaukie","extraBlockID":null,"locationInScheduleDay":27409,"longitude":-122.630666,"blockID":7007,"offRoute":false,"nextLocID":7388,"vehicleID":2709,"signMessage":"70 To Milwaukie","extraTripID":null,"nextStopSeq":14,"routeNumber":70,"vehicleLoad":"unknown","bearing":180,"lastStopSeq":13,"inCongestion":false,"delay":-42,"latitude":45.5721081},{"tripID":4417168,"serviceDate":1395730800000,"direction":0,"garage":"CENTER","type":"bus","lastLocID":6849,"messageCode":780,"time":1395758303422,"expires":1395758719000,"signMessageLong":"70  12th/NE 33rd Ave to NE Sunderland","extraBlockID":null,"locationInScheduleDay":27389,"longitude":-122.6483339,"blockID":7001,"offRoute":false,"nextLocID":13693,"vehicleID":2704,"signMessage":"70 To Sunderlnd","extraTripID":null,"nextStopSeq":22,"routeNumber":70,"vehicleLoad":"unknown","bearing":0,"lastStopSeq":21,"inCongestion":false,"delay":-110,"latitude":45.4949445},{"tripID":4417317,"serviceDate":1395730800000,"direction":1,"garage":"CENTER","type":"bus","lastLocID":6847,"messageCode":789,"time":1395758327335,"expires":1395758746000,"signMessageLong":"70  12th Ave to Milwaukie via 17th & Tacoma","extraBlockID":null,"locationInScheduleDay":27458,"longitude":-122.6476184,"blockID":7003,"offRoute":false,"nextLocID":6890,"vehicleID":2705,"signMessage":"70 To Milw via 17","extraTripID":null,"nextStopSeq":70,"routeNumber":70,"vehicleLoad":"unknown","bearing":175,"lastStopSeq":69,"inCongestion":false,"delay":-68,"latitude":45.4728281},{"tripID":4417167,"serviceDate":1395730800000,"direction":0,"garage":"CENTER","type":"bus","lastLocID":8513,"messageCode":783,"time":1395758258036,"expires":1395758674000,"signMessageLong":"70  33rd Ave to NE Sunderland","extraBlockID":null,"locationInScheduleDay":27501,"longitude":-122.6546062,"blockID":7004,"offRoute":false,"nextLocID":8938,"vehicleID":2701,"signMessage":"70 To Sunderlnd","extraTripID":null,"nextStopSeq":37,"routeNumber":70,"vehicleLoad":"unknown","bearing":359,"lastStopSeq":36,"inCongestion":false,"delay":47,"latitude":45.5308812},{"tripID":4419225,"serviceDate":1395730800000,"direction":1,"garage":"CENTER","type":"bus","lastLocID":8483,"messageCode":813,"time":1395758303884,"expires":1395758719000,"signMessageLong":"77  Broadway/Halsey to Montgomery Park","extraBlockID":null,"locationInScheduleDay":27340,"longitude":-122.7069345,"blockID":7704,"offRoute":false,"nextLocID":8484,"vehicleID":2614,"signMessage":"77 Montgomry Pk","extraTripID":null,"nextStopSeq":109,"routeNumber":77,"vehicleLoad":"unknown","bearing":178,"lastStopSeq":108,"inCongestion":false,"delay":0,"latitude":45.5377966},{"tripID":4411564,"serviceDate":1395730800000,"direction":1,"garage":"CENTER","type":"bus","lastLocID":11956,"messageCode":266,"time":1395758308808,"expires":1395758727000,"signMessageLong":"14  Hawthorne to 94th & Foster","extraBlockID":null,"locationInScheduleDay":27651,"longitude":-122.6776509,"blockID":1401,"offRoute":false,"nextLocID":13169,"vehicleID":2608,"signMessage":"14 To 94-Foster","extraTripID":null,"nextStopSeq":44,"routeNumber":14,"vehicleLoad":"unknown","bearing":268,"lastStopSeq":43,"inCongestion":false,"delay":144,"latitude":45.5157863},{"tripID":4417169,"serviceDate":1395730800000,"direction":0,"garage":"CENTER","type":"bus","lastLocID":3419,"messageCode":782,"time":1395758315064,"expires":1395758732000,"signMessageLong":"70  12th/NE 33rd Ave to NE Sunderland via 13th & Tacoma","extraBlockID":null,"locationInScheduleDay":27505,"longitude":-122.6525137,"blockID":7010,"offRoute":false,"nextLocID":6688,"vehicleID":2623,"signMessage":"70 To Sunderland via 13th","extraTripID":null,"nextStopSeq":8,"routeNumber":70,"vehicleLoad":"unknown","bearing":269,"lastStopSeq":7,"inCongestion":false,"delay":-7,"latitude":45.4593363},{"tripID":4419229,"serviceDate":1395730800000,"direction":1,"garage":"CENTER","type":"bus","lastLocID":2398,"messageCode":813,"time":1395758307085,"expires":1395758724000,"signMessageLong":"77  Broadway/Halsey to Montgomery Park","extraBlockID":null,"locationInScheduleDay":27470,"longitude":-122.4904754,"blockID":7707,"offRoute":false,"nextLocID":2395,"vehicleID":2653,"signMessage":"77 Montgomry Pk","extraTripID":null,"nextStopSeq":26,"routeNumber":77,"vehicleLoad":"unknown","bearing":264,"lastStopSeq":25,"inCongestion":false,"delay":-34,"latitude":45.5343077},{"tripID":4417319,"serviceDate":1395730800000,"direction":1,"garage":"CENTER","type":"bus","lastLocID":637,"messageCode":788,"time":1395758327512,"expires":1395758736000,"signMessageLong":"70  12th/NE 33rd Ave to Milwaukie","extraBlockID":null,"locationInScheduleDay":27534,"longitude":-122.641135,"blockID":7009,"offRoute":false,"nextLocID":635,"vehicleID":2626,"signMessage":"70 To Milwaukie","extraTripID":null,"nextStopSeq":37,"routeNumber":70,"vehicleLoad":"unknown","bearing":259,"lastStopSeq":36,"inCongestion":false,"delay":18,"latitude":45.535136},{"tripID":4419228,"serviceDate":1395730800000,"direction":1,"garage":"CENTER","type":"bus","lastLocID":2343,"messageCode":813,"time":1395758291102,"expires":1395758709000,"signMessageLong":"77  Broadway/Halsey to Montgomery Park","extraBlockID":null,"locationInScheduleDay":27249,"longitude":-122.5681257,"blockID":7703,"offRoute":false,"nextLocID":2334,"vehicleID":2630,"signMessage":"77 Montgomry Pk","extraTripID":null,"nextStopSeq":49,"routeNumber":77,"vehicleLoad":"unknown","bearing":266,"lastStopSeq":48,"inCongestion":false,"delay":-240,"latitude":45.5334977},{"tripID":4419090,"serviceDate":1395730800000,"direction":0,"garage":"CENTER","type":"bus","lastLocID":2356,"messageCode":809,"time":1395758315080,"expires":1395758733000,"signMessageLong":"77  Broadway/Halsey to Troutdale","extraBlockID":null,"locationInScheduleDay":27525,"longitude":-122.5545187,"blockID":7706,"offRoute":false,"nextLocID":2357,"vehicleID":2632,"signMessage":"77 To Troutdale","extraTripID":null,"nextStopSeq":58,"routeNumber":77,"vehicleLoad":"unknown","bearing":90,"lastStopSeq":57,"inCongestion":false,"delay":12,"latitude":45.5335243},{"tripID":4417870,"serviceDate":1395730800000,"direction":0,"garage":"POWELL","type":"bus","lastLocID":3318,"messageCode":768,"time":1395758306282,"expires":1395758724000,"signMessageLong":"72  Killingsworth/82nd to Swan Island-Shipyards","extraBlockID":null,"locationInScheduleDay":27557,"longitude":-122.7154252,"blockID":7237,"offRoute":false,"nextLocID":8496,"vehicleID":3004,"signMessage":"72 Swan Island","extraTripID":null,"nextStopSeq":113,"routeNumber":72,"vehicleLoad":"unknown","bearing":217,"lastStopSeq":112,"inCongestion":false,"delay":53,"latitude":45.5626451},{"tripID":4417878,"serviceDate":1395730800000,"direction":0,"garage":"POWELL","type":"bus","lastLocID":8015,"messageCode":766,"time":1395758303365,"expires":1395758719000,"signMessageLong":"72  Killingsworth/82nd to Swan Island-Anchor St","extraBlockID":null,"locationInScheduleDay":27516,"longitude":-122.5790726,"blockID":7251,"offRoute":false,"nextLocID":8017,"vehicleID":3003,"signMessage":"72 Swan Island","extraTripID":null,"nextStopSeq":8,"routeNumber":72,"vehicleLoad":"unknown","bearing":358,"lastStopSeq":7,"inCongestion":false,"delay":17,"latitude":45.4514288},{"tripID":4417873,"serviceDate":1395730800000,"direction":0,"garage":"POWELL","type":"bus","lastLocID":3215,"messageCode":766,"time":1395758314972,"expires":1395758732000,"signMessageLong":"72  Killingsworth/82nd to Swan Island-Anchor St","extraBlockID":null,"locationInScheduleDay":27684,"longitude":-122.5856694,"blockID":7241,"offRoute":false,"nextLocID":3212,"vehicleID":3048,"signMessage":"72 Swan Island","extraTripID":null,"nextStopSeq":65,"routeNumber":72,"vehicleLoad":"unknown","bearing":269,"lastStopSeq":64,"inCongestion":false,"delay":172,"latitude":45.5626672},{"tripID":4418201,"serviceDate":1395730800000,"direction":1,"garage":"POWELL","type":"bus","lastLocID":3185,"messageCode":760,"time":1395758293703,"expires":1395758711000,"signMessageLong":"72  Killingsworth/82nd to Clackamas TC","extraBlockID":null,"locationInScheduleDay":27550,"longitude":-122.5789791,"blockID":7235,"offRoute":false,"nextLocID":8889,"vehicleID":3053,"signMessage":"72 Clackamas TC","extraTripID":null,"nextStopSeq":52,"routeNumber":72,"vehicleLoad":"unknown","bearing":89,"lastStopSeq":51,"inCongestion":false,"delay":59,"latitude":45.5626746},{"tripID":4417871,"serviceDate":1395730800000,"direction":0,"garage":"POWELL","type":"bus","lastLocID":3154,"messageCode":766,"time":1395758314989,"expires":1395758733000,"signMessageLong":"72  Killingsworth/82nd to Swan Island-Anchor St","extraBlockID":null,"locationInScheduleDay":27654,"longitude":-122.6762004,"blockID":7245,"offRoute":false,"nextLocID":3174,"vehicleID":3052,"signMessage":"72 Swan Island","extraTripID":null,"nextStopSeq":98,"routeNumber":72,"vehicleLoad":"unknown","bearing":269,"lastStopSeq":97,"inCongestion":false,"delay":141,"latitude":45.5626818},{"tripID":4417875,"serviceDate":1395730800000,"direction":0,"garage":"POWELL","type":"bus","lastLocID":8023,"messageCode":766,"time":1395758306824,"expires":1395758723000,"signMessageLong":"72  Killingsworth/82nd to Swan Island-Anchor St","extraBlockID":null,"locationInScheduleDay":27540,"longitude":-122.578735,"blockID":7234,"offRoute":false,"nextLocID":8052,"vehicleID":3054,"signMessage":"72 Swan Island","extraTripID":null,"nextStopSeq":30,"routeNumber":72,"vehicleLoad":"unknown","bearing":0,"lastStopSeq":29,"inCongestion":false,"delay":37,"latitude":45.4978227},{"tripID":4419091,"serviceDate":1395730800000,"direction":0,"garage":"POWELL","type":"bus","lastLocID":646,"messageCode":809,"time":1395758327365,"expires":1395758735000,"signMessageLong":"77  Broadway/Halsey to Troutdale","extraBlockID":null,"locationInScheduleDay":27476,"longitude":-122.6259416,"blockID":7734,"offRoute":false,"nextLocID":648,"vehicleID":3046,"signMessage":"77 To Troutdale","extraTripID":null,"nextStopSeq":34,"routeNumber":77,"vehicleLoad":"unknown","bearing":90,"lastStopSeq":33,"inCongestion":false,"delay":-39,"latitude":45.5351538},{"tripID":4419226,"serviceDate":1395730800000,"direction":1,"garage":"POWELL","type":"bus","lastLocID":1997,"messageCode":813,"time":1395758308737,"expires":1395758726000,"signMessageLong":"77  Broadway/Halsey to Montgomery Park","extraBlockID":null,"locationInScheduleDay":27457,"longitude":-122.6803603,"blockID":7738,"offRoute":false,"nextLocID":2011,"vehicleID":3035,"signMessage":"77 Montgomry Pk","extraTripID":null,"nextStopSeq":89,"routeNumber":77,"vehicleLoad":"unknown","bearing":268,"lastStopSeq":88,"inCongestion":false,"delay":-49,"latitude":45.5265586},{"tripID":4411570,"serviceDate":1395730800000,"direction":1,"garage":"POWELL","type":"bus","lastLocID":1831,"messageCode":268,"time":1395758327308,"expires":1395758736000,"signMessageLong":"14  Hawthorne to Portland","extraBlockID":null,"locationInScheduleDay":27516,"longitude":-122.5662917,"blockID":1434,"offRoute":false,"nextLocID":13236,"vehicleID":3027,"signMessage":"14 To Portland","extraTripID":null,"nextStopSeq":2,"routeNumber":14,"vehicleLoad":"unknown","bearing":291,"lastStopSeq":1,"inCongestion":false,"delay":0,"latitude":45.4791765},{"tripID":4417877,"serviceDate":1395730800000,"direction":0,"garage":"POWELL","type":"bus","lastLocID":13248,"messageCode":766,"time":1395758327318,"expires":1395758736000,"signMessageLong":"72  Killingsworth/82nd to Swan Island-Anchor St","extraBlockID":null,"locationInScheduleDay":27396,"longitude":-122.5691416,"blockID":7243,"offRoute":false,"nextLocID":12922,"vehicleID":3025,"signMessage":"72 Swan Island","extraTripID":null,"nextStopSeq":2,"routeNumber":72,"vehicleLoad":"unknown","bearing":353,"lastStopSeq":1,"inCongestion":false,"delay":-120,"latitude":45.4361805},{"tripID":4419227,"serviceDate":1395730800000,"direction":1,"garage":"CENTER","type":"bus","lastLocID":641,"messageCode":813,"time":1395758308752,"expires":1395758726000,"signMessageLong":"77  Broadway/Halsey to Montgomery Park","extraBlockID":null,"locationInScheduleDay":27499,"longitude":-122.6348598,"blockID":7702,"offRoute":false,"nextLocID":639,"vehicleID":2005,"signMessage":"77 Montgomry Pk","extraTripID":null,"nextStopSeq":75,"routeNumber":77,"vehicleLoad":"unknown","bearing":269,"lastStopSeq":74,"inCongestion":false,"delay":-7,"latitude":45.535217},{"tripID":4411568,"serviceDate":1395730800000,"direction":1,"garage":"CENTER","type":"bus","lastLocID":1803,"messageCode":268,"time":1395758315008,"expires":1395758734000,"signMessageLong":"14  Hawthorne to Portland","extraBlockID":null,"locationInScheduleDay":27524,"longitude":-122.5958078,"blockID":1402,"offRoute":false,"nextLocID":1778,"vehicleID":2014,"signMessage":"14 To Portland","extraTripID":null,"nextStopSeq":13,"routeNumber":14,"vehicleLoad":"unknown","bearing":300,"lastStopSeq":12,"inCongestion":false,"delay":10,"latitude":45.489246}],"queryTime":1395758328943}}
