{"resultSet":{"vehicle":[{"tripID":4411642,"serviceDate":1395644400000,"direction":1,"garage":"CENTER","type":"bus","lastLocID":12904,"messageCode":268,"time":1395735141205,"expires":1395735559000,"signMessageLong":"14  Hawthorne to Portland","extraBlockID":null,"locationInScheduleDay":90815,"longitude":-122.6029585,"blockID":1406,"offRoute":false,"nextLocID":1799,"vehicleID":3128,"signMessage":"14 To Portland","extraTripID":null,"nextStopSeq":15,"routeNumber":14,"vehicleLoad":"unknown","bearing":308,"lastStopSeq":14,"inCongestion":false,"delay":76,"latitude":45.4927304},{"tripID":4418297,"serviceDate":1395644400000,"direction":1,"garage":"POWELL","type":"bus","lastLocID":7942,"messageCode":760,"time":1395735138148,"expires":1395735556000,"signMessageLong":"72  Killingsworth/82nd to Clackamas TC","extraBlockID":null,"locationInScheduleDay":90595,"longitude":-122.5738432,"blockID":7253,"offRoute":false,"nextLocID":12921,"vehicleID":3019,"signMessage":"72 Clackamas TC","extraTripID":null,"nextStopSeq":110,"routeNumber":72,"vehicleLoad":"unknown","bearing":91,"lastStopSeq":109,"inCongestion":false,"delay":-141,"latitude":45.4374086},{"tripID":4418298,"serviceDate":1395644400000,"direction":1,"garage":"POWELL","type":"bus","lastLocID":8035,"messageCode":760,"time":1395735141178,"expires":1395735559000,"signMessageLong":"72  Killingsworth/82nd to Clackamas TC","extraBlockID":null,"locationInScheduleDay":90889,"longitude":-122.5789625,"blockID":7236,"offRoute":false,"nextLocID":8056,"vehicleID":3022,"signMessage":"72 Clackamas TC","extraTripID":null,"nextStopSeq":63,"routeNumber":72,"vehicleLoad":"unknown","bearing":180,"lastStopSeq":62,"inCongestion":false,"delay":150,"latitude":45.5382215},{"tripID":4417969,"serviceDate":1395644400000,"direction":0,"garage":"POWELL","type":"bus","lastLocID":3200,"messageCode":766,"time":1395735138141,"expires":1395735556000,"signMessageLong":"72  Killingsworth/82nd to Swan Island-Anchor St","extraBlockID":null,"locationInScheduleDay":90846,"longitude":-122.6230059,"blockID":7238,"offRoute":false,"nextLocID":3197,"vehicleID":3035,"signMessage":"72 Swan Island","extraTripID":null,"nextStopSeq":75,"routeNumber":72,"vehicleLoad":"unknown","bearing":269,"lastStopSeq":74,"inCongestion":false,"delay":110,"latitude":45.5627897}],"queryTime":1395735167693}}
