{"resultSet":{"vehicle":[{"tripID":4411388,"serviceDate":1395644400000,"direction":0,"garage":"CENTER","type":"bus","lastLocID":7655,"messageCode":266,"time":1395737538039,"expires":1395737956000,"signMessageLong":"14  Hawthorne to 94th & Foster","extraBlockID":null,"locationInScheduleDay":93169,"longitude":-122.6112194,"blockID":1406,"offRoute":false,"nextLocID":7653,"vehicleID":3128,"signMessage":"14 To 94-Foster","extraTripID":null,"nextStopSeq":26,"routeNumber":14,"vehicleLoad":"unknown","bearing":168,"lastStopSeq":25,"inCongestion":false,"delay":33,"latitude":45.5055192}],"queryTime":1395737567795}}
