{"resultSet":{"vehicle":[{"tripID":4411388,"serviceDate":1395644400000,"direction":0,"garage":"CENTER","type":"bus","lastLocID":1823,"messageCode":266,"time":1395738018152,"expires":1395738436000,"signMessageLong":"14  Hawthorne to 94th & Foster","extraBlockID":null,"locationInScheduleDay":93738,"longitude":-122.5740886,"blockID":1406,"offRoute":false,"nextLocID":1827,"vehicleID":3128,"signMessage":"14 To 94-Foster","extraTripID":null,"nextStopSeq":45,"routeNumber":14,"vehicleLoad":"unknown","bearing":109,"lastStopSeq":44,"inCongestion":false,"delay":122,"latitude":45.4814275}],"queryTime":1395738047805}}
