{"resultSet":{"vehicle":[{"tripID":4411566,"serviceDate":1395730800000,"direction":1,"garage":"POWELL","type":"bus","lastLocID":2632,"messageCode":268,"time":1395758331291,"expires":1395758748000,"signMessageLong":"14  Hawthorne to Portland","extraBlockID":null,"locationInScheduleDay":27595,"longitude":-122.6194269,"blockID":1436,"offRoute":false,"nextLocID":2629,"vehicleID":2206,"signMessage":"14 To Portland","extraTripID":null,"nextStopSeq":27,"routeNumber":14,"vehicleLoad":"unknown","bearing":270,"lastStopSeq":26,"inCongestion":false,"delay":67,"latitude":45.5120388},{"tripID":4419089,"serviceDate":1395730800000,"direction":0,"garage":"POWELL","type":"bus","lastLocID":2415,"messageCode":809,"time":1395758288502,"expires":1395758704000,"signMessageLong":"77  Broadway/Halsey to Troutdale","extraBlockID":null,"locationInScheduleDay":27397,"longitude":-122.4434307,"blockID":7735,"offRoute":false,"nextLocID":2327,"vehicleID":2222,"signMessage":"77 To Troutdale","extraTripID":null,"nextStopSeq":87,"routeNumber":77,"vehicleLoad":"unknown","bearing":85,"lastStopSeq":86,"inCongestion":false,"delay":-87,"latitude":45.5337644},{"tripID":4419092,"serviceDate":1395730800000,"direction":0,"garage":"POWELL","type":"bus","lastLocID":8886,"messageCode":809,"time":1395758333403,"expires":1395758749000,"signMessageLong":"77  Broadway/Halsey to Troutdale","extraBlockID":null,"locationInScheduleDay":27415,"longitude":-122.6756234,"blockID":7736,"offRoute":false,"nextLocID":1612,"vehicleID":2221,"signMessage":"77 To Troutdale","extraTripID":null,"nextStopSeq":18,"routeNumber":77,"vehicleLoad":"unknown","bearing":88,"lastStopSeq":17,"inCongestion":false,"delay":-114,"latitude":45.5252215},{"tripID":4411565,"serviceDate":1395730800000,"direction":1,"garage":"POWELL","type":"bus","lastLocID":2609,"messageCode":268,"time":1395758333399,"expires":1395758749000,"signMessageLong":"14  Hawthorne to Portland","extraBlockID":null,"locationInScheduleDay":27581,"longitude":-122.6435749,"blockID":1438,"offRoute":false,"nextLocID":2606,"vehicleID":2220,"signMessage":"14 To Portland","extraTripID":null,"nextStopSeq":36,"routeNumber":14,"vehicleLoad":"unknown","bearing":270,"lastStopSeq":35,"inCongestion":false,"delay":52,"latitude":45.5120919},{"tripID":4418202,"serviceDate":1395730800000,"direction":1,"garage":"POWELL","type":"bus","lastLocID":3199,"messageCode":760,"time":1395758308768,"expires":1395758726000,"signMessageLong":"72  Killingsworth/82nd to Clackamas TC","extraBlockID":null,"locationInScheduleDay":27627,"longitude":-122.6171668,"blockID":7248,"offRoute":false,"nextLocID":3144,"vehicleID":2215,"signMessage":"72 Clackamas TC","extraTripID":null,"nextStopSeq":41,"routeNumber":72,"vehicleLoad":"unknown","bearing":90,"lastStopSeq":40,"inCongestion":false,"delay":121,"latitude":45.5627959},{"tripID":4411316,"serviceDate":1395730800000,"direction":0,"garage":"POWELL","type":"bus","lastLocID":7651,"messageCode":266,"time":1395758336309,"expires":1395758754000,"signMessageLong":"14  Hawthorne to 94th & Foster","extraBlockID":null,"locationInScheduleDay":27587,"longitude":-122.6115076,"blockID":1437,"offRoute":false,"nextLocID":7662,"vehicleID":2264,"signMessage":"14 To 94-Foster","extraTripID":null,"nextStopSeq":23,"routeNumber":14,"vehicleLoad":"unknown","bearing":177,"lastStopSeq":22,"inCongestion":false,"delay":53,"latitude":45.5109555},{"tripID":4418200,"serviceDate":1395730800000,"direction":1,"garage":"POWELL","type":"bus","lastLocID":8043,"messageCode":760,"time":1395758387582,"expires":1395758806000,"signMessageLong":"72  Killingsworth/82nd to Clackamas TC","extraBlockID":null,"locationInScheduleDay":27595,"longitude":-122.5791008,"blockID":7247,"offRoute":false,"nextLocID":8000,"vehicleID":2250,"signMessage":"72 Clackamas TC","extraTripID":null,"nextStopSeq":65,"routeNumber":72,"vehicleLoad":"unknown","bearing":180,"lastStopSeq":64,"inCongestion":false,"delay":9,"latitude":45.5337725},{"tripID":4417876,"serviceDate":1395730800000,"direction":0,"garage":"POWELL","type":"bus","lastLocID":7970,"messageCode":766,"time":1395758380812,"expires":1395758799000,"signMessageLong":"72  Killingsworth/82nd to Swan Island-Anchor St","extraBlockID":null,"locationInScheduleDay":27545,"longitude":-122.5790962,"blockID":7250,"offRoute":false,"nextLocID":7960,"vehicleID":2242,"signMessage":"72 Swan Island","extraTripID":null,"nextStopSeq":18,"routeNumber":72,"vehicleLoad":"unknown","bearing":0,"lastStopSeq":17,"inCongestion":false,"delay":-34,"latitude":45.475509},{"tripID":4418198,"serviceDate":1395730800000,"direction":1,"garage":"POWELL","type":"bus","lastLocID":7965,"messageCode":760,"time":1395758386615,"expires":1395758802000,"signMessageLong":"72  Killingsworth/82nd to Clackamas TC","extraBlockID":null,"locationInScheduleDay":27596,"longitude":-122.5789928,"blockID":7246,"offRoute":false,"nextLocID":8028,"vehicleID":2296,"signMessage":"72 Clackamas TC","extraTripID":null,"nextStopSeq":91,"routeNumber":72,"vehicleLoad":"unknown","bearing":180,"lastStopSeq":90,"inCongestion":false,"delay":14,"latitude":45.4813945},{"tripID":4419093,"serviceDate":1395730800000,"direction":0,"garage":"POWELL","type":"bus","lastLocID":8484,"messageCode":809,"time":1395758348295,"expires":1395758766000,"signMessageLong":"77  Broadway/Halsey to Troutdale","extraBlockID":null,"locationInScheduleDay":27540,"longitude":-122.7069049,"blockID":7737,"offRoute":false,"nextLocID":8385,"vehicleID":2285,"signMessage":"77 To Troutdale","extraTripID":null,"nextStopSeq":2,"routeNumber":77,"vehicleLoad":"unknown","bearing":178,"lastStopSeq":1,"inCongestion":false,"delay":-6,"latitude":45.5370429},{"tripID":4418204,"serviceDate":1395730800000,"direction":1,"garage":"POWELL","type":"bus","lastLocID":2195,"messageCode":760,"time":1395758380859,"expires":1395758799000,"signMessageLong":"72  Killingsworth/82nd to Clackamas TC","extraBlockID":null,"locationInScheduleDay":27519,"longitude":-122.6932916,"blockID":7244,"offRoute":false,"nextLocID":2201,"vehicleID":2276,"signMessage":"72 Clackamas TC","extraTripID":null,"nextStopSeq":5,"routeNumber":72,"vehicleLoad":"unknown","bearing":352,"lastStopSeq":4,"inCongestion":false,"delay":-60,"latitude":45.5570192},{"tripID":4411567,"serviceDate":1395730800000,"direction":1,"garage":"POWELL","type":"bus","lastLocID":8242,"messageCode":268,"time":1395758303763,"expires":1395758719000,"signMessageLong":"14  Hawthorne to Portland","extraBlockID":null,"locationInScheduleDay":27551,"longitude":-122.6110254,"blockID":1439,"offRoute":false,"nextLocID":7654,"vehicleID":2275,"signMessage":"14 To Portland","extraTripID":null,"nextStopSeq":21,"routeNumber":14,"vehicleLoad":"unknown","bearing":0,"lastStopSeq":20,"inCongestion":false,"delay":52,"latitude":45.503357},{"tripID":4417318,"serviceDate":1395730800000,"direction":1,"garage":"CENTER","type":"bus","lastLocID":6554,"messageCode":790,"time":1395758345071,"expires":1395758762000,"signMessageLong":"70  12th Ave to Milwaukie via 13th & Tacoma","extraBlockID":null,"locationInScheduleDay":27536,"longitude":-122.6546522,"blockID":7005,"offRoute":false,"nextLocID":6542,"vehicleID":2132,"signMessage":"70 To Milw via 13","extraTripID":null,"nextStopSeq":50,"routeNumber":70,"vehicleLoad":"unknown","bearing":180,"lastStopSeq":49,"inCongestion":false,"delay":-6,"latitude":45.519464},{"tripID":4413880,"serviceDate":1395730800000,"direction":1,"garage":"CENTER","type":"bus","lastLocID":2171,"messageCode":454,"time":1395758333229,"expires":1395758750000,"signMessageLong":"31E Portland Express","extraBlockID":null,"locationInScheduleDay":27234,"longitude":-122.6607903,"blockID":3002,"offRoute":false,"nextLocID":11956,"vehicleID":2134,"signMessage":"31E Portland Express","extraTripID":null,"nextStopSeq":4,"routeNumber":31,"vehicleLoad":"unknown","bearing":0,"lastStopSeq":3,"inCongestion":false,"delay":-296,"latitude":45.5112211},{"tripID":4417166,"serviceDate":1395730800000,"direction":0,"garage":"CENTER","type":"bus","lastLocID":7380,"messageCode":783,"time":1395758385845,"expires":1395758800000,"signMessageLong":"70  33rd Ave to NE Sunderland","extraBlockID":null,"locationInScheduleDay":27337,"longitude":-122.6306781,"blockID":7006,"offRoute":false,"nextLocID":7362,"vehicleID":2150,"signMessage":"70 To Sunderlnd","extraTripID":null,"nextStopSeq":61,"routeNumber":70,"vehicleLoad":"unknown","bearing":0,"lastStopSeq":60,"inCongestion":false,"delay":-243,"latitude":45.5661162},{"tripID":4417170,"serviceDate":1395730800000,"direction":0,"garage":"CENTER","type":"bus","lastLocID":13477,"messageCode":781,"time":1395758380709,"expires":1395758799000,"signMessageLong":"70  12th/NE 33rd Ave to NE Sunderland via 17th & Tacoma","extraBlockID":null,"locationInScheduleDay":27579,"longitude":-122.6407309,"blockID":7008,"offRoute":false,"nextLocID":8225,"vehicleID":2506,"signMessage":"70 To Sunderland via 17th","extraTripID":null,"nextStopSeq":2,"routeNumber":70,"vehicleLoad":"unknown","bearing":81,"lastStopSeq":1,"inCongestion":false,"delay":0,"latitude":45.4448667},{"tripID":4418197,"serviceDate":1395730800000,"direction":1,"garage":"POWELL","type":"bus","lastLocID":8016,"messageCode":760,"time":1395758387477,"expires":1395758805000,"signMessageLong":"72  Killingsworth/82nd to Clackamas TC","extraBlockID":null,"locationInScheduleDay":27659,"longitude":-122.5790605,"blockID":7238,"offRoute":false,"nextLocID":7969,"vehicleID":2527,"signMessage":"72 Clackamas TC","extraTripID":null,"nextStopSeq":106,"routeNumber":72,"vehicleLoad":"unknown","bearing":178,"lastStopSeq":105,"inCongestion":false,"delay":74,"latitude":45.4510161},{"tripID":4417321,"serviceDate":1395730800000,"direction":1,"garage":"CENTER","type":"bus","lastLocID":9368,"messageCode":788,"time":1395758345171,"expires":1395758762000,"signMessageLong":"70  12th/NE 33rd Ave to Milwaukie","extraBlockID":null,"locationInScheduleDay":27542,"longitude":-122.6357648,"blockID":7002,"offRoute":false,"nextLocID":9414,"vehicleID":2524,"signMessage":"70 To Milwaukie","extraTripID":null,"nextStopSeq":2,"routeNumber":70,"vehicleLoad":"unknown","bearing":180,"lastStopSeq":1,"inCongestion":false,"delay":0,"latitude":45.5898735},{"tripID":4419230,"serviceDate":1395730800000,"direction":1,"garage":"CENTER","type":"bus","lastLocID":2340,"messageCode":813,"time":1395758356937,"expires":1395758776000,"signMessageLong":"77  Broadway/Halsey to Montgomery Park","extraBlockID":null,"locationInScheduleDay":27666,"longitude":-122.4097061,"blockID":7701,"offRoute":false,"nextLocID":2423,"vehicleID":2512,"signMessage":"77 Montgomry Pk","extraTripID":null,"nextStopSeq":7,"routeNumber":77,"vehicleLoad":"unknown","bearing":258,"lastStopSeq":6,"inCongestion":false,"delay":110,"latitude":45.5382878},{"tripID":4417872,"serviceDate":1395730800000,"direction":0,"garage":"POWELL","type":"bus","lastLocID":3200,"messageCode":768,"time":1395758345182,"expires":1395758762000,"signMessageLong":"72  Killingsworth/82nd to Swan Island-Shipyards","extraBlockID":null,"locationInScheduleDay":27406,"longitude":-122.6204034,"blockID":7239,"offRoute":false,"nextLocID":3197,"vehicleID":2540,"signMessage":"72 Swan Island","extraTripID":null,"nextStopSeq":75,"routeNumber":72,"vehicleLoad":"unknown","bearing":269,"lastStopSeq":74,"inCongestion":false,"delay":-136,"latitude":45.5628126},{"tripID":4418199,"serviceDate":1395730800000,"direction":1,"garage":"POWELL","type":"bus","lastLocID":8008,"messageCode":760,"time":1395758386244,"expires":1395758800000,"signMessageLong":"72  Killingsworth/82nd to Clackamas TC","extraBlockID":null,"locationInScheduleDay":27633,"longitude":-122.5786934,"blockID":7240,"offRoute":false,"nextLocID":7923,"vehicleID":2533,"signMessage":"72 Clackamas TC","extraTripID":null,"nextStopSeq":78,"routeNumber":72,"vehicleLoad":"unknown","bearing":180,"lastStopSeq":77,"inCongestion":false,"delay":53,"latitude":45.508346},{"tripID":4417874,"serviceDate":1395730800000,"direction":0,"garage":"POWELL","type":"bus","lastLocID":7972,"messageCode":768,"time":1395758387880,"expires":1395758805000,"signMessageLong":"72  Killingsworth/82nd to Swan Island-Shipyards","extraBlockID":null,"locationInScheduleDay":27530,"longitude":-122.5790567,"blockID":7249,"offRoute":false,"nextLocID":8014,"vehicleID":2558,"signMessage":"72 Swan Island","extraTripID":null,"nextStopSeq":45,"routeNumber":72,"vehicleLoad":"unknown","bearing":0,"lastStopSeq":44,"inCongestion":false,"delay":-55,"latitude":45.5270189},{"tripID":4418196,"serviceDate":1395730800000,"direction":1,"garage":"POWELL","type":"bus","lastLocID":12921,"messageCode":760,"time":1395758387897,"expires":1395758805000,"signMessageLong":"72  Killingsworth/82nd to Clackamas TC","extraBlockID":null,"locationInScheduleDay":27610,"longitude":-122.5691595,"blockID":7236,"offRoute":false,"nextLocID":13247,"vehicleID":2552,"signMessage":"72 Clackamas TC","extraTripID":null,"nextStopSeq":111,"routeNumber":72,"vehicleLoad":"unknown","bearing":173,"lastStopSeq":110,"inCongestion":false,"delay":0,"latitude":45.4362878},{"tripID":4418203,"serviceDate":1395730800000,"direction":1,"garage":"POWELL","type":"bus","lastLocID":5927,"messageCode":760,"time":1395758285312,"expires":1395758701000,"signMessageLong":"72  Killingsworth/82nd to Clackamas TC","extraBlockID":null,"locationInScheduleDay":27411,"longitude":-122.6615656,"blockID":7242,"offRoute":false,"nextLocID":46,"vehicleID":2548,"signMessage":"72 Clackamas TC","extraTripID":null,"nextStopSeq":21,"routeNumber":72,"vehicleLoad":"unknown","bearing":180,"lastStopSeq":20,"inCongestion":false,"delay":-70,"latitude":45.5592581},{"tripID":4411569,"serviceDate":1395730800000,"direction":1,"garage":"POWELL","type":"bus","lastLocID":13236,"messageCode":268,"time":1395758333606,"expires":1395758751000,"signMessageLong":"14  Hawthorne to Portland","extraBlockID":null,"locationInScheduleDay":27565,"longitude":-122.5677032,"blockID":1440,"offRoute":false,"nextLocID":1829,"vehicleID":2308,"signMessage":"14 To Portland","extraTripID":null,"nextStopSeq":3,"routeNumber":14,"vehicleLoad":"unknown","bearing":291,"lastStopSeq":2,"inCongestion":false,"delay":34,"latitude":45.4795654},{"tripID":4411315,"serviceDate":1395730800000,"direction":0,"garage":"POWELL","type":"bus","lastLocID":6398,"messageCode":266,"time":1395758345303,"expires":1395758762000,"signMessageLong":"14  Hawthorne to 94th & Foster","extraBlockID":null,"locationInScheduleDay":27705,"longitude":-122.5649146,"blockID":1435,"offRoute":false,"nextLocID":8134,"vehicleID":2316,"signMessage":"14 To 94-Foster","extraTripID":null,"nextStopSeq":48,"routeNumber":14,"vehicleLoad":"unknown","bearing":110,"lastStopSeq":47,"inCongestion":false,"delay":163,"latitude":45.4780482},{"tripID":4419231,"serviceDate":1395730800000,"direction":1,"garage":"CENTER","type":"bus","lastLocID":9481,"messageCode":813,"time":1395758386141,"expires":1395758802000,"signMessageLong":"77  Broadway/Halsey to Montgomery Park","extraBlockID":null,"locationInScheduleDay":27582,"longitude":-122.3982117,"blockID":7705,"offRoute":false,"nextLocID":9471,"vehicleID":2720,"signMessage":"77 Montgomry Pk","extraTripID":null,"nextStopSeq":2,"routeNumber":77,"vehicleLoad":"unknown","bearing":85,"lastStopSeq":1,"inCongestion":false,"delay":0,"latitude":45.5443612},{"tripID":4411563,"serviceDate":1395730800000,"direction":1,"garage":"CENTER","type":"bus","lastLocID":13169,"messageCode":267,"time":1395758353872,"expires":1395758772000,"signMessageLong":"14  Downtown Only","extraBlockID":null,"locationInScheduleDay":27243,"longitude":-122.6813082,"blockID":1404,"offRoute":false,"nextLocID":3639,"vehicleID":2718,"signMessage":"14 Downtown Only","extraTripID":null,"nextStopSeq":45,"routeNumber":14,"vehicleLoad":"unknown","bearing":200,"lastStopSeq":44,"inCongestion":false,"delay":-309,"latitude":45.516226},{"tripID":4413881,"serviceDate":1395730800000,"direction":1,"garage":"CENTER","type":"bus","lastLocID":3652,"messageCode":466,"time":1395758327349,"expires":1395758736000,"signMessageLong":"31  Portland","extraBlockID":null,"locationInScheduleDay":27489,"longitude":-122.6381907,"blockID":3101,"offRoute":false,"nextLocID":3797,"vehicleID":2714,"signMessage":"31 To Portland","extraTripID":null,"nextStopSeq":31,"routeNumber":31,"vehicleLoad":"unknown","bearing":352,"lastStopSeq":30,"inCongestion":false,"delay":-27,"latitude":45.4583215},{"tripID":4417320,"serviceDate":1395730800000,"direction":1,"garage":"CENTER","type":"bus","lastLocID":7361,"messageCode":788,"time":1395758345130,"expires":1395758762000,"signMessageLong":"70  12th/NE 33rd Ave to Milwaukie","extraBlockID":null,"locationInScheduleDay":27514,"longitude":-122.6306823,"blockID":7007,"offRoute":false,"nextLocID":7381,"vehicleID":2709,"signMessage":"70 To Milwaukie","extraTripID":null,"nextStopSeq":17,"routeNumber":70,"vehicleLoad":"unknown","bearing":180,"lastStopSeq":16,"inCongestion":false,"delay":-28,"latitude":45.5648186},{"tripID":4417168,"serviceDate":1395730800000,"direction":0,"garage":"CENTER","type":"bus","lastLocID":6849,"messageCode":780,"time":1395758333289,"expires":1395758749000,"signMessageLong":"70  12th/NE 33rd Ave to NE Sunderland","extraBlockID":null,"locationInScheduleDay":27450,"longitude":-122.6482943,"blockID":7001,"offRoute":false,"nextLocID":13693,"vehicleID":2704,"signMessage":"70 To Sunderlnd","extraTripID":null,"nextStopSeq":22,"routeNumber":70,"vehicleLoad":"unknown","bearing":0,"lastStopSeq":21,"inCongestion":false,"delay":-79,"latitude":45.4971919},{"tripID":4417317,"serviceDate":1395730800000,"direction":1,"garage":"CENTER","type":"bus","lastLocID":6890,"messageCode":791,"time":1395758387353,"expires":1395758805000,"signMessageLong":"70  To Milwaukie","extraBlockID":null,"locationInScheduleDay":27533,"longitude":-122.6470906,"blockID":7003,"offRoute":false,"nextLocID":6874,"vehicleID":2705,"signMessage":"70 To Milwaukie","extraTripID":null,"nextStopSeq":71,"routeNumber":70,"vehicleLoad":"unknown","bearing":175,"lastStopSeq":70,"inCongestion":false,"delay":-52,"latitude":45.4683506},{"tripID":4417167,"serviceDate":1395730800000,"direction":0,"garage":"CENTER","type":"bus","lastLocID":4047,"messageCode":783,"time":1395758351014,"expires":1395758768000,"signMessageLong":"70  33rd Ave to NE Sunderland","extraBlockID":null,"locationInScheduleDay":27552,"longitude":-122.6520688,"blockID":7004,"offRoute":false,"nextLocID":4048,"vehicleID":2701,"signMessage":"70 To Sunderlnd","extraTripID":null,"nextStopSeq":39,"routeNumber":70,"vehicleLoad":"unknown","bearing":90,"lastStopSeq":38,"inCongestion":false,"delay":4,"latitude":45.5314866},{"tripID":4419225,"serviceDate":1395730800000,"direction":1,"garage":"CENTER","type":"bus","lastLocID":8483,"messageCode":813,"time":1395758386960,"expires":1395758800000,"signMessageLong":"77  Broadway/Halsey to Montgomery Park","extraBlockID":null,"locationInScheduleDay":27340,"longitude":-122.7069345,"blockID":7704,"offRoute":false,"nextLocID":8484,"vehicleID":2614,"signMessage":"77 Montgomry Pk","extraTripID":null,"nextStopSeq":109,"routeNumber":77,"vehicleLoad":"unknown","bearing":178,"lastStopSeq":108,"inCongestion":false,"delay":0,"latitude":45.5377966},{"tripID":4411564,"serviceDate":1395730800000,"direction":1,"garage":"CENTER","type":"bus","lastLocID":11956,"messageCode":266,"time":1395758386873,"expires":1395758802000,"signMessageLong":"14  Hawthorne to 94th & Foster","extraBlockID":null,"locationInScheduleDay":27684,"longitude":-122.6795231,"blockID":1401,"offRoute":false,"nextLocID":13169,"vehicleID":2608,"signMessage":"14 To 94-Foster","extraTripID":null,"nextStopSeq":44,"routeNumber":14,"vehicleLoad":"unknown","bearing":290,"lastStopSeq":43,"inCongestion":false,"delay":102,"latitude":45.5162692},{"tripID":4417169,"serviceDate":1395730800000,"direction":0,"garage":"CENTER","type":"bus","lastLocID":6688,"messageCode":782,"time":1395758386710,"expires":1395758802000,"signMessageLong":"70  12th/NE 33rd Ave to NE Sunderland via 13th & Tacoma","extraBlockID":null,"locationInScheduleDay":27536,"longitude":-122.6530129,"blockID":7010,"offRoute":false,"nextLocID":6711,"vehicleID":2623,"signMessage":"70 To Sunderland via 13th","extraTripID":null,"nextStopSeq":9,"routeNumber":70,"vehicleLoad":"unknown","bearing":359,"lastStopSeq":8,"inCongestion":false,"delay":-46,"latitude":45.460702},{"tripID":4419229,"serviceDate":1395730800000,"direction":1,"garage":"CENTER","type":"bus","lastLocID":2398,"messageCode":813,"time":1395758336355,"expires":1395758754000,"signMessageLong":"77  Broadway/Halsey to Montgomery Park","extraBlockID":null,"locationInScheduleDay":27513,"longitude":-122.4953272,"blockID":7707,"offRoute":false,"nextLocID":2395,"vehicleID":2653,"signMessage":"77 Montgomry Pk","extraTripID":null,"nextStopSeq":26,"routeNumber":77,"vehicleLoad":"unknown","bearing":262,"lastStopSeq":25,"inCongestion":false,"delay":-21,"latitude":45.5343246},{"tripID":4417319,"serviceDate":1395730800000,"direction":1,"garage":"CENTER","type":"bus","lastLocID":637,"messageCode":788,"time":1395758327512,"expires":1395758736000,"signMessageLong":"70  12th/NE 33rd Ave to Milwaukie","extraBlockID":null,"locationInScheduleDay":27534,"longitude":-122.641135,"blockID":7009,"offRoute":false,"nextLocID":635,"vehicleID":2626,"signMessage":"70 To Milwaukie","extraTripID":null,"nextStopSeq":37,"routeNumber":70,"vehicleLoad":"unknown","bearing":259,"lastStopSeq":36,"inCongestion":false,"delay":18,"latitude":45.535136},{"tripID":4419228,"serviceDate":1395730800000,"direction":1,"garage":"CENTER","type":"bus","lastLocID":2457,"messageCode":813,"time":1395758351209,"expires":1395758769000,"signMessageLong":"77  Broadway/Halsey to Montgomery Park","extraBlockID":null,"locationInScheduleDay":27328,"longitude":-122.575905,"blockID":7703,"offRoute":false,"nextLocID":10846,"vehicleID":2630,"signMessage":"77 Montgomry Pk","extraTripID":null,"nextStopSeq":52,"routeNumber":77,"vehicleLoad":"unknown","bearing":295,"lastStopSeq":51,"inCongestion":false,"delay":-221,"latitude":45.5335781},{"tripID":4419090,"serviceDate":1395730800000,"direction":0,"garage":"CENTER","type":"bus","lastLocID":2356,"messageCode":809,"time":1395758345252,"expires":1395758763000,"signMessageLong":"77  Broadway/Halsey to Troutdale","extraBlockID":null,"locationInScheduleDay":27533,"longitude":-122.5537862,"blockID":7706,"offRoute":false,"nextLocID":2357,"vehicleID":2632,"signMessage":"77 To Troutdale","extraTripID":null,"nextStopSeq":58,"routeNumber":77,"vehicleLoad":"unknown","bearing":90,"lastStopSeq":57,"inCongestion":false,"delay":-10,"latitude":45.5335201},{"tripID":4417870,"serviceDate":1395730800000,"direction":0,"garage":"POWELL","type":"bus","lastLocID":3318,"messageCode":768,"time":1395758336155,"expires":1395758754000,"signMessageLong":"72  Killingsworth/82nd to Swan Island-Shipyards","extraBlockID":null,"locationInScheduleDay":27589,"longitude":-122.7189503,"blockID":7237,"offRoute":false,"nextLocID":8496,"vehicleID":3004,"signMessage":"72 Swan Island","extraTripID":null,"nextStopSeq":113,"routeNumber":72,"vehicleLoad":"unknown","bearing":284,"lastStopSeq":112,"inCongestion":false,"delay":55,"latitude":45.5630874},{"tripID":4417878,"serviceDate":1395730800000,"direction":0,"garage":"POWELL","type":"bus","lastLocID":8017,"messageCode":766,"time":1395758333237,"expires":1395758749000,"signMessageLong":"72  Killingsworth/82nd to Swan Island-Anchor St","extraBlockID":null,"locationInScheduleDay":27572,"longitude":-122.5791408,"blockID":7251,"offRoute":false,"nextLocID":7983,"vehicleID":3003,"signMessage":"72 Swan Island","extraTripID":null,"nextStopSeq":9,"routeNumber":72,"vehicleLoad":"unknown","bearing":0,"lastStopSeq":8,"inCongestion":false,"delay":43,"latitude":45.455088},{"tripID":4417873,"serviceDate":1395730800000,"direction":0,"garage":"POWELL","type":"bus","lastLocID":3212,"messageCode":766,"time":1395758345117,"expires":1395758762000,"signMessageLong":"72  Killingsworth/82nd to Swan Island-Anchor St","extraBlockID":null,"locationInScheduleDay":27738,"longitude":-122.5903268,"blockID":7241,"offRoute":false,"nextLocID":10601,"vehicleID":3048,"signMessage":"72 Swan Island","extraTripID":null,"nextStopSeq":66,"routeNumber":72,"vehicleLoad":"unknown","bearing":282,"lastStopSeq":65,"inCongestion":false,"delay":196,"latitude":45.5627931},{"tripID":4418201,"serviceDate":1395730800000,"direction":1,"garage":"POWELL","type":"bus","lastLocID":3185,"messageCode":760,"time":1395758293703,"expires":1395758711000,"signMessageLong":"72  Killingsworth/82nd to Clackamas TC","extraBlockID":null,"locationInScheduleDay":27550,"longitude":-122.5789791,"blockID":7235,"offRoute":false,"nextLocID":8889,"vehicleID":3053,"signMessage":"72 Clackamas TC","extraTripID":null,"nextStopSeq":52,"routeNumber":72,"vehicleLoad":"unknown","bearing":89,"lastStopSeq":51,"inCongestion":false,"delay":59,"latitude":45.5626746},{"tripID":4417871,"serviceDate":1395730800000,"direction":0,"garage":"POWELL","type":"bus","lastLocID":3170,"messageCode":766,"time":1395758387371,"expires":1395758805000,"signMessageLong":"72  Killingsworth/82nd to Swan Island-Anchor St","extraBlockID":null,"locationInScheduleDay":27741,"longitude":-122.681948,"blockID":7245,"offRoute":false,"nextLocID":3159,"vehicleID":3052,"signMessage":"72 Swan Island","extraTripID":null,"nextStopSeq":100,"routeNumber":72,"vehicleLoad":"unknown","bearing":270,"lastStopSeq":99,"inCongestion":false,"delay":156,"latitude":45.5626672},{"tripID":4417875,"serviceDate":1395730800000,"direction":0,"garage":"POWELL","type":"bus","lastLocID":8023,"messageCode":766,"time":1395758336200,"expires":1395758754000,"signMessageLong":"72  Killingsworth/82nd to Swan Island-Anchor St","extraBlockID":null,"locationInScheduleDay":27559,"longitude":-122.5787273,"blockID":7234,"offRoute":false,"nextLocID":8052,"vehicleID":3054,"signMessage":"72 Swan Island","extraTripID":null,"nextStopSeq":30,"routeNumber":72,"vehicleLoad":"unknown","bearing":0,"lastStopSeq":29,"inCongestion":false,"delay":25,"latitude":45.499509},{"tripID":4419091,"serviceDate":1395730800000,"direction":0,"garage":"POWELL","type":"bus","lastLocID":648,"messageCode":809,"time":1395758387466,"expires":1395758805000,"signMessageLong":"77  Broadway/Halsey to Troutdale","extraBlockID":null,"locationInScheduleDay":27506,"longitude":-122.6250222,"blockID":7734,"offRoute":false,"nextLocID":10870,"vehicleID":3046,"signMessage":"77 To Troutdale","extraTripID":null,"nextStopSeq":35,"routeNumber":77,"vehicleLoad":"unknown","bearing":180,"lastStopSeq":34,"inCongestion":false,"delay":-79,"latitude":45.5345206},{"tripID":4419226,"serviceDate":1395730800000,"direction":1,"garage":"POWELL","type":"bus","lastLocID":2011,"messageCode":813,"time":1395758385916,"expires":1395758802000,"signMessageLong":"77  Broadway/Halsey to Montgomery Park","extraBlockID":null,"locationInScheduleDay":27482,"longitude":-122.6822333,"blockID":7738,"offRoute":false,"nextLocID":2030,"vehicleID":3035,"signMessage":"77 Montgomry Pk","extraTripID":null,"nextStopSeq":90,"routeNumber":77,"vehicleLoad":"unknown","bearing":268,"lastStopSeq":89,"inCongestion":false,"delay":-100,"latitude":45.5265248},{"tripID":4411570,"serviceDate":1395730800000,"direction":1,"garage":"POWELL","type":"bus","lastLocID":1831,"messageCode":268,"time":1395758347944,"expires":1395758767000,"signMessageLong":"14  Hawthorne to Portland","extraBlockID":null,"locationInScheduleDay":27547,"longitude":-122.5662917,"blockID":1434,"offRoute":false,"nextLocID":13236,"vehicleID":3027,"signMessage":"14 To Portland","extraTripID":null,"nextStopSeq":2,"routeNumber":14,"vehicleLoad":"unknown","bearing":291,"lastStopSeq":1,"inCongestion":false,"delay":0,"latitude":45.4791765},{"tripID":4417877,"serviceDate":1395730800000,"direction":0,"garage":"POWELL","type":"bus","lastLocID":13248,"messageCode":766,"time":1395758387284,"expires":1395758805000,"signMessageLong":"72  Killingsworth/82nd to Swan Island-Anchor St","extraBlockID":null,"locationInScheduleDay":27500,"longitude":-122.5723245,"blockID":7243,"offRoute":false,"nextLocID":12922,"vehicleID":3025,"signMessage":"72 Swan Island","extraTripID":null,"nextStopSeq":2,"routeNumber":72,"vehicleLoad":"unknown","bearing":286,"lastStopSeq":1,"inCongestion":false,"delay":-85,"latitude":45.4372748},{"tripID":4419227,"serviceDate":1395730800000,"direction":1,"garage":"CENTER","type":"bus","lastLocID":637,"messageCode":813,"time":1395758386282,"expires":1395758802000,"signMessageLong":"77  Broadway/Halsey to Montgomery Park","extraBlockID":null,"locationInScheduleDay":27586,"longitude":-122.6395676,"blockID":7702,"offRoute":false,"nextLocID":635,"vehicleID":2005,"signMessage":"77 Montgomry Pk","extraTripID":null,"nextStopSeq":77,"routeNumber":77,"vehicleLoad":"unknown","bearing":269,"lastStopSeq":76,"inCongestion":false,"delay":4,"latitude":45.5351617},{"tripID":4411568,"serviceDate":1395730800000,"direction":1,"garage":"CENTER","type":"bus","lastLocID":1778,"messageCode":268,"time":1395758387526,"expires":1395758805000,"signMessageLong":"14  Hawthorne to Portland","extraBlockID":null,"locationInScheduleDay":27604,"longitude":-122.6001277,"blockID":1402,"offRoute":false,"nextLocID":12904,"vehicleID":2014,"signMessage":"14 To Portland","extraTripID":null,"nextStopSeq":14,"routeNumber":14,"vehicleLoad":"unknown","bearing":308,"lastStopSeq":13,"inCongestion":false,"delay":19,"latitude":45.4911716}],"queryTime":1395758388930}}
