{"resultSet":{"vehicle":[{"tripID":4411566,"serviceDate":1395730800000,"direction":1,"garage":"POWELL","type":"bus","lastLocID":2624,"messageCode":268,"time":1395758516446,"expires":1395758930000,"signMessageLong":"14  Hawthorne to Portland","extraBlockID":null,"locationInScheduleDay":27746,"longitude":-122.6283445,"blockID":1436,"offRoute":false,"nextLocID":12892,"vehicleID":2206,"signMessage":"14 To Portland","extraTripID":null,"nextStopSeq":30,"routeNumber":14,"vehicleLoad":"unknown","bearing":270,"lastStopSeq":29,"inCongestion":false,"delay":36,"latitude":45.512056},{"tripID":4419089,"serviceDate":1395730800000,"direction":0,"garage":"POWELL","type":"bus","lastLocID":2422,"messageCode":809,"time":1395758555287,"expires":1395758972000,"signMessageLong":"77  Broadway/Halsey to Troutdale","extraBlockID":null,"locationInScheduleDay":27737,"longitude":-122.4086155,"blockID":7735,"offRoute":false,"nextLocID":2339,"vehicleID":2222,"signMessage":"77 To Troutdale","extraTripID":null,"nextStopSeq":95,"routeNumber":77,"vehicleLoad":"unknown","bearing":78,"lastStopSeq":94,"inCongestion":false,"delay":-15,"latitude":45.5384372},{"tripID":4419092,"serviceDate":1395730800000,"direction":0,"garage":"POWELL","type":"bus","lastLocID":1612,"messageCode":809,"time":1395758540303,"expires":1395758958000,"signMessageLong":"77  Broadway/Halsey to Troutdale","extraBlockID":null,"locationInScheduleDay":27648,"longitude":-122.6657719,"blockID":7736,"offRoute":false,"nextLocID":11817,"vehicleID":2221,"signMessage":"77 To Troutdale","extraTripID":null,"nextStopSeq":19,"routeNumber":77,"vehicleLoad":"unknown","bearing":357,"lastStopSeq":18,"inCongestion":false,"delay":-90,"latitude":45.528943},{"tripID":4411565,"serviceDate":1395730800000,"direction":1,"garage":"POWELL","type":"bus","lastLocID":2602,"messageCode":268,"time":1395758555245,"expires":1395758974000,"signMessageLong":"14  Hawthorne to Portland","extraBlockID":null,"locationInScheduleDay":27744,"longitude":-122.6532344,"blockID":1438,"offRoute":false,"nextLocID":3637,"vehicleID":2220,"signMessage":"14 To Portland","extraTripID":null,"nextStopSeq":39,"routeNumber":14,"vehicleLoad":"unknown","bearing":285,"lastStopSeq":38,"inCongestion":false,"delay":-10,"latitude":45.512216},{"tripID":4418202,"serviceDate":1395730800000,"direction":1,"garage":"POWELL","type":"bus","lastLocID":3148,"messageCode":760,"time":1395758561192,"expires":1395758979000,"signMessageLong":"72  Killingsworth/82nd to Clackamas TC","extraBlockID":null,"locationInScheduleDay":27880,"longitude":-122.5955942,"blockID":7248,"offRoute":false,"nextLocID":10600,"vehicleID":2215,"signMessage":"72 Clackamas TC","extraTripID":null,"nextStopSeq":48,"routeNumber":72,"vehicleLoad":"unknown","bearing":91,"lastStopSeq":47,"inCongestion":false,"delay":121,"latitude":45.5627344},{"tripID":4411316,"serviceDate":1395730800000,"direction":0,"garage":"POWELL","type":"bus","lastLocID":7666,"messageCode":266,"time":1395758545853,"expires":1395758965000,"signMessageLong":"14  Hawthorne to 94th & Foster","extraBlockID":null,"locationInScheduleDay":27827,"longitude":-122.6113719,"blockID":1437,"offRoute":false,"nextLocID":1792,"vehicleID":2264,"signMessage":"14 To 94-Foster","extraTripID":null,"nextStopSeq":29,"routeNumber":14,"vehicleLoad":"unknown","bearing":180,"lastStopSeq":28,"inCongestion":false,"delay":82,"latitude":45.4979733},{"tripID":4418200,"serviceDate":1395730800000,"direction":1,"garage":"POWELL","type":"bus","lastLocID":8000,"messageCode":760,"time":1395758558144,"expires":1395758975000,"signMessageLong":"72  Killingsworth/82nd to Clackamas TC","extraBlockID":null,"locationInScheduleDay":27754,"longitude":-122.5790401,"blockID":7247,"offRoute":false,"nextLocID":7978,"vehicleID":2250,"signMessage":"72 Clackamas TC","extraTripID":null,"nextStopSeq":66,"routeNumber":72,"vehicleLoad":"unknown","bearing":179,"lastStopSeq":65,"inCongestion":false,"delay":-1,"latitude":45.5316082},{"tripID":4417876,"serviceDate":1395730800000,"direction":0,"garage":"POWELL","type":"bus","lastLocID":7964,"messageCode":766,"time":1395758549029,"expires":1395758966000,"signMessageLong":"72  Killingsworth/82nd to Swan Island-Anchor St","extraBlockID":null,"locationInScheduleDay":27684,"longitude":-122.5789621,"blockID":7250,"offRoute":false,"nextLocID":8029,"vehicleID":2242,"signMessage":"72 Swan Island","extraTripID":null,"nextStopSeq":23,"routeNumber":72,"vehicleLoad":"unknown","bearing":0,"lastStopSeq":22,"inCongestion":false,"delay":-62,"latitude":45.4832833},{"tripID":4418198,"serviceDate":1395730800000,"direction":1,"garage":"POWELL","type":"bus","lastLocID":7963,"messageCode":760,"time":1395758555300,"expires":1395758972000,"signMessageLong":"72  Killingsworth/82nd to Clackamas TC","extraBlockID":null,"locationInScheduleDay":27799,"longitude":-122.5790521,"blockID":7246,"offRoute":false,"nextLocID":7994,"vehicleID":2296,"signMessage":"72 Clackamas TC","extraTripID":null,"nextStopSeq":98,"routeNumber":72,"vehicleLoad":"unknown","bearing":179,"lastStopSeq":97,"inCongestion":false,"delay":47,"latitude":45.4677369},{"tripID":4419093,"serviceDate":1395730800000,"direction":0,"garage":"POWELL","type":"bus","lastLocID":7168,"messageCode":809,"time":1395758555342,"expires":1395758974000,"signMessageLong":"77  Broadway/Halsey to Troutdale","extraBlockID":null,"locationInScheduleDay":27822,"longitude":-122.6947581,"blockID":7737,"offRoute":false,"nextLocID":10693,"vehicleID":2285,"signMessage":"77 To Troutdale","extraTripID":null,"nextStopSeq":5,"routeNumber":77,"vehicleLoad":"unknown","bearing":178,"lastStopSeq":4,"inCongestion":false,"delay":68,"latitude":45.5351534},{"tripID":4418205,"serviceDate":1395730800000,"direction":1,"garage":"POWELL","type":"bus","lastLocID":115,"messageCode":760,"time":1395758543176,"expires":1395758961000,"signMessageLong":"72  Killingsworth/82nd to Clackamas TC","extraBlockID":null,"locationInScheduleDay":28083,"longitude":-122.703766,"blockID":7252,"offRoute":false,"nextLocID":8681,"vehicleID":2283,"signMessage":"72 Clackamas TC","extraTripID":null,"nextStopSeq":2,"routeNumber":72,"vehicleLoad":"unknown","bearing":147,"lastStopSeq":1,"inCongestion":false,"delay":342,"latitude":45.5566154},{"tripID":4418204,"serviceDate":1395730800000,"direction":1,"garage":"POWELL","type":"bus","lastLocID":3162,"messageCode":760,"time":1395758540347,"expires":1395758957000,"signMessageLong":"72  Killingsworth/82nd to Clackamas TC","extraBlockID":null,"locationInScheduleDay":27758,"longitude":-122.6855671,"blockID":7244,"offRoute":false,"nextLocID":3158,"vehicleID":2276,"signMessage":"72 Clackamas TC","extraTripID":null,"nextStopSeq":11,"routeNumber":72,"vehicleLoad":"unknown","bearing":91,"lastStopSeq":10,"inCongestion":false,"delay":21,"latitude":45.5626881},{"tripID":4411567,"serviceDate":1395730800000,"direction":1,"garage":"POWELL","type":"bus","lastLocID":7658,"messageCode":268,"time":1395758540345,"expires":1395758958000,"signMessageLong":"14  Hawthorne to Portland","extraBlockID":null,"locationInScheduleDay":27780,"longitude":-122.6127106,"blockID":1439,"offRoute":false,"nextLocID":13734,"vehicleID":2275,"signMessage":"14 To Portland","extraTripID":null,"nextStopSeq":25,"routeNumber":14,"vehicleLoad":"unknown","bearing":270,"lastStopSeq":24,"inCongestion":false,"delay":42,"latitude":45.512024},{"tripID":4417318,"serviceDate":1395730800000,"direction":1,"garage":"CENTER","type":"bus","lastLocID":6543,"messageCode":790,"time":1395758555139,"expires":1395758972000,"signMessageLong":"70  12th Ave to Milwaukie via 13th & Tacoma","extraBlockID":null,"locationInScheduleDay":27773,"longitude":-122.654709,"blockID":7005,"offRoute":false,"nextLocID":6555,"vehicleID":2132,"signMessage":"70 To Milw via 13","extraTripID":null,"nextStopSeq":53,"routeNumber":70,"vehicleLoad":"unknown","bearing":180,"lastStopSeq":52,"inCongestion":false,"delay":21,"latitude":45.5105922},{"tripID":4413880,"serviceDate":1395730800000,"direction":1,"garage":"CENTER","type":"bus","lastLocID":11956,"messageCode":467,"time":1395758542933,"expires":1395758960000,"signMessageLong":"31  Downtown Only","extraBlockID":null,"locationInScheduleDay":27458,"longitude":-122.6772809,"blockID":3002,"offRoute":false,"nextLocID":7800,"vehicleID":2134,"signMessage":"31 Downtown Only","extraTripID":null,"nextStopSeq":5,"routeNumber":31,"vehicleLoad":"unknown","bearing":290,"lastStopSeq":4,"inCongestion":false,"delay":-282,"latitude":45.5156693},{"tripID":4417166,"serviceDate":1395730800000,"direction":0,"garage":"CENTER","type":"bus","lastLocID":1115,"messageCode":783,"time":1395758555148,"expires":1395758972000,"signMessageLong":"70  33rd Ave to NE Sunderland","extraBlockID":null,"locationInScheduleDay":27506,"longitude":-122.6414616,"blockID":7006,"offRoute":false,"nextLocID":8498,"vehicleID":2150,"signMessage":"70 To Sunderlnd","extraTripID":null,"nextStopSeq":67,"routeNumber":70,"vehicleLoad":"unknown","bearing":287,"lastStopSeq":66,"inCongestion":false,"delay":-246,"latitude":45.5759893},{"tripID":4417170,"serviceDate":1395730800000,"direction":0,"garage":"CENTER","type":"bus","lastLocID":13477,"messageCode":781,"time":1395758540273,"expires":1395758958000,"signMessageLong":"70  12th/NE 33rd Ave to NE Sunderland via 17th & Tacoma","extraBlockID":null,"locationInScheduleDay":27738,"longitude":-122.6407309,"blockID":7008,"offRoute":false,"nextLocID":8225,"vehicleID":2506,"signMessage":"70 To Sunderland via 17th","extraTripID":null,"nextStopSeq":2,"routeNumber":70,"vehicleLoad":"unknown","bearing":81,"lastStopSeq":1,"inCongestion":false,"delay":0,"latitude":45.4448667},{"tripID":4418197,"serviceDate":1395730800000,"direction":1,"garage":"POWELL","type":"bus","lastLocID":7942,"messageCode":760,"time":1395758561163,"expires":1395758978000,"signMessageLong":"72  Killingsworth/82nd to Clackamas TC","extraBlockID":null,"locationInScheduleDay":27895,"longitude":-122.5787701,"blockID":7238,"offRoute":false,"nextLocID":12921,"vehicleID":2527,"signMessage":"72 Clackamas TC","extraTripID":null,"nextStopSeq":110,"routeNumber":72,"vehicleLoad":"unknown","bearing":91,"lastStopSeq":109,"inCongestion":false,"delay":137,"latitude":45.4370745},{"tripID":4417321,"serviceDate":1395730800000,"direction":1,"garage":"CENTER","type":"bus","lastLocID":9368,"messageCode":788,"time":1395758465212,"expires":1395758882000,"signMessageLong":"70  12th/NE 33rd Ave to Milwaukie","extraBlockID":null,"locationInScheduleDay":27660,"longitude":-122.6357648,"blockID":7002,"offRoute":false,"nextLocID":9414,"vehicleID":2524,"signMessage":"70 To Milwaukie","extraTripID":null,"nextStopSeq":2,"routeNumber":70,"vehicleLoad":"unknown","bearing":180,"lastStopSeq":1,"inCongestion":false,"delay":-2,"latitude":45.5898735},{"tripID":4419230,"serviceDate":1395730800000,"direction":1,"garage":"CENTER","type":"bus","lastLocID":2331,"messageCode":813,"time":1395758477074,"expires":1395758896000,"signMessageLong":"77  Broadway/Halsey to Montgomery Park","extraBlockID":null,"locationInScheduleDay":27789,"longitude":-122.4224983,"blockID":7701,"offRoute":false,"nextLocID":2419,"vehicleID":2512,"signMessage":"77 Montgomry Pk","extraTripID":null,"nextStopSeq":11,"routeNumber":77,"vehicleLoad":"unknown","bearing":259,"lastStopSeq":10,"inCongestion":false,"delay":113,"latitude":45.5365943},{"tripID":4417872,"serviceDate":1395730800000,"direction":0,"garage":"POWELL","type":"bus","lastLocID":7328,"messageCode":768,"time":1395758555226,"expires":1395758972000,"signMessageLong":"72  Killingsworth/82nd to Swan Island-Shipyards","extraBlockID":null,"locationInScheduleDay":27638,"longitude":-122.6348938,"blockID":7239,"offRoute":false,"nextLocID":7331,"vehicleID":2540,"signMessage":"72 Swan Island","extraTripID":null,"nextStopSeq":81,"routeNumber":72,"vehicleLoad":"unknown","bearing":179,"lastStopSeq":80,"inCongestion":false,"delay":-114,"latitude":45.560538},{"tripID":4418199,"serviceDate":1395730800000,"direction":1,"garage":"POWELL","type":"bus","lastLocID":8053,"messageCode":760,"time":1395758543015,"expires":1395758961000,"signMessageLong":"72  Killingsworth/82nd to Clackamas TC","extraBlockID":null,"locationInScheduleDay":27839,"longitude":-122.578739,"blockID":7240,"offRoute":false,"nextLocID":8024,"vehicleID":2533,"signMessage":"72 Clackamas TC","extraTripID":null,"nextStopSeq":83,"routeNumber":72,"vehicleLoad":"unknown","bearing":180,"lastStopSeq":82,"inCongestion":false,"delay":98,"latitude":45.4971636},{"tripID":4417874,"serviceDate":1395730800000,"direction":0,"garage":"POWELL","type":"bus","lastLocID":7999,"messageCode":768,"time":1395758555431,"expires":1395758973000,"signMessageLong":"72  Killingsworth/82nd to Swan Island-Shipyards","extraBlockID":null,"locationInScheduleDay":27753,"longitude":-122.578962,"blockID":7249,"offRoute":false,"nextLocID":8042,"vehicleID":2558,"signMessage":"72 Swan Island","extraTripID":null,"nextStopSeq":49,"routeNumber":72,"vehicleLoad":"unknown","bearing":0,"lastStopSeq":48,"inCongestion":false,"delay":0,"latitude":45.533614},{"tripID":4418203,"serviceDate":1395730800000,"direction":1,"garage":"POWELL","type":"bus","lastLocID":63,"messageCode":760,"time":1395758555437,"expires":1395758972000,"signMessageLong":"72  Killingsworth/82nd to Clackamas TC","extraBlockID":null,"locationInScheduleDay":27758,"longitude":-122.6379955,"blockID":7242,"offRoute":false,"nextLocID":11722,"vehicleID":2548,"signMessage":"72 Clackamas TC","extraTripID":null,"nextStopSeq":31,"routeNumber":72,"vehicleLoad":"unknown","bearing":90,"lastStopSeq":30,"inCongestion":false,"delay":6,"latitude":45.559057},{"tripID":4411569,"serviceDate":1395730800000,"direction":1,"garage":"POWELL","type":"bus","lastLocID":1818,"messageCode":268,"time":1395758543216,"expires":1395758961000,"signMessageLong":"14  Hawthorne to Portland","extraBlockID":null,"locationInScheduleDay":27780,"longitude":-122.5796973,"blockID":1440,"offRoute":false,"nextLocID":1815,"vehicleID":2308,"signMessage":"14 To Portland","extraTripID":null,"nextStopSeq":7,"routeNumber":14,"vehicleLoad":"unknown","bearing":299,"lastStopSeq":6,"inCongestion":false,"delay":39,"latitude":45.4831103},{"tripID":4411315,"serviceDate":1395730800000,"direction":0,"garage":"POWELL","type":"bus","lastLocID":8134,"messageCode":266,"time":1395758555390,"expires":1395758972000,"signMessageLong":"14  Hawthorne to 94th & Foster","extraBlockID":null,"locationInScheduleDay":27752,"longitude":-122.5643921,"blockID":1435,"offRoute":false,"nextLocID":1831,"vehicleID":2316,"signMessage":"14 To 94-Foster","extraTripID":null,"nextStopSeq":49,"routeNumber":14,"vehicleLoad":"unknown","bearing":291,"lastStopSeq":48,"inCongestion":false,"delay":0,"latitude":45.4786594},{"tripID":4419231,"serviceDate":1395730800000,"direction":1,"garage":"CENTER","type":"bus","lastLocID":9481,"messageCode":813,"time":1395758552110,"expires":1395758970000,"signMessageLong":"77  Broadway/Halsey to Montgomery Park","extraBlockID":null,"locationInScheduleDay":27750,"longitude":-122.3982117,"blockID":7705,"offRoute":false,"nextLocID":9471,"vehicleID":2720,"signMessage":"77 Montgomry Pk","extraTripID":null,"nextStopSeq":2,"routeNumber":77,"vehicleLoad":"unknown","bearing":85,"lastStopSeq":1,"inCongestion":false,"delay":0,"latitude":45.5443612},{"tripID":4413881,"serviceDate":1395730800000,"direction":1,"garage":"CENTER","type":"bus","lastLocID":3785,"messageCode":466,"time":1395758561141,"expires":1395758980000,"signMessageLong":"31  Portland","extraBlockID":null,"locationInScheduleDay":27874,"longitude":-122.6465932,"blockID":3101,"offRoute":false,"nextLocID":3858,"vehicleID":2714,"signMessage":"31 To Portland","extraTripID":null,"nextStopSeq":33,"routeNumber":31,"vehicleLoad":"unknown","bearing":304,"lastStopSeq":32,"inCongestion":false,"delay":114,"latitude":45.4854811},{"tripID":4417320,"serviceDate":1395730800000,"direction":1,"garage":"CENTER","type":"bus","lastLocID":7394,"messageCode":788,"time":1395758552110,"expires":1395758970000,"signMessageLong":"70  12th/NE 33rd Ave to Milwaukie","extraBlockID":null,"locationInScheduleDay":27768,"longitude":-122.6307093,"blockID":7007,"offRoute":false,"nextLocID":7368,"vehicleID":2709,"signMessage":"70 To Milwaukie","extraTripID":null,"nextStopSeq":24,"routeNumber":70,"vehicleLoad":"unknown","bearing":180,"lastStopSeq":23,"inCongestion":false,"delay":18,"latitude":45.5519041},{"tripID":4417168,"serviceDate":1395730800000,"direction":0,"garage":"CENTER","type":"bus","lastLocID":4539,"messageCode":780,"time":1395758480802,"expires":1395758899000,"signMessageLong":"70  12th/NE 33rd Ave to NE Sunderland","extraBlockID":null,"locationInScheduleDay":27712,"longitude":-122.6537386,"blockID":7001,"offRoute":false,"nextLocID":6578,"vehicleID":2704,"signMessage":"70 To Sunderlnd","extraTripID":null,"nextStopSeq":24,"routeNumber":70,"vehicleLoad":"unknown","bearing":0,"lastStopSeq":23,"inCongestion":false,"delay":33,"latitude":45.5039854},{"tripID":4417317,"serviceDate":1395730800000,"direction":1,"garage":"CENTER","type":"bus","lastLocID":6886,"messageCode":791,"time":1395758561124,"expires":1395758978000,"signMessageLong":"70  To Milwaukie","extraBlockID":null,"locationInScheduleDay":27686,"longitude":-122.6468138,"blockID":7003,"offRoute":false,"nextLocID":6902,"vehicleID":2705,"signMessage":"70 To Milwaukie","extraTripID":null,"nextStopSeq":76,"routeNumber":70,"vehicleLoad":"unknown","bearing":174,"lastStopSeq":75,"inCongestion":false,"delay":-72,"latitude":45.458185},{"tripID":4417167,"serviceDate":1395730800000,"direction":0,"garage":"CENTER","type":"bus","lastLocID":7138,"messageCode":783,"time":1395758558026,"expires":1395758977000,"signMessageLong":"70  33rd Ave to NE Sunderland","extraBlockID":null,"locationInScheduleDay":27719,"longitude":-122.6448414,"blockID":7004,"offRoute":false,"nextLocID":6237,"vehicleID":2701,"signMessage":"70 To Sunderlnd","extraTripID":null,"nextStopSeq":43,"routeNumber":70,"vehicleLoad":"unknown","bearing":0,"lastStopSeq":42,"inCongestion":false,"delay":-38,"latitude":45.5342166},{"tripID":4419225,"serviceDate":1395730800000,"direction":1,"garage":"CENTER","type":"bus","lastLocID":8483,"messageCode":813,"time":1395758543198,"expires":1395758959000,"signMessageLong":"77  Broadway/Halsey to Montgomery Park","extraBlockID":null,"locationInScheduleDay":27340,"longitude":-122.7069345,"blockID":7704,"offRoute":false,"nextLocID":8484,"vehicleID":2614,"signMessage":"77 Montgomry Pk","extraTripID":null,"nextStopSeq":109,"routeNumber":77,"vehicleLoad":"unknown","bearing":178,"lastStopSeq":108,"inCongestion":false,"delay":0,"latitude":45.5377966},{"tripID":4411317,"serviceDate":1395730800000,"direction":0,"garage":"CENTER","type":"bus","lastLocID":3639,"messageCode":266,"time":1395758549068,"expires":1395758966000,"signMessageLong":"14  Hawthorne to 94th & Foster","extraBlockID":null,"locationInScheduleDay":27794,"longitude":-122.6777468,"blockID":1401,"offRoute":false,"nextLocID":3635,"vehicleID":2608,"signMessage":"14 To 94-Foster","extraTripID":null,"nextStopSeq":2,"routeNumber":14,"vehicleLoad":"unknown","bearing":109,"lastStopSeq":1,"inCongestion":false,"delay":48,"latitude":45.515029},{"tripID":4417169,"serviceDate":1395730800000,"direction":0,"garage":"CENTER","type":"bus","lastLocID":6699,"messageCode":782,"time":1395758555319,"expires":1395758973000,"signMessageLong":"70  12th/NE 33rd Ave to NE Sunderland via 13th & Tacoma","extraBlockID":null,"locationInScheduleDay":27680,"longitude":-122.65301,"blockID":7010,"offRoute":false,"nextLocID":6693,"vehicleID":2623,"signMessage":"70 To Sunderland via 13th","extraTripID":null,"nextStopSeq":12,"routeNumber":70,"vehicleLoad":"unknown","bearing":358,"lastStopSeq":11,"inCongestion":false,"delay":-73,"latitude":45.4678463},{"tripID":4419229,"serviceDate":1395730800000,"direction":1,"garage":"CENTER","type":"bus","lastLocID":2386,"messageCode":813,"time":1395758510115,"expires":1395758927000,"signMessageLong":"77  Broadway/Halsey to Montgomery Park","extraBlockID":null,"locationInScheduleDay":27649,"longitude":-122.5102955,"blockID":7707,"offRoute":false,"nextLocID":2384,"vehicleID":2653,"signMessage":"77 Montgomry Pk","extraTripID":null,"nextStopSeq":31,"routeNumber":77,"vehicleLoad":"unknown","bearing":270,"lastStopSeq":30,"inCongestion":false,"delay":-58,"latitude":45.5336576},{"tripID":4417319,"serviceDate":1395730800000,"direction":1,"garage":"CENTER","type":"bus","lastLocID":7126,"messageCode":788,"time":1395758549045,"expires":1395758965000,"signMessageLong":"70  12th/NE 33rd Ave to Milwaukie","extraBlockID":null,"locationInScheduleDay":27760,"longitude":-122.6490295,"blockID":7009,"offRoute":false,"nextLocID":4049,"vehicleID":2626,"signMessage":"70 To Milwaukie","extraTripID":null,"nextStopSeq":41,"routeNumber":70,"vehicleLoad":"unknown","bearing":270,"lastStopSeq":40,"inCongestion":false,"delay":15,"latitude":45.531477},{"tripID":4419228,"serviceDate":1395730800000,"direction":1,"garage":"CENTER","type":"bus","lastLocID":7916,"messageCode":813,"time":1395758561257,"expires":1395758979000,"signMessageLong":"77  Broadway/Halsey to Montgomery Park","extraBlockID":null,"locationInScheduleDay":27411,"longitude":-122.5800149,"blockID":7703,"offRoute":false,"nextLocID":2455,"vehicleID":2630,"signMessage":"77 Montgomry Pk","extraTripID":null,"nextStopSeq":54,"routeNumber":77,"vehicleLoad":"unknown","bearing":0,"lastStopSeq":53,"inCongestion":false,"delay":-348,"latitude":45.5331845},{"tripID":4419090,"serviceDate":1395730800000,"direction":0,"garage":"CENTER","type":"bus","lastLocID":2364,"messageCode":809,"time":1395758555329,"expires":1395758973000,"signMessageLong":"77  Broadway/Halsey to Troutdale","extraBlockID":null,"locationInScheduleDay":27715,"longitude":-122.5375329,"blockID":7706,"offRoute":false,"nextLocID":2366,"vehicleID":2632,"signMessage":"77 To Troutdale","extraTripID":null,"nextStopSeq":62,"routeNumber":77,"vehicleLoad":"unknown","bearing":90,"lastStopSeq":61,"inCongestion":false,"delay":-38,"latitude":45.5335725},{"tripID":4417870,"serviceDate":1395730800000,"direction":0,"garage":"POWELL","type":"bus","lastLocID":1042,"messageCode":768,"time":1395758561046,"expires":1395758979000,"signMessageLong":"72  Killingsworth/82nd to Swan Island-Shipyards","extraBlockID":null,"locationInScheduleDay":27719,"longitude":-122.7040459,"blockID":7237,"offRoute":false,"nextLocID":1041,"vehicleID":3004,"signMessage":"72 Swan Island","extraTripID":null,"nextStopSeq":117,"routeNumber":72,"vehicleLoad":"unknown","bearing":94,"lastStopSeq":116,"inCongestion":false,"delay":0,"latitude":45.5566778},{"tripID":4413882,"serviceDate":1395730800000,"direction":1,"garage":"POWELL","type":"bus","lastLocID":7920,"messageCode":464,"time":1395758557987,"expires":1395758976000,"signMessageLong":"31  To Portland via Milwaukie","extraBlockID":null,"locationInScheduleDay":27749,"longitude":-122.5789176,"blockID":3136,"offRoute":false,"nextLocID":3228,"vehicleID":3007,"signMessage":"31 To Portland","extraTripID":null,"nextStopSeq":4,"routeNumber":31,"vehicleLoad":"unknown","bearing":0,"lastStopSeq":3,"inCongestion":false,"delay":-7,"latitude":45.4443057},{"tripID":4417878,"serviceDate":1395730800000,"direction":0,"garage":"POWELL","type":"bus","lastLocID":7993,"messageCode":766,"time":1395758540242,"expires":1395758958000,"signMessageLong":"72  Killingsworth/82nd to Swan Island-Anchor St","extraBlockID":null,"locationInScheduleDay":27775,"longitude":-122.5790521,"blockID":7251,"offRoute":false,"nextLocID":7962,"vehicleID":3003,"signMessage":"72 Swan Island","extraTripID":null,"nextStopSeq":15,"routeNumber":72,"vehicleLoad":"unknown","bearing":0,"lastStopSeq":14,"inCongestion":false,"delay":37,"latitude":45.4681703},{"tripID":4417873,"serviceDate":1395730800000,"direction":0,"garage":"POWELL","type":"bus","lastLocID":3209,"messageCode":766,"time":1395758548985,"expires":1395758966000,"signMessageLong":"72  Killingsworth/82nd to Swan Island-Anchor St","extraBlockID":null,"locationInScheduleDay":27891,"longitude":-122.6069268,"blockID":7241,"offRoute":false,"nextLocID":3207,"vehicleID":3048,"signMessage":"72 Swan Island","extraTripID":null,"nextStopSeq":70,"routeNumber":72,"vehicleLoad":"unknown","bearing":270,"lastStopSeq":69,"inCongestion":false,"delay":145,"latitude":45.5627577},{"tripID":4418201,"serviceDate":1395730800000,"direction":1,"garage":"POWELL","type":"bus","lastLocID":8038,"messageCode":760,"time":1395758495495,"expires":1395758911000,"signMessageLong":"72  Killingsworth/82nd to Clackamas TC","extraBlockID":null,"locationInScheduleDay":27762,"longitude":-122.5787152,"blockID":7235,"offRoute":false,"nextLocID":7934,"vehicleID":3053,"signMessage":"72 Clackamas TC","extraTripID":null,"nextStopSeq":56,"routeNumber":72,"vehicleLoad":"unknown","bearing":180,"lastStopSeq":55,"inCongestion":false,"delay":71,"latitude":45.5511878},{"tripID":4417871,"serviceDate":1395730800000,"direction":0,"garage":"POWELL","type":"bus","lastLocID":3161,"messageCode":766,"time":1395758555189,"expires":1395758973000,"signMessageLong":"72  Killingsworth/82nd to Swan Island-Anchor St","extraBlockID":null,"locationInScheduleDay":27944,"longitude":-122.6952772,"blockID":7245,"offRoute":false,"nextLocID":3167,"vehicleID":3052,"signMessage":"72 Swan Island","extraTripID":null,"nextStopSeq":104,"routeNumber":72,"vehicleLoad":"unknown","bearing":269,"lastStopSeq":103,"inCongestion":false,"delay":191,"latitude":45.5627446},{"tripID":4417875,"serviceDate":1395730800000,"direction":0,"garage":"POWELL","type":"bus","lastLocID":7979,"messageCode":766,"time":1395758545783,"expires":1395758963000,"signMessageLong":"72  Killingsworth/82nd to Swan Island-Anchor St","extraBlockID":null,"locationInScheduleDay":27818,"longitude":-122.5787639,"blockID":7234,"offRoute":false,"nextLocID":8037,"vehicleID":3054,"signMessage":"72 Swan Island","extraTripID":null,"nextStopSeq":37,"routeNumber":72,"vehicleLoad":"unknown","bearing":357,"lastStopSeq":36,"inCongestion":false,"delay":75,"latitude":45.5132027},{"tripID":4419091,"serviceDate":1395730800000,"direction":0,"garage":"POWELL","type":"bus","lastLocID":651,"messageCode":809,"time":1395758558077,"expires":1395758976000,"signMessageLong":"77  Broadway/Halsey to Troutdale","extraBlockID":null,"locationInScheduleDay":27671,"longitude":-122.6175424,"blockID":7734,"offRoute":false,"nextLocID":653,"vehicleID":3046,"signMessage":"77 To Troutdale","extraTripID":null,"nextStopSeq":38,"routeNumber":77,"vehicleLoad":"unknown","bearing":90,"lastStopSeq":37,"inCongestion":false,"delay":-85,"latitude":45.5351275},{"tripID":4419226,"serviceDate":1395730800000,"direction":1,"garage":"POWELL","type":"bus","lastLocID":2086,"messageCode":813,"time":1395758548978,"expires":1395758965000,"signMessageLong":"77  Broadway/Halsey to Montgomery Park","extraBlockID":null,"locationInScheduleDay":27599,"longitude":-122.6909082,"blockID":7738,"offRoute":false,"nextLocID":2099,"vehicleID":3035,"signMessage":"77 Montgomry Pk","extraTripID":null,"nextStopSeq":94,"routeNumber":77,"vehicleLoad":"unknown","bearing":268,"lastStopSeq":93,"inCongestion":false,"delay":-146,"latitude":45.5263659},{"tripID":4411570,"serviceDate":1395730800000,"direction":1,"garage":"POWELL","type":"bus","lastLocID":1831,"messageCode":268,"time":1395758558010,"expires":1395758976000,"signMessageLong":"14  Hawthorne to Portland","extraBlockID":null,"locationInScheduleDay":27756,"longitude":-122.5662917,"blockID":1434,"offRoute":false,"nextLocID":13236,"vehicleID":3027,"signMessage":"14 To Portland","extraTripID":null,"nextStopSeq":2,"routeNumber":14,"vehicleLoad":"unknown","bearing":291,"lastStopSeq":1,"inCongestion":false,"delay":0,"latitude":45.4791765},{"tripID":4417877,"serviceDate":1395730800000,"direction":0,"garage":"POWELL","type":"bus","lastLocID":7920,"messageCode":766,"time":1395758558012,"expires":1395758976000,"signMessageLong":"72  Killingsworth/82nd to Swan Island-Anchor St","extraBlockID":null,"locationInScheduleDay":27695,"longitude":-122.5789213,"blockID":7243,"offRoute":false,"nextLocID":7918,"vehicleID":3025,"signMessage":"72 Swan Island","extraTripID":null,"nextStopSeq":5,"routeNumber":72,"vehicleLoad":"unknown","bearing":0,"lastStopSeq":4,"inCongestion":false,"delay":-61,"latitude":45.4436484},{"tripID":4419227,"serviceDate":1395730800000,"direction":1,"garage":"CENTER","type":"bus","lastLocID":632,"messageCode":813,"time":1395758549010,"expires":1395758966000,"signMessageLong":"77  Broadway/Halsey to Montgomery Park","extraBlockID":null,"locationInScheduleDay":27747,"longitude":-122.6483314,"blockID":7702,"offRoute":false,"nextLocID":631,"vehicleID":2005,"signMessage":"77 Montgomry Pk","extraTripID":null,"nextStopSeq":80,"routeNumber":77,"vehicleLoad":"unknown","bearing":270,"lastStopSeq":79,"inCongestion":false,"delay":1,"latitude":45.535033},{"tripID":4411568,"serviceDate":1395730800000,"direction":1,"garage":"CENTER","type":"bus","lastLocID":1793,"messageCode":268,"time":1395758558113,"expires":1395758975000,"signMessageLong":"14  Hawthorne to Portland","extraBlockID":null,"locationInScheduleDay":27801,"longitude":-122.6103012,"blockID":1402,"offRoute":false,"nextLocID":7656,"vehicleID":2014,"signMessage":"14 To Portland","extraTripID":null,"nextStopSeq":18,"routeNumber":14,"vehicleLoad":"unknown","bearing":313,"lastStopSeq":17,"inCongestion":false,"delay":46,"latitude":45.4965412}],"queryTime":1395758568941}}
