{"resultSet":{"vehicle":[{"tripID":4411566,"serviceDate":1395730800000,"direction":1,"garage":"POWELL","type":"bus","lastLocID":1831,"messageCode":268,"time":1395757103280,"expires":1395757519000,"signMessageLong":"14  Hawthorne to Portland","extraBlockID":null,"locationInScheduleDay":26299,"longitude":-122.5662917,"blockID":1436,"offRoute":false,"nextLocID":13236,"vehicleID":2206,"signMessage":"14 To Portland","extraTripID":null,"nextStopSeq":2,"routeNumber":14,"vehicleLoad":"unknown","bearing":291,"lastStopSeq":1,"inCongestion":false,"delay":0,"latitude":45.4791765},{"tripID":4419089,"serviceDate":1395730800000,"direction":0,"garage":"POWELL","type":"bus","lastLocID":7999,"messageCode":809,"time":1395757103456,"expires":1395757521000,"signMessageLong":"77  Broadway/Halsey to Troutdale","extraBlockID":null,"locationInScheduleDay":26220,"longitude":-122.578962,"blockID":7735,"offRoute":false,"nextLocID":2456,"vehicleID":2222,"signMessage":"77 To Troutdale","extraTripID":null,"nextStopSeq":53,"routeNumber":77,"vehicleLoad":"unknown","bearing":0,"lastStopSeq":52,"inCongestion":false,"delay":-81,"latitude":45.533614},{"tripID":4419092,"serviceDate":1395730800000,"direction":0,"garage":"POWELL","type":"bus","lastLocID":8484,"messageCode":809,"time":1395757070067,"expires":1395757488000,"signMessageLong":"77  Broadway/Halsey to Troutdale","extraBlockID":null,"locationInScheduleDay":26268,"longitude":-122.7069049,"blockID":7736,"offRoute":false,"nextLocID":8385,"vehicleID":2221,"signMessage":"77 To Troutdale","extraTripID":null,"nextStopSeq":2,"routeNumber":77,"vehicleLoad":"unknown","bearing":178,"lastStopSeq":1,"inCongestion":false,"delay":0,"latitude":45.5370429},{"tripID":4411565,"serviceDate":1395730800000,"direction":1,"garage":"POWELL","type":"bus","lastLocID":12948,"messageCode":268,"time":1395757118541,"expires":1395757537000,"signMessageLong":"14  Hawthorne to Portland","extraBlockID":null,"locationInScheduleDay":26315,"longitude":-122.5895689,"blockID":1438,"offRoute":false,"nextLocID":1811,"vehicleID":2220,"signMessage":"14 To Portland","extraTripID":null,"nextStopSeq":9,"routeNumber":14,"vehicleLoad":"unknown","bearing":299,"lastStopSeq":8,"inCongestion":false,"delay":-2,"latitude":45.4866678},{"tripID":4411562,"serviceDate":1395730800000,"direction":1,"garage":"POWELL","type":"bus","lastLocID":11956,"messageCode":266,"time":1395757085218,"expires":1395757503000,"signMessageLong":"14  Hawthorne to 94th & Foster","extraBlockID":null,"locationInScheduleDay":26414,"longitude":-122.6756,"blockID":1437,"offRoute":false,"nextLocID":13169,"vehicleID":2264,"signMessage":"14 To 94-Foster","extraTripID":null,"nextStopSeq":44,"routeNumber":14,"vehicleLoad":"unknown","bearing":290,"lastStopSeq":43,"inCongestion":false,"delay":131,"latitude":45.5151999},{"tripID":4413799,"serviceDate":1395730800000,"direction":0,"garage":"POWELL","type":"bus","lastLocID":2572,"messageCode":457,"time":1395757109302,"expires":1395757522000,"signMessageLong":"31  Clackamas Town Center, continuing to Estacada","extraBlockID":null,"locationInScheduleDay":26142,"longitude":-122.6328466,"blockID":3137,"offRoute":false,"nextLocID":2568,"vehicleID":2258,"signMessage":"31 To Estacada via Clackamas","extraTripID":null,"nextStopSeq":4,"routeNumber":31,"vehicleLoad":"unknown","bearing":88,"lastStopSeq":3,"inCongestion":false,"delay":-160,"latitude":45.4465204},{"tripID":4418200,"serviceDate":1395730800000,"direction":1,"garage":"POWELL","type":"bus","lastLocID":63,"messageCode":760,"time":1395757122635,"expires":1395757539000,"signMessageLong":"72  Killingsworth/82nd to Clackamas TC","extraBlockID":null,"locationInScheduleDay":26326,"longitude":-122.6358488,"blockID":7247,"offRoute":false,"nextLocID":11722,"vehicleID":2250,"signMessage":"72 Clackamas TC","extraTripID":null,"nextStopSeq":31,"routeNumber":72,"vehicleLoad":"unknown","bearing":90,"lastStopSeq":30,"inCongestion":false,"delay":7,"latitude":45.5590474},{"tripID":4418198,"serviceDate":1395730800000,"direction":1,"garage":"POWELL","type":"bus","lastLocID":7992,"messageCode":760,"time":1395757111997,"expires":1395757530000,"signMessageLong":"72  Killingsworth/82nd to Clackamas TC","extraBlockID":null,"locationInScheduleDay":26310,"longitude":-122.5788285,"blockID":7246,"offRoute":false,"nextLocID":8045,"vehicleID":2296,"signMessage":"72 Clackamas TC","extraTripID":null,"nextStopSeq":59,"routeNumber":72,"vehicleLoad":"unknown","bearing":180,"lastStopSeq":58,"inCongestion":false,"delay":0,"latitude":45.5451934},{"tripID":4419224,"serviceDate":1395730800000,"direction":1,"garage":"POWELL","type":"bus","lastLocID":10972,"messageCode":813,"time":1395757118877,"expires":1395757535000,"signMessageLong":"77  Broadway/Halsey to Montgomery Park","extraBlockID":null,"locationInScheduleDay":25959,"longitude":-122.6988669,"blockID":7737,"offRoute":false,"nextLocID":6014,"vehicleID":2285,"signMessage":"77 Montgomry Pk","extraTripID":null,"nextStopSeq":102,"routeNumber":77,"vehicleLoad":"unknown","bearing":358,"lastStopSeq":101,"inCongestion":false,"delay":-356,"latitude":45.5361471},{"tripID":4417869,"serviceDate":1395730800000,"direction":0,"garage":"POWELL","type":"bus","lastLocID":2227,"messageCode":766,"time":1395757100074,"expires":1395757517000,"signMessageLong":"72  Killingsworth/82nd to Swan Island-Anchor St","extraBlockID":null,"locationInScheduleDay":26189,"longitude":-122.694689,"blockID":7244,"offRoute":false,"nextLocID":2202,"vehicleID":2276,"signMessage":"72 Swan Island","extraTripID":null,"nextStopSeq":106,"routeNumber":72,"vehicleLoad":"unknown","bearing":161,"lastStopSeq":105,"inCongestion":false,"delay":-108,"latitude":45.5602997},{"tripID":4417318,"serviceDate":1395730800000,"direction":1,"garage":"CENTER","type":"bus","lastLocID":7366,"messageCode":788,"time":1395757118205,"expires":1395757537000,"signMessageLong":"70  12th/NE 33rd Ave to Milwaukie","extraBlockID":null,"locationInScheduleDay":26494,"longitude":-122.6306942,"blockID":7005,"offRoute":false,"nextLocID":7403,"vehicleID":2132,"signMessage":"70 To Milwaukie","extraTripID":null,"nextStopSeq":30,"routeNumber":70,"vehicleLoad":"unknown","bearing":179,"lastStopSeq":29,"inCongestion":false,"delay":177,"latitude":45.5387252},{"tripID":4417166,"serviceDate":1395730800000,"direction":0,"garage":"CENTER","type":"bus","lastLocID":6588,"messageCode":780,"time":1395757118304,"expires":1395757536000,"signMessageLong":"70  12th/NE 33rd Ave to NE Sunderland","extraBlockID":null,"locationInScheduleDay":26098,"longitude":-122.6536416,"blockID":7006,"offRoute":false,"nextLocID":6594,"vehicleID":2150,"signMessage":"70 To Sunderlnd","extraTripID":null,"nextStopSeq":29,"routeNumber":70,"vehicleLoad":"unknown","bearing":0,"lastStopSeq":28,"inCongestion":false,"delay":-218,"latitude":45.5190952},{"tripID":4417316,"serviceDate":1395730800000,"direction":1,"garage":"CENTER","type":"bus","lastLocID":6846,"messageCode":738,"time":1395757025206,"expires":1395757441000,"signMessageLong":"70  12th Ave to Milwaukie via 13th & Tacoma","extraBlockID":null,"locationInScheduleDay":26088,"longitude":-122.6483718,"blockID":7008,"offRoute":false,"nextLocID":6862,"vehicleID":2506,"signMessage":"70 To Milwaukie","extraTripID":null,"nextStopSeq":22,"routeNumber":70,"vehicleLoad":"unknown","bearing":180,"lastStopSeq":21,"inCongestion":false,"delay":-133,"latitude":45.4840049},{"tripID":4418197,"serviceDate":1395730800000,"direction":1,"garage":"POWELL","type":"bus","lastLocID":8000,"messageCode":760,"time":1395757118487,"expires":1395757537000,"signMessageLong":"72  Killingsworth/82nd to Clackamas TC","extraBlockID":null,"locationInScheduleDay":26250,"longitude":-122.5790423,"blockID":7238,"offRoute":false,"nextLocID":7978,"vehicleID":2527,"signMessage":"72 Clackamas TC","extraTripID":null,"nextStopSeq":66,"routeNumber":72,"vehicleLoad":"unknown","bearing":180,"lastStopSeq":65,"inCongestion":false,"delay":-67,"latitude":45.5318316},{"tripID":4417165,"serviceDate":1395730800000,"direction":0,"garage":"CENTER","type":"bus","lastLocID":7369,"messageCode":783,"time":1395757122550,"expires":1395757539000,"signMessageLong":"70  33rd Ave to NE Sunderland","extraBlockID":null,"locationInScheduleDay":26364,"longitude":-122.6333569,"blockID":7002,"offRoute":false,"nextLocID":8508,"vehicleID":2524,"signMessage":"70 To Sunderlnd","extraTripID":null,"nextStopSeq":68,"routeNumber":70,"vehicleLoad":"unknown","bearing":287,"lastStopSeq":67,"inCongestion":false,"delay":45,"latitude":45.5742405},{"tripID":4419230,"serviceDate":1395730800000,"direction":1,"garage":"CENTER","type":"bus","lastLocID":9481,"messageCode":813,"time":1395757127039,"expires":1395757546000,"signMessageLong":"77  Broadway/Halsey to Montgomery Park","extraBlockID":null,"locationInScheduleDay":26326,"longitude":-122.3982117,"blockID":7701,"offRoute":false,"nextLocID":9471,"vehicleID":2512,"signMessage":"77 Montgomry Pk","extraTripID":null,"nextStopSeq":2,"routeNumber":77,"vehicleLoad":"unknown","bearing":85,"lastStopSeq":1,"inCongestion":false,"delay":0,"latitude":45.5443612},{"tripID":4417872,"serviceDate":1395730800000,"direction":0,"garage":"POWELL","type":"bus","lastLocID":8037,"messageCode":768,"time":1395757076186,"expires":1395757493000,"signMessageLong":"72  Killingsworth/82nd to Swan Island-Shipyards","extraBlockID":null,"locationInScheduleDay":26018,"longitude":-122.5788186,"blockID":7239,"offRoute":false,"nextLocID":8065,"vehicleID":2540,"signMessage":"72 Swan Island","extraTripID":null,"nextStopSeq":38,"routeNumber":72,"vehicleLoad":"unknown","bearing":357,"lastStopSeq":37,"inCongestion":false,"delay":-255,"latitude":45.5142164},{"tripID":4418199,"serviceDate":1395730800000,"direction":1,"garage":"POWELL","type":"bus","lastLocID":10600,"messageCode":760,"time":1395757127064,"expires":1395757546000,"signMessageLong":"72  Killingsworth/82nd to Clackamas TC","extraBlockID":null,"locationInScheduleDay":26340,"longitude":-122.5938935,"blockID":7240,"offRoute":false,"nextLocID":3211,"vehicleID":2533,"signMessage":"72 Clackamas TC","extraTripID":null,"nextStopSeq":49,"routeNumber":72,"vehicleLoad":"unknown","bearing":90,"lastStopSeq":48,"inCongestion":false,"delay":14,"latitude":45.5627145},{"tripID":4417874,"serviceDate":1395730800000,"direction":0,"garage":"POWELL","type":"bus","lastLocID":7951,"messageCode":768,"time":1395757119106,"expires":1395757532000,"signMessageLong":"72  Killingsworth/82nd to Swan Island-Shipyards","extraBlockID":null,"locationInScheduleDay":26297,"longitude":-122.5790573,"blockID":7249,"offRoute":false,"nextLocID":7946,"vehicleID":2558,"signMessage":"72 Swan Island","extraTripID":null,"nextStopSeq":12,"routeNumber":72,"vehicleLoad":"unknown","bearing":0,"lastStopSeq":11,"inCongestion":false,"delay":-15,"latitude":45.4610112},{"tripID":4418196,"serviceDate":1395730800000,"direction":1,"garage":"POWELL","type":"bus","lastLocID":7958,"messageCode":760,"time":1395757119106,"expires":1395757537000,"signMessageLong":"72  Killingsworth/82nd to Clackamas TC","extraBlockID":null,"locationInScheduleDay":26253,"longitude":-122.5786978,"blockID":7236,"offRoute":false,"nextLocID":7948,"vehicleID":2552,"signMessage":"72 Clackamas TC","extraTripID":null,"nextStopSeq":80,"routeNumber":72,"vehicleLoad":"unknown","bearing":180,"lastStopSeq":79,"inCongestion":false,"delay":-64,"latitude":45.5050686},{"tripID":4417868,"serviceDate":1395730800000,"direction":0,"garage":"POWELL","type":"bus","lastLocID":1042,"messageCode":768,"time":1395757109474,"expires":1395757523000,"signMessageLong":"72  Killingsworth/82nd to Swan Island-Shipyards","extraBlockID":null,"locationInScheduleDay":25797,"longitude":-122.7043425,"blockID":7242,"offRoute":false,"nextLocID":1041,"vehicleID":2548,"signMessage":"72 Swan Island","extraTripID":null,"nextStopSeq":117,"routeNumber":72,"vehicleLoad":"unknown","bearing":89,"lastStopSeq":116,"inCongestion":false,"delay":0,"latitude":45.556692},{"tripID":4411315,"serviceDate":1395730800000,"direction":0,"garage":"POWELL","type":"bus","lastLocID":2594,"messageCode":266,"time":1395757028249,"expires":1395757447000,"signMessageLong":"14  Hawthorne to 94th & Foster","extraBlockID":null,"locationInScheduleDay":26134,"longitude":-122.6590928,"blockID":1435,"offRoute":false,"nextLocID":2597,"vehicleID":2316,"signMessage":"14 To 94-Foster","extraTripID":null,"nextStopSeq":5,"routeNumber":14,"vehicleLoad":"unknown","bearing":90,"lastStopSeq":4,"inCongestion":false,"delay":-93,"latitude":45.5122389},{"tripID":4413879,"serviceDate":1395730800000,"direction":1,"garage":"CENTER","type":"bus","lastLocID":3837,"messageCode":466,"time":1395757076180,"expires":1395757493000,"signMessageLong":"31  Portland","extraBlockID":null,"locationInScheduleDay":26037,"longitude":-122.6551231,"blockID":1403,"offRoute":false,"nextLocID":13488,"vehicleID":2725,"signMessage":"31 To Portland","extraTripID":null,"nextStopSeq":35,"routeNumber":31,"vehicleLoad":"unknown","bearing":315,"lastStopSeq":34,"inCongestion":false,"delay":-236,"latitude":45.4909635},{"tripID":4419088,"serviceDate":1395730800000,"direction":0,"garage":"CENTER","type":"bus","lastLocID":10125,"messageCode":809,"time":1395757025238,"expires":1395757441000,"signMessageLong":"77  Broadway/Halsey to Troutdale","extraBlockID":null,"locationInScheduleDay":26349,"longitude":-122.4469861,"blockID":7705,"offRoute":false,"nextLocID":2415,"vehicleID":2720,"signMessage":"77 To Troutdale","extraTripID":null,"nextStopSeq":86,"routeNumber":77,"vehicleLoad":"unknown","bearing":85,"lastStopSeq":85,"inCongestion":false,"delay":128,"latitude":45.5335721},{"tripID":4411563,"serviceDate":1395730800000,"direction":1,"garage":"CENTER","type":"bus","lastLocID":2629,"messageCode":268,"time":1395757076163,"expires":1395757493000,"signMessageLong":"14  Hawthorne to Portland","extraBlockID":null,"locationInScheduleDay":26203,"longitude":-122.6222246,"blockID":1404,"offRoute":false,"nextLocID":2626,"vehicleID":2718,"signMessage":"14 To Portland","extraTripID":null,"nextStopSeq":28,"routeNumber":14,"vehicleLoad":"unknown","bearing":269,"lastStopSeq":27,"inCongestion":false,"delay":-70,"latitude":45.512045},{"tripID":4413881,"serviceDate":1395730800000,"direction":1,"garage":"CENTER","type":"bus","lastLocID":7920,"messageCode":464,"time":1395757118426,"expires":1395757536000,"signMessageLong":"31  To Portland via Milwaukie","extraBlockID":null,"locationInScheduleDay":26356,"longitude":-122.5789213,"blockID":3101,"offRoute":false,"nextLocID":3228,"vehicleID":2714,"signMessage":"31 To Portland","extraTripID":null,"nextStopSeq":5,"routeNumber":31,"vehicleLoad":"unknown","bearing":0,"lastStopSeq":4,"inCongestion":false,"delay":40,"latitude":45.4436484},{"tripID":4417320,"serviceDate":1395730800000,"direction":1,"garage":"CENTER","type":"bus","lastLocID":9368,"messageCode":788,"time":1395757118396,"expires":1395757535000,"signMessageLong":"70  12th/NE 33rd Ave to Milwaukie","extraBlockID":null,"locationInScheduleDay":26315,"longitude":-122.6357648,"blockID":7007,"offRoute":false,"nextLocID":9414,"vehicleID":2709,"signMessage":"70 To Milwaukie","extraTripID":null,"nextStopSeq":2,"routeNumber":70,"vehicleLoad":"unknown","bearing":180,"lastStopSeq":1,"inCongestion":false,"delay":0,"latitude":45.5898735},{"tripID":4417168,"serviceDate":1395730800000,"direction":0,"garage":"CENTER","type":"bus","lastLocID":13477,"messageCode":781,"time":1395757099927,"expires":1395757518000,"signMessageLong":"70  12th/NE 33rd Ave to NE Sunderland via 17th & Tacoma","extraBlockID":null,"locationInScheduleDay":26298,"longitude":-122.6407309,"blockID":7001,"offRoute":false,"nextLocID":8225,"vehicleID":2704,"signMessage":"70 To Sunderland via 17th","extraTripID":null,"nextStopSeq":2,"routeNumber":70,"vehicleLoad":"unknown","bearing":81,"lastStopSeq":1,"inCongestion":false,"delay":0,"latitude":45.4448667},{"tripID":4417317,"serviceDate":1395730800000,"direction":1,"garage":"CENTER","type":"bus","lastLocID":8937,"messageCode":789,"time":1395757046169,"expires":1395757463000,"signMessageLong":"70  12th Ave to Milwaukie via 17th & Tacoma","extraBlockID":null,"locationInScheduleDay":26186,"longitude":-122.6545125,"blockID":7003,"offRoute":false,"nextLocID":6583,"vehicleID":2705,"signMessage":"70 To Milw via 17","extraTripID":null,"nextStopSeq":45,"routeNumber":70,"vehicleLoad":"unknown","bearing":157,"lastStopSeq":44,"inCongestion":false,"delay":-57,"latitude":45.529342},{"tripID":4417167,"serviceDate":1395730800000,"direction":0,"garage":"CENTER","type":"bus","lastLocID":6861,"messageCode":780,"time":1395757099926,"expires":1395757517000,"signMessageLong":"70  12th/NE 33rd Ave to NE Sunderland","extraBlockID":null,"locationInScheduleDay":26236,"longitude":-122.6483699,"blockID":7004,"offRoute":false,"nextLocID":6882,"vehicleID":2701,"signMessage":"70 To Sunderlnd","extraTripID":null,"nextStopSeq":20,"routeNumber":70,"vehicleLoad":"unknown","bearing":0,"lastStopSeq":19,"inCongestion":false,"delay":-61,"latitude":45.4857389},{"tripID":4419225,"serviceDate":1395730800000,"direction":1,"garage":"CENTER","type":"bus","lastLocID":2592,"messageCode":813,"time":1395757109423,"expires":1395757526000,"signMessageLong":"77  Broadway/Halsey to Montgomery Park","extraBlockID":null,"locationInScheduleDay":26220,"longitude":-122.66644,"blockID":7704,"offRoute":false,"nextLocID":9311,"vehicleID":2614,"signMessage":"77 Montgomry Pk","extraTripID":null,"nextStopSeq":87,"routeNumber":77,"vehicleLoad":"unknown","bearing":218,"lastStopSeq":86,"inCongestion":false,"delay":-86,"latitude":45.5299851},{"tripID":4411564,"serviceDate":1395730800000,"direction":1,"garage":"CENTER","type":"bus","lastLocID":12917,"messageCode":268,"time":1395757118908,"expires":1395757535000,"signMessageLong":"14  Hawthorne to Portland","extraBlockID":null,"locationInScheduleDay":26453,"longitude":-122.6114361,"blockID":1401,"offRoute":false,"nextLocID":7658,"vehicleID":2608,"signMessage":"14 To Portland","extraTripID":null,"nextStopSeq":24,"routeNumber":14,"vehicleLoad":"unknown","bearing":357,"lastStopSeq":23,"inCongestion":false,"delay":138,"latitude":45.5099802},{"tripID":4417319,"serviceDate":1395730800000,"direction":1,"garage":"CENTER","type":"bus","lastLocID":9371,"messageCode":788,"time":1395757103500,"expires":1395757521000,"signMessageLong":"70  12th/NE 33rd Ave to Milwaukie","extraBlockID":null,"locationInScheduleDay":26361,"longitude":-122.6412358,"blockID":7009,"offRoute":false,"nextLocID":9402,"vehicleID":2626,"signMessage":"70 To Milwaukie","extraTripID":null,"nextStopSeq":7,"routeNumber":70,"vehicleLoad":"unknown","bearing":295,"lastStopSeq":6,"inCongestion":false,"delay":60,"latitude":45.5814141},{"tripID":4419228,"serviceDate":1395730800000,"direction":1,"garage":"CENTER","type":"bus","lastLocID":13505,"messageCode":813,"time":1395757118822,"expires":1395757532000,"signMessageLong":"77  Broadway/Halsey to Montgomery Park","extraBlockID":null,"locationInScheduleDay":26142,"longitude":-122.4510408,"blockID":7703,"offRoute":false,"nextLocID":2411,"vehicleID":2630,"signMessage":"77 Montgomry Pk","extraTripID":null,"nextStopSeq":17,"routeNumber":77,"vehicleLoad":"unknown","bearing":270,"lastStopSeq":16,"inCongestion":false,"delay":-170,"latitude":45.533404},{"tripID":4419090,"serviceDate":1395730800000,"direction":0,"garage":"CENTER","type":"bus","lastLocID":648,"messageCode":809,"time":1395757109377,"expires":1395757523000,"signMessageLong":"77  Broadway/Halsey to Troutdale","extraBlockID":null,"locationInScheduleDay":26488,"longitude":-122.6250231,"blockID":7706,"offRoute":false,"nextLocID":10870,"vehicleID":2632,"signMessage":"77 To Troutdale","extraTripID":null,"nextStopSeq":35,"routeNumber":77,"vehicleLoad":"unknown","bearing":180,"lastStopSeq":34,"inCongestion":false,"delay":185,"latitude":45.5344355},{"tripID":4417870,"serviceDate":1395730800000,"direction":0,"garage":"POWELL","type":"bus","lastLocID":7326,"messageCode":768,"time":1395757109127,"expires":1395757524000,"signMessageLong":"72  Killingsworth/82nd to Swan Island-Shipyards","extraBlockID":null,"locationInScheduleDay":26120,"longitude":-122.6370965,"blockID":7237,"offRoute":false,"nextLocID":64,"vehicleID":3004,"signMessage":"72 Swan Island","extraTripID":null,"nextStopSeq":83,"routeNumber":72,"vehicleLoad":"unknown","bearing":270,"lastStopSeq":82,"inCongestion":false,"delay":-184,"latitude":45.5590541},{"tripID":4417873,"serviceDate":1395730800000,"direction":0,"garage":"POWELL","type":"bus","lastLocID":8023,"messageCode":766,"time":1395757109172,"expires":1395757522000,"signMessageLong":"72  Killingsworth/82nd to Swan Island-Anchor St","extraBlockID":null,"locationInScheduleDay":26346,"longitude":-122.578732,"blockID":7241,"offRoute":false,"nextLocID":8052,"vehicleID":3048,"signMessage":"72 Swan Island","extraTripID":null,"nextStopSeq":30,"routeNumber":72,"vehicleLoad":"unknown","bearing":0,"lastStopSeq":29,"inCongestion":false,"delay":44,"latitude":45.4983552},{"tripID":4418201,"serviceDate":1395730800000,"direction":1,"garage":"POWELL","type":"bus","lastLocID":3165,"messageCode":760,"time":1395757102958,"expires":1395757520000,"signMessageLong":"72  Killingsworth/82nd to Clackamas TC","extraBlockID":null,"locationInScheduleDay":26371,"longitude":-122.663227,"blockID":7235,"offRoute":false,"nextLocID":5927,"vehicleID":3053,"signMessage":"72 Clackamas TC","extraTripID":null,"nextStopSeq":20,"routeNumber":72,"vehicleLoad":"unknown","bearing":89,"lastStopSeq":19,"inCongestion":false,"delay":71,"latitude":45.5627426},{"tripID":4417871,"serviceDate":1395730800000,"direction":0,"garage":"POWELL","type":"bus","lastLocID":3215,"messageCode":766,"time":1395757118397,"expires":1395757532000,"signMessageLong":"72  Killingsworth/82nd to Swan Island-Anchor St","extraBlockID":null,"locationInScheduleDay":26392,"longitude":-122.5880874,"blockID":7245,"offRoute":false,"nextLocID":3212,"vehicleID":3052,"signMessage":"72 Swan Island","extraTripID":null,"nextStopSeq":65,"routeNumber":72,"vehicleLoad":"unknown","bearing":270,"lastStopSeq":64,"inCongestion":false,"delay":80,"latitude":45.5626674},{"tripID":4417875,"serviceDate":1395730800000,"direction":0,"garage":"POWELL","type":"bus","lastLocID":13248,"messageCode":766,"time":1395757099948,"expires":1395757518000,"signMessageLong":"72  Killingsworth/82nd to Swan Island-Anchor St","extraBlockID":null,"locationInScheduleDay":26323,"longitude":-122.570753,"blockID":7234,"offRoute":false,"nextLocID":12922,"vehicleID":3054,"signMessage":"72 Swan Island","extraTripID":null,"nextStopSeq":2,"routeNumber":72,"vehicleLoad":"unknown","bearing":271,"lastStopSeq":1,"inCongestion":false,"delay":25,"latitude":45.4372017},{"tripID":4419091,"serviceDate":1395730800000,"direction":0,"garage":"POWELL","type":"bus","lastLocID":1608,"messageCode":809,"time":1395757118471,"expires":1395757536000,"signMessageLong":"77  Broadway/Halsey to Troutdale","extraBlockID":null,"locationInScheduleDay":26259,"longitude":-122.6830761,"blockID":7734,"offRoute":false,"nextLocID":1607,"vehicleID":3046,"signMessage":"77 To Troutdale","extraTripID":null,"nextStopSeq":14,"routeNumber":77,"vehicleLoad":"unknown","bearing":88,"lastStopSeq":13,"inCongestion":false,"delay":-57,"latitude":45.525083},{"tripID":4419226,"serviceDate":1395730800000,"direction":1,"garage":"POWELL","type":"bus","lastLocID":10869,"messageCode":813,"time":1395757109165,"expires":1395757525000,"signMessageLong":"77  Broadway/Halsey to Montgomery Park","extraBlockID":null,"locationInScheduleDay":26287,"longitude":-122.6203409,"blockID":7738,"offRoute":false,"nextLocID":7484,"vehicleID":3035,"signMessage":"77 Montgomry Pk","extraTripID":null,"nextStopSeq":69,"routeNumber":77,"vehicleLoad":"unknown","bearing":1,"lastStopSeq":68,"inCongestion":false,"delay":-18,"latitude":45.5334015},{"tripID":4411314,"serviceDate":1395730800000,"direction":0,"garage":"POWELL","type":"bus","lastLocID":1819,"messageCode":266,"time":1395757118321,"expires":1395757536000,"signMessageLong":"14  Hawthorne to 94th & Foster","extraBlockID":null,"locationInScheduleDay":26418,"longitude":-122.5781933,"blockID":1434,"offRoute":false,"nextLocID":1821,"vehicleID":3027,"signMessage":"14 To 94-Foster","extraTripID":null,"nextStopSeq":43,"routeNumber":14,"vehicleLoad":"unknown","bearing":118,"lastStopSeq":42,"inCongestion":false,"delay":102,"latitude":45.4825223},{"tripID":4418195,"serviceDate":1395730800000,"direction":1,"garage":"POWELL","type":"bus","lastLocID":7942,"messageCode":760,"time":1395757118327,"expires":1395757536000,"signMessageLong":"72  Killingsworth/82nd to Clackamas TC","extraBlockID":null,"locationInScheduleDay":26206,"longitude":-122.5789284,"blockID":7243,"offRoute":false,"nextLocID":12921,"vehicleID":3025,"signMessage":"72 Clackamas TC","extraTripID":null,"nextStopSeq":110,"routeNumber":72,"vehicleLoad":"unknown","bearing":179,"lastStopSeq":109,"inCongestion":false,"delay":-110,"latitude":45.4410142},{"tripID":4419227,"serviceDate":1395730800000,"direction":1,"garage":"CENTER","type":"bus","lastLocID":2457,"messageCode":813,"time":1395757118526,"expires":1395757536000,"signMessageLong":"77  Broadway/Halsey to Montgomery Park","extraBlockID":null,"locationInScheduleDay":26250,"longitude":-122.5755851,"blockID":7702,"offRoute":false,"nextLocID":10846,"vehicleID":2005,"signMessage":"77 Montgomry Pk","extraTripID":null,"nextStopSeq":52,"routeNumber":77,"vehicleLoad":"unknown","bearing":271,"lastStopSeq":51,"inCongestion":false,"delay":-66,"latitude":45.5335637}],"queryTime":1395757128880}}
