{"resultSet":{"vehicle":[{"tripID":4417863,"serviceDate":1395730800000,"direction":0,"garage":"POWELL","type":"bus","lastLocID":7964,"messageCode":768,"time":1395748522389,"expires":1395748940000,"signMessageLong":"72  Killingsworth/82nd to Swan Island-Shipyards","extraBlockID":null,"locationInScheduleDay":17705,"longitude":-122.5789621,"blockID":7234,"offRoute":false,"nextLocID":8029,"vehicleID":3054,"signMessage":"72 Swan Island","extraTripID":null,"nextStopSeq":23,"routeNumber":72,"vehicleLoad":"unknown","bearing":0,"lastStopSeq":22,"inCongestion":false,"delay":-15,"latitude":45.4832833},{"tripID":4411556,"serviceDate":1395730800000,"direction":1,"garage":"POWELL","type":"bus","lastLocID":13236,"messageCode":268,"time":1395748534451,"expires":1395748953000,"signMessageLong":"14  Hawthorne to Portland","extraBlockID":null,"locationInScheduleDay":17784,"longitude":-122.568123,"blockID":1434,"offRoute":false,"nextLocID":1829,"vehicleID":3027,"signMessage":"14 To Portland","extraTripID":null,"nextStopSeq":3,"routeNumber":14,"vehicleLoad":"unknown","bearing":291,"lastStopSeq":2,"inCongestion":false,"delay":51,"latitude":45.479681}],"queryTime":1395748548546}}
