{"resultSet":{"vehicle":[{"tripID":4411566,"serviceDate":1395730800000,"direction":1,"garage":"POWELL","type":"bus","lastLocID":1831,"messageCode":268,"time":1395756562874,"expires":1395756980000,"signMessageLong":"14  Hawthorne to Portland","extraBlockID":null,"locationInScheduleDay":25760,"longitude":-122.5662917,"blockID":1436,"offRoute":false,"nextLocID":13236,"vehicleID":2206,"signMessage":"14 To Portland","extraTripID":null,"nextStopSeq":2,"routeNumber":14,"vehicleLoad":"unknown","bearing":291,"lastStopSeq":1,"inCongestion":false,"delay":0,"latitude":45.4791765},{"tripID":4419089,"serviceDate":1395730800000,"direction":0,"garage":"POWELL","type":"bus","lastLocID":651,"messageCode":809,"time":1395756566236,"expires":1395756982000,"signMessageLong":"77  Broadway/Halsey to Troutdale","extraBlockID":null,"locationInScheduleDay":25631,"longitude":-122.6175424,"blockID":7735,"offRoute":false,"nextLocID":653,"vehicleID":2222,"signMessage":"77 To Troutdale","extraTripID":null,"nextStopSeq":38,"routeNumber":77,"vehicleLoad":"unknown","bearing":90,"lastStopSeq":37,"inCongestion":false,"delay":-131,"latitude":45.5351275},{"tripID":4419092,"serviceDate":1395730800000,"direction":0,"garage":"POWELL","type":"bus","lastLocID":8484,"messageCode":809,"time":1395756560494,"expires":1395756978000,"signMessageLong":"77  Broadway/Halsey to Troutdale","extraBlockID":null,"locationInScheduleDay":25758,"longitude":-122.7069049,"blockID":7736,"offRoute":false,"nextLocID":8385,"vehicleID":2221,"signMessage":"77 To Troutdale","extraTripID":null,"nextStopSeq":2,"routeNumber":77,"vehicleLoad":"unknown","bearing":178,"lastStopSeq":1,"inCongestion":false,"delay":0,"latitude":45.5370429},{"tripID":4411562,"serviceDate":1395730800000,"direction":1,"garage":"POWELL","type":"bus","lastLocID":2609,"messageCode":268,"time":1395756535908,"expires":1395756954000,"signMessageLong":"14  Hawthorne to Portland","extraBlockID":null,"locationInScheduleDay":25838,"longitude":-122.6433961,"blockID":1437,"offRoute":false,"nextLocID":2606,"vehicleID":2264,"signMessage":"14 To Portland","extraTripID":null,"nextStopSeq":36,"routeNumber":14,"vehicleLoad":"unknown","bearing":269,"lastStopSeq":35,"inCongestion":false,"delay":104,"latitude":45.5120922},{"tripID":4418200,"serviceDate":1395730800000,"direction":1,"garage":"POWELL","type":"bus","lastLocID":3171,"messageCode":760,"time":1395756580975,"expires":1395756999000,"signMessageLong":"72  Killingsworth/82nd to Clackamas TC","extraBlockID":null,"locationInScheduleDay":25787,"longitude":-122.6719524,"blockID":7247,"offRoute":false,"nextLocID":3156,"vehicleID":2250,"signMessage":"72 Clackamas TC","extraTripID":null,"nextStopSeq":16,"routeNumber":72,"vehicleLoad":"unknown","bearing":89,"lastStopSeq":15,"inCongestion":false,"delay":8,"latitude":45.5627016},{"tripID":4418198,"serviceDate":1395730800000,"direction":1,"garage":"POWELL","type":"bus","lastLocID":3148,"messageCode":760,"time":1395756560587,"expires":1395756978000,"signMessageLong":"72  Killingsworth/82nd to Clackamas TC","extraBlockID":null,"locationInScheduleDay":25766,"longitude":-122.5972101,"blockID":7246,"offRoute":false,"nextLocID":10600,"vehicleID":2296,"signMessage":"72 Clackamas TC","extraTripID":null,"nextStopSeq":48,"routeNumber":72,"vehicleLoad":"unknown","bearing":90,"lastStopSeq":47,"inCongestion":false,"delay":8,"latitude":45.5627451},{"tripID":4419224,"serviceDate":1395730800000,"direction":1,"garage":"POWELL","type":"bus","lastLocID":2046,"messageCode":813,"time":1395756579713,"expires":1395756994000,"signMessageLong":"77  Broadway/Halsey to Montgomery Park","extraBlockID":null,"locationInScheduleDay":25588,"longitude":-122.6869863,"blockID":7737,"offRoute":false,"nextLocID":2062,"vehicleID":2285,"signMessage":"77 Montgomry Pk","extraTripID":null,"nextStopSeq":92,"routeNumber":77,"vehicleLoad":"unknown","bearing":268,"lastStopSeq":91,"inCongestion":false,"delay":-186,"latitude":45.5264371},{"tripID":4417869,"serviceDate":1395730800000,"direction":0,"garage":"POWELL","type":"bus","lastLocID":5890,"messageCode":766,"time":1395756560621,"expires":1395756978000,"signMessageLong":"72  Killingsworth/82nd to Swan Island-Anchor St","extraBlockID":null,"locationInScheduleDay":25633,"longitude":-122.6614178,"blockID":7244,"offRoute":false,"nextLocID":10957,"vehicleID":2276,"signMessage":"72 Swan Island","extraTripID":null,"nextStopSeq":93,"routeNumber":72,"vehicleLoad":"unknown","bearing":0,"lastStopSeq":92,"inCongestion":false,"delay":-125,"latitude":45.5602598},{"tripID":4417318,"serviceDate":1395730800000,"direction":1,"garage":"CENTER","type":"bus","lastLocID":8500,"messageCode":788,"time":1395756560165,"expires":1395756978000,"signMessageLong":"70  12th/NE 33rd Ave to Milwaukie","extraBlockID":null,"locationInScheduleDay":25759,"longitude":-122.6372584,"blockID":7005,"offRoute":false,"nextLocID":8499,"vehicleID":2132,"signMessage":"70 To Milwaukie","extraTripID":null,"nextStopSeq":12,"routeNumber":70,"vehicleLoad":"unknown","bearing":106,"lastStopSeq":11,"inCongestion":false,"delay":1,"latitude":45.5750786},{"tripID":4413878,"serviceDate":1395730800000,"direction":1,"garage":"CENTER","type":"bus","lastLocID":7800,"messageCode":467,"time":1395756566092,"expires":1395756982000,"signMessageLong":"31  Downtown Only","extraBlockID":null,"locationInScheduleDay":25153,"longitude":-122.6794311,"blockID":3001,"offRoute":false,"nextLocID":7797,"vehicleID":2123,"signMessage":"31 Downtown Only","extraTripID":null,"nextStopSeq":11,"routeNumber":31,"vehicleLoad":"unknown","bearing":20,"lastStopSeq":10,"inCongestion":false,"delay":-609,"latitude":45.5176351},{"tripID":4417166,"serviceDate":1395730800000,"direction":0,"garage":"CENTER","type":"bus","lastLocID":13693,"messageCode":780,"time":1395756575032,"expires":1395756993000,"signMessageLong":"70  12th/NE 33rd Ave to NE Sunderland","extraBlockID":null,"locationInScheduleDay":25499,"longitude":-122.648233,"blockID":7006,"offRoute":false,"nextLocID":4539,"vehicleID":2150,"signMessage":"70 To Sunderlnd","extraTripID":null,"nextStopSeq":23,"routeNumber":70,"vehicleLoad":"unknown","bearing":0,"lastStopSeq":22,"inCongestion":false,"delay":-274,"latitude":45.498723},{"tripID":4417316,"serviceDate":1395730800000,"direction":1,"garage":"CENTER","type":"bus","lastLocID":6544,"messageCode":738,"time":1395756575077,"expires":1395756992000,"signMessageLong":"70  12th Ave to Milwaukie via 13th & Tacoma","extraBlockID":null,"locationInScheduleDay":25778,"longitude":-122.654227,"blockID":7008,"offRoute":false,"nextLocID":10472,"vehicleID":2506,"signMessage":"70 To Milwaukie","extraTripID":null,"nextStopSeq":14,"routeNumber":70,"vehicleLoad":"unknown","bearing":179,"lastStopSeq":13,"inCongestion":false,"delay":6,"latitude":45.5015512},{"tripID":4418197,"serviceDate":1395730800000,"direction":1,"garage":"POWELL","type":"bus","lastLocID":3185,"messageCode":760,"time":1395756356268,"expires":1395756774000,"signMessageLong":"72  Killingsworth/82nd to Clackamas TC","extraBlockID":null,"locationInScheduleDay":25575,"longitude":-122.57858,"blockID":7238,"offRoute":false,"nextLocID":8889,"vehicleID":2527,"signMessage":"72 Clackamas TC","extraTripID":null,"nextStopSeq":52,"routeNumber":72,"vehicleLoad":"unknown","bearing":89,"lastStopSeq":51,"inCongestion":false,"delay":21,"latitude":45.5626759},{"tripID":4417165,"serviceDate":1395730800000,"direction":0,"garage":"CENTER","type":"bus","lastLocID":638,"messageCode":783,"time":1395756535861,"expires":1395756952000,"signMessageLong":"70  33rd Ave to NE Sunderland","extraBlockID":null,"locationInScheduleDay":25703,"longitude":-122.6363799,"blockID":7002,"offRoute":false,"nextLocID":642,"vehicleID":2524,"signMessage":"70 To Sunderlnd","extraTripID":null,"nextStopSeq":47,"routeNumber":70,"vehicleLoad":"unknown","bearing":89,"lastStopSeq":46,"inCongestion":false,"delay":-29,"latitude":45.5351625},{"tripID":4419087,"serviceDate":1395730800000,"direction":0,"garage":"CENTER","type":"bus","lastLocID":2345,"messageCode":809,"time":1395756560436,"expires":1395756978000,"signMessageLong":"77  Broadway/Halsey to Troutdale","extraBlockID":null,"locationInScheduleDay":25947,"longitude":-122.3909259,"blockID":7701,"offRoute":false,"nextLocID":13532,"vehicleID":2512,"signMessage":"77 To Troutdale","extraTripID":null,"nextStopSeq":98,"routeNumber":77,"vehicleLoad":"unknown","bearing":90,"lastStopSeq":97,"inCongestion":false,"delay":189,"latitude":45.5407683},{"tripID":4417872,"serviceDate":1395730800000,"direction":0,"garage":"POWELL","type":"bus","lastLocID":8029,"messageCode":768,"time":1395756566174,"expires":1395756983000,"signMessageLong":"72  Killingsworth/82nd to Swan Island-Shipyards","extraBlockID":null,"locationInScheduleDay":25501,"longitude":-122.5788861,"blockID":7239,"offRoute":false,"nextLocID":8040,"vehicleID":2540,"signMessage":"72 Swan Island","extraTripID":null,"nextStopSeq":24,"routeNumber":72,"vehicleLoad":"unknown","bearing":0,"lastStopSeq":23,"inCongestion":false,"delay":-262,"latitude":45.4872482},{"tripID":4418199,"serviceDate":1395730800000,"direction":1,"garage":"POWELL","type":"bus","lastLocID":11722,"messageCode":760,"time":1395756584143,"expires":1395757000000,"signMessageLong":"72  Killingsworth/82nd to Clackamas TC","extraBlockID":null,"locationInScheduleDay":25835,"longitude":-122.6349605,"blockID":7240,"offRoute":false,"nextLocID":7330,"vehicleID":2533,"signMessage":"72 Clackamas TC","extraTripID":null,"nextStopSeq":32,"routeNumber":72,"vehicleLoad":"unknown","bearing":89,"lastStopSeq":31,"inCongestion":false,"delay":55,"latitude":45.5590446},{"tripID":4418196,"serviceDate":1395730800000,"direction":1,"garage":"POWELL","type":"bus","lastLocID":8000,"messageCode":760,"time":1395756581093,"expires":1395756997000,"signMessageLong":"72  Killingsworth/82nd to Clackamas TC","extraBlockID":null,"locationInScheduleDay":25754,"longitude":-122.5790368,"blockID":7236,"offRoute":false,"nextLocID":7978,"vehicleID":2552,"signMessage":"72 Clackamas TC","extraTripID":null,"nextStopSeq":66,"routeNumber":72,"vehicleLoad":"unknown","bearing":180,"lastStopSeq":65,"inCongestion":false,"delay":-23,"latitude":45.5327248},{"tripID":4417868,"serviceDate":1395730800000,"direction":0,"garage":"POWELL","type":"bus","lastLocID":3315,"messageCode":768,"time":1395756579807,"expires":1395756994000,"signMessageLong":"72  Killingsworth/82nd to Swan Island-Shipyards","extraBlockID":null,"locationInScheduleDay":25500,"longitude":-122.7026464,"blockID":7242,"offRoute":false,"nextLocID":3316,"vehicleID":2548,"signMessage":"72 Swan Island","extraTripID":null,"nextStopSeq":109,"routeNumber":72,"vehicleLoad":"unknown","bearing":307,"lastStopSeq":108,"inCongestion":false,"delay":-274,"latitude":45.5575955},{"tripID":4411561,"serviceDate":1395730800000,"direction":1,"garage":"POWELL","type":"bus","lastLocID":11956,"messageCode":266,"time":1395756579743,"expires":1395756996000,"signMessageLong":"14  Hawthorne to 94th & Foster","extraBlockID":null,"locationInScheduleDay":25691,"longitude":-122.6787865,"blockID":1435,"offRoute":false,"nextLocID":13169,"vehicleID":2316,"signMessage":"14 To 94-Foster","extraTripID":null,"nextStopSeq":44,"routeNumber":14,"vehicleLoad":"unknown","bearing":291,"lastStopSeq":43,"inCongestion":false,"delay":-85,"latitude":45.5160737},{"tripID":4413879,"serviceDate":1395730800000,"direction":1,"garage":"CENTER","type":"bus","lastLocID":3797,"messageCode":466,"time":1395756580922,"expires":1395756998000,"signMessageLong":"31  Portland","extraBlockID":null,"locationInScheduleDay":25556,"longitude":-122.6391173,"blockID":1403,"offRoute":false,"nextLocID":3785,"vehicleID":2725,"signMessage":"31 To Portland","extraTripID":null,"nextStopSeq":32,"routeNumber":31,"vehicleLoad":"unknown","bearing":12,"lastStopSeq":31,"inCongestion":false,"delay":-222,"latitude":45.4608702},{"tripID":4419088,"serviceDate":1395730800000,"direction":0,"garage":"CENTER","type":"bus","lastLocID":2393,"messageCode":809,"time":1395756575105,"expires":1395756992000,"signMessageLong":"77  Broadway/Halsey to Troutdale","extraBlockID":null,"locationInScheduleDay":25956,"longitude":-122.4980887,"blockID":7705,"offRoute":false,"nextLocID":2396,"vehicleID":2720,"signMessage":"77 To Troutdale","extraTripID":null,"nextStopSeq":74,"routeNumber":77,"vehicleLoad":"unknown","bearing":79,"lastStopSeq":73,"inCongestion":false,"delay":184,"latitude":45.533699},{"tripID":4411563,"serviceDate":1395730800000,"direction":1,"garage":"CENTER","type":"bus","lastLocID":1793,"messageCode":268,"time":1395756566154,"expires":1395756983000,"signMessageLong":"14  Hawthorne to Portland","extraBlockID":null,"locationInScheduleDay":25673,"longitude":-122.6113725,"blockID":1404,"offRoute":false,"nextLocID":7656,"vehicleID":2718,"signMessage":"14 To Portland","extraTripID":null,"nextStopSeq":18,"routeNumber":14,"vehicleLoad":"unknown","bearing":0,"lastStopSeq":17,"inCongestion":false,"delay":-90,"latitude":45.497658},{"tripID":4417164,"serviceDate":1395730800000,"direction":0,"garage":"CENTER","type":"bus","lastLocID":13040,"messageCode":783,"time":1395756400871,"expires":1395756819000,"signMessageLong":"70  33rd Ave to NE Sunderland","extraBlockID":null,"locationInScheduleDay":25615,"longitude":-122.6357628,"blockID":7007,"offRoute":false,"nextLocID":9368,"vehicleID":2709,"signMessage":"70 To Sunderlnd","extraTripID":null,"nextStopSeq":80,"routeNumber":70,"vehicleLoad":"unknown","bearing":179,"lastStopSeq":79,"inCongestion":false,"delay":0,"latitude":45.5903449},{"tripID":4417168,"serviceDate":1395730800000,"direction":0,"garage":"CENTER","type":"bus","lastLocID":13477,"messageCode":781,"time":1395756562815,"expires":1395756980000,"signMessageLong":"70  12th/NE 33rd Ave to NE Sunderland via 17th & Tacoma","extraBlockID":null,"locationInScheduleDay":25760,"longitude":-122.6407309,"blockID":7001,"offRoute":false,"nextLocID":8225,"vehicleID":2704,"signMessage":"70 To Sunderland via 17th","extraTripID":null,"nextStopSeq":2,"routeNumber":70,"vehicleLoad":"unknown","bearing":81,"lastStopSeq":1,"inCongestion":false,"delay":0,"latitude":45.4448667},{"tripID":4417317,"serviceDate":1395730800000,"direction":1,"garage":"CENTER","type":"bus","lastLocID":7126,"messageCode":788,"time":1395756566141,"expires":1395756984000,"signMessageLong":"70  12th/NE 33rd Ave to Milwaukie","extraBlockID":null,"locationInScheduleDay":25958,"longitude":-122.6489147,"blockID":7003,"offRoute":false,"nextLocID":4049,"vehicleID":2705,"signMessage":"70 To Milwaukie","extraTripID":null,"nextStopSeq":41,"routeNumber":70,"vehicleLoad":"unknown","bearing":270,"lastStopSeq":40,"inCongestion":false,"delay":194,"latitude":45.5314764},{"tripID":4417167,"serviceDate":1395730800000,"direction":0,"garage":"CENTER","type":"bus","lastLocID":3419,"messageCode":782,"time":1395756560395,"expires":1395756978000,"signMessageLong":"70  12th/NE 33rd Ave to NE Sunderland via 13th & Tacoma","extraBlockID":null,"locationInScheduleDay":25672,"longitude":-122.6530123,"blockID":7004,"offRoute":false,"nextLocID":6688,"vehicleID":2701,"signMessage":"70 To Sunderland via 13th","extraTripID":null,"nextStopSeq":8,"routeNumber":70,"vehicleLoad":"unknown","bearing":359,"lastStopSeq":7,"inCongestion":false,"delay":-86,"latitude":45.4604796},{"tripID":4419225,"serviceDate":1395730800000,"direction":1,"garage":"CENTER","type":"bus","lastLocID":635,"messageCode":813,"time":1395756581092,"expires":1395756999000,"signMessageLong":"77  Broadway/Halsey to Montgomery Park","extraBlockID":null,"locationInScheduleDay":25693,"longitude":-122.6423007,"blockID":7704,"offRoute":false,"nextLocID":634,"vehicleID":2614,"signMessage":"77 Montgomry Pk","extraTripID":null,"nextStopSeq":78,"routeNumber":77,"vehicleLoad":"unknown","bearing":270,"lastStopSeq":77,"inCongestion":false,"delay":-86,"latitude":45.5350051},{"tripID":4411564,"serviceDate":1395730800000,"direction":1,"garage":"CENTER","type":"bus","lastLocID":1811,"messageCode":268,"time":1395756579711,"expires":1395756994000,"signMessageLong":"14  Hawthorne to Portland","extraBlockID":null,"locationInScheduleDay":25783,"longitude":-122.5900673,"blockID":1401,"offRoute":false,"nextLocID":1807,"vehicleID":2608,"signMessage":"14 To Portland","extraTripID":null,"nextStopSeq":10,"routeNumber":14,"vehicleLoad":"unknown","bearing":299,"lastStopSeq":9,"inCongestion":false,"delay":9,"latitude":45.4868686},{"tripID":4419228,"serviceDate":1395730800000,"direction":1,"garage":"CENTER","type":"bus","lastLocID":8746,"messageCode":813,"time":1395756560627,"expires":1395756978000,"signMessageLong":"77  Broadway/Halsey to Montgomery Park","extraBlockID":null,"locationInScheduleDay":25564,"longitude":-122.3913001,"blockID":7703,"offRoute":false,"nextLocID":2346,"vehicleID":2630,"signMessage":"77 Montgomry Pk","extraTripID":null,"nextStopSeq":4,"routeNumber":77,"vehicleLoad":"unknown","bearing":270,"lastStopSeq":3,"inCongestion":false,"delay":-194,"latitude":45.5407703},{"tripID":4419090,"serviceDate":1395730800000,"direction":0,"garage":"CENTER","type":"bus","lastLocID":13708,"messageCode":809,"time":1395756566269,"expires":1395756984000,"signMessageLong":"77  Broadway/Halsey to Troutdale","extraBlockID":null,"locationInScheduleDay":25774,"longitude":-122.6610757,"blockID":7706,"offRoute":false,"nextLocID":4042,"vehicleID":2632,"signMessage":"77 To Troutdale","extraTripID":null,"nextStopSeq":21,"routeNumber":77,"vehicleLoad":"unknown","bearing":90,"lastStopSeq":20,"inCongestion":false,"delay":10,"latitude":45.5315151},{"tripID":4417870,"serviceDate":1395730800000,"direction":0,"garage":"POWELL","type":"bus","lastLocID":3149,"messageCode":768,"time":1395756560352,"expires":1395756978000,"signMessageLong":"72  Killingsworth/82nd to Swan Island-Shipyards","extraBlockID":null,"locationInScheduleDay":25510,"longitude":-122.5844788,"blockID":7237,"offRoute":false,"nextLocID":3215,"vehicleID":3004,"signMessage":"72 Swan Island","extraTripID":null,"nextStopSeq":64,"routeNumber":72,"vehicleLoad":"unknown","bearing":270,"lastStopSeq":63,"inCongestion":false,"delay":-248,"latitude":45.5626639},{"tripID":4417873,"serviceDate":1395730800000,"direction":0,"garage":"POWELL","type":"bus","lastLocID":7946,"messageCode":766,"time":1395756566128,"expires":1395756982000,"signMessageLong":"72  Killingsworth/82nd to Swan Island-Anchor St","extraBlockID":null,"locationInScheduleDay":25710,"longitude":-122.5790513,"blockID":7241,"offRoute":false,"nextLocID":7953,"vehicleID":3048,"signMessage":"72 Swan Island","extraTripID":null,"nextStopSeq":13,"routeNumber":72,"vehicleLoad":"unknown","bearing":0,"lastStopSeq":12,"inCongestion":false,"delay":-52,"latitude":45.4619533},{"tripID":4418201,"serviceDate":1395730800000,"direction":1,"garage":"POWELL","type":"bus","lastLocID":9399,"messageCode":null,"time":1395756560000,"expires":1395756980000,"signMessageLong":null,"extraBlockID":null,"locationInScheduleDay":null,"longitude":-122.703617,"blockID":7235,"offRoute":false,"nextLocID":2195,"vehicleID":3053,"signMessage":null,"extraTripID":null,"nextStopSeq":null,"routeNumber":72,"vehicleLoad":"unknown","bearing":null,"lastStopSeq":null,"inCongestion":false,"delay":107,"latitude":45.5565},{"tripID":4417871,"serviceDate":1395730800000,"direction":0,"garage":"POWELL","type":"bus","lastLocID":7999,"messageCode":766,"time":1395756579483,"expires":1395756994000,"signMessageLong":"72  Killingsworth/82nd to Swan Island-Anchor St","extraBlockID":null,"locationInScheduleDay":25819,"longitude":-122.5790163,"blockID":7245,"offRoute":false,"nextLocID":8042,"vehicleID":3052,"signMessage":"72 Swan Island","extraTripID":null,"nextStopSeq":49,"routeNumber":72,"vehicleLoad":"unknown","bearing":1,"lastStopSeq":48,"inCongestion":false,"delay":45,"latitude":45.5347631},{"tripID":4418194,"serviceDate":1395730800000,"direction":1,"garage":"POWELL","type":"bus","lastLocID":12921,"messageCode":760,"time":1395756230562,"expires":1395756649000,"signMessageLong":"72  Killingsworth/82nd to Clackamas TC","extraBlockID":null,"locationInScheduleDay":25472,"longitude":-122.5690545,"blockID":7234,"offRoute":false,"nextLocID":13247,"vehicleID":3054,"signMessage":"72 Clackamas TC","extraTripID":null,"nextStopSeq":111,"routeNumber":72,"vehicleLoad":"unknown","bearing":173,"lastStopSeq":110,"inCongestion":false,"delay":0,"latitude":45.4356606},{"tripID":4419091,"serviceDate":1395730800000,"direction":0,"garage":"POWELL","type":"bus","lastLocID":6013,"messageCode":809,"time":1395756579511,"expires":1395756995000,"signMessageLong":"77  Broadway/Halsey to Troutdale","extraBlockID":null,"locationInScheduleDay":25721,"longitude":-122.6988535,"blockID":7734,"offRoute":false,"nextLocID":7168,"vehicleID":3046,"signMessage":"77 To Troutdale","extraTripID":null,"nextStopSeq":4,"routeNumber":77,"vehicleLoad":"unknown","bearing":178,"lastStopSeq":3,"inCongestion":false,"delay":-54,"latitude":45.535749},{"tripID":4419226,"serviceDate":1395730800000,"direction":1,"garage":"POWELL","type":"bus","lastLocID":2445,"messageCode":813,"time":1395756560382,"expires":1395756978000,"signMessageLong":"77  Broadway/Halsey to Montgomery Park","extraBlockID":null,"locationInScheduleDay":25564,"longitude":-122.5915017,"blockID":7738,"offRoute":false,"nextLocID":2443,"vehicleID":3035,"signMessage":"77 Montgomry Pk","extraTripID":null,"nextStopSeq":58,"routeNumber":77,"vehicleLoad":"unknown","bearing":270,"lastStopSeq":57,"inCongestion":false,"delay":-194,"latitude":45.5336325},{"tripID":4411314,"serviceDate":1395730800000,"direction":0,"garage":"POWELL","type":"bus","lastLocID":7662,"messageCode":266,"time":1395756579421,"expires":1395756996000,"signMessageLong":"14  Hawthorne to 94th & Foster","extraBlockID":null,"locationInScheduleDay":25774,"longitude":-122.6113181,"blockID":1434,"offRoute":false,"nextLocID":7660,"vehicleID":3027,"signMessage":"14 To 94-Foster","extraTripID":null,"nextStopSeq":24,"routeNumber":14,"vehicleLoad":"unknown","bearing":177,"lastStopSeq":23,"inCongestion":false,"delay":-2,"latitude":45.5083894},{"tripID":4418195,"serviceDate":1395730800000,"direction":1,"garage":"POWELL","type":"bus","lastLocID":7965,"messageCode":760,"time":1395756579435,"expires":1395756995000,"signMessageLong":"72  Killingsworth/82nd to Clackamas TC","extraBlockID":null,"locationInScheduleDay":25540,"longitude":-122.57897,"blockID":7243,"offRoute":false,"nextLocID":8028,"vehicleID":3025,"signMessage":"72 Clackamas TC","extraTripID":null,"nextStopSeq":91,"routeNumber":72,"vehicleLoad":"unknown","bearing":180,"lastStopSeq":90,"inCongestion":false,"delay":-235,"latitude":45.4824728},{"tripID":4419227,"serviceDate":1395730800000,"direction":1,"garage":"CENTER","type":"bus","lastLocID":2384,"messageCode":813,"time":1395756560475,"expires":1395756978000,"signMessageLong":"77  Broadway/Halsey to Montgomery Park","extraBlockID":null,"locationInScheduleDay":25734,"longitude":-122.514901,"blockID":7702,"offRoute":false,"nextLocID":2382,"vehicleID":2005,"signMessage":"77 Montgomry Pk","extraTripID":null,"nextStopSeq":32,"routeNumber":77,"vehicleLoad":"unknown","bearing":270,"lastStopSeq":31,"inCongestion":false,"delay":-24,"latitude":45.5336842}],"queryTime":1395756588861}}
