{"resultSet":{"vehicle":[{"tripID":4411642,"serviceDate":1395644400000,"direction":1,"garage":"CENTER","type":"bus","lastLocID":3637,"messageCode":268,"time":1395736040914,"expires":1395736458000,"signMessageLong":"14  Hawthorne to Portland","extraBlockID":null,"locationInScheduleDay":91680,"longitude":-122.6545542,"blockID":1406,"offRoute":false,"nextLocID":3641,"vehicleID":3128,"signMessage":"14 To Portland","extraTripID":null,"nextStopSeq":40,"routeNumber":14,"vehicleLoad":"unknown","bearing":270,"lastStopSeq":39,"inCongestion":false,"delay":42,"latitude":45.5129288},{"tripID":4418298,"serviceDate":1395644400000,"direction":1,"garage":"POWELL","type":"bus","lastLocID":7965,"messageCode":760,"time":1395736040901,"expires":1395736459000,"signMessageLong":"72  Killingsworth/82nd to Clackamas TC","extraBlockID":null,"locationInScheduleDay":91739,"longitude":-122.5789701,"blockID":7236,"offRoute":false,"nextLocID":8028,"vehicleID":3022,"signMessage":"72 Clackamas TC","extraTripID":null,"nextStopSeq":91,"routeNumber":72,"vehicleLoad":"unknown","bearing":179,"lastStopSeq":90,"inCongestion":false,"delay":100,"latitude":45.4829201},{"tripID":4417969,"serviceDate":1395644400000,"direction":0,"garage":"POWELL","type":"bus","lastLocID":5890,"messageCode":null,"time":1395736036000,"expires":1395736456000,"signMessageLong":null,"extraBlockID":null,"locationInScheduleDay":null,"longitude":-122.661017,"blockID":7238,"offRoute":false,"nextLocID":10957,"vehicleID":3035,"signMessage":null,"extraTripID":null,"nextStopSeq":null,"routeNumber":72,"vehicleLoad":"unknown","bearing":null,"lastStopSeq":null,"inCongestion":false,"delay":15,"latitude":45.55915}],"queryTime":1395736067740}}
