{"resultSet":{"vehicle":[{"tripID":4419232,"serviceDate":1395730800000,"direction":1,"garage":"POWELL","type":"bus","lastLocID":9481,"messageCode":813,"time":1395760295074,"expires":1395760711000,"signMessageLong":"77  Broadway/Halsey to Montgomery Park","extraBlockID":null,"locationInScheduleDay":29491,"longitude":-122.3949433,"blockID":7735,"offRoute":false,"nextLocID":9471,"vehicleID":2222,"signMessage":"77 Montgomry Pk","extraTripID":null,"nextStopSeq":2,"routeNumber":77,"vehicleLoad":"unknown","bearing":87,"lastStopSeq":1,"inCongestion":false,"delay":0,"latitude":45.5445459},{"tripID":4419092,"serviceDate":1395730800000,"direction":0,"garage":"POWELL","type":"bus","lastLocID":10747,"messageCode":809,"time":1395760280232,"expires":1395760699000,"signMessageLong":"77  Broadway/Halsey to Troutdale","extraBlockID":null,"locationInScheduleDay":29519,"longitude":-122.5585797,"blockID":7736,"offRoute":false,"nextLocID":2356,"vehicleID":2221,"signMessage":"77 To Troutdale","extraTripID":null,"nextStopSeq":57,"routeNumber":77,"vehicleLoad":"unknown","bearing":89,"lastStopSeq":56,"inCongestion":false,"delay":40,"latitude":45.5335425},{"tripID":4411318,"serviceDate":1395730800000,"direction":0,"garage":"POWELL","type":"bus","lastLocID":7651,"messageCode":266,"time":1395760178150,"expires":1395760595000,"signMessageLong":"14  Hawthorne to 94th & Foster","extraBlockID":null,"locationInScheduleDay":29386,"longitude":-122.6115112,"blockID":1438,"offRoute":false,"nextLocID":7662,"vehicleID":2220,"signMessage":"14 To 94-Foster","extraTripID":null,"nextStopSeq":23,"routeNumber":14,"vehicleLoad":"unknown","bearing":177,"lastStopSeq":22,"inCongestion":false,"delay":11,"latitude":45.5110094},{"tripID":4418202,"serviceDate":1395730800000,"direction":1,"garage":"POWELL","type":"bus","lastLocID":8237,"messageCode":760,"time":1395760280232,"expires":1395760698000,"signMessageLong":"72  Killingsworth/82nd to Clackamas TC","extraBlockID":null,"locationInScheduleDay":29587,"longitude":-122.5788074,"blockID":7248,"offRoute":false,"nextLocID":7986,"vehicleID":2215,"signMessage":"72 Clackamas TC","extraTripID":null,"nextStopSeq":86,"routeNumber":72,"vehicleLoad":"unknown","bearing":180,"lastStopSeq":85,"inCongestion":false,"delay":109,"latitude":45.4918895},{"tripID":4418200,"serviceDate":1395730800000,"direction":1,"garage":"POWELL","type":"bus","lastLocID":12921,"messageCode":760,"time":1395760298064,"expires":1395760715000,"signMessageLong":"72  Killingsworth/82nd to Clackamas TC","extraBlockID":null,"locationInScheduleDay":29619,"longitude":-122.5689813,"blockID":7247,"offRoute":false,"nextLocID":13247,"vehicleID":2250,"signMessage":"72 Clackamas TC","extraTripID":null,"nextStopSeq":111,"routeNumber":72,"vehicleLoad":"unknown","bearing":81,"lastStopSeq":110,"inCongestion":false,"delay":0,"latitude":45.4354978},{"tripID":4417876,"serviceDate":1395730800000,"direction":0,"garage":"POWELL","type":"bus","lastLocID":10601,"messageCode":766,"time":1395760283259,"expires":1395760700000,"signMessageLong":"72  Killingsworth/82nd to Swan Island-Anchor St","extraBlockID":null,"locationInScheduleDay":29520,"longitude":-122.5938595,"blockID":7250,"offRoute":false,"nextLocID":3147,"vehicleID":2242,"signMessage":"72 Swan Island","extraTripID":null,"nextStopSeq":67,"routeNumber":72,"vehicleLoad":"unknown","bearing":270,"lastStopSeq":66,"inCongestion":false,"delay":40,"latitude":45.5627143},{"tripID":4419093,"serviceDate":1395730800000,"direction":0,"garage":"POWELL","type":"bus","lastLocID":648,"messageCode":809,"time":1395760280309,"expires":1395760699000,"signMessageLong":"77  Broadway/Halsey to Troutdale","extraBlockID":null,"locationInScheduleDay":29601,"longitude":-122.625024,"blockID":7737,"offRoute":false,"nextLocID":10870,"vehicleID":2285,"signMessage":"77 To Troutdale","extraTripID":null,"nextStopSeq":35,"routeNumber":77,"vehicleLoad":"unknown","bearing":180,"lastStopSeq":34,"inCongestion":false,"delay":122,"latitude":45.5343415},{"tripID":4418205,"serviceDate":1395730800000,"direction":1,"garage":"POWELL","type":"bus","lastLocID":3199,"messageCode":760,"time":1395760283347,"expires":1395760701000,"signMessageLong":"72  Killingsworth/82nd to Clackamas TC","extraBlockID":null,"locationInScheduleDay":29533,"longitude":-122.6199059,"blockID":7252,"offRoute":false,"nextLocID":3144,"vehicleID":2283,"signMessage":"72 Clackamas TC","extraTripID":null,"nextStopSeq":41,"routeNumber":72,"vehicleLoad":"unknown","bearing":90,"lastStopSeq":40,"inCongestion":false,"delay":52,"latitude":45.5628108},{"tripID":4418204,"serviceDate":1395730800000,"direction":1,"garage":"POWELL","type":"bus","lastLocID":7966,"messageCode":760,"time":1395760286076,"expires":1395760704000,"signMessageLong":"72  Killingsworth/82nd to Clackamas TC","extraBlockID":null,"locationInScheduleDay":29515,"longitude":-122.5787905,"blockID":7244,"offRoute":false,"nextLocID":7992,"vehicleID":2276,"signMessage":"72 Clackamas TC","extraTripID":null,"nextStopSeq":58,"routeNumber":72,"vehicleLoad":"unknown","bearing":180,"lastStopSeq":57,"inCongestion":false,"delay":31,"latitude":45.5471367},{"tripID":4411319,"serviceDate":1395730800000,"direction":0,"garage":"POWELL","type":"bus","lastLocID":2594,"messageCode":266,"time":1395760256408,"expires":1395760672000,"signMessageLong":"14  Hawthorne to 94th & Foster","extraBlockID":null,"locationInScheduleDay":29430,"longitude":-122.6593388,"blockID":1439,"offRoute":false,"nextLocID":2597,"vehicleID":2275,"signMessage":"14 To 94-Foster","extraTripID":null,"nextStopSeq":5,"routeNumber":14,"vehicleLoad":"unknown","bearing":90,"lastStopSeq":4,"inCongestion":false,"delay":-22,"latitude":45.5122398},{"tripID":4413883,"serviceDate":1395730800000,"direction":1,"garage":"CENTER","type":"bus","lastLocID":12956,"messageCode":464,"time":1395760282937,"expires":1395760702000,"signMessageLong":"31  To Portland via Milwaukie","extraBlockID":null,"locationInScheduleDay":29496,"longitude":-122.5886192,"blockID":3003,"offRoute":false,"nextLocID":3229,"vehicleID":2119,"signMessage":"31 To Portland","extraTripID":null,"nextStopSeq":7,"routeNumber":31,"vehicleLoad":"unknown","bearing":270,"lastStopSeq":6,"inCongestion":false,"delay":14,"latitude":45.4470617},{"tripID":4417322,"serviceDate":1395730800000,"direction":1,"garage":"CENTER","type":"bus","lastLocID":7379,"messageCode":788,"time":1395760301248,"expires":1395760718000,"signMessageLong":"70  12th/NE 33rd Ave to Milwaukie","extraBlockID":null,"locationInScheduleDay":29294,"longitude":-122.6306776,"blockID":7006,"offRoute":false,"nextLocID":7361,"vehicleID":2150,"signMessage":"70 To Milwaukie","extraTripID":null,"nextStopSeq":16,"routeNumber":70,"vehicleLoad":"unknown","bearing":180,"lastStopSeq":15,"inCongestion":false,"delay":-204,"latitude":45.5661878},{"tripID":4417170,"serviceDate":1395730800000,"direction":0,"garage":"CENTER","type":"bus","lastLocID":4539,"messageCode":780,"time":1395760280149,"expires":1395760698000,"signMessageLong":"70  12th/NE 33rd Ave to NE Sunderland","extraBlockID":null,"locationInScheduleDay":29434,"longitude":-122.6537667,"blockID":7008,"offRoute":false,"nextLocID":6578,"vehicleID":2506,"signMessage":"70 To Sunderlnd","extraTripID":null,"nextStopSeq":24,"routeNumber":70,"vehicleLoad":"unknown","bearing":26,"lastStopSeq":23,"inCongestion":false,"delay":-44,"latitude":45.5033293},{"tripID":4413800,"serviceDate":1395730800000,"direction":0,"garage":"CENTER","type":"bus","lastLocID":4002,"messageCode":457,"time":1395760295022,"expires":1395760714000,"signMessageLong":"31  Clackamas Town Center, continuing to Estacada","extraBlockID":null,"locationInScheduleDay":29340,"longitude":-122.5740057,"blockID":3102,"offRoute":false,"nextLocID":12922,"vehicleID":2526,"signMessage":"31 To Estacada via Clackamas","extraTripID":null,"nextStopSeq":24,"routeNumber":31,"vehicleLoad":"unknown","bearing":271,"lastStopSeq":23,"inCongestion":false,"delay":-154,"latitude":45.4374107},{"tripID":4417881,"serviceDate":1395730800000,"direction":0,"garage":"POWELL","type":"bus","lastLocID":7918,"messageCode":766,"time":1395760301334,"expires":1395760718000,"signMessageLong":"72  Killingsworth/82nd to Swan Island-Anchor St","extraBlockID":null,"locationInScheduleDay":29465,"longitude":-122.5790181,"blockID":7238,"offRoute":false,"nextLocID":7968,"vehicleID":2527,"signMessage":"72 Swan Island","extraTripID":null,"nextStopSeq":6,"routeNumber":72,"vehicleLoad":"unknown","bearing":358,"lastStopSeq":5,"inCongestion":false,"delay":-33,"latitude":45.4494427},{"tripID":4417321,"serviceDate":1395730800000,"direction":1,"garage":"CENTER","type":"bus","lastLocID":4044,"messageCode":789,"time":1395760280199,"expires":1395760699000,"signMessageLong":"70  12th Ave to Milwaukie via 17th & Tacoma","extraBlockID":null,"locationInScheduleDay":29445,"longitude":-122.6562111,"blockID":7002,"offRoute":false,"nextLocID":8937,"vehicleID":2524,"signMessage":"70 To Milw via 17","extraTripID":null,"nextStopSeq":44,"routeNumber":70,"vehicleLoad":"unknown","bearing":269,"lastStopSeq":43,"inCongestion":false,"delay":-34,"latitude":45.5314923},{"tripID":4411571,"serviceDate":1395730800000,"direction":1,"garage":"CENTER","type":"bus","lastLocID":1778,"messageCode":268,"time":1395760280202,"expires":1395760698000,"signMessageLong":"14  Hawthorne to Portland","extraBlockID":null,"locationInScheduleDay":28703,"longitude":-122.5979504,"blockID":1405,"offRoute":false,"nextLocID":12904,"vehicleID":2520,"signMessage":"14 To Portland","extraTripID":null,"nextStopSeq":14,"routeNumber":14,"vehicleLoad":"unknown","bearing":300,"lastStopSeq":13,"inCongestion":false,"delay":-775,"latitude":45.4901422},{"tripID":4419230,"serviceDate":1395730800000,"direction":1,"garage":"CENTER","type":"bus","lastLocID":2455,"messageCode":813,"time":1395760297957,"expires":1395760715000,"signMessageLong":"77  Broadway/Halsey to Montgomery Park","extraBlockID":null,"locationInScheduleDay":29422,"longitude":-122.5823493,"blockID":7701,"offRoute":false,"nextLocID":2453,"vehicleID":2512,"signMessage":"77 Montgomry Pk","extraTripID":null,"nextStopSeq":55,"routeNumber":77,"vehicleLoad":"unknown","bearing":270,"lastStopSeq":54,"inCongestion":false,"delay":-73,"latitude":45.5336102},{"tripID":4418199,"serviceDate":1395730800000,"direction":1,"garage":"POWELL","type":"bus","lastLocID":12921,"messageCode":760,"time":1395760025362,"expires":1395760443000,"signMessageLong":"72  Killingsworth/82nd to Clackamas TC","extraBlockID":null,"locationInScheduleDay":29068,"longitude":-122.5690736,"blockID":7240,"offRoute":false,"nextLocID":13247,"vehicleID":2533,"signMessage":"72 Clackamas TC","extraTripID":null,"nextStopSeq":111,"routeNumber":72,"vehicleLoad":"unknown","bearing":173,"lastStopSeq":110,"inCongestion":false,"delay":0,"latitude":45.4357746},{"tripID":4417874,"serviceDate":1395730800000,"direction":0,"garage":"POWELL","type":"bus","lastLocID":3184,"messageCode":768,"time":1395760301522,"expires":1395760718000,"signMessageLong":"72  Killingsworth/82nd to Swan Island-Shipyards","extraBlockID":null,"locationInScheduleDay":29560,"longitude":-122.6683611,"blockID":7249,"offRoute":false,"nextLocID":3157,"vehicleID":2558,"signMessage":"72 Swan Island","extraTripID":null,"nextStopSeq":96,"routeNumber":72,"vehicleLoad":"unknown","bearing":269,"lastStopSeq":95,"inCongestion":false,"delay":62,"latitude":45.562715},{"tripID":4417880,"serviceDate":1395730800000,"direction":0,"garage":"POWELL","type":"bus","lastLocID":8027,"messageCode":766,"time":1395760301530,"expires":1395760718000,"signMessageLong":"72  Killingsworth/82nd to Swan Island-Anchor St","extraBlockID":null,"locationInScheduleDay":29411,"longitude":-122.5789679,"blockID":7236,"offRoute":false,"nextLocID":7964,"vehicleID":2552,"signMessage":"72 Swan Island","extraTripID":null,"nextStopSeq":22,"routeNumber":72,"vehicleLoad":"unknown","bearing":0,"lastStopSeq":21,"inCongestion":false,"delay":-87,"latitude":45.4825597},{"tripID":4418203,"serviceDate":1395730800000,"direction":1,"garage":"POWELL","type":"bus","lastLocID":8048,"messageCode":760,"time":1395760287806,"expires":1395760702000,"signMessageLong":"72  Killingsworth/82nd to Clackamas TC","extraBlockID":null,"locationInScheduleDay":29476,"longitude":-122.5790811,"blockID":7242,"offRoute":false,"nextLocID":7929,"vehicleID":2548,"signMessage":"72 Clackamas TC","extraTripID":null,"nextStopSeq":73,"routeNumber":72,"vehicleLoad":"unknown","bearing":179,"lastStopSeq":72,"inCongestion":false,"delay":-6,"latitude":45.5192953},{"tripID":4411569,"serviceDate":1395730800000,"direction":1,"garage":"POWELL","type":"bus","lastLocID":3637,"messageCode":268,"time":1395760283382,"expires":1395760702000,"signMessageLong":"14  Hawthorne to Portland","extraBlockID":null,"locationInScheduleDay":29460,"longitude":-122.6545542,"blockID":1440,"offRoute":false,"nextLocID":3641,"vehicleID":2308,"signMessage":"14 To Portland","extraTripID":null,"nextStopSeq":40,"routeNumber":14,"vehicleLoad":"unknown","bearing":270,"lastStopSeq":39,"inCongestion":false,"delay":-22,"latitude":45.5129288},{"tripID":4417879,"serviceDate":1395730800000,"direction":0,"garage":"POWELL","type":"bus","lastLocID":8047,"messageCode":766,"time":1395760287777,"expires":1395760702000,"signMessageLong":"72  Killingsworth/82nd to Swan Island-Anchor St","extraBlockID":null,"locationInScheduleDay":29574,"longitude":-122.579084,"blockID":7253,"offRoute":false,"nextLocID":7930,"vehicleID":2318,"signMessage":"72 Swan Island","extraTripID":null,"nextStopSeq":41,"routeNumber":72,"vehicleLoad":"unknown","bearing":359,"lastStopSeq":40,"inCongestion":false,"delay":92,"latitude":45.5194708},{"tripID":4411572,"serviceDate":1395730800000,"direction":1,"garage":"POWELL","type":"bus","lastLocID":7654,"messageCode":268,"time":1395760295367,"expires":1395760711000,"signMessageLong":"14  Hawthorne to Portland","extraBlockID":null,"locationInScheduleDay":29514,"longitude":-122.6110231,"blockID":1435,"offRoute":false,"nextLocID":7659,"vehicleID":2316,"signMessage":"14 To Portland","extraTripID":null,"nextStopSeq":22,"routeNumber":14,"vehicleLoad":"unknown","bearing":353,"lastStopSeq":21,"inCongestion":false,"delay":23,"latitude":45.505117},{"tripID":4411573,"serviceDate":1395730800000,"direction":1,"garage":"CENTER","type":"bus","lastLocID":12904,"messageCode":268,"time":1395760280186,"expires":1395760697000,"signMessageLong":"14  Hawthorne to Portland","extraBlockID":null,"locationInScheduleDay":29537,"longitude":-122.6007842,"blockID":1403,"offRoute":false,"nextLocID":1799,"vehicleID":2725,"signMessage":"14 To Portland","extraTripID":null,"nextStopSeq":15,"routeNumber":14,"vehicleLoad":"unknown","bearing":307,"lastStopSeq":14,"inCongestion":false,"delay":60,"latitude":45.4915329},{"tripID":4419231,"serviceDate":1395730800000,"direction":1,"garage":"CENTER","type":"bus","lastLocID":2406,"messageCode":813,"time":1395760280178,"expires":1395760697000,"signMessageLong":"77  Broadway/Halsey to Montgomery Park","extraBlockID":null,"locationInScheduleDay":29383,"longitude":-122.4767145,"blockID":7705,"offRoute":false,"nextLocID":8860,"vehicleID":2720,"signMessage":"77 Montgomry Pk","extraTripID":null,"nextStopSeq":22,"routeNumber":77,"vehicleLoad":"unknown","bearing":281,"lastStopSeq":21,"inCongestion":false,"delay":-94,"latitude":45.5346931},{"tripID":4411574,"serviceDate":1395730800000,"direction":1,"garage":"CENTER","type":"bus","lastLocID":1829,"messageCode":null,"time":1395760291000,"expires":1395760711000,"signMessageLong":null,"extraBlockID":null,"locationInScheduleDay":null,"longitude":-122.57165,"blockID":1404,"offRoute":false,"nextLocID":1826,"vehicleID":2718,"signMessage":null,"extraTripID":null,"nextStopSeq":null,"routeNumber":14,"vehicleLoad":"unknown","bearing":null,"lastStopSeq":null,"inCongestion":false,"delay":678,"latitude":45.480783},{"tripID":4417320,"serviceDate":1395730800000,"direction":1,"garage":"CENTER","type":"bus","lastLocID":6553,"messageCode":790,"time":1395760285976,"expires":1395760705000,"signMessageLong":"70  12th Ave to Milwaukie via 13th & Tacoma","extraBlockID":null,"locationInScheduleDay":29443,"longitude":-122.6547393,"blockID":7007,"offRoute":false,"nextLocID":6545,"vehicleID":2709,"signMessage":"70 To Milw via 13","extraTripID":null,"nextStopSeq":55,"routeNumber":70,"vehicleLoad":"unknown","bearing":180,"lastStopSeq":54,"inCongestion":false,"delay":-42,"latitude":45.5061566},{"tripID":4417168,"serviceDate":1395730800000,"direction":0,"garage":"CENTER","type":"bus","lastLocID":7389,"messageCode":783,"time":1395760196248,"expires":1395760614000,"signMessageLong":"70  33rd Ave to NE Sunderland","extraBlockID":null,"locationInScheduleDay":29419,"longitude":-122.6306734,"blockID":7001,"offRoute":false,"nextLocID":7369,"vehicleID":2704,"signMessage":"70 To Sunderlnd","extraTripID":null,"nextStopSeq":64,"routeNumber":70,"vehicleLoad":"unknown","bearing":0,"lastStopSeq":63,"inCongestion":false,"delay":25,"latitude":45.5701435},{"tripID":4417171,"serviceDate":1395730800000,"direction":0,"garage":"CENTER","type":"bus","lastLocID":3419,"messageCode":782,"time":1395760301283,"expires":1395760718000,"signMessageLong":"70  12th/NE 33rd Ave to NE Sunderland via 13th & Tacoma","extraBlockID":null,"locationInScheduleDay":29512,"longitude":-122.6530123,"blockID":7003,"offRoute":false,"nextLocID":6688,"vehicleID":2705,"signMessage":"70 To Sunderland via 13th","extraTripID":null,"nextStopSeq":8,"routeNumber":70,"vehicleLoad":"unknown","bearing":359,"lastStopSeq":7,"inCongestion":false,"delay":14,"latitude":45.4604796},{"tripID":4417167,"serviceDate":1395730800000,"direction":0,"garage":"CENTER","type":"bus","lastLocID":13040,"messageCode":783,"time":1395760294963,"expires":1395760711000,"signMessageLong":"70  33rd Ave to NE Sunderland","extraBlockID":null,"locationInScheduleDay":28980,"longitude":-122.6357648,"blockID":7004,"offRoute":false,"nextLocID":9368,"vehicleID":2701,"signMessage":"70 To Sunderlnd","extraTripID":null,"nextStopSeq":83,"routeNumber":70,"vehicleLoad":"unknown","bearing":180,"lastStopSeq":82,"inCongestion":false,"delay":0,"latitude":45.5898735},{"tripID":4419094,"serviceDate":1395730800000,"direction":0,"garage":"CENTER","type":"bus","lastLocID":1612,"messageCode":809,"time":1395760283369,"expires":1395760700000,"signMessageLong":"77  Broadway/Halsey to Troutdale","extraBlockID":null,"locationInScheduleDay":29576,"longitude":-122.6659765,"blockID":7704,"offRoute":false,"nextLocID":11817,"vehicleID":2614,"signMessage":"77 To Troutdale","extraTripID":null,"nextStopSeq":19,"routeNumber":77,"vehicleLoad":"unknown","bearing":320,"lastStopSeq":18,"inCongestion":false,"delay":96,"latitude":45.5293912},{"tripID":4411317,"serviceDate":1395730800000,"direction":0,"garage":"CENTER","type":"bus","lastLocID":6398,"messageCode":null,"time":1395760244000,"expires":1395760664000,"signMessageLong":null,"extraBlockID":null,"locationInScheduleDay":null,"longitude":-122.565414,"blockID":1401,"offRoute":false,"nextLocID":8134,"vehicleID":2608,"signMessage":null,"extraTripID":null,"nextStopSeq":null,"routeNumber":14,"vehicleLoad":"unknown","bearing":null,"lastStopSeq":null,"inCongestion":false,"delay":258,"latitude":45.478181},{"tripID":4417169,"serviceDate":1395730800000,"direction":0,"garage":"CENTER","type":"bus","lastLocID":4047,"messageCode":783,"time":1395760280280,"expires":1395760697000,"signMessageLong":"70  33rd Ave to NE Sunderland","extraBlockID":null,"locationInScheduleDay":29488,"longitude":-122.6510038,"blockID":7010,"offRoute":false,"nextLocID":4048,"vehicleID":2623,"signMessage":"70 To Sunderlnd","extraTripID":null,"nextStopSeq":39,"routeNumber":70,"vehicleLoad":"unknown","bearing":90,"lastStopSeq":38,"inCongestion":false,"delay":11,"latitude":45.5314812},{"tripID":4419229,"serviceDate":1395730800000,"direction":1,"garage":"CENTER","type":"bus","lastLocID":647,"messageCode":813,"time":1395760304092,"expires":1395760721000,"signMessageLong":"77  Broadway/Halsey to Montgomery Park","extraBlockID":null,"locationInScheduleDay":29460,"longitude":-122.6305541,"blockID":7707,"offRoute":false,"nextLocID":644,"vehicleID":2653,"signMessage":"77 Montgomry Pk","extraTripID":null,"nextStopSeq":72,"routeNumber":77,"vehicleLoad":"unknown","bearing":270,"lastStopSeq":71,"inCongestion":false,"delay":-41,"latitude":45.5351581},{"tripID":4417319,"serviceDate":1395730800000,"direction":1,"garage":"CENTER","type":"bus","lastLocID":6874,"messageCode":791,"time":1395760298131,"expires":1395760717000,"signMessageLong":"70  To Milwaukie","extraBlockID":null,"locationInScheduleDay":29456,"longitude":-122.6470553,"blockID":7009,"offRoute":false,"nextLocID":6896,"vehicleID":2626,"signMessage":"70 To Milwaukie","extraTripID":null,"nextStopSeq":72,"routeNumber":70,"vehicleLoad":"unknown","bearing":179,"lastStopSeq":71,"inCongestion":false,"delay":-41,"latitude":45.4646701},{"tripID":4419228,"serviceDate":1395730800000,"direction":1,"garage":"CENTER","type":"bus","lastLocID":2592,"messageCode":813,"time":1395760307919,"expires":1395760726000,"signMessageLong":"77  Broadway/Halsey to Montgomery Park","extraBlockID":null,"locationInScheduleDay":29326,"longitude":-122.6682545,"blockID":7703,"offRoute":false,"nextLocID":9311,"vehicleID":2630,"signMessage":"77 Montgomry Pk","extraTripID":null,"nextStopSeq":87,"routeNumber":77,"vehicleLoad":"unknown","bearing":236,"lastStopSeq":86,"inCongestion":false,"delay":-180,"latitude":45.5280538},{"tripID":4419233,"serviceDate":1395730800000,"direction":1,"garage":"CENTER","type":"bus","lastLocID":9481,"messageCode":813,"time":1395760307927,"expires":1395760726000,"signMessageLong":"77  Broadway/Halsey to Montgomery Park","extraBlockID":null,"locationInScheduleDay":29506,"longitude":-122.3982117,"blockID":7706,"offRoute":false,"nextLocID":9471,"vehicleID":2632,"signMessage":"77 Montgomry Pk","extraTripID":null,"nextStopSeq":2,"routeNumber":77,"vehicleLoad":"unknown","bearing":85,"lastStopSeq":1,"inCongestion":false,"delay":0,"latitude":45.5443612},{"tripID":4418206,"serviceDate":1395730800000,"direction":1,"garage":"POWELL","type":"bus","lastLocID":3183,"messageCode":760,"time":1395760304050,"expires":1395760722000,"signMessageLong":"72  Killingsworth/82nd to Clackamas TC","extraBlockID":null,"locationInScheduleDay":29532,"longitude":-122.6688834,"blockID":7237,"offRoute":false,"nextLocID":3188,"vehicleID":3004,"signMessage":"72 Clackamas TC","extraTripID":null,"nextStopSeq":18,"routeNumber":72,"vehicleLoad":"unknown","bearing":89,"lastStopSeq":17,"inCongestion":false,"delay":30,"latitude":45.5627134},{"tripID":4413882,"serviceDate":1395730800000,"direction":1,"garage":"POWELL","type":"bus","lastLocID":13488,"messageCode":466,"time":1395760301246,"expires":1395760719000,"signMessageLong":"31  Portland","extraBlockID":null,"locationInScheduleDay":29550,"longitude":-122.6595383,"blockID":3136,"offRoute":false,"nextLocID":2171,"vehicleID":3007,"signMessage":"31 To Portland","extraTripID":null,"nextStopSeq":35,"routeNumber":31,"vehicleLoad":"unknown","bearing":344,"lastStopSeq":34,"inCongestion":false,"delay":51,"latitude":45.4983868},{"tripID":4417878,"serviceDate":1395730800000,"direction":0,"garage":"POWELL","type":"bus","lastLocID":7933,"messageCode":766,"time":1395760280120,"expires":1395760698000,"signMessageLong":"72  Killingsworth/82nd to Swan Island-Anchor St","extraBlockID":null,"locationInScheduleDay":29539,"longitude":-122.5786795,"blockID":7251,"offRoute":false,"nextLocID":8039,"vehicleID":3003,"signMessage":"72 Swan Island","extraTripID":null,"nextStopSeq":58,"routeNumber":72,"vehicleLoad":"unknown","bearing":0,"lastStopSeq":57,"inCongestion":false,"delay":61,"latitude":45.5529271},{"tripID":4417873,"serviceDate":1395730800000,"direction":0,"garage":"POWELL","type":"bus","lastLocID":2202,"messageCode":766,"time":1395760285966,"expires":1395760705000,"signMessageLong":"72  Killingsworth/82nd to Swan Island-Anchor St","extraBlockID":null,"locationInScheduleDay":29485,"longitude":-122.6924815,"blockID":7241,"offRoute":false,"nextLocID":2161,"vehicleID":3048,"signMessage":"72 Swan Island","extraTripID":null,"nextStopSeq":107,"routeNumber":72,"vehicleLoad":"unknown","bearing":90,"lastStopSeq":106,"inCongestion":false,"delay":0,"latitude":45.5562637},{"tripID":4418201,"serviceDate":1395730800000,"direction":1,"garage":"POWELL","type":"bus","lastLocID":7996,"messageCode":760,"time":1395760283107,"expires":1395760700000,"signMessageLong":"72  Killingsworth/82nd to Clackamas TC","extraBlockID":null,"locationInScheduleDay":29556,"longitude":-122.5790892,"blockID":7235,"offRoute":false,"nextLocID":7988,"vehicleID":3053,"signMessage":"72 Clackamas TC","extraTripID":null,"nextStopSeq":103,"routeNumber":72,"vehicleLoad":"unknown","bearing":180,"lastStopSeq":102,"inCongestion":false,"delay":76,"latitude":45.458501},{"tripID":4418207,"serviceDate":1395730800000,"direction":1,"garage":"POWELL","type":"bus","lastLocID":115,"messageCode":760,"time":1395760294965,"expires":1395760714000,"signMessageLong":"72  Killingsworth/82nd to Clackamas TC","extraBlockID":null,"locationInScheduleDay":29494,"longitude":-122.703865,"blockID":7245,"offRoute":false,"nextLocID":8681,"vehicleID":3052,"signMessage":"72 Clackamas TC","extraTripID":null,"nextStopSeq":2,"routeNumber":72,"vehicleLoad":"unknown","bearing":159,"lastStopSeq":1,"inCongestion":false,"delay":0,"latitude":45.5567629},{"tripID":4417875,"serviceDate":1395730800000,"direction":0,"garage":"POWELL","type":"bus","lastLocID":3189,"messageCode":766,"time":1395760280153,"expires":1395760697000,"signMessageLong":"72  Killingsworth/82nd to Swan Island-Anchor St","extraBlockID":null,"locationInScheduleDay":29425,"longitude":-122.6337401,"blockID":7234,"offRoute":false,"nextLocID":7328,"vehicleID":3054,"signMessage":"72 Swan Island","extraTripID":null,"nextStopSeq":80,"routeNumber":72,"vehicleLoad":"unknown","bearing":270,"lastStopSeq":79,"inCongestion":false,"delay":-52,"latitude":45.5627192},{"tripID":4419091,"serviceDate":1395730800000,"direction":0,"garage":"POWELL","type":"bus","lastLocID":2353,"messageCode":809,"time":1395760295006,"expires":1395760711000,"signMessageLong":"77  Broadway/Halsey to Troutdale","extraBlockID":null,"locationInScheduleDay":29334,"longitude":-122.456397,"blockID":7734,"offRoute":false,"nextLocID":2410,"vehicleID":3046,"signMessage":"77 To Troutdale","extraTripID":null,"nextStopSeq":84,"routeNumber":77,"vehicleLoad":"unknown","bearing":94,"lastStopSeq":83,"inCongestion":false,"delay":-157,"latitude":45.5335251},{"tripID":4419226,"serviceDate":1395730800000,"direction":1,"garage":"POWELL","type":"bus","lastLocID":8483,"messageCode":813,"time":1395760285954,"expires":1395760703000,"signMessageLong":"77  Broadway/Halsey to Montgomery Park","extraBlockID":null,"locationInScheduleDay":28360,"longitude":-122.7069345,"blockID":7738,"offRoute":false,"nextLocID":8484,"vehicleID":3035,"signMessage":"77 Montgomry Pk","extraTripID":null,"nextStopSeq":109,"routeNumber":77,"vehicleLoad":"unknown","bearing":178,"lastStopSeq":108,"inCongestion":false,"delay":0,"latitude":45.5377966},{"tripID":4411570,"serviceDate":1395730800000,"direction":1,"garage":"POWELL","type":"bus","lastLocID":2609,"messageCode":268,"time":1395760238158,"expires":1395760657000,"signMessageLong":"14  Hawthorne to Portland","extraBlockID":null,"locationInScheduleDay":29572,"longitude":-122.6442302,"blockID":1434,"offRoute":false,"nextLocID":2606,"vehicleID":3027,"signMessage":"14 To Portland","extraTripID":null,"nextStopSeq":36,"routeNumber":14,"vehicleLoad":"unknown","bearing":270,"lastStopSeq":35,"inCongestion":false,"delay":135,"latitude":45.5120945},{"tripID":4417877,"serviceDate":1395730800000,"direction":0,"garage":"POWELL","type":"bus","lastLocID":7999,"messageCode":766,"time":1395760297947,"expires":1395760716000,"signMessageLong":"72  Killingsworth/82nd to Swan Island-Anchor St","extraBlockID":null,"locationInScheduleDay":29522,"longitude":-122.5789618,"blockID":7243,"offRoute":false,"nextLocID":8042,"vehicleID":3025,"signMessage":"72 Swan Island","extraTripID":null,"nextStopSeq":49,"routeNumber":72,"vehicleLoad":"unknown","bearing":0,"lastStopSeq":48,"inCongestion":false,"delay":26,"latitude":45.5337363},{"tripID":4419227,"serviceDate":1395730800000,"direction":1,"garage":"CENTER","type":"bus","lastLocID":4105,"messageCode":813,"time":1395760301344,"expires":1395760719000,"signMessageLong":"77  Broadway/Halsey to Montgomery Park","extraBlockID":null,"locationInScheduleDay":29308,"longitude":-122.7069496,"blockID":7702,"offRoute":false,"nextLocID":8483,"vehicleID":2005,"signMessage":"77 Montgomry Pk","extraTripID":null,"nextStopSeq":108,"routeNumber":77,"vehicleLoad":"unknown","bearing":177,"lastStopSeq":107,"inCongestion":false,"delay":-191,"latitude":45.5382427},{"tripID":4411568,"serviceDate":1395730800000,"direction":1,"garage":"CENTER","type":"bus","lastLocID":11956,"messageCode":267,"time":1395760286023,"expires":1395760704000,"signMessageLong":"14  Downtown Only","extraBlockID":null,"locationInScheduleDay":29356,"longitude":-122.6766519,"blockID":1402,"offRoute":false,"nextLocID":13169,"vehicleID":2014,"signMessage":"14 Downtown Only","extraTripID":null,"nextStopSeq":44,"routeNumber":14,"vehicleLoad":"unknown","bearing":290,"lastStopSeq":43,"inCongestion":false,"delay":-128,"latitude":45.5155011}],"queryTime":1395760309008}}
