{"resultSet":{"vehicle":[{"tripID":4411642,"serviceDate":1395644400000,"direction":1,"garage":"CENTER","type":"bus","lastLocID":1831,"messageCode":268,"time":1395734673086,"expires":1395735091000,"signMessageLong":"14  Hawthorne to Portland","extraBlockID":null,"locationInScheduleDay":90271,"longitude":-122.5662917,"blockID":1406,"offRoute":false,"nextLocID":13236,"vehicleID":3128,"signMessage":"14 To Portland","extraTripID":null,"nextStopSeq":2,"routeNumber":14,"vehicleLoad":"unknown","bearing":291,"lastStopSeq":1,"inCongestion":false,"delay":0,"latitude":45.4791765},{"tripID":4417968,"serviceDate":1395644400000,"direction":0,"garage":"POWELL","type":"bus","lastLocID":2202,"messageCode":766,"time":1395734660950,"expires":1395735078000,"signMessageLong":"72  Killingsworth/82nd to Swan Island-Anchor St","extraBlockID":null,"locationInScheduleDay":90222,"longitude":-122.6983195,"blockID":7251,"offRoute":false,"nextLocID":2161,"vehicleID":2545,"signMessage":"72 Swan Island","extraTripID":null,"nextStopSeq":107,"routeNumber":72,"vehicleLoad":"unknown","bearing":279,"lastStopSeq":106,"inCongestion":false,"delay":-36,"latitude":45.55612},{"tripID":4418297,"serviceDate":1395644400000,"direction":1,"garage":"POWELL","type":"bus","lastLocID":7988,"messageCode":760,"time":1395734657844,"expires":1395735076000,"signMessageLong":"72  Killingsworth/82nd to Clackamas TC","extraBlockID":null,"locationInScheduleDay":90297,"longitude":-122.5791264,"blockID":7253,"offRoute":false,"nextLocID":8018,"vehicleID":3019,"signMessage":"72 Clackamas TC","extraTripID":null,"nextStopSeq":104,"routeNumber":72,"vehicleLoad":"unknown","bearing":180,"lastStopSeq":103,"inCongestion":false,"delay":41,"latitude":45.4556622},{"tripID":4418298,"serviceDate":1395644400000,"direction":1,"garage":"POWELL","type":"bus","lastLocID":10600,"messageCode":760,"time":1395734672978,"expires":1395735091000,"signMessageLong":"72  Killingsworth/82nd to Clackamas TC","extraBlockID":null,"locationInScheduleDay":90365,"longitude":-122.5934185,"blockID":7236,"offRoute":false,"nextLocID":3211,"vehicleID":3022,"signMessage":"72 Clackamas TC","extraTripID":null,"nextStopSeq":49,"routeNumber":72,"vehicleLoad":"unknown","bearing":90,"lastStopSeq":48,"inCongestion":false,"delay":94,"latitude":45.5627121},{"tripID":4417969,"serviceDate":1395644400000,"direction":0,"garage":"POWELL","type":"bus","lastLocID":7967,"messageCode":766,"time":1395734660879,"expires":1395735079000,"signMessageLong":"72  Killingsworth/82nd to Swan Island-Anchor St","extraBlockID":null,"locationInScheduleDay":90330,"longitude":-122.5787546,"blockID":7238,"offRoute":false,"nextLocID":7933,"vehicleID":3035,"signMessage":"72 Swan Island","extraTripID":null,"nextStopSeq":57,"routeNumber":72,"vehicleLoad":"unknown","bearing":0,"lastStopSeq":56,"inCongestion":false,"delay":71,"latitude":45.5491112}],"queryTime":1395734687674}}
