{"resultSet":{"vehicle":[{"tripID":4411577,"serviceDate":1395730800000,"direction":1,"garage":"POWELL","type":"bus","lastLocID":1824,"messageCode":268,"time":1395761723102,"expires":1395762142000,"signMessageLong":"14  Hawthorne to Portland","extraBlockID":null,"locationInScheduleDay":31002,"longitude":-122.5787439,"blockID":1436,"offRoute":false,"nextLocID":1818,"vehicleID":2206,"signMessage":"14 To Portland","extraTripID":null,"nextStopSeq":6,"routeNumber":14,"vehicleLoad":"unknown","bearing":298,"lastStopSeq":5,"inCongestion":false,"delay":80,"latitude":45.4827284},{"tripID":4419232,"serviceDate":1395730800000,"direction":1,"garage":"POWELL","type":"bus","lastLocID":2375,"messageCode":813,"time":1395761723129,"expires":1395762141000,"signMessageLong":"77  Broadway/Halsey to Montgomery Park","extraBlockID":null,"locationInScheduleDay":30870,"longitude":-122.5269819,"blockID":7735,"offRoute":false,"nextLocID":2373,"vehicleID":2222,"signMessage":"77 Montgomry Pk","extraTripID":null,"nextStopSeq":36,"routeNumber":77,"vehicleLoad":"unknown","bearing":268,"lastStopSeq":35,"inCongestion":false,"delay":-51,"latitude":45.533521},{"tripID":4419092,"serviceDate":1395730800000,"direction":0,"garage":"POWELL","type":"bus","lastLocID":10758,"messageCode":809,"time":1395761732014,"expires":1395762151000,"signMessageLong":"77  Broadway/Halsey to Troutdale","extraBlockID":null,"locationInScheduleDay":31061,"longitude":-122.3911494,"blockID":7736,"offRoute":false,"nextLocID":9472,"vehicleID":2221,"signMessage":"77 To Troutdale","extraTripID":null,"nextStopSeq":101,"routeNumber":77,"vehicleLoad":"unknown","bearing":334,"lastStopSeq":100,"inCongestion":false,"delay":130,"latitude":45.5454083},{"tripID":4411578,"serviceDate":1395730800000,"direction":1,"garage":"POWELL","type":"bus","lastLocID":1831,"messageCode":268,"time":1395761735158,"expires":1395762153000,"signMessageLong":"14  Hawthorne to Portland","extraBlockID":null,"locationInScheduleDay":30933,"longitude":-122.5662917,"blockID":1438,"offRoute":false,"nextLocID":13236,"vehicleID":2220,"signMessage":"14 To Portland","extraTripID":null,"nextStopSeq":2,"routeNumber":14,"vehicleLoad":"unknown","bearing":291,"lastStopSeq":1,"inCongestion":false,"delay":0,"latitude":45.4791765},{"tripID":4411575,"serviceDate":1395730800000,"direction":1,"garage":"POWELL","type":"bus","lastLocID":12917,"messageCode":268,"time":1395761741154,"expires":1395762158000,"signMessageLong":"14  Hawthorne to Portland","extraBlockID":null,"locationInScheduleDay":31051,"longitude":-122.6115481,"blockID":1437,"offRoute":false,"nextLocID":7658,"vehicleID":2270,"signMessage":"14 To Portland","extraTripID":null,"nextStopSeq":24,"routeNumber":14,"vehicleLoad":"unknown","bearing":356,"lastStopSeq":23,"inCongestion":false,"delay":113,"latitude":45.5115278},{"tripID":4417884,"serviceDate":1395730800000,"direction":0,"garage":"POWELL","type":"bus","lastLocID":13248,"messageCode":766,"time":1395761738404,"expires":1395762155000,"signMessageLong":"72  Killingsworth/82nd to Swan Island-Anchor St","extraBlockID":null,"locationInScheduleDay":30846,"longitude":-122.5686602,"blockID":7247,"offRoute":false,"nextLocID":12922,"vehicleID":2250,"signMessage":"72 Swan Island","extraTripID":null,"nextStopSeq":2,"routeNumber":72,"vehicleLoad":"unknown","bearing":289,"lastStopSeq":1,"inCongestion":false,"delay":-89,"latitude":45.4355857},{"tripID":4417876,"serviceDate":1395730800000,"direction":0,"garage":"POWELL","type":"bus","lastLocID":3170,"messageCode":766,"time":1395761723140,"expires":1395762141000,"signMessageLong":"72  Killingsworth/82nd to Swan Island-Anchor St","extraBlockID":null,"locationInScheduleDay":30833,"longitude":-122.6831567,"blockID":7250,"offRoute":false,"nextLocID":3159,"vehicleID":2242,"signMessage":"72 Swan Island","extraTripID":null,"nextStopSeq":100,"routeNumber":72,"vehicleLoad":"unknown","bearing":270,"lastStopSeq":99,"inCongestion":false,"delay":-88,"latitude":45.5626642},{"tripID":4417882,"serviceDate":1395730800000,"direction":0,"garage":"POWELL","type":"bus","lastLocID":8023,"messageCode":766,"time":1395761732016,"expires":1395762151000,"signMessageLong":"72  Killingsworth/82nd to Swan Island-Anchor St","extraBlockID":null,"locationInScheduleDay":30960,"longitude":-122.578735,"blockID":7246,"offRoute":false,"nextLocID":8052,"vehicleID":2296,"signMessage":"72 Swan Island","extraTripID":null,"nextStopSeq":30,"routeNumber":72,"vehicleLoad":"unknown","bearing":0,"lastStopSeq":29,"inCongestion":false,"delay":29,"latitude":45.4978227},{"tripID":4419093,"serviceDate":1395730800000,"direction":0,"garage":"POWELL","type":"bus","lastLocID":2368,"messageCode":809,"time":1395761735198,"expires":1395762152000,"signMessageLong":"77  Broadway/Halsey to Troutdale","extraBlockID":null,"locationInScheduleDay":30878,"longitude":-122.531686,"blockID":7737,"offRoute":false,"nextLocID":2370,"vehicleID":2285,"signMessage":"77 To Troutdale","extraTripID":null,"nextStopSeq":64,"routeNumber":77,"vehicleLoad":"unknown","bearing":90,"lastStopSeq":63,"inCongestion":false,"delay":-54,"latitude":45.5335415},{"tripID":4418205,"serviceDate":1395730800000,"direction":1,"garage":"POWELL","type":"bus","lastLocID":7929,"messageCode":760,"time":1395761735192,"expires":1395762153000,"signMessageLong":"72  Killingsworth/82nd to Clackamas TC","extraBlockID":null,"locationInScheduleDay":30905,"longitude":-122.5789461,"blockID":7252,"offRoute":false,"nextLocID":8066,"vehicleID":2283,"signMessage":"72 Clackamas TC","extraTripID":null,"nextStopSeq":74,"routeNumber":72,"vehicleLoad":"unknown","bearing":177,"lastStopSeq":73,"inCongestion":false,"delay":-28,"latitude":45.5165566},{"tripID":4418204,"serviceDate":1395730800000,"direction":1,"garage":"POWELL","type":"bus","lastLocID":8060,"messageCode":760,"time":1395761726329,"expires":1395762145000,"signMessageLong":"72  Killingsworth/82nd to Clackamas TC","extraBlockID":null,"locationInScheduleDay":30928,"longitude":-122.5790316,"blockID":7244,"offRoute":false,"nextLocID":8058,"vehicleID":2276,"signMessage":"72 Clackamas TC","extraTripID":null,"nextStopSeq":93,"routeNumber":72,"vehicleLoad":"unknown","bearing":180,"lastStopSeq":92,"inCongestion":false,"delay":3,"latitude":45.4792141},{"tripID":4411319,"serviceDate":1395730800000,"direction":0,"garage":"POWELL","type":"bus","lastLocID":1827,"messageCode":266,"time":1395761720479,"expires":1395762137000,"signMessageLong":"14  Hawthorne to 94th & Foster","extraBlockID":null,"locationInScheduleDay":30934,"longitude":-122.5697746,"blockID":1439,"offRoute":false,"nextLocID":6427,"vehicleID":2275,"signMessage":"14 To 94-Foster","extraTripID":null,"nextStopSeq":46,"routeNumber":14,"vehicleLoad":"unknown","bearing":108,"lastStopSeq":45,"inCongestion":false,"delay":17,"latitude":45.4792676},{"tripID":4413883,"serviceDate":1395730800000,"direction":1,"garage":"CENTER","type":"bus","lastLocID":3858,"messageCode":466,"time":1395761738294,"expires":1395762156000,"signMessageLong":"31  Portland","extraBlockID":null,"locationInScheduleDay":30866,"longitude":-122.6504907,"blockID":3003,"offRoute":false,"nextLocID":3837,"vehicleID":2119,"signMessage":"31 To Portland","extraTripID":null,"nextStopSeq":33,"routeNumber":31,"vehicleLoad":"unknown","bearing":314,"lastStopSeq":32,"inCongestion":false,"delay":-70,"latitude":45.4874662},{"tripID":4417322,"serviceDate":1395730800000,"direction":1,"garage":"CENTER","type":"bus","lastLocID":8937,"messageCode":790,"time":1395761723055,"expires":1395762141000,"signMessageLong":"70  12th Ave to Milwaukie via 13th & Tacoma","extraBlockID":null,"locationInScheduleDay":30540,"longitude":-122.6548037,"blockID":7006,"offRoute":false,"nextLocID":6583,"vehicleID":2150,"signMessage":"70 To Milw via 13","extraTripID":null,"nextStopSeq":45,"routeNumber":70,"vehicleLoad":"unknown","bearing":90,"lastStopSeq":44,"inCongestion":false,"delay":-381,"latitude":45.5299993},{"tripID":4417170,"serviceDate":1395730800000,"direction":0,"garage":"CENTER","type":"bus","lastLocID":7399,"messageCode":783,"time":1395761693333,"expires":1395762111000,"signMessageLong":"70  33rd Ave to NE Sunderland","extraBlockID":null,"locationInScheduleDay":30788,"longitude":-122.6307112,"blockID":7008,"offRoute":false,"nextLocID":7395,"vehicleID":2506,"signMessage":"70 To Sunderlnd","extraTripID":null,"nextStopSeq":50,"routeNumber":70,"vehicleLoad":"unknown","bearing":0,"lastStopSeq":49,"inCongestion":false,"delay":-103,"latitude":45.5450316},{"tripID":4417881,"serviceDate":1395730800000,"direction":0,"garage":"POWELL","type":"bus","lastLocID":7987,"messageCode":766,"time":1395761741094,"expires":1395762159000,"signMessageLong":"72  Killingsworth/82nd to Swan Island-Anchor St","extraBlockID":null,"locationInScheduleDay":30998,"longitude":-122.5790458,"blockID":7238,"offRoute":false,"nextLocID":8010,"vehicleID":2527,"signMessage":"72 Swan Island","extraTripID":null,"nextStopSeq":47,"routeNumber":72,"vehicleLoad":"unknown","bearing":0,"lastStopSeq":46,"inCongestion":false,"delay":59,"latitude":45.5298272},{"tripID":4417321,"serviceDate":1395730800000,"direction":1,"garage":"CENTER","type":"bus","lastLocID":6900,"messageCode":791,"time":1395761726267,"expires":1395762143000,"signMessageLong":"70  To Milwaukie","extraBlockID":null,"locationInScheduleDay":31054,"longitude":-122.6470542,"blockID":7002,"offRoute":false,"nextLocID":6852,"vehicleID":2524,"signMessage":"70 To Milwaukie","extraTripID":null,"nextStopSeq":74,"routeNumber":70,"vehicleLoad":"unknown","bearing":179,"lastStopSeq":73,"inCongestion":false,"delay":131,"latitude":45.4619771},{"tripID":4411571,"serviceDate":1395730800000,"direction":1,"garage":"CENTER","type":"bus","lastLocID":3637,"messageCode":268,"time":1395761683975,"expires":1395762101000,"signMessageLong":"14  Hawthorne to Portland","extraBlockID":null,"locationInScheduleDay":30109,"longitude":-122.6572158,"blockID":1405,"offRoute":false,"nextLocID":3641,"vehicleID":2520,"signMessage":"14 To Portland","extraTripID":null,"nextStopSeq":40,"routeNumber":14,"vehicleLoad":"unknown","bearing":270,"lastStopSeq":39,"inCongestion":false,"delay":-772,"latitude":45.5129174},{"tripID":4419230,"serviceDate":1395730800000,"direction":1,"garage":"CENTER","type":"bus","lastLocID":631,"messageCode":813,"time":1395761690140,"expires":1395762108000,"signMessageLong":"77  Broadway/Halsey to Montgomery Park","extraBlockID":null,"locationInScheduleDay":30896,"longitude":-122.6531884,"blockID":7701,"offRoute":false,"nextLocID":629,"vehicleID":2512,"signMessage":"77 Montgomry Pk","extraTripID":null,"nextStopSeq":81,"routeNumber":77,"vehicleLoad":"unknown","bearing":270,"lastStopSeq":80,"inCongestion":false,"delay":8,"latitude":45.5350507},{"tripID":4418208,"serviceDate":1395730800000,"direction":1,"garage":"POWELL","type":"bus","lastLocID":3165,"messageCode":760,"time":1395761726269,"expires":1395762143000,"signMessageLong":"72  Killingsworth/82nd to Clackamas TC","extraBlockID":null,"locationInScheduleDay":31045,"longitude":-122.663227,"blockID":7239,"offRoute":false,"nextLocID":5927,"vehicleID":2540,"signMessage":"72 Clackamas TC","extraTripID":null,"nextStopSeq":20,"routeNumber":72,"vehicleLoad":"unknown","bearing":89,"lastStopSeq":19,"inCongestion":false,"delay":122,"latitude":45.5627426},{"tripID":4417883,"serviceDate":1395730800000,"direction":0,"garage":"POWELL","type":"bus","lastLocID":7962,"messageCode":766,"time":1395761735143,"expires":1395762153000,"signMessageLong":"72  Killingsworth/82nd to Swan Island-Anchor St","extraBlockID":null,"locationInScheduleDay":30962,"longitude":-122.5790514,"blockID":7240,"offRoute":false,"nextLocID":7982,"vehicleID":2533,"signMessage":"72 Swan Island","extraTripID":null,"nextStopSeq":16,"routeNumber":72,"vehicleLoad":"unknown","bearing":359,"lastStopSeq":15,"inCongestion":false,"delay":29,"latitude":45.4686016},{"tripID":4417880,"serviceDate":1395730800000,"direction":0,"garage":"POWELL","type":"bus","lastLocID":7933,"messageCode":766,"time":1395761738490,"expires":1395762156000,"signMessageLong":"72  Killingsworth/82nd to Swan Island-Anchor St","extraBlockID":null,"locationInScheduleDay":30868,"longitude":-122.5787399,"blockID":7236,"offRoute":false,"nextLocID":8039,"vehicleID":2552,"signMessage":"72 Swan Island","extraTripID":null,"nextStopSeq":58,"routeNumber":72,"vehicleLoad":"unknown","bearing":0,"lastStopSeq":57,"inCongestion":false,"delay":-68,"latitude":45.5498368},{"tripID":4418203,"serviceDate":1395730800000,"direction":1,"garage":"POWELL","type":"bus","lastLocID":7942,"messageCode":760,"time":1395761735263,"expires":1395762153000,"signMessageLong":"72  Killingsworth/82nd to Clackamas TC","extraBlockID":null,"locationInScheduleDay":30900,"longitude":-122.5788987,"blockID":7242,"offRoute":false,"nextLocID":12921,"vehicleID":2548,"signMessage":"72 Clackamas TC","extraTripID":null,"nextStopSeq":110,"routeNumber":72,"vehicleLoad":"unknown","bearing":90,"lastStopSeq":109,"inCongestion":false,"delay":-33,"latitude":45.4370761},{"tripID":4411320,"serviceDate":1395730800000,"direction":0,"garage":"POWELL","type":"bus","lastLocID":2625,"messageCode":266,"time":1395761723196,"expires":1395762141000,"signMessageLong":"14  Hawthorne to 94th & Foster","extraBlockID":null,"locationInScheduleDay":30960,"longitude":-122.6230796,"blockID":1440,"offRoute":false,"nextLocID":2628,"vehicleID":2308,"signMessage":"14 To 94-Foster","extraTripID":null,"nextStopSeq":19,"routeNumber":14,"vehicleLoad":"unknown","bearing":90,"lastStopSeq":18,"inCongestion":false,"delay":39,"latitude":45.5120448},{"tripID":4417879,"serviceDate":1395730800000,"direction":0,"garage":"POWELL","type":"bus","lastLocID":3196,"messageCode":766,"time":1395761741185,"expires":1395762160000,"signMessageLong":"72  Killingsworth/82nd to Swan Island-Anchor St","extraBlockID":null,"locationInScheduleDay":30929,"longitude":-122.6274984,"blockID":7253,"offRoute":false,"nextLocID":3194,"vehicleID":2318,"signMessage":"72 Swan Island","extraTripID":null,"nextStopSeq":77,"routeNumber":72,"vehicleLoad":"unknown","bearing":269,"lastStopSeq":76,"inCongestion":false,"delay":-11,"latitude":45.5627502},{"tripID":4411572,"serviceDate":1395730800000,"direction":1,"garage":"POWELL","type":"bus","lastLocID":13169,"messageCode":266,"time":1395761735225,"expires":1395762153000,"signMessageLong":"14  Hawthorne to 94th & Foster","extraBlockID":null,"locationInScheduleDay":30948,"longitude":-122.6811431,"blockID":1435,"offRoute":false,"nextLocID":3639,"vehicleID":2316,"signMessage":"14 To 94-Foster","extraTripID":null,"nextStopSeq":45,"routeNumber":14,"vehicleLoad":"unknown","bearing":200,"lastStopSeq":44,"inCongestion":false,"delay":15,"latitude":45.5165323},{"tripID":4411573,"serviceDate":1395730800000,"direction":1,"garage":"CENTER","type":"bus","lastLocID":3633,"messageCode":268,"time":1395761723092,"expires":1395762141000,"signMessageLong":"14  Hawthorne to Portland","extraBlockID":null,"locationInScheduleDay":30952,"longitude":-122.6606011,"blockID":1403,"offRoute":false,"nextLocID":2642,"vehicleID":2725,"signMessage":"14 To Portland","extraTripID":null,"nextStopSeq":42,"routeNumber":14,"vehicleLoad":"unknown","bearing":270,"lastStopSeq":41,"inCongestion":false,"delay":31,"latitude":45.5129375},{"tripID":4419231,"serviceDate":1395730800000,"direction":1,"garage":"CENTER","type":"bus","lastLocID":2428,"messageCode":813,"time":1395761723087,"expires":1395762141000,"signMessageLong":"77  Broadway/Halsey to Montgomery Park","extraBlockID":null,"locationInScheduleDay":30918,"longitude":-122.6111859,"blockID":7705,"offRoute":false,"nextLocID":2425,"vehicleID":2720,"signMessage":"77 Montgomry Pk","extraTripID":null,"nextStopSeq":64,"routeNumber":77,"vehicleLoad":"unknown","bearing":270,"lastStopSeq":63,"inCongestion":false,"delay":-3,"latitude":45.5337418},{"tripID":4411574,"serviceDate":1395730800000,"direction":1,"garage":"CENTER","type":"bus","lastLocID":2624,"messageCode":268,"time":1395761735113,"expires":1395762153000,"signMessageLong":"14  Hawthorne to Portland","extraBlockID":null,"locationInScheduleDay":30864,"longitude":-122.6282239,"blockID":1404,"offRoute":false,"nextLocID":12892,"vehicleID":2718,"signMessage":"14 To Portland","extraTripID":null,"nextStopSeq":30,"routeNumber":14,"vehicleLoad":"unknown","bearing":270,"lastStopSeq":29,"inCongestion":false,"delay":-69,"latitude":45.5120558},{"tripID":4413801,"serviceDate":1395730800000,"direction":0,"garage":"CENTER","type":"bus","lastLocID":2569,"messageCode":456,"time":1395761741078,"expires":1395762159000,"signMessageLong":"31  Clackamas Town Center","extraBlockID":null,"locationInScheduleDay":30728,"longitude":-122.6360081,"blockID":3101,"offRoute":false,"nextLocID":2572,"vehicleID":2714,"signMessage":"31 To Clackamas Town Ctr","extraTripID":null,"nextStopSeq":3,"routeNumber":31,"vehicleLoad":"unknown","bearing":88,"lastStopSeq":2,"inCongestion":false,"delay":-211,"latitude":45.4464543},{"tripID":4417320,"serviceDate":1395730800000,"direction":1,"garage":"CENTER","type":"bus","lastLocID":6872,"messageCode":791,"time":1395761723066,"expires":1395762142000,"signMessageLong":"70  To Milwaukie","extraBlockID":null,"locationInScheduleDay":30680,"longitude":-122.6432688,"blockID":7007,"offRoute":false,"nextLocID":13477,"vehicleID":2709,"signMessage":"70 To Milwaukie","extraTripID":null,"nextStopSeq":83,"routeNumber":70,"vehicleLoad":"unknown","bearing":126,"lastStopSeq":82,"inCongestion":false,"delay":0,"latitude":45.4454092},{"tripID":4417324,"serviceDate":1395730800000,"direction":1,"garage":"CENTER","type":"bus","lastLocID":9368,"messageCode":788,"time":1395761731995,"expires":1395762151000,"signMessageLong":"70  12th/NE 33rd Ave to Milwaukie","extraBlockID":null,"locationInScheduleDay":30931,"longitude":-122.6357648,"blockID":7001,"offRoute":false,"nextLocID":9414,"vehicleID":2704,"signMessage":"70 To Milwaukie","extraTripID":null,"nextStopSeq":2,"routeNumber":70,"vehicleLoad":"unknown","bearing":180,"lastStopSeq":1,"inCongestion":false,"delay":0,"latitude":45.5898735},{"tripID":4417171,"serviceDate":1395730800000,"direction":0,"garage":"CENTER","type":"bus","lastLocID":6588,"messageCode":780,"time":1395761728916,"expires":1395762146000,"signMessageLong":"70  12th/NE 33rd Ave to NE Sunderland","extraBlockID":null,"locationInScheduleDay":31041,"longitude":-122.6536532,"blockID":7003,"offRoute":false,"nextLocID":6594,"vehicleID":2705,"signMessage":"70 To Sunderlnd","extraTripID":null,"nextStopSeq":32,"routeNumber":70,"vehicleLoad":"unknown","bearing":0,"lastStopSeq":31,"inCongestion":false,"delay":115,"latitude":45.5170609},{"tripID":4417323,"serviceDate":1395730800000,"direction":1,"garage":"CENTER","type":"bus","lastLocID":639,"messageCode":788,"time":1395761642278,"expires":1395762061000,"signMessageLong":"70  12th/NE 33rd Ave to Milwaukie","extraBlockID":null,"locationInScheduleDay":31092,"longitude":-122.6387084,"blockID":7004,"offRoute":false,"nextLocID":637,"vehicleID":2701,"signMessage":"70 To Milwaukie","extraTripID":null,"nextStopSeq":36,"routeNumber":70,"vehicleLoad":"unknown","bearing":270,"lastStopSeq":35,"inCongestion":false,"delay":251,"latitude":45.5351627},{"tripID":4419094,"serviceDate":1395730800000,"direction":0,"garage":"CENTER","type":"bus","lastLocID":2430,"messageCode":809,"time":1395761723182,"expires":1395762140000,"signMessageLong":"77  Broadway/Halsey to Troutdale","extraBlockID":null,"locationInScheduleDay":30896,"longitude":-122.6066419,"blockID":7704,"offRoute":false,"nextLocID":2434,"vehicleID":2614,"signMessage":"77 To Troutdale","extraTripID":null,"nextStopSeq":42,"routeNumber":77,"vehicleLoad":"unknown","bearing":90,"lastStopSeq":41,"inCongestion":false,"delay":-24,"latitude":45.533725},{"tripID":4411576,"serviceDate":1395730800000,"direction":1,"garage":"CENTER","type":"bus","lastLocID":1798,"messageCode":268,"time":1395761735198,"expires":1395762152000,"signMessageLong":"14  Hawthorne to Portland","extraBlockID":null,"locationInScheduleDay":31063,"longitude":-122.6084711,"blockID":1401,"offRoute":false,"nextLocID":1793,"vehicleID":2608,"signMessage":"14 To Portland","extraTripID":null,"nextStopSeq":17,"routeNumber":14,"vehicleLoad":"unknown","bearing":307,"lastStopSeq":16,"inCongestion":false,"delay":131,"latitude":45.495404},{"tripID":4417169,"serviceDate":1395730800000,"direction":0,"garage":"CENTER","type":"bus","lastLocID":13040,"messageCode":783,"time":1395761720477,"expires":1395762138000,"signMessageLong":"70  33rd Ave to NE Sunderland","extraBlockID":null,"locationInScheduleDay":30885,"longitude":-122.6357652,"blockID":7010,"offRoute":false,"nextLocID":9368,"vehicleID":2623,"signMessage":"70 To Sunderlnd","extraTripID":null,"nextStopSeq":83,"routeNumber":70,"vehicleLoad":"unknown","bearing":179,"lastStopSeq":82,"inCongestion":false,"delay":0,"latitude":45.5912876},{"tripID":4419229,"serviceDate":1395730800000,"direction":1,"garage":"CENTER","type":"bus","lastLocID":2099,"messageCode":813,"time":1395761726317,"expires":1395762145000,"signMessageLong":"77  Broadway/Halsey to Montgomery Park","extraBlockID":null,"locationInScheduleDay":30731,"longitude":-122.6944738,"blockID":7707,"offRoute":false,"nextLocID":7113,"vehicleID":2653,"signMessage":"77 Montgomry Pk","extraTripID":null,"nextStopSeq":95,"routeNumber":77,"vehicleLoad":"unknown","bearing":358,"lastStopSeq":94,"inCongestion":false,"delay":-194,"latitude":45.5275453},{"tripID":4417172,"serviceDate":1395730800000,"direction":0,"garage":"CENTER","type":"bus","lastLocID":6885,"messageCode":781,"time":1395761738452,"expires":1395762156000,"signMessageLong":"70  12th/NE 33rd Ave to NE Sunderland via 17th & Tacoma","extraBlockID":null,"locationInScheduleDay":30880,"longitude":-122.6470499,"blockID":7009,"offRoute":false,"nextLocID":6853,"vehicleID":2626,"signMessage":"70 To Sunderland via 17th","extraTripID":null,"nextStopSeq":6,"routeNumber":70,"vehicleLoad":"unknown","bearing":359,"lastStopSeq":5,"inCongestion":false,"delay":-56,"latitude":45.4598524},{"tripID":4419228,"serviceDate":1395730800000,"direction":1,"garage":"CENTER","type":"bus","lastLocID":8483,"messageCode":813,"time":1395761726331,"expires":1395762145000,"signMessageLong":"77  Broadway/Halsey to Montgomery Park","extraBlockID":null,"locationInScheduleDay":30400,"longitude":-122.7069345,"blockID":7703,"offRoute":false,"nextLocID":8484,"vehicleID":2630,"signMessage":"77 Montgomry Pk","extraTripID":null,"nextStopSeq":109,"routeNumber":77,"vehicleLoad":"unknown","bearing":178,"lastStopSeq":108,"inCongestion":false,"delay":0,"latitude":45.5377966},{"tripID":4419233,"serviceDate":1395730800000,"direction":1,"garage":"CENTER","type":"bus","lastLocID":2420,"messageCode":813,"time":1395761720485,"expires":1395762137000,"signMessageLong":"77  Broadway/Halsey to Montgomery Park","extraBlockID":null,"locationInScheduleDay":30890,"longitude":-122.4205397,"blockID":7706,"offRoute":false,"nextLocID":2331,"vehicleID":2632,"signMessage":"77 Montgomry Pk","extraTripID":null,"nextStopSeq":10,"routeNumber":77,"vehicleLoad":"unknown","bearing":260,"lastStopSeq":9,"inCongestion":false,"delay":-27,"latitude":45.5368304},{"tripID":4418206,"serviceDate":1395730800000,"direction":1,"garage":"POWELL","type":"bus","lastLocID":8025,"messageCode":760,"time":1395761690110,"expires":1395762107000,"signMessageLong":"72  Killingsworth/82nd to Clackamas TC","extraBlockID":null,"locationInScheduleDay":30924,"longitude":-122.5786586,"blockID":7237,"offRoute":false,"nextLocID":8038,"vehicleID":3004,"signMessage":"72 Clackamas TC","extraTripID":null,"nextStopSeq":55,"routeNumber":72,"vehicleLoad":"unknown","bearing":180,"lastStopSeq":54,"inCongestion":false,"delay":37,"latitude":45.5539078},{"tripID":4417878,"serviceDate":1395730800000,"direction":0,"garage":"POWELL","type":"bus","lastLocID":3154,"messageCode":766,"time":1395761728905,"expires":1395762148000,"signMessageLong":"72  Killingsworth/82nd to Swan Island-Anchor St","extraBlockID":null,"locationInScheduleDay":31081,"longitude":-122.6748043,"blockID":7251,"offRoute":false,"nextLocID":3174,"vehicleID":3003,"signMessage":"72 Swan Island","extraTripID":null,"nextStopSeq":98,"routeNumber":72,"vehicleLoad":"unknown","bearing":269,"lastStopSeq":97,"inCongestion":false,"delay":153,"latitude":45.5626905},{"tripID":4418209,"serviceDate":1395730800000,"direction":1,"garage":"POWELL","type":"bus","lastLocID":115,"messageCode":760,"time":1395761741070,"expires":1395762159000,"signMessageLong":"72  Killingsworth/82nd to Clackamas TC","extraBlockID":null,"locationInScheduleDay":30939,"longitude":-122.703865,"blockID":7241,"offRoute":false,"nextLocID":8681,"vehicleID":3048,"signMessage":"72 Clackamas TC","extraTripID":null,"nextStopSeq":2,"routeNumber":72,"vehicleLoad":"unknown","bearing":159,"lastStopSeq":1,"inCongestion":false,"delay":0,"latitude":45.5567629},{"tripID":4418207,"serviceDate":1395730800000,"direction":1,"garage":"POWELL","type":"bus","lastLocID":3199,"messageCode":760,"time":1395761735099,"expires":1395762153000,"signMessageLong":"72  Killingsworth/82nd to Clackamas TC","extraBlockID":null,"locationInScheduleDay":31033,"longitude":-122.6199059,"blockID":7245,"offRoute":false,"nextLocID":3144,"vehicleID":3052,"signMessage":"72 Clackamas TC","extraTripID":null,"nextStopSeq":41,"routeNumber":72,"vehicleLoad":"unknown","bearing":90,"lastStopSeq":40,"inCongestion":false,"delay":100,"latitude":45.5628108},{"tripID":4418210,"serviceDate":1395730800000,"direction":1,"garage":"POWELL","type":"bus","lastLocID":115,"messageCode":760,"time":1395761720382,"expires":1395762137000,"signMessageLong":"72  Killingsworth/82nd to Clackamas TC","extraBlockID":null,"locationInScheduleDay":30917,"longitude":-122.703865,"blockID":7234,"offRoute":false,"nextLocID":8681,"vehicleID":3054,"signMessage":"72 Clackamas TC","extraTripID":null,"nextStopSeq":2,"routeNumber":72,"vehicleLoad":"unknown","bearing":159,"lastStopSeq":1,"inCongestion":false,"delay":0,"latitude":45.5567629},{"tripID":4419234,"serviceDate":1395730800000,"direction":1,"garage":"POWELL","type":"bus","lastLocID":9481,"messageCode":813,"time":1395761735120,"expires":1395762152000,"signMessageLong":"77  Broadway/Halsey to Montgomery Park","extraBlockID":null,"locationInScheduleDay":30932,"longitude":-122.3982117,"blockID":7734,"offRoute":false,"nextLocID":9471,"vehicleID":3046,"signMessage":"77 Montgomry Pk","extraTripID":null,"nextStopSeq":2,"routeNumber":77,"vehicleLoad":"unknown","bearing":85,"lastStopSeq":1,"inCongestion":false,"delay":0,"latitude":45.5443612},{"tripID":4419095,"serviceDate":1395730800000,"direction":0,"garage":"POWELL","type":"bus","lastLocID":1612,"messageCode":809,"time":1395761696034,"expires":1395762113000,"signMessageLong":"77  Broadway/Halsey to Troutdale","extraBlockID":null,"locationInScheduleDay":30609,"longitude":-122.6708017,"blockID":7738,"offRoute":false,"nextLocID":11817,"vehicleID":3035,"signMessage":"77 To Troutdale","extraTripID":null,"nextStopSeq":19,"routeNumber":77,"vehicleLoad":"unknown","bearing":33,"lastStopSeq":18,"inCongestion":false,"delay":-284,"latitude":45.5256109},{"tripID":4417877,"serviceDate":1395730800000,"direction":0,"garage":"POWELL","type":"bus","lastLocID":49,"messageCode":766,"time":1395761723055,"expires":1395762141000,"signMessageLong":"72  Killingsworth/82nd to Swan Island-Anchor St","extraBlockID":null,"locationInScheduleDay":31025,"longitude":-122.6553718,"blockID":7243,"offRoute":false,"nextLocID":70,"vehicleID":3025,"signMessage":"72 Swan Island","extraTripID":null,"nextStopSeq":90,"routeNumber":72,"vehicleLoad":"unknown","bearing":270,"lastStopSeq":89,"inCongestion":false,"delay":104,"latitude":45.5591112},{"tripID":4419096,"serviceDate":1395730800000,"direction":0,"garage":"CENTER","type":"bus","lastLocID":6013,"messageCode":809,"time":1395761711101,"expires":1395762129000,"signMessageLong":"77  Broadway/Halsey to Troutdale","extraBlockID":null,"locationInScheduleDay":30988,"longitude":-122.6993515,"blockID":7702,"offRoute":false,"nextLocID":7168,"vehicleID":2005,"signMessage":"77 To Troutdale","extraTripID":null,"nextStopSeq":4,"routeNumber":77,"vehicleLoad":"unknown","bearing":88,"lastStopSeq":3,"inCongestion":false,"delay":79,"latitude":45.5369171}],"queryTime":1395761749069}}
