{"resultSet":{"vehicle":[{"tripID":4411566,"serviceDate":1395730800000,"direction":1,"garage":"POWELL","type":"bus","lastLocID":1831,"messageCode":268,"time":1395756682805,"expires":1395757099000,"signMessageLong":"14  Hawthorne to Portland","extraBlockID":null,"locationInScheduleDay":25879,"longitude":-122.5662917,"blockID":1436,"offRoute":false,"nextLocID":13236,"vehicleID":2206,"signMessage":"14 To Portland","extraTripID":null,"nextStopSeq":2,"routeNumber":14,"vehicleLoad":"unknown","bearing":291,"lastStopSeq":1,"inCongestion":false,"delay":0,"latitude":45.4791765},{"tripID":4419089,"serviceDate":1395730800000,"direction":0,"garage":"POWELL","type":"bus","lastLocID":653,"messageCode":809,"time":1395756682842,"expires":1395757101000,"signMessageLong":"77  Broadway/Halsey to Troutdale","extraBlockID":null,"locationInScheduleDay":25684,"longitude":-122.6150005,"blockID":7735,"offRoute":false,"nextLocID":2426,"vehicleID":2222,"signMessage":"77 To Troutdale","extraTripID":null,"nextStopSeq":39,"routeNumber":77,"vehicleLoad":"unknown","bearing":180,"lastStopSeq":38,"inCongestion":false,"delay":-197,"latitude":45.5340551},{"tripID":4419092,"serviceDate":1395730800000,"direction":0,"garage":"POWELL","type":"bus","lastLocID":8484,"messageCode":809,"time":1395756680079,"expires":1395757097000,"signMessageLong":"77  Broadway/Halsey to Troutdale","extraBlockID":null,"locationInScheduleDay":25877,"longitude":-122.7069049,"blockID":7736,"offRoute":false,"nextLocID":8385,"vehicleID":2221,"signMessage":"77 To Troutdale","extraTripID":null,"nextStopSeq":2,"routeNumber":77,"vehicleLoad":"unknown","bearing":178,"lastStopSeq":1,"inCongestion":false,"delay":0,"latitude":45.5370429},{"tripID":4411562,"serviceDate":1395730800000,"direction":1,"garage":"POWELL","type":"bus","lastLocID":2602,"messageCode":268,"time":1395756695382,"expires":1395757113000,"signMessageLong":"14  Hawthorne to Portland","extraBlockID":null,"locationInScheduleDay":26010,"longitude":-122.6535737,"blockID":1437,"offRoute":false,"nextLocID":3637,"vehicleID":2264,"signMessage":"14 To Portland","extraTripID":null,"nextStopSeq":39,"routeNumber":14,"vehicleLoad":"unknown","bearing":306,"lastStopSeq":38,"inCongestion":false,"delay":117,"latitude":45.5122977},{"tripID":4418200,"serviceDate":1395730800000,"direction":1,"garage":"POWELL","type":"bus","lastLocID":3165,"messageCode":760,"time":1395756700994,"expires":1395757119000,"signMessageLong":"72  Killingsworth/82nd to Clackamas TC","extraBlockID":null,"locationInScheduleDay":25907,"longitude":-122.6619108,"blockID":7247,"offRoute":false,"nextLocID":5927,"vehicleID":2250,"signMessage":"72 Clackamas TC","extraTripID":null,"nextStopSeq":20,"routeNumber":72,"vehicleLoad":"unknown","bearing":89,"lastStopSeq":19,"inCongestion":false,"delay":8,"latitude":45.5627489},{"tripID":4418198,"serviceDate":1395730800000,"direction":1,"garage":"POWELL","type":"bus","lastLocID":3186,"messageCode":760,"time":1395756695392,"expires":1395757112000,"signMessageLong":"72  Killingsworth/82nd to Clackamas TC","extraBlockID":null,"locationInScheduleDay":25964,"longitude":-122.5810442,"blockID":7246,"offRoute":false,"nextLocID":3185,"vehicleID":2296,"signMessage":"72 Clackamas TC","extraTripID":null,"nextStopSeq":51,"routeNumber":72,"vehicleLoad":"unknown","bearing":89,"lastStopSeq":50,"inCongestion":false,"delay":72,"latitude":45.5626698},{"tripID":4419224,"serviceDate":1395730800000,"direction":1,"garage":"POWELL","type":"bus","lastLocID":2086,"messageCode":813,"time":1395756698318,"expires":1395757115000,"signMessageLong":"77  Broadway/Halsey to Montgomery Park","extraBlockID":null,"locationInScheduleDay":25648,"longitude":-122.6920636,"blockID":7737,"offRoute":false,"nextLocID":2099,"vehicleID":2285,"signMessage":"77 Montgomry Pk","extraTripID":null,"nextStopSeq":94,"routeNumber":77,"vehicleLoad":"unknown","bearing":268,"lastStopSeq":93,"inCongestion":false,"delay":-247,"latitude":45.526345},{"tripID":4417869,"serviceDate":1395730800000,"direction":0,"garage":"POWELL","type":"bus","lastLocID":10957,"messageCode":766,"time":1395756680175,"expires":1395757097000,"signMessageLong":"72  Killingsworth/82nd to Swan Island-Anchor St","extraBlockID":null,"locationInScheduleDay":25696,"longitude":-122.6625046,"blockID":7244,"offRoute":false,"nextLocID":3187,"vehicleID":2276,"signMessage":"72 Swan Island","extraTripID":null,"nextStopSeq":94,"routeNumber":72,"vehicleLoad":"unknown","bearing":270,"lastStopSeq":93,"inCongestion":false,"delay":-181,"latitude":45.562737},{"tripID":4417318,"serviceDate":1395730800000,"direction":1,"garage":"CENTER","type":"bus","lastLocID":8500,"messageCode":788,"time":1395756560165,"expires":1395756978000,"signMessageLong":"70  12th/NE 33rd Ave to Milwaukie","extraBlockID":null,"locationInScheduleDay":25759,"longitude":-122.6372584,"blockID":7005,"offRoute":false,"nextLocID":8499,"vehicleID":2132,"signMessage":"70 To Milwaukie","extraTripID":null,"nextStopSeq":12,"routeNumber":70,"vehicleLoad":"unknown","bearing":106,"lastStopSeq":11,"inCongestion":false,"delay":1,"latitude":45.5750786},{"tripID":4413878,"serviceDate":1395730800000,"direction":1,"garage":"CENTER","type":"bus","lastLocID":7800,"messageCode":467,"time":1395756682766,"expires":1395757101000,"signMessageLong":"31  Downtown Only","extraBlockID":null,"locationInScheduleDay":25164,"longitude":-122.679122,"blockID":3001,"offRoute":false,"nextLocID":7797,"vehicleID":2123,"signMessage":"31 Downtown Only","extraTripID":null,"nextStopSeq":11,"routeNumber":31,"vehicleLoad":"unknown","bearing":21,"lastStopSeq":10,"inCongestion":false,"delay":-717,"latitude":45.5181776},{"tripID":4417166,"serviceDate":1395730800000,"direction":0,"garage":"CENTER","type":"bus","lastLocID":4539,"messageCode":780,"time":1395756695180,"expires":1395757114000,"signMessageLong":"70  12th/NE 33rd Ave to NE Sunderland","extraBlockID":null,"locationInScheduleDay":25658,"longitude":-122.654232,"blockID":7006,"offRoute":false,"nextLocID":6578,"vehicleID":2150,"signMessage":"70 To Sunderlnd","extraTripID":null,"nextStopSeq":24,"routeNumber":70,"vehicleLoad":"unknown","bearing":359,"lastStopSeq":23,"inCongestion":false,"delay":-236,"latitude":45.5025242},{"tripID":4417316,"serviceDate":1395730800000,"direction":1,"garage":"CENTER","type":"bus","lastLocID":3941,"messageCode":738,"time":1395756695228,"expires":1395757111000,"signMessageLong":"70  12th Ave to Milwaukie via 13th & Tacoma","extraBlockID":null,"locationInScheduleDay":25863,"longitude":-122.6531303,"blockID":7008,"offRoute":false,"nextLocID":3909,"vehicleID":2506,"signMessage":"70 To Milwaukie","extraTripID":null,"nextStopSeq":17,"routeNumber":70,"vehicleLoad":"unknown","bearing":167,"lastStopSeq":16,"inCongestion":false,"delay":-28,"latitude":45.4950317},{"tripID":4418197,"serviceDate":1395730800000,"direction":1,"garage":"POWELL","type":"bus","lastLocID":8038,"messageCode":760,"time":1395756695288,"expires":1395757111000,"signMessageLong":"72  Killingsworth/82nd to Clackamas TC","extraBlockID":null,"locationInScheduleDay":25803,"longitude":-122.5787377,"blockID":7238,"offRoute":false,"nextLocID":7934,"vehicleID":2527,"signMessage":"72 Clackamas TC","extraTripID":null,"nextStopSeq":56,"routeNumber":72,"vehicleLoad":"unknown","bearing":180,"lastStopSeq":55,"inCongestion":false,"delay":-88,"latitude":45.5500123},{"tripID":4417165,"serviceDate":1395730800000,"direction":0,"garage":"CENTER","type":"bus","lastLocID":7365,"messageCode":783,"time":1395756700959,"expires":1395757119000,"signMessageLong":"70  33rd Ave to NE Sunderland","extraBlockID":null,"locationInScheduleDay":25859,"longitude":-122.6306964,"blockID":7002,"offRoute":false,"nextLocID":7385,"vehicleID":2524,"signMessage":"70 To Sunderlnd","extraTripID":null,"nextStopSeq":51,"routeNumber":70,"vehicleLoad":"unknown","bearing":0,"lastStopSeq":50,"inCongestion":false,"delay":-40,"latitude":45.5399995},{"tripID":4419087,"serviceDate":1395730800000,"direction":0,"garage":"CENTER","type":"bus","lastLocID":9472,"messageCode":809,"time":1395756706708,"expires":1395757126000,"signMessageLong":"77  Broadway/Halsey to Troutdale","extraBlockID":null,"locationInScheduleDay":26157,"longitude":-122.398504,"blockID":7701,"offRoute":false,"nextLocID":9481,"vehicleID":2512,"signMessage":"77 To Troutdale","extraTripID":null,"nextStopSeq":102,"routeNumber":77,"vehicleLoad":"unknown","bearing":85,"lastStopSeq":101,"inCongestion":false,"delay":0,"latitude":45.5443436},{"tripID":4417872,"serviceDate":1395730800000,"direction":0,"garage":"POWELL","type":"bus","lastLocID":7935,"messageCode":768,"time":1395756655874,"expires":1395757073000,"signMessageLong":"72  Killingsworth/82nd to Swan Island-Shipyards","extraBlockID":null,"locationInScheduleDay":25600,"longitude":-122.5788018,"blockID":7239,"offRoute":false,"nextLocID":7943,"vehicleID":2540,"signMessage":"72 Swan Island","extraTripID":null,"nextStopSeq":27,"routeNumber":72,"vehicleLoad":"unknown","bearing":0,"lastStopSeq":26,"inCongestion":false,"delay":-253,"latitude":45.4924258},{"tripID":4418199,"serviceDate":1395730800000,"direction":1,"garage":"POWELL","type":"bus","lastLocID":3190,"messageCode":760,"time":1395756704144,"expires":1395757120000,"signMessageLong":"72  Killingsworth/82nd to Clackamas TC","extraBlockID":null,"locationInScheduleDay":25955,"longitude":-122.6308765,"blockID":7240,"offRoute":false,"nextLocID":3191,"vehicleID":2533,"signMessage":"72 Clackamas TC","extraTripID":null,"nextStopSeq":36,"routeNumber":72,"vehicleLoad":"unknown","bearing":89,"lastStopSeq":35,"inCongestion":false,"delay":55,"latitude":45.5627228},{"tripID":4417874,"serviceDate":1395730800000,"direction":0,"garage":"POWELL","type":"bus","lastLocID":12922,"messageCode":768,"time":1395756695546,"expires":1395757113000,"signMessageLong":"72  Killingsworth/82nd to Swan Island-Shipyards","extraBlockID":null,"locationInScheduleDay":25922,"longitude":-122.574213,"blockID":7249,"offRoute":false,"nextLocID":7941,"vehicleID":2558,"signMessage":"72 Swan Island","extraTripID":null,"nextStopSeq":3,"routeNumber":72,"vehicleLoad":"unknown","bearing":271,"lastStopSeq":2,"inCongestion":false,"delay":29,"latitude":45.4374133},{"tripID":4418196,"serviceDate":1395730800000,"direction":1,"garage":"POWELL","type":"bus","lastLocID":7973,"messageCode":760,"time":1395756698346,"expires":1395757117000,"signMessageLong":"72  Killingsworth/82nd to Clackamas TC","extraBlockID":null,"locationInScheduleDay":25861,"longitude":-122.5790573,"blockID":7236,"offRoute":false,"nextLocID":7956,"vehicleID":2552,"signMessage":"72 Clackamas TC","extraTripID":null,"nextStopSeq":69,"routeNumber":72,"vehicleLoad":"unknown","bearing":180,"lastStopSeq":68,"inCongestion":false,"delay":-36,"latitude":45.5267627},{"tripID":4417868,"serviceDate":1395730800000,"direction":0,"garage":"POWELL","type":"bus","lastLocID":3319,"messageCode":768,"time":1395756698353,"expires":1395757115000,"signMessageLong":"72  Killingsworth/82nd to Swan Island-Shipyards","extraBlockID":null,"locationInScheduleDay":25611,"longitude":-122.7133368,"blockID":7242,"offRoute":false,"nextLocID":3318,"vehicleID":2548,"signMessage":"72 Swan Island","extraTripID":null,"nextStopSeq":112,"routeNumber":72,"vehicleLoad":"unknown","bearing":308,"lastStopSeq":111,"inCongestion":false,"delay":-284,"latitude":45.5633721},{"tripID":4411561,"serviceDate":1395730800000,"direction":1,"garage":"POWELL","type":"bus","lastLocID":13169,"messageCode":266,"time":1395756698324,"expires":1395757117000,"signMessageLong":"14  Hawthorne to 94th & Foster","extraBlockID":null,"locationInScheduleDay":25741,"longitude":-122.6812659,"blockID":1435,"offRoute":false,"nextLocID":3639,"vehicleID":2316,"signMessage":"14 To 94-Foster","extraTripID":null,"nextStopSeq":45,"routeNumber":14,"vehicleLoad":"unknown","bearing":200,"lastStopSeq":44,"inCongestion":false,"delay":-156,"latitude":45.5163046},{"tripID":4413879,"serviceDate":1395730800000,"direction":1,"garage":"CENTER","type":"bus","lastLocID":3797,"messageCode":466,"time":1395756674198,"expires":1395757088000,"signMessageLong":"31  Portland","extraBlockID":null,"locationInScheduleDay":25636,"longitude":-122.6386652,"blockID":1403,"offRoute":false,"nextLocID":3785,"vehicleID":2725,"signMessage":"31 To Portland","extraTripID":null,"nextStopSeq":32,"routeNumber":31,"vehicleLoad":"unknown","bearing":351,"lastStopSeq":31,"inCongestion":false,"delay":-232,"latitude":45.466964},{"tripID":4419088,"serviceDate":1395730800000,"direction":0,"garage":"CENTER","type":"bus","lastLocID":2396,"messageCode":809,"time":1395756604933,"expires":1395757022000,"signMessageLong":"77  Broadway/Halsey to Troutdale","extraBlockID":null,"locationInScheduleDay":25988,"longitude":-122.4938105,"blockID":7705,"offRoute":false,"nextLocID":2397,"vehicleID":2720,"signMessage":"77 To Troutdale","extraTripID":null,"nextStopSeq":75,"routeNumber":77,"vehicleLoad":"unknown","bearing":91,"lastStopSeq":74,"inCongestion":false,"delay":186,"latitude":45.5343187},{"tripID":4411563,"serviceDate":1395730800000,"direction":1,"garage":"CENTER","type":"bus","lastLocID":7665,"messageCode":268,"time":1395756655855,"expires":1395757073000,"signMessageLong":"14  Hawthorne to Portland","extraBlockID":null,"locationInScheduleDay":25755,"longitude":-122.6112414,"blockID":1404,"offRoute":false,"nextLocID":8242,"vehicleID":2718,"signMessage":"14 To Portland","extraTripID":null,"nextStopSeq":20,"routeNumber":14,"vehicleLoad":"unknown","bearing":14,"lastStopSeq":19,"inCongestion":false,"delay":-98,"latitude":45.5010844},{"tripID":4417320,"serviceDate":1395730800000,"direction":1,"garage":"CENTER","type":"bus","lastLocID":9368,"messageCode":788,"time":1395756698148,"expires":1395757115000,"signMessageLong":"70  12th/NE 33rd Ave to Milwaukie","extraBlockID":null,"locationInScheduleDay":25895,"longitude":-122.6357648,"blockID":7007,"offRoute":false,"nextLocID":9414,"vehicleID":2709,"signMessage":"70 To Milwaukie","extraTripID":null,"nextStopSeq":2,"routeNumber":70,"vehicleLoad":"unknown","bearing":180,"lastStopSeq":1,"inCongestion":false,"delay":0,"latitude":45.5898735},{"tripID":4417168,"serviceDate":1395730800000,"direction":0,"garage":"CENTER","type":"bus","lastLocID":13477,"messageCode":781,"time":1395756682770,"expires":1395757099000,"signMessageLong":"70  12th/NE 33rd Ave to NE Sunderland via 17th & Tacoma","extraBlockID":null,"locationInScheduleDay":25879,"longitude":-122.6407309,"blockID":7001,"offRoute":false,"nextLocID":8225,"vehicleID":2704,"signMessage":"70 To Sunderland via 17th","extraTripID":null,"nextStopSeq":2,"routeNumber":70,"vehicleLoad":"unknown","bearing":81,"lastStopSeq":1,"inCongestion":false,"delay":0,"latitude":45.4448667},{"tripID":4417317,"serviceDate":1395730800000,"direction":1,"garage":"CENTER","type":"bus","lastLocID":4045,"messageCode":788,"time":1395756655844,"expires":1395757074000,"signMessageLong":"70  12th/NE 33rd Ave to Milwaukie","extraBlockID":null,"locationInScheduleDay":26042,"longitude":-122.6537408,"blockID":7003,"offRoute":false,"nextLocID":4044,"vehicleID":2705,"signMessage":"70 To Milwaukie","extraTripID":null,"nextStopSeq":43,"routeNumber":70,"vehicleLoad":"unknown","bearing":270,"lastStopSeq":42,"inCongestion":false,"delay":188,"latitude":45.5314899},{"tripID":4417167,"serviceDate":1395730800000,"direction":0,"garage":"CENTER","type":"bus","lastLocID":6708,"messageCode":782,"time":1395756680012,"expires":1395757097000,"signMessageLong":"70  12th/NE 33rd Ave to NE Sunderland via 13th & Tacoma","extraBlockID":null,"locationInScheduleDay":25754,"longitude":-122.6529903,"blockID":7004,"offRoute":false,"nextLocID":6699,"vehicleID":2701,"signMessage":"70 To Sunderland via 13th","extraTripID":null,"nextStopSeq":11,"routeNumber":70,"vehicleLoad":"unknown","bearing":30,"lastStopSeq":10,"inCongestion":false,"delay":-123,"latitude":45.4648899},{"tripID":4419225,"serviceDate":1395730800000,"direction":1,"garage":"CENTER","type":"bus","lastLocID":631,"messageCode":813,"time":1395756701082,"expires":1395757119000,"signMessageLong":"77  Broadway/Halsey to Montgomery Park","extraBlockID":null,"locationInScheduleDay":25807,"longitude":-122.6498578,"blockID":7704,"offRoute":false,"nextLocID":629,"vehicleID":2614,"signMessage":"77 Montgomry Pk","extraTripID":null,"nextStopSeq":81,"routeNumber":77,"vehicleLoad":"unknown","bearing":269,"lastStopSeq":80,"inCongestion":false,"delay":-92,"latitude":45.5350347},{"tripID":4411564,"serviceDate":1395730800000,"direction":1,"garage":"CENTER","type":"bus","lastLocID":12904,"messageCode":268,"time":1395756698314,"expires":1395757115000,"signMessageLong":"14  Hawthorne to Portland","extraBlockID":null,"locationInScheduleDay":25966,"longitude":-122.6011784,"blockID":1401,"offRoute":false,"nextLocID":1799,"vehicleID":2608,"signMessage":"14 To Portland","extraTripID":null,"nextStopSeq":15,"routeNumber":14,"vehicleLoad":"unknown","bearing":308,"lastStopSeq":14,"inCongestion":false,"delay":71,"latitude":45.491752},{"tripID":4419228,"serviceDate":1395730800000,"direction":1,"garage":"CENTER","type":"bus","lastLocID":2340,"messageCode":813,"time":1395756706731,"expires":1395757126000,"signMessageLong":"77  Broadway/Halsey to Montgomery Park","extraBlockID":null,"locationInScheduleDay":25741,"longitude":-122.4091904,"blockID":7703,"offRoute":false,"nextLocID":2423,"vehicleID":2630,"signMessage":"77 Montgomry Pk","extraTripID":null,"nextStopSeq":7,"routeNumber":77,"vehicleLoad":"unknown","bearing":258,"lastStopSeq":6,"inCongestion":false,"delay":-165,"latitude":45.5383585},{"tripID":4419090,"serviceDate":1395730800000,"direction":0,"garage":"CENTER","type":"bus","lastLocID":4042,"messageCode":809,"time":1395756686087,"expires":1395757103000,"signMessageLong":"77  Broadway/Halsey to Troutdale","extraBlockID":null,"locationInScheduleDay":25850,"longitude":-122.6568562,"blockID":7706,"offRoute":false,"nextLocID":10866,"vehicleID":2632,"signMessage":"77 To Troutdale","extraTripID":null,"nextStopSeq":22,"routeNumber":77,"vehicleLoad":"unknown","bearing":90,"lastStopSeq":21,"inCongestion":false,"delay":-33,"latitude":45.531496},{"tripID":4417870,"serviceDate":1395730800000,"direction":0,"garage":"POWELL","type":"bus","lastLocID":3210,"messageCode":768,"time":1395756685995,"expires":1395757105000,"signMessageLong":"72  Killingsworth/82nd to Swan Island-Shipyards","extraBlockID":null,"locationInScheduleDay":25674,"longitude":-122.6006361,"blockID":7237,"offRoute":false,"nextLocID":3209,"vehicleID":3004,"signMessage":"72 Swan Island","extraTripID":null,"nextStopSeq":69,"routeNumber":72,"vehicleLoad":"unknown","bearing":270,"lastStopSeq":68,"inCongestion":false,"delay":-211,"latitude":45.5627549},{"tripID":4417873,"serviceDate":1395730800000,"direction":0,"garage":"POWELL","type":"bus","lastLocID":7982,"messageCode":766,"time":1395756655839,"expires":1395757073000,"signMessageLong":"72  Killingsworth/82nd to Swan Island-Anchor St","extraBlockID":null,"locationInScheduleDay":25852,"longitude":-122.579076,"blockID":7241,"offRoute":false,"nextLocID":7970,"vehicleID":3048,"signMessage":"72 Swan Island","extraTripID":null,"nextStopSeq":17,"routeNumber":72,"vehicleLoad":"unknown","bearing":359,"lastStopSeq":16,"inCongestion":false,"delay":-1,"latitude":45.471713},{"tripID":4418201,"serviceDate":1395730800000,"direction":1,"garage":"POWELL","type":"bus","lastLocID":9399,"messageCode":null,"time":1395756589000,"expires":1395757009000,"signMessageLong":null,"extraBlockID":null,"locationInScheduleDay":null,"longitude":-122.698783,"blockID":7235,"offRoute":false,"nextLocID":2195,"vehicleID":3053,"signMessage":null,"extraTripID":null,"nextStopSeq":null,"routeNumber":72,"vehicleLoad":"unknown","bearing":null,"lastStopSeq":null,"inCongestion":false,"delay":107,"latitude":45.556083},{"tripID":4417871,"serviceDate":1395730800000,"direction":0,"garage":"POWELL","type":"bus","lastLocID":8001,"messageCode":766,"time":1395756695229,"expires":1395757114000,"signMessageLong":"72  Killingsworth/82nd to Swan Island-Anchor St","extraBlockID":null,"locationInScheduleDay":25979,"longitude":-122.5788443,"blockID":7245,"offRoute":false,"nextLocID":8046,"vehicleID":3052,"signMessage":"72 Swan Island","extraTripID":null,"nextStopSeq":54,"routeNumber":72,"vehicleLoad":"unknown","bearing":0,"lastStopSeq":53,"inCongestion":false,"delay":85,"latitude":45.5444254},{"tripID":4419091,"serviceDate":1395730800000,"direction":0,"garage":"POWELL","type":"bus","lastLocID":7132,"messageCode":809,"time":1395756698187,"expires":1395757116000,"signMessageLong":"77  Broadway/Halsey to Troutdale","extraBlockID":null,"locationInScheduleDay":25847,"longitude":-122.6946827,"blockID":7734,"offRoute":false,"nextLocID":7127,"vehicleID":3046,"signMessage":"77 To Troutdale","extraTripID":null,"nextStopSeq":7,"routeNumber":77,"vehicleLoad":"unknown","bearing":178,"lastStopSeq":6,"inCongestion":false,"delay":-49,"latitude":45.5331488},{"tripID":4419226,"serviceDate":1395730800000,"direction":1,"garage":"POWELL","type":"bus","lastLocID":2441,"messageCode":813,"time":1395756689345,"expires":1395757105000,"signMessageLong":"77  Broadway/Halsey to Montgomery Park","extraBlockID":null,"locationInScheduleDay":25675,"longitude":-122.6014629,"blockID":7738,"offRoute":false,"nextLocID":2438,"vehicleID":3035,"signMessage":"77 Montgomry Pk","extraTripID":null,"nextStopSeq":60,"routeNumber":77,"vehicleLoad":"unknown","bearing":270,"lastStopSeq":59,"inCongestion":false,"delay":-210,"latitude":45.5337138},{"tripID":4411314,"serviceDate":1395730800000,"direction":0,"garage":"POWELL","type":"bus","lastLocID":7666,"messageCode":266,"time":1395756698123,"expires":1395757116000,"signMessageLong":"14  Hawthorne to 94th & Foster","extraBlockID":null,"locationInScheduleDay":25965,"longitude":-122.6113717,"blockID":1434,"offRoute":false,"nextLocID":1792,"vehicleID":3027,"signMessage":"14 To 94-Foster","extraTripID":null,"nextStopSeq":29,"routeNumber":14,"vehicleLoad":"unknown","bearing":180,"lastStopSeq":28,"inCongestion":false,"delay":69,"latitude":45.4980816},{"tripID":4418195,"serviceDate":1395730800000,"direction":1,"garage":"POWELL","type":"bus","lastLocID":7961,"messageCode":760,"time":1395756698123,"expires":1395757116000,"signMessageLong":"72  Killingsworth/82nd to Clackamas TC","extraBlockID":null,"locationInScheduleDay":25668,"longitude":-122.5790902,"blockID":7243,"offRoute":false,"nextLocID":7950,"vehicleID":3025,"signMessage":"72 Clackamas TC","extraTripID":null,"nextStopSeq":95,"routeNumber":72,"vehicleLoad":"unknown","bearing":179,"lastStopSeq":94,"inCongestion":false,"delay":-228,"latitude":45.4737939},{"tripID":4419227,"serviceDate":1395730800000,"direction":1,"garage":"CENTER","type":"bus","lastLocID":2352,"messageCode":813,"time":1395756706716,"expires":1395757126000,"signMessageLong":"77  Broadway/Halsey to Montgomery Park","extraBlockID":null,"locationInScheduleDay":25900,"longitude":-122.5357754,"blockID":7702,"offRoute":false,"nextLocID":2367,"vehicleID":2005,"signMessage":"77 Montgomry Pk","extraTripID":null,"nextStopSeq":39,"routeNumber":77,"vehicleLoad":"unknown","bearing":270,"lastStopSeq":38,"inCongestion":false,"delay":-6,"latitude":45.5335633}],"queryTime":1395756708866}}
