{"resultSet":{"vehicle":[{"tripID":4411577,"serviceDate":1395730800000,"direction":1,"garage":"POWELL","type":"bus","lastLocID":1793,"messageCode":268,"time":1395762143701,"expires":1395762561000,"signMessageLong":"14  Hawthorne to Portland","extraBlockID":null,"locationInScheduleDay":31550,"longitude":-122.6088324,"blockID":1436,"offRoute":false,"nextLocID":7656,"vehicleID":2206,"signMessage":"14 To Portland","extraTripID":null,"nextStopSeq":18,"routeNumber":14,"vehicleLoad":"unknown","bearing":307,"lastStopSeq":17,"inCongestion":false,"delay":209,"latitude":45.495596},{"tripID":4419232,"serviceDate":1395730800000,"direction":1,"garage":"POWELL","type":"bus","lastLocID":10846,"messageCode":813,"time":1395762143732,"expires":1395762561000,"signMessageLong":"77  Broadway/Halsey to Montgomery Park","extraBlockID":null,"locationInScheduleDay":31380,"longitude":-122.5787742,"blockID":7735,"offRoute":false,"nextLocID":7916,"vehicleID":2222,"signMessage":"77 Montgomry Pk","extraTripID":null,"nextStopSeq":53,"routeNumber":77,"vehicleLoad":"unknown","bearing":271,"lastStopSeq":52,"inCongestion":false,"delay":39,"latitude":45.5339672},{"tripID":4419092,"serviceDate":1395730800000,"direction":0,"garage":"POWELL","type":"bus","lastLocID":9472,"messageCode":809,"time":1395762152539,"expires":1395762570000,"signMessageLong":"77  Broadway/Halsey to Troutdale","extraBlockID":null,"locationInScheduleDay":31195,"longitude":-122.3986988,"blockID":7736,"offRoute":false,"nextLocID":9481,"vehicleID":2221,"signMessage":"77 To Troutdale","extraTripID":null,"nextStopSeq":102,"routeNumber":77,"vehicleLoad":"unknown","bearing":83,"lastStopSeq":101,"inCongestion":false,"delay":0,"latitude":45.5443317},{"tripID":4411578,"serviceDate":1395730800000,"direction":1,"garage":"POWELL","type":"bus","lastLocID":1831,"messageCode":268,"time":1395762125608,"expires":1395762543000,"signMessageLong":"14  Hawthorne to Portland","extraBlockID":null,"locationInScheduleDay":31260,"longitude":-122.5662917,"blockID":1438,"offRoute":false,"nextLocID":13236,"vehicleID":2220,"signMessage":"14 To Portland","extraTripID":null,"nextStopSeq":2,"routeNumber":14,"vehicleLoad":"unknown","bearing":291,"lastStopSeq":1,"inCongestion":false,"delay":-63,"latitude":45.4791765},{"tripID":4411575,"serviceDate":1395730800000,"direction":1,"garage":"POWELL","type":"bus","lastLocID":12892,"messageCode":268,"time":1395762141040,"expires":1395762559000,"signMessageLong":"14  Hawthorne to Portland","extraBlockID":null,"locationInScheduleDay":31378,"longitude":-122.6302664,"blockID":1437,"offRoute":false,"nextLocID":2619,"vehicleID":2270,"signMessage":"14 To Portland","extraTripID":null,"nextStopSeq":31,"routeNumber":14,"vehicleLoad":"unknown","bearing":270,"lastStopSeq":30,"inCongestion":false,"delay":39,"latitude":45.5120597},{"tripID":4417884,"serviceDate":1395730800000,"direction":0,"garage":"POWELL","type":"bus","lastLocID":8017,"messageCode":766,"time":1395762128820,"expires":1395762545000,"signMessageLong":"72  Killingsworth/82nd to Swan Island-Anchor St","extraBlockID":null,"locationInScheduleDay":31345,"longitude":-122.5791426,"blockID":7247,"offRoute":false,"nextLocID":7983,"vehicleID":2250,"signMessage":"72 Swan Island","extraTripID":null,"nextStopSeq":9,"routeNumber":72,"vehicleLoad":"unknown","bearing":0,"lastStopSeq":8,"inCongestion":false,"delay":20,"latitude":45.454635},{"tripID":4417876,"serviceDate":1395730800000,"direction":0,"garage":"POWELL","type":"bus","lastLocID":2161,"messageCode":766,"time":1395762143735,"expires":1395762561000,"signMessageLong":"72  Killingsworth/82nd to Swan Island-Anchor St","extraBlockID":null,"locationInScheduleDay":31328,"longitude":-122.7014596,"blockID":7250,"offRoute":false,"nextLocID":115,"vehicleID":2242,"signMessage":"72 Swan Island","extraTripID":null,"nextStopSeq":108,"routeNumber":72,"vehicleLoad":"unknown","bearing":307,"lastStopSeq":107,"inCongestion":false,"delay":-13,"latitude":45.5569542},{"tripID":4417882,"serviceDate":1395730800000,"direction":0,"garage":"POWELL","type":"bus","lastLocID":8065,"messageCode":766,"time":1395762152540,"expires":1395762570000,"signMessageLong":"72  Killingsworth/82nd to Swan Island-Anchor St","extraBlockID":null,"locationInScheduleDay":31316,"longitude":-122.5789604,"blockID":7246,"offRoute":false,"nextLocID":7928,"vehicleID":2296,"signMessage":"72 Swan Island","extraTripID":null,"nextStopSeq":39,"routeNumber":72,"vehicleLoad":"unknown","bearing":357,"lastStopSeq":38,"inCongestion":false,"delay":-34,"latitude":45.5168068},{"tripID":4419093,"serviceDate":1395730800000,"direction":0,"garage":"POWELL","type":"bus","lastLocID":2400,"messageCode":809,"time":1395762141050,"expires":1395762557000,"signMessageLong":"77  Broadway/Halsey to Troutdale","extraBlockID":null,"locationInScheduleDay":31225,"longitude":-122.4829736,"blockID":7737,"offRoute":false,"nextLocID":2322,"vehicleID":2285,"signMessage":"77 To Troutdale","extraTripID":null,"nextStopSeq":77,"routeNumber":77,"vehicleLoad":"unknown","bearing":89,"lastStopSeq":76,"inCongestion":false,"delay":-112,"latitude":45.5346994},{"tripID":4418205,"serviceDate":1395730800000,"direction":1,"garage":"POWELL","type":"bus","lastLocID":8024,"messageCode":760,"time":1395762125671,"expires":1395762543000,"signMessageLong":"72  Killingsworth/82nd to Clackamas TC","extraBlockID":null,"locationInScheduleDay":31367,"longitude":-122.5787661,"blockID":7252,"offRoute":false,"nextLocID":13707,"vehicleID":2283,"signMessage":"72 Clackamas TC","extraTripID":null,"nextStopSeq":84,"routeNumber":72,"vehicleLoad":"unknown","bearing":180,"lastStopSeq":83,"inCongestion":false,"delay":44,"latitude":45.4951821},{"tripID":4418204,"serviceDate":1395730800000,"direction":1,"garage":"POWELL","type":"bus","lastLocID":7990,"messageCode":760,"time":1395762146925,"expires":1395762564000,"signMessageLong":"72  Killingsworth/82nd to Clackamas TC","extraBlockID":null,"locationInScheduleDay":31453,"longitude":-122.5788933,"blockID":7244,"offRoute":false,"nextLocID":7921,"vehicleID":2276,"signMessage":"72 Clackamas TC","extraTripID":null,"nextStopSeq":108,"routeNumber":72,"vehicleLoad":"unknown","bearing":179,"lastStopSeq":107,"inCongestion":false,"delay":109,"latitude":45.4465893},{"tripID":4411319,"serviceDate":1395730800000,"direction":0,"garage":"POWELL","type":"bus","lastLocID":8134,"messageCode":266,"time":1395762137324,"expires":1395762556000,"signMessageLong":"14  Hawthorne to 94th & Foster","extraBlockID":null,"locationInScheduleDay":31034,"longitude":-122.5634746,"blockID":1439,"offRoute":false,"nextLocID":1831,"vehicleID":2275,"signMessage":"14 To 94-Foster","extraTripID":null,"nextStopSeq":49,"routeNumber":14,"vehicleLoad":"unknown","bearing":359,"lastStopSeq":48,"inCongestion":false,"delay":0,"latitude":45.4781758},{"tripID":4413883,"serviceDate":1395730800000,"direction":1,"garage":"CENTER","type":"bus","lastLocID":2642,"messageCode":467,"time":1395762158735,"expires":1395762577000,"signMessageLong":"31  Downtown Only","extraBlockID":null,"locationInScheduleDay":31596,"longitude":-122.6751114,"blockID":3003,"offRoute":false,"nextLocID":11956,"vehicleID":2119,"signMessage":"31 Downtown Only","extraTripID":null,"nextStopSeq":37,"routeNumber":31,"vehicleLoad":"unknown","bearing":295,"lastStopSeq":36,"inCongestion":false,"delay":239,"latitude":45.515065},{"tripID":4417322,"serviceDate":1395730800000,"direction":1,"garage":"CENTER","type":"bus","lastLocID":6554,"messageCode":790,"time":1395762143627,"expires":1395762560000,"signMessageLong":"70  12th Ave to Milwaukie via 13th & Tacoma","extraBlockID":null,"locationInScheduleDay":30960,"longitude":-122.6546699,"blockID":7006,"offRoute":false,"nextLocID":6542,"vehicleID":2150,"signMessage":"70 To Milw via 13","extraTripID":null,"nextStopSeq":50,"routeNumber":70,"vehicleLoad":"unknown","bearing":181,"lastStopSeq":49,"inCongestion":false,"delay":-380,"latitude":45.5171356},{"tripID":4417170,"serviceDate":1395730800000,"direction":0,"garage":"CENTER","type":"bus","lastLocID":8498,"messageCode":783,"time":1395762155584,"expires":1395762572000,"signMessageLong":"70  33rd Ave to NE Sunderland","extraBlockID":null,"locationInScheduleDay":31298,"longitude":-122.64298,"blockID":7008,"offRoute":false,"nextLocID":8303,"vehicleID":2506,"signMessage":"70 To Sunderlnd","extraTripID":null,"nextStopSeq":68,"routeNumber":70,"vehicleLoad":"unknown","bearing":287,"lastStopSeq":67,"inCongestion":false,"delay":-54,"latitude":45.5763333},{"tripID":4417881,"serviceDate":1395730800000,"direction":0,"garage":"POWELL","type":"bus","lastLocID":8001,"messageCode":766,"time":1395762131507,"expires":1395762549000,"signMessageLong":"72  Killingsworth/82nd to Swan Island-Anchor St","extraBlockID":null,"locationInScheduleDay":31378,"longitude":-122.5788455,"blockID":7238,"offRoute":false,"nextLocID":8046,"vehicleID":2527,"signMessage":"72 Swan Island","extraTripID":null,"nextStopSeq":54,"routeNumber":72,"vehicleLoad":"unknown","bearing":0,"lastStopSeq":53,"inCongestion":false,"delay":49,"latitude":45.5443645},{"tripID":4417174,"serviceDate":1395730800000,"direction":0,"garage":"CENTER","type":"bus","lastLocID":13477,"messageCode":781,"time":1395762146870,"expires":1395762563000,"signMessageLong":"70  12th/NE 33rd Ave to NE Sunderland via 17th & Tacoma","extraBlockID":null,"locationInScheduleDay":31343,"longitude":-122.6407309,"blockID":7002,"offRoute":false,"nextLocID":8225,"vehicleID":2524,"signMessage":"70 To Sunderland via 17th","extraTripID":null,"nextStopSeq":2,"routeNumber":70,"vehicleLoad":"unknown","bearing":81,"lastStopSeq":1,"inCongestion":false,"delay":0,"latitude":45.4448667},{"tripID":4411571,"serviceDate":1395730800000,"direction":1,"garage":"CENTER","type":"bus","lastLocID":11956,"messageCode":267,"time":1395762146873,"expires":1395762563000,"signMessageLong":"14  Downtown Only","extraBlockID":null,"locationInScheduleDay":30538,"longitude":-122.6787486,"blockID":1405,"offRoute":false,"nextLocID":13169,"vehicleID":2520,"signMessage":"14 Downtown Only","extraTripID":null,"nextStopSeq":44,"routeNumber":14,"vehicleLoad":"unknown","bearing":291,"lastStopSeq":43,"inCongestion":false,"delay":-805,"latitude":45.5160635},{"tripID":4419230,"serviceDate":1395730800000,"direction":1,"garage":"CENTER","type":"bus","lastLocID":2592,"messageCode":813,"time":1395762161436,"expires":1395762580000,"signMessageLong":"77  Broadway/Halsey to Montgomery Park","extraBlockID":null,"locationInScheduleDay":31426,"longitude":-122.6721967,"blockID":7701,"offRoute":false,"nextLocID":9311,"vehicleID":2512,"signMessage":"77 Montgomry Pk","extraTripID":null,"nextStopSeq":87,"routeNumber":77,"vehicleLoad":"unknown","bearing":272,"lastStopSeq":86,"inCongestion":false,"delay":66,"latitude":45.5268669},{"tripID":4418208,"serviceDate":1395730800000,"direction":1,"garage":"POWELL","type":"bus","lastLocID":54,"messageCode":760,"time":1395762113692,"expires":1395762532000,"signMessageLong":"72  Killingsworth/82nd to Clackamas TC","extraBlockID":null,"locationInScheduleDay":31334,"longitude":-122.6468992,"blockID":7239,"offRoute":false,"nextLocID":11471,"vehicleID":2540,"signMessage":"72 Clackamas TC","extraTripID":null,"nextStopSeq":28,"routeNumber":72,"vehicleLoad":"unknown","bearing":89,"lastStopSeq":27,"inCongestion":false,"delay":22,"latitude":45.5590864},{"tripID":4417883,"serviceDate":1395730800000,"direction":0,"garage":"POWELL","type":"bus","lastLocID":7984,"messageCode":766,"time":1395762161458,"expires":1395762580000,"signMessageLong":"72  Killingsworth/82nd to Swan Island-Anchor St","extraBlockID":null,"locationInScheduleDay":31393,"longitude":-122.5788066,"blockID":7240,"offRoute":false,"nextLocID":7935,"vehicleID":2533,"signMessage":"72 Swan Island","extraTripID":null,"nextStopSeq":26,"routeNumber":72,"vehicleLoad":"unknown","bearing":0,"lastStopSeq":25,"inCongestion":false,"delay":33,"latitude":45.4920085},{"tripID":4417880,"serviceDate":1395730800000,"direction":0,"garage":"POWELL","type":"bus","lastLocID":10601,"messageCode":766,"time":1395762143817,"expires":1395762562000,"signMessageLong":"72  Killingsworth/82nd to Swan Island-Anchor St","extraBlockID":null,"locationInScheduleDay":31260,"longitude":-122.5938595,"blockID":7236,"offRoute":false,"nextLocID":3147,"vehicleID":2552,"signMessage":"72 Swan Island","extraTripID":null,"nextStopSeq":67,"routeNumber":72,"vehicleLoad":"unknown","bearing":270,"lastStopSeq":66,"inCongestion":false,"delay":-82,"latitude":45.5627143},{"tripID":4413884,"serviceDate":1395730800000,"direction":1,"garage":"POWELL","type":"bus","lastLocID":7920,"messageCode":458,"time":1395762146958,"expires":1395762563000,"signMessageLong":"31  To Milwaukie","extraBlockID":null,"locationInScheduleDay":31340,"longitude":-122.5788969,"blockID":3134,"offRoute":false,"nextLocID":3228,"vehicleID":2555,"signMessage":"31 To Milwaukie","extraTripID":null,"nextStopSeq":4,"routeNumber":31,"vehicleLoad":"unknown","bearing":359,"lastStopSeq":3,"inCongestion":false,"delay":-3,"latitude":45.4468842},{"tripID":4418203,"serviceDate":1395730800000,"direction":1,"garage":"POWELL","type":"bus","lastLocID":12921,"messageCode":760,"time":1395761915245,"expires":1395762333000,"signMessageLong":"72  Killingsworth/82nd to Clackamas TC","extraBlockID":null,"locationInScheduleDay":31113,"longitude":-122.5690497,"blockID":7242,"offRoute":false,"nextLocID":13247,"vehicleID":2548,"signMessage":"72 Clackamas TC","extraTripID":null,"nextStopSeq":111,"routeNumber":72,"vehicleLoad":"unknown","bearing":173,"lastStopSeq":110,"inCongestion":false,"delay":0,"latitude":45.4356321},{"tripID":4411320,"serviceDate":1395730800000,"direction":0,"garage":"POWELL","type":"bus","lastLocID":7666,"messageCode":266,"time":1395762143805,"expires":1395762561000,"signMessageLong":"14  Hawthorne to 94th & Foster","extraBlockID":null,"locationInScheduleDay":31369,"longitude":-122.6113721,"blockID":1440,"offRoute":false,"nextLocID":1792,"vehicleID":2308,"signMessage":"14 To 94-Foster","extraTripID":null,"nextStopSeq":29,"routeNumber":14,"vehicleLoad":"unknown","bearing":180,"lastStopSeq":28,"inCongestion":false,"delay":28,"latitude":45.497865},{"tripID":4417879,"serviceDate":1395730800000,"direction":0,"garage":"POWELL","type":"bus","lastLocID":53,"messageCode":766,"time":1395762161515,"expires":1395762580000,"signMessageLong":"72  Killingsworth/82nd to Swan Island-Anchor St","extraBlockID":null,"locationInScheduleDay":31372,"longitude":-122.6503387,"blockID":7253,"offRoute":false,"nextLocID":51,"vehicleID":2318,"signMessage":"72 Swan Island","extraTripID":null,"nextStopSeq":88,"routeNumber":72,"vehicleLoad":"unknown","bearing":269,"lastStopSeq":87,"inCongestion":false,"delay":12,"latitude":45.5590992},{"tripID":4411321,"serviceDate":1395730800000,"direction":0,"garage":"POWELL","type":"bus","lastLocID":2599,"messageCode":266,"time":1395762155697,"expires":1395762572000,"signMessageLong":"14  Hawthorne to 94th & Foster","extraBlockID":null,"locationInScheduleDay":31440,"longitude":-122.6538685,"blockID":1435,"offRoute":false,"nextLocID":2595,"vehicleID":2316,"signMessage":"14 To 94-Foster","extraTripID":null,"nextStopSeq":7,"routeNumber":14,"vehicleLoad":"unknown","bearing":90,"lastStopSeq":6,"inCongestion":false,"delay":88,"latitude":45.5121915},{"tripID":4411573,"serviceDate":1395730800000,"direction":1,"garage":"CENTER","type":"bus","lastLocID":13169,"messageCode":267,"time":1395762143687,"expires":1395762561000,"signMessageLong":"14  Downtown Only","extraBlockID":null,"locationInScheduleDay":31375,"longitude":-122.6812764,"blockID":1403,"offRoute":false,"nextLocID":3639,"vehicleID":2725,"signMessage":"14 Downtown Only","extraTripID":null,"nextStopSeq":45,"routeNumber":14,"vehicleLoad":"unknown","bearing":200,"lastStopSeq":44,"inCongestion":false,"delay":34,"latitude":45.5162849},{"tripID":4419231,"serviceDate":1395730800000,"direction":1,"garage":"CENTER","type":"bus","lastLocID":10869,"messageCode":813,"time":1395762143680,"expires":1395762561000,"signMessageLong":"77  Broadway/Halsey to Montgomery Park","extraBlockID":null,"locationInScheduleDay":31320,"longitude":-122.6206252,"blockID":7705,"offRoute":false,"nextLocID":7484,"vehicleID":2720,"signMessage":"77 Montgomry Pk","extraTripID":null,"nextStopSeq":69,"routeNumber":77,"vehicleLoad":"unknown","bearing":89,"lastStopSeq":68,"inCongestion":false,"delay":-21,"latitude":45.5332523},{"tripID":4411574,"serviceDate":1395730800000,"direction":1,"garage":"CENTER","type":"bus","lastLocID":2602,"messageCode":268,"time":1395762164541,"expires":1395762582000,"signMessageLong":"14  Hawthorne to Portland","extraBlockID":null,"locationInScheduleDay":31262,"longitude":-122.6519122,"blockID":1404,"offRoute":false,"nextLocID":3637,"vehicleID":2718,"signMessage":"14 To Portland","extraTripID":null,"nextStopSeq":39,"routeNumber":14,"vehicleLoad":"unknown","bearing":270,"lastStopSeq":38,"inCongestion":false,"delay":-100,"latitude":45.5122071},{"tripID":4413801,"serviceDate":1395730800000,"direction":0,"garage":"CENTER","type":"bus","lastLocID":3250,"messageCode":456,"time":1395762131457,"expires":1395762549000,"signMessageLong":"31  Clackamas Town Center","extraBlockID":null,"locationInScheduleDay":31195,"longitude":-122.5953462,"blockID":3101,"offRoute":false,"nextLocID":3230,"vehicleID":2714,"signMessage":"31 To Clackamas Town Ctr","extraTripID":null,"nextStopSeq":16,"routeNumber":31,"vehicleLoad":"unknown","bearing":90,"lastStopSeq":15,"inCongestion":false,"delay":-134,"latitude":45.4479326},{"tripID":4417173,"serviceDate":1395730800000,"direction":0,"garage":"CENTER","type":"bus","lastLocID":13477,"messageCode":782,"time":1395762143658,"expires":1395762561000,"signMessageLong":"70  12th/NE 33rd Ave to NE Sunderland via 13th & Tacoma","extraBlockID":null,"locationInScheduleDay":31341,"longitude":-122.6407309,"blockID":7007,"offRoute":false,"nextLocID":8225,"vehicleID":2709,"signMessage":"70 To Sunderland via 13th","extraTripID":null,"nextStopSeq":2,"routeNumber":70,"vehicleLoad":"unknown","bearing":81,"lastStopSeq":1,"inCongestion":false,"delay":0,"latitude":45.4448667},{"tripID":4417324,"serviceDate":1395730800000,"direction":1,"garage":"CENTER","type":"bus","lastLocID":118,"messageCode":788,"time":1395762104278,"expires":1395762521000,"signMessageLong":"70  12th/NE 33rd Ave to Milwaukie","extraBlockID":null,"locationInScheduleDay":31275,"longitude":-122.6439481,"blockID":7001,"offRoute":false,"nextLocID":8304,"vehicleID":2704,"signMessage":"70 To Milwaukie","extraTripID":null,"nextStopSeq":9,"routeNumber":70,"vehicleLoad":"unknown","bearing":180,"lastStopSeq":8,"inCongestion":false,"delay":-26,"latitude":45.5779898},{"tripID":4417171,"serviceDate":1395730800000,"direction":0,"garage":"CENTER","type":"bus","lastLocID":6582,"messageCode":780,"time":1395762149479,"expires":1395762566000,"signMessageLong":"70  12th/NE 33rd Ave to NE Sunderland","extraBlockID":null,"locationInScheduleDay":31403,"longitude":-122.6536204,"blockID":7003,"offRoute":false,"nextLocID":8513,"vehicleID":2705,"signMessage":"70 To Sunderlnd","extraTripID":null,"nextStopSeq":36,"routeNumber":70,"vehicleLoad":"unknown","bearing":338,"lastStopSeq":35,"inCongestion":false,"delay":57,"latitude":45.5290869},{"tripID":4417323,"serviceDate":1395730800000,"direction":1,"garage":"CENTER","type":"bus","lastLocID":4044,"messageCode":789,"time":1395762143646,"expires":1395762562000,"signMessageLong":"70  12th Ave to Milwaukie via 17th & Tacoma","extraBlockID":null,"locationInScheduleDay":31487,"longitude":-122.6563257,"blockID":7004,"offRoute":false,"nextLocID":8937,"vehicleID":2701,"signMessage":"70 To Milw via 17","extraTripID":null,"nextStopSeq":44,"routeNumber":70,"vehicleLoad":"unknown","bearing":269,"lastStopSeq":43,"inCongestion":false,"delay":145,"latitude":45.5314923},{"tripID":4419094,"serviceDate":1395730800000,"direction":0,"garage":"CENTER","type":"bus","lastLocID":7999,"messageCode":809,"time":1395762141077,"expires":1395762557000,"signMessageLong":"77  Broadway/Halsey to Troutdale","extraBlockID":null,"locationInScheduleDay":31320,"longitude":-122.578962,"blockID":7704,"offRoute":false,"nextLocID":2456,"vehicleID":2614,"signMessage":"77 To Troutdale","extraTripID":null,"nextStopSeq":53,"routeNumber":77,"vehicleLoad":"unknown","bearing":0,"lastStopSeq":52,"inCongestion":false,"delay":-17,"latitude":45.533614},{"tripID":4411576,"serviceDate":1395730800000,"direction":1,"garage":"CENTER","type":"bus","lastLocID":7659,"messageCode":268,"time":1395762141055,"expires":1395762559000,"signMessageLong":"14  Hawthorne to Portland","extraBlockID":null,"locationInScheduleDay":31430,"longitude":-122.6114269,"blockID":1401,"offRoute":false,"nextLocID":12917,"vehicleID":2608,"signMessage":"14 To Portland","extraTripID":null,"nextStopSeq":23,"routeNumber":14,"vehicleLoad":"unknown","bearing":357,"lastStopSeq":22,"inCongestion":false,"delay":91,"latitude":45.5098554},{"tripID":4417325,"serviceDate":1395730800000,"direction":1,"garage":"CENTER","type":"bus","lastLocID":9368,"messageCode":788,"time":1395762167637,"expires":1395762586000,"signMessageLong":"70  12th/NE 33rd Ave to Milwaukie","extraBlockID":null,"locationInScheduleDay":31366,"longitude":-122.6357648,"blockID":7010,"offRoute":false,"nextLocID":9414,"vehicleID":2623,"signMessage":"70 To Milwaukie","extraTripID":null,"nextStopSeq":2,"routeNumber":70,"vehicleLoad":"unknown","bearing":180,"lastStopSeq":1,"inCongestion":false,"delay":0,"latitude":45.5898735},{"tripID":4419229,"serviceDate":1395730800000,"direction":1,"garage":"CENTER","type":"bus","lastLocID":6014,"messageCode":813,"time":1395762116375,"expires":1395762535000,"signMessageLong":"77  Broadway/Halsey to Montgomery Park","extraBlockID":null,"locationInScheduleDay":31116,"longitude":-122.7046074,"blockID":7707,"offRoute":false,"nextLocID":8414,"vehicleID":2653,"signMessage":"77 Montgomry Pk","extraTripID":null,"nextStopSeq":103,"routeNumber":77,"vehicleLoad":"unknown","bearing":268,"lastStopSeq":102,"inCongestion":false,"delay":-199,"latitude":45.5368296},{"tripID":4417172,"serviceDate":1395730800000,"direction":0,"garage":"CENTER","type":"bus","lastLocID":6898,"messageCode":780,"time":1395762128854,"expires":1395762546000,"signMessageLong":"70  12th/NE 33rd Ave to NE Sunderland","extraBlockID":null,"locationInScheduleDay":31191,"longitude":-122.6481241,"blockID":7009,"offRoute":false,"nextLocID":6867,"vehicleID":2626,"signMessage":"70 To Sunderlnd","extraTripID":null,"nextStopSeq":15,"routeNumber":70,"vehicleLoad":"unknown","bearing":1,"lastStopSeq":14,"inCongestion":false,"delay":-135,"latitude":45.4772664},{"tripID":4419228,"serviceDate":1395730800000,"direction":1,"garage":"CENTER","type":"bus","lastLocID":8483,"messageCode":813,"time":1395762146928,"expires":1395762564000,"signMessageLong":"77  Broadway/Halsey to Montgomery Park","extraBlockID":null,"locationInScheduleDay":30400,"longitude":-122.7069345,"blockID":7703,"offRoute":false,"nextLocID":8484,"vehicleID":2630,"signMessage":"77 Montgomry Pk","extraTripID":null,"nextStopSeq":109,"routeNumber":77,"vehicleLoad":"unknown","bearing":178,"lastStopSeq":108,"inCongestion":false,"delay":0,"latitude":45.5377966},{"tripID":4419233,"serviceDate":1395730800000,"direction":1,"garage":"CENTER","type":"bus","lastLocID":8825,"messageCode":813,"time":1395762131590,"expires":1395762549000,"signMessageLong":"77  Broadway/Halsey to Montgomery Park","extraBlockID":null,"locationInScheduleDay":31297,"longitude":-122.4596371,"blockID":7706,"offRoute":false,"nextLocID":2326,"vehicleID":2632,"signMessage":"77 Montgomry Pk","extraTripID":null,"nextStopSeq":19,"routeNumber":77,"vehicleLoad":"unknown","bearing":270,"lastStopSeq":18,"inCongestion":false,"delay":-32,"latitude":45.5336396},{"tripID":4418206,"serviceDate":1395730800000,"direction":1,"garage":"POWELL","type":"bus","lastLocID":8043,"messageCode":760,"time":1395762143614,"expires":1395762561000,"signMessageLong":"72  Killingsworth/82nd to Clackamas TC","extraBlockID":null,"locationInScheduleDay":31257,"longitude":-122.579101,"blockID":7237,"offRoute":false,"nextLocID":8000,"vehicleID":3004,"signMessage":"72 Clackamas TC","extraTripID":null,"nextStopSeq":65,"routeNumber":72,"vehicleLoad":"unknown","bearing":180,"lastStopSeq":64,"inCongestion":false,"delay":-84,"latitude":45.5336732},{"tripID":4417878,"serviceDate":1395730800000,"direction":0,"garage":"POWELL","type":"bus","lastLocID":2202,"messageCode":766,"time":1395762149473,"expires":1395762567000,"signMessageLong":"72  Killingsworth/82nd to Swan Island-Anchor St","extraBlockID":null,"locationInScheduleDay":31577,"longitude":-122.6934856,"blockID":7251,"offRoute":false,"nextLocID":2161,"vehicleID":3003,"signMessage":"72 Swan Island","extraTripID":null,"nextStopSeq":107,"routeNumber":72,"vehicleLoad":"unknown","bearing":270,"lastStopSeq":106,"inCongestion":false,"delay":230,"latitude":45.5559985},{"tripID":4418209,"serviceDate":1395730800000,"direction":1,"garage":"POWELL","type":"bus","lastLocID":9403,"messageCode":760,"time":1395762140886,"expires":1395762556000,"signMessageLong":"72  Killingsworth/82nd to Clackamas TC","extraBlockID":null,"locationInScheduleDay":31381,"longitude":-122.6931681,"blockID":7241,"offRoute":false,"nextLocID":3160,"vehicleID":3048,"signMessage":"72 Clackamas TC","extraTripID":null,"nextStopSeq":8,"routeNumber":72,"vehicleLoad":"unknown","bearing":89,"lastStopSeq":7,"inCongestion":false,"delay":45,"latitude":45.5627506},{"tripID":4418207,"serviceDate":1395730800000,"direction":1,"garage":"POWELL","type":"bus","lastLocID":10600,"messageCode":760,"time":1395762140906,"expires":1395762556000,"signMessageLong":"72  Killingsworth/82nd to Clackamas TC","extraBlockID":null,"locationInScheduleDay":31385,"longitude":-122.5883833,"blockID":7245,"offRoute":false,"nextLocID":3211,"vehicleID":3052,"signMessage":"72 Clackamas TC","extraTripID":null,"nextStopSeq":49,"routeNumber":72,"vehicleLoad":"unknown","bearing":90,"lastStopSeq":48,"inCongestion":false,"delay":49,"latitude":45.5626701},{"tripID":4418210,"serviceDate":1395730800000,"direction":1,"garage":"POWELL","type":"bus","lastLocID":115,"messageCode":760,"time":1395762128757,"expires":1395762545000,"signMessageLong":"72  Killingsworth/82nd to Clackamas TC","extraBlockID":null,"locationInScheduleDay":31325,"longitude":-122.703865,"blockID":7234,"offRoute":false,"nextLocID":8681,"vehicleID":3054,"signMessage":"72 Clackamas TC","extraTripID":null,"nextStopSeq":2,"routeNumber":72,"vehicleLoad":"unknown","bearing":159,"lastStopSeq":1,"inCongestion":false,"delay":0,"latitude":45.5567629},{"tripID":4419234,"serviceDate":1395730800000,"direction":1,"garage":"POWELL","type":"bus","lastLocID":9481,"messageCode":813,"time":1395762155606,"expires":1395762572000,"signMessageLong":"77  Broadway/Halsey to Montgomery Park","extraBlockID":null,"locationInScheduleDay":31352,"longitude":-122.3982117,"blockID":7734,"offRoute":false,"nextLocID":9471,"vehicleID":3046,"signMessage":"77 Montgomry Pk","extraTripID":null,"nextStopSeq":2,"routeNumber":77,"vehicleLoad":"unknown","bearing":85,"lastStopSeq":1,"inCongestion":false,"delay":0,"latitude":45.5443612},{"tripID":4419095,"serviceDate":1395730800000,"direction":0,"garage":"POWELL","type":"bus","lastLocID":6216,"messageCode":809,"time":1395762143640,"expires":1395762562000,"signMessageLong":"77  Broadway/Halsey to Troutdale","extraBlockID":null,"locationInScheduleDay":31209,"longitude":-122.6532216,"blockID":7738,"offRoute":false,"nextLocID":10425,"vehicleID":3035,"signMessage":"77 To Troutdale","extraTripID":null,"nextStopSeq":24,"routeNumber":77,"vehicleLoad":"unknown","bearing":90,"lastStopSeq":23,"inCongestion":false,"delay":-133,"latitude":45.5343401},{"tripID":4417877,"serviceDate":1395730800000,"direction":0,"garage":"POWELL","type":"bus","lastLocID":3174,"messageCode":766,"time":1395762143639,"expires":1395762561000,"signMessageLong":"72  Killingsworth/82nd to Swan Island-Anchor St","extraBlockID":null,"locationInScheduleDay":31476,"longitude":-122.6818733,"blockID":7243,"offRoute":false,"nextLocID":3170,"vehicleID":3025,"signMessage":"72 Swan Island","extraTripID":null,"nextStopSeq":99,"routeNumber":72,"vehicleLoad":"unknown","bearing":270,"lastStopSeq":98,"inCongestion":false,"delay":135,"latitude":45.5626671},{"tripID":4419096,"serviceDate":1395730800000,"direction":0,"garage":"CENTER","type":"bus","lastLocID":7112,"messageCode":809,"time":1395762155627,"expires":1395762572000,"signMessageLong":"77  Broadway/Halsey to Troutdale","extraBlockID":null,"locationInScheduleDay":31389,"longitude":-122.694381,"blockID":7702,"offRoute":false,"nextLocID":1615,"vehicleID":2005,"signMessage":"77 To Troutdale","extraTripID":null,"nextStopSeq":11,"routeNumber":77,"vehicleLoad":"unknown","bearing":178,"lastStopSeq":10,"inCongestion":false,"delay":37,"latitude":45.5250167}],"queryTime":1395762169084}}
