{"resultSet":{"vehicle":[{"tripID":4417863,"serviceDate":1395730800000,"direction":0,"garage":"POWELL","type":"bus","lastLocID":8057,"messageCode":768,"time":1395748402479,"expires":1395748820000,"signMessageLong":"72  Killingsworth/82nd to Swan Island-Shipyards","extraBlockID":null,"locationInScheduleDay":17633,"longitude":-122.5790689,"blockID":7234,"offRoute":false,"nextLocID":8059,"vehicleID":3054,"signMessage":"72 Swan Island","extraTripID":null,"nextStopSeq":20,"routeNumber":72,"vehicleLoad":"unknown","bearing":0,"lastStopSeq":19,"inCongestion":false,"delay":33,"latitude":45.4775373}],"queryTime":1395748428541}}
