{"resultSet":{"vehicle":[{"tripID":4411313,"serviceDate":1395730800000,"direction":0,"garage":"POWELL","type":"bus","lastLocID":1812,"messageCode":266,"time":1395755839842,"expires":1395756259000,"signMessageLong":"14  Hawthorne to 94th & Foster","extraBlockID":null,"locationInScheduleDay":25142,"longitude":-122.5839508,"blockID":1436,"offRoute":false,"nextLocID":1814,"vehicleID":2206,"signMessage":"14 To 94-Foster","extraTripID":null,"nextStopSeq":40,"routeNumber":14,"vehicleLoad":"unknown","bearing":116,"lastStopSeq":39,"inCongestion":false,"delay":103,"latitude":45.4847325},{"tripID":4419089,"serviceDate":1395730800000,"direction":0,"garage":"POWELL","type":"bus","lastLocID":6216,"messageCode":809,"time":1395755843336,"expires":1395756262000,"signMessageLong":"77  Broadway/Halsey to Troutdale","extraBlockID":null,"locationInScheduleDay":24964,"longitude":-122.6534755,"blockID":7735,"offRoute":false,"nextLocID":10425,"vehicleID":2222,"signMessage":"77 To Troutdale","extraTripID":null,"nextStopSeq":24,"routeNumber":77,"vehicleLoad":"unknown","bearing":90,"lastStopSeq":23,"inCongestion":false,"delay":-78,"latitude":45.5343409},{"tripID":4419223,"serviceDate":1395730800000,"direction":1,"garage":"POWELL","type":"bus","lastLocID":10972,"messageCode":813,"time":1395755846063,"expires":1395756264000,"signMessageLong":"77  Broadway/Halsey to Montgomery Park","extraBlockID":null,"locationInScheduleDay":25005,"longitude":-122.6988751,"blockID":7736,"offRoute":false,"nextLocID":6014,"vehicleID":2221,"signMessage":"77 Montgomry Pk","extraTripID":null,"nextStopSeq":102,"routeNumber":77,"vehicleLoad":"unknown","bearing":358,"lastStopSeq":101,"inCongestion":false,"delay":-39,"latitude":45.5363921},{"tripID":4411562,"serviceDate":1395730800000,"direction":1,"garage":"POWELL","type":"bus","lastLocID":7656,"messageCode":268,"time":1395755846082,"expires":1395756264000,"signMessageLong":"14  Hawthorne to Portland","extraBlockID":null,"locationInScheduleDay":25080,"longitude":-122.6113718,"blockID":1437,"offRoute":false,"nextLocID":7665,"vehicleID":2264,"signMessage":"14 To Portland","extraTripID":null,"nextStopSeq":19,"routeNumber":14,"vehicleLoad":"unknown","bearing":0,"lastStopSeq":18,"inCongestion":false,"delay":36,"latitude":45.4980094},{"tripID":4418198,"serviceDate":1395730800000,"direction":1,"garage":"POWELL","type":"bus","lastLocID":48,"messageCode":760,"time":1395755867003,"expires":1395756286000,"signMessageLong":"72  Killingsworth/82nd to Clackamas TC","extraBlockID":null,"locationInScheduleDay":25042,"longitude":-122.6546976,"blockID":7246,"offRoute":false,"nextLocID":50,"vehicleID":2296,"signMessage":"72 Clackamas TC","extraTripID":null,"nextStopSeq":25,"routeNumber":72,"vehicleLoad":"unknown","bearing":90,"lastStopSeq":24,"inCongestion":false,"delay":-24,"latitude":45.5591098},{"tripID":4419224,"serviceDate":1395730800000,"direction":1,"garage":"POWELL","type":"bus","lastLocID":632,"messageCode":813,"time":1395755843388,"expires":1395756261000,"signMessageLong":"77  Broadway/Halsey to Montgomery Park","extraBlockID":null,"locationInScheduleDay":24884,"longitude":-122.6483314,"blockID":7737,"offRoute":false,"nextLocID":631,"vehicleID":2285,"signMessage":"77 Montgomry Pk","extraTripID":null,"nextStopSeq":80,"routeNumber":77,"vehicleLoad":"unknown","bearing":270,"lastStopSeq":79,"inCongestion":false,"delay":-157,"latitude":45.535033},{"tripID":4417869,"serviceDate":1395730800000,"direction":0,"garage":"POWELL","type":"bus","lastLocID":3201,"messageCode":766,"time":1395755840001,"expires":1395756258000,"signMessageLong":"72  Killingsworth/82nd to Swan Island-Anchor St","extraBlockID":null,"locationInScheduleDay":24986,"longitude":-122.6149804,"blockID":7244,"offRoute":false,"nextLocID":3200,"vehicleID":2276,"signMessage":"72 Swan Island","extraTripID":null,"nextStopSeq":74,"routeNumber":72,"vehicleLoad":"unknown","bearing":270,"lastStopSeq":73,"inCongestion":false,"delay":-52,"latitude":45.5627863},{"tripID":4417318,"serviceDate":1395730800000,"direction":1,"garage":"CENTER","type":"bus","lastLocID":9368,"messageCode":788,"time":1395755866954,"expires":1395756286000,"signMessageLong":"70  12th/NE 33rd Ave to Milwaukie","extraBlockID":null,"locationInScheduleDay":25066,"longitude":-122.6357648,"blockID":7005,"offRoute":false,"nextLocID":9414,"vehicleID":2132,"signMessage":"70 To Milwaukie","extraTripID":null,"nextStopSeq":2,"routeNumber":70,"vehicleLoad":"unknown","bearing":180,"lastStopSeq":1,"inCongestion":false,"delay":0,"latitude":45.5898735},{"tripID":4413878,"serviceDate":1395730800000,"direction":1,"garage":"CENTER","type":"bus","lastLocID":3858,"messageCode":462,"time":1395755843146,"expires":1395756262000,"signMessageLong":"31L Portland Limited","extraBlockID":null,"locationInScheduleDay":24310,"longitude":-122.6495654,"blockID":3001,"offRoute":false,"nextLocID":2171,"vehicleID":2123,"signMessage":"31L To Portland Limited","extraTripID":null,"nextStopSeq":7,"routeNumber":31,"vehicleLoad":"unknown","bearing":305,"lastStopSeq":6,"inCongestion":false,"delay":-732,"latitude":45.4869348},{"tripID":4417166,"serviceDate":1395730800000,"direction":0,"garage":"CENTER","type":"bus","lastLocID":6897,"messageCode":781,"time":1395755854774,"expires":1395756273000,"signMessageLong":"70  12th/NE 33rd Ave to NE Sunderland via 17th & Tacoma","extraBlockID":null,"locationInScheduleDay":24884,"longitude":-122.6470557,"blockID":7006,"offRoute":false,"nextLocID":10302,"vehicleID":2150,"signMessage":"70 To Sunderland via 17th","extraTripID":null,"nextStopSeq":9,"routeNumber":70,"vehicleLoad":"unknown","bearing":0,"lastStopSeq":8,"inCongestion":false,"delay":-169,"latitude":45.4639173},{"tripID":4417316,"serviceDate":1395730800000,"direction":1,"garage":"CENTER","type":"bus","lastLocID":8937,"messageCode":738,"time":1395755854797,"expires":1395756272000,"signMessageLong":"70  12th Ave to Milwaukie via 13th & Tacoma","extraBlockID":null,"locationInScheduleDay":24994,"longitude":-122.6543747,"blockID":7008,"offRoute":false,"nextLocID":6583,"vehicleID":2506,"signMessage":"70 To Milwaukie","extraTripID":null,"nextStopSeq":2,"routeNumber":70,"vehicleLoad":"unknown","bearing":157,"lastStopSeq":1,"inCongestion":false,"delay":-58,"latitude":45.5291124},{"tripID":4418197,"serviceDate":1395730800000,"direction":1,"garage":"POWELL","type":"bus","lastLocID":3191,"messageCode":760,"time":1395755834141,"expires":1395756251000,"signMessageLong":"72  Killingsworth/82nd to Clackamas TC","extraBlockID":null,"locationInScheduleDay":25028,"longitude":-122.6303349,"blockID":7238,"offRoute":false,"nextLocID":3193,"vehicleID":2527,"signMessage":"72 Clackamas TC","extraTripID":null,"nextStopSeq":37,"routeNumber":72,"vehicleLoad":"unknown","bearing":89,"lastStopSeq":36,"inCongestion":false,"delay":-3,"latitude":45.5627254},{"tripID":4417165,"serviceDate":1395730800000,"direction":0,"garage":"CENTER","type":"bus","lastLocID":6589,"messageCode":780,"time":1395755854823,"expires":1395756272000,"signMessageLong":"70  12th/NE 33rd Ave to NE Sunderland","extraBlockID":null,"locationInScheduleDay":25117,"longitude":-122.6536168,"blockID":7002,"offRoute":false,"nextLocID":6592,"vehicleID":2524,"signMessage":"70 To Sunderlnd","extraTripID":null,"nextStopSeq":34,"routeNumber":70,"vehicleLoad":"unknown","bearing":0,"lastStopSeq":33,"inCongestion":false,"delay":65,"latitude":45.5224248},{"tripID":4419087,"serviceDate":1395730800000,"direction":0,"garage":"CENTER","type":"bus","lastLocID":2396,"messageCode":809,"time":1395755839824,"expires":1395756257000,"signMessageLong":"77  Broadway/Halsey to Troutdale","extraBlockID":null,"locationInScheduleDay":25011,"longitude":-122.4961675,"blockID":7701,"offRoute":false,"nextLocID":2397,"vehicleID":2512,"signMessage":"77 To Troutdale","extraTripID":null,"nextStopSeq":75,"routeNumber":77,"vehicleLoad":"unknown","bearing":71,"lastStopSeq":74,"inCongestion":false,"delay":-26,"latitude":45.534208},{"tripID":4417872,"serviceDate":1395730800000,"direction":0,"garage":"POWELL","type":"bus","lastLocID":7968,"messageCode":768,"time":1395755846047,"expires":1395756263000,"signMessageLong":"72  Killingsworth/82nd to Swan Island-Shipyards","extraBlockID":null,"locationInScheduleDay":24939,"longitude":-122.5790199,"blockID":7239,"offRoute":false,"nextLocID":8015,"vehicleID":2540,"signMessage":"72 Swan Island","extraTripID":null,"nextStopSeq":7,"routeNumber":72,"vehicleLoad":"unknown","bearing":358,"lastStopSeq":6,"inCongestion":false,"delay":-104,"latitude":45.4495065},{"tripID":4418199,"serviceDate":1395730800000,"direction":1,"garage":"POWELL","type":"bus","lastLocID":3158,"messageCode":760,"time":1395755834149,"expires":1395756250000,"signMessageLong":"72  Killingsworth/82nd to Clackamas TC","extraBlockID":null,"locationInScheduleDay":25169,"longitude":-122.6835181,"blockID":7240,"offRoute":false,"nextLocID":3169,"vehicleID":2533,"signMessage":"72 Clackamas TC","extraTripID":null,"nextStopSeq":12,"routeNumber":72,"vehicleLoad":"unknown","bearing":90,"lastStopSeq":11,"inCongestion":false,"delay":139,"latitude":45.5626671},{"tripID":4418196,"serviceDate":1395730800000,"direction":1,"garage":"POWELL","type":"bus","lastLocID":3186,"messageCode":760,"time":1395755862934,"expires":1395756278000,"signMessageLong":"72  Killingsworth/82nd to Clackamas TC","extraBlockID":null,"locationInScheduleDay":25049,"longitude":-122.582233,"blockID":7236,"offRoute":false,"nextLocID":3185,"vehicleID":2552,"signMessage":"72 Clackamas TC","extraTripID":null,"nextStopSeq":51,"routeNumber":72,"vehicleLoad":"unknown","bearing":89,"lastStopSeq":50,"inCongestion":false,"delay":-9,"latitude":45.5626676},{"tripID":4417868,"serviceDate":1395730800000,"direction":0,"garage":"POWELL","type":"bus","lastLocID":10184,"messageCode":768,"time":1395755858330,"expires":1395756275000,"signMessageLong":"72  Killingsworth/82nd to Swan Island-Shipyards","extraBlockID":null,"locationInScheduleDay":24776,"longitude":-122.6614301,"blockID":7242,"offRoute":false,"nextLocID":5890,"vehicleID":2548,"signMessage":"72 Swan Island","extraTripID":null,"nextStopSeq":92,"routeNumber":72,"vehicleLoad":"unknown","bearing":0,"lastStopSeq":91,"inCongestion":false,"delay":-279,"latitude":45.559372},{"tripID":4411561,"serviceDate":1395730800000,"direction":1,"garage":"POWELL","type":"bus","lastLocID":2613,"messageCode":268,"time":1395755854945,"expires":1395756272000,"signMessageLong":"14  Hawthorne to Portland","extraBlockID":null,"locationInScheduleDay":24995,"longitude":-122.6396177,"blockID":1435,"offRoute":false,"nextLocID":2611,"vehicleID":2316,"signMessage":"14 To Portland","extraTripID":null,"nextStopSeq":34,"routeNumber":14,"vehicleLoad":"unknown","bearing":270,"lastStopSeq":33,"inCongestion":false,"delay":-57,"latitude":45.5120855},{"tripID":4413879,"serviceDate":1395730800000,"direction":1,"garage":"CENTER","type":"bus","lastLocID":7524,"messageCode":464,"time":1395755862801,"expires":1395756278000,"signMessageLong":"31  To Portland via Milwaukie","extraBlockID":null,"locationInScheduleDay":25012,"longitude":-122.6195372,"blockID":1403,"offRoute":false,"nextLocID":2583,"vehicleID":2725,"signMessage":"31 To Portland","extraTripID":null,"nextStopSeq":17,"routeNumber":31,"vehicleLoad":"unknown","bearing":180,"lastStopSeq":16,"inCongestion":false,"delay":-46,"latitude":45.4467707},{"tripID":4419088,"serviceDate":1395730800000,"direction":0,"garage":"CENTER","type":"bus","lastLocID":2452,"messageCode":809,"time":1395755824965,"expires":1395756243000,"signMessageLong":"77  Broadway/Halsey to Troutdale","extraBlockID":null,"locationInScheduleDay":25084,"longitude":-122.5842098,"blockID":7705,"offRoute":false,"nextLocID":2454,"vehicleID":2720,"signMessage":"77 To Troutdale","extraTripID":null,"nextStopSeq":50,"routeNumber":77,"vehicleLoad":"unknown","bearing":90,"lastStopSeq":49,"inCongestion":false,"delay":61,"latitude":45.5336095},{"tripID":4411563,"serviceDate":1395730800000,"direction":1,"garage":"CENTER","type":"bus","lastLocID":13236,"messageCode":268,"time":1395755858045,"expires":1395756275000,"signMessageLong":"14  Hawthorne to Portland","extraBlockID":null,"locationInScheduleDay":24996,"longitude":-122.5690014,"blockID":1404,"offRoute":false,"nextLocID":1829,"vehicleID":2718,"signMessage":"14 To Portland","extraTripID":null,"nextStopSeq":3,"routeNumber":14,"vehicleLoad":"unknown","bearing":293,"lastStopSeq":2,"inCongestion":false,"delay":-59,"latitude":45.4799325},{"tripID":4417164,"serviceDate":1395730800000,"direction":0,"garage":"CENTER","type":"bus","lastLocID":7383,"messageCode":783,"time":1395755862799,"expires":1395756279000,"signMessageLong":"70  33rd Ave to NE Sunderland","extraBlockID":null,"locationInScheduleDay":25031,"longitude":-122.630681,"blockID":7007,"offRoute":false,"nextLocID":7380,"vehicleID":2709,"signMessage":"70 To Sunderlnd","extraTripID":null,"nextStopSeq":60,"routeNumber":70,"vehicleLoad":"unknown","bearing":0,"lastStopSeq":59,"inCongestion":false,"delay":-28,"latitude":45.5636331},{"tripID":4417315,"serviceDate":1395730800000,"direction":1,"garage":"CENTER","type":"bus","lastLocID":6899,"messageCode":789,"time":1395755839807,"expires":1395756259000,"signMessageLong":"70  12th Ave to Milwaukie via 17th & Tacoma","extraBlockID":null,"locationInScheduleDay":24987,"longitude":-122.6481327,"blockID":7001,"offRoute":false,"nextLocID":6857,"vehicleID":2704,"signMessage":"70 To Milw via 17","extraTripID":null,"nextStopSeq":68,"routeNumber":70,"vehicleLoad":"unknown","bearing":175,"lastStopSeq":67,"inCongestion":false,"delay":-52,"latitude":45.4770794},{"tripID":4417317,"serviceDate":1395730800000,"direction":1,"garage":"CENTER","type":"bus","lastLocID":7363,"messageCode":788,"time":1395755830966,"expires":1395756248000,"signMessageLong":"70  12th/NE 33rd Ave to Milwaukie","extraBlockID":null,"locationInScheduleDay":25109,"longitude":-122.6307016,"blockID":7003,"offRoute":false,"nextLocID":7391,"vehicleID":2705,"signMessage":"70 To Milwaukie","extraTripID":null,"nextStopSeq":21,"routeNumber":70,"vehicleLoad":"unknown","bearing":180,"lastStopSeq":20,"inCongestion":false,"delay":81,"latitude":45.5557195},{"tripID":4417167,"serviceDate":1395730800000,"direction":0,"garage":"CENTER","type":"bus","lastLocID":13477,"messageCode":782,"time":1395755839806,"expires":1395756258000,"signMessageLong":"70  12th/NE 33rd Ave to NE Sunderland via 13th & Tacoma","extraBlockID":null,"locationInScheduleDay":25038,"longitude":-122.6407309,"blockID":7004,"offRoute":false,"nextLocID":8225,"vehicleID":2701,"signMessage":"70 To Sunderland via 13th","extraTripID":null,"nextStopSeq":2,"routeNumber":70,"vehicleLoad":"unknown","bearing":81,"lastStopSeq":1,"inCongestion":false,"delay":0,"latitude":45.4448667},{"tripID":4419225,"serviceDate":1395730800000,"direction":1,"garage":"CENTER","type":"bus","lastLocID":2428,"messageCode":813,"time":1395755834190,"expires":1395756252000,"signMessageLong":"77  Broadway/Halsey to Montgomery Park","extraBlockID":null,"locationInScheduleDay":24927,"longitude":-122.6100981,"blockID":7704,"offRoute":false,"nextLocID":2425,"vehicleID":2614,"signMessage":"77 Montgomry Pk","extraTripID":null,"nextStopSeq":64,"routeNumber":77,"vehicleLoad":"unknown","bearing":270,"lastStopSeq":63,"inCongestion":false,"delay":-105,"latitude":45.5337346},{"tripID":4411564,"serviceDate":1395730800000,"direction":1,"garage":"CENTER","type":"bus","lastLocID":1831,"messageCode":268,"time":1395755858246,"expires":1395756275000,"signMessageLong":"14  Hawthorne to Portland","extraBlockID":null,"locationInScheduleDay":25055,"longitude":-122.5662917,"blockID":1401,"offRoute":false,"nextLocID":13236,"vehicleID":2608,"signMessage":"14 To Portland","extraTripID":null,"nextStopSeq":2,"routeNumber":14,"vehicleLoad":"unknown","bearing":291,"lastStopSeq":1,"inCongestion":false,"delay":0,"latitude":45.4791765},{"tripID":4419228,"serviceDate":1395730800000,"direction":1,"garage":"CENTER","type":"bus","lastLocID":9481,"messageCode":813,"time":1395755867015,"expires":1395756286000,"signMessageLong":"77  Broadway/Halsey to Montgomery Park","extraBlockID":null,"locationInScheduleDay":25066,"longitude":-122.3982117,"blockID":7703,"offRoute":false,"nextLocID":9471,"vehicleID":2630,"signMessage":"77 Montgomry Pk","extraTripID":null,"nextStopSeq":2,"routeNumber":77,"vehicleLoad":"unknown","bearing":85,"lastStopSeq":1,"inCongestion":false,"delay":0,"latitude":45.5443612},{"tripID":4419090,"serviceDate":1395730800000,"direction":0,"garage":"CENTER","type":"bus","lastLocID":7114,"messageCode":809,"time":1395755846109,"expires":1395756264000,"signMessageLong":"77  Broadway/Halsey to Troutdale","extraBlockID":null,"locationInScheduleDay":24987,"longitude":-122.6944391,"blockID":7706,"offRoute":false,"nextLocID":7112,"vehicleID":2632,"signMessage":"77 To Troutdale","extraTripID":null,"nextStopSeq":10,"routeNumber":77,"vehicleLoad":"unknown","bearing":178,"lastStopSeq":9,"inCongestion":false,"delay":-57,"latitude":45.5266097},{"tripID":4417870,"serviceDate":1395730800000,"direction":0,"garage":"POWELL","type":"bus","lastLocID":8065,"messageCode":768,"time":1395755839764,"expires":1395756259000,"signMessageLong":"72  Killingsworth/82nd to Swan Island-Shipyards","extraBlockID":null,"locationInScheduleDay":24597,"longitude":-122.5790407,"blockID":7237,"offRoute":false,"nextLocID":7928,"vehicleID":3004,"signMessage":"72 Swan Island","extraTripID":null,"nextStopSeq":39,"routeNumber":72,"vehicleLoad":"unknown","bearing":357,"lastStopSeq":38,"inCongestion":false,"delay":-442,"latitude":45.518201},{"tripID":4417873,"serviceDate":1395730800000,"direction":0,"garage":"POWELL","type":"bus","lastLocID":13248,"messageCode":766,"time":1395755846016,"expires":1395756263000,"signMessageLong":"72  Killingsworth/82nd to Swan Island-Anchor St","extraBlockID":null,"locationInScheduleDay":25171,"longitude":-122.5691165,"blockID":7241,"offRoute":false,"nextLocID":12922,"vehicleID":3048,"signMessage":"72 Swan Island","extraTripID":null,"nextStopSeq":2,"routeNumber":72,"vehicleLoad":"unknown","bearing":353,"lastStopSeq":1,"inCongestion":false,"delay":128,"latitude":45.4360312},{"tripID":4417867,"serviceDate":1395730800000,"direction":0,"garage":"POWELL","type":"bus","lastLocID":1042,"messageCode":768,"time":1395755704743,"expires":1395756122000,"signMessageLong":"72  Killingsworth/82nd to Swan Island-Shipyards","extraBlockID":null,"locationInScheduleDay":25017,"longitude":-122.7043425,"blockID":7235,"offRoute":false,"nextLocID":1041,"vehicleID":3053,"signMessage":"72 Swan Island","extraTripID":null,"nextStopSeq":117,"routeNumber":72,"vehicleLoad":"unknown","bearing":89,"lastStopSeq":116,"inCongestion":false,"delay":0,"latitude":45.556692},{"tripID":4417871,"serviceDate":1395730800000,"direction":0,"garage":"POWELL","type":"bus","lastLocID":7947,"messageCode":766,"time":1395755854800,"expires":1395756274000,"signMessageLong":"72  Killingsworth/82nd to Swan Island-Anchor St","extraBlockID":null,"locationInScheduleDay":25080,"longitude":-122.5787082,"blockID":7245,"offRoute":false,"nextLocID":7957,"vehicleID":3052,"signMessage":"72 Swan Island","extraTripID":null,"nextStopSeq":33,"routeNumber":72,"vehicleLoad":"unknown","bearing":0,"lastStopSeq":32,"inCongestion":false,"delay":26,"latitude":45.5031519},{"tripID":4418194,"serviceDate":1395730800000,"direction":1,"garage":"POWELL","type":"bus","lastLocID":7942,"messageCode":760,"time":1395755839817,"expires":1395756259000,"signMessageLong":"72  Killingsworth/82nd to Clackamas TC","extraBlockID":null,"locationInScheduleDay":25196,"longitude":-122.5789296,"blockID":7234,"offRoute":false,"nextLocID":12921,"vehicleID":3054,"signMessage":"72 Clackamas TC","extraTripID":null,"nextStopSeq":110,"routeNumber":72,"vehicleLoad":"unknown","bearing":180,"lastStopSeq":109,"inCongestion":false,"delay":157,"latitude":45.4404157},{"tripID":4419222,"serviceDate":1395730800000,"direction":1,"garage":"POWELL","type":"bus","lastLocID":8483,"messageCode":813,"time":1395755843240,"expires":1395756260000,"signMessageLong":"77  Broadway/Halsey to Montgomery Park","extraBlockID":null,"locationInScheduleDay":24042,"longitude":-122.7069345,"blockID":7734,"offRoute":false,"nextLocID":8484,"vehicleID":3046,"signMessage":"77 Montgomry Pk","extraTripID":null,"nextStopSeq":109,"routeNumber":77,"vehicleLoad":"unknown","bearing":178,"lastStopSeq":108,"inCongestion":false,"delay":0,"latitude":45.5377966},{"tripID":4419226,"serviceDate":1395730800000,"direction":1,"garage":"POWELL","type":"bus","lastLocID":2381,"messageCode":813,"time":1395755794924,"expires":1395756212000,"signMessageLong":"77  Broadway/Halsey to Montgomery Park","extraBlockID":null,"locationInScheduleDay":24884,"longitude":-122.5212106,"blockID":7738,"offRoute":false,"nextLocID":2379,"vehicleID":3035,"signMessage":"77 Montgomry Pk","extraTripID":null,"nextStopSeq":34,"routeNumber":77,"vehicleLoad":"unknown","bearing":268,"lastStopSeq":33,"inCongestion":false,"delay":-108,"latitude":45.5336084},{"tripID":4411314,"serviceDate":1395730800000,"direction":0,"garage":"POWELL","type":"bus","lastLocID":3635,"messageCode":266,"time":1395755839783,"expires":1395756259000,"signMessageLong":"14  Hawthorne to 94th & Foster","extraBlockID":null,"locationInScheduleDay":24790,"longitude":-122.6745688,"blockID":1434,"offRoute":false,"nextLocID":2641,"vehicleID":3027,"signMessage":"14 To 94-Foster","extraTripID":null,"nextStopSeq":3,"routeNumber":14,"vehicleLoad":"unknown","bearing":113,"lastStopSeq":2,"inCongestion":false,"delay":-249,"latitude":45.5141622},{"tripID":4418195,"serviceDate":1395730800000,"direction":1,"garage":"POWELL","type":"bus","lastLocID":7956,"messageCode":760,"time":1395755858005,"expires":1395756276000,"signMessageLong":"72  Killingsworth/82nd to Clackamas TC","extraBlockID":null,"locationInScheduleDay":24814,"longitude":-122.5790777,"blockID":7243,"offRoute":false,"nextLocID":7937,"vehicleID":3025,"signMessage":"72 Clackamas TC","extraTripID":null,"nextStopSeq":70,"routeNumber":72,"vehicleLoad":"unknown","bearing":180,"lastStopSeq":69,"inCongestion":false,"delay":-242,"latitude":45.5238771},{"tripID":4419227,"serviceDate":1395730800000,"direction":1,"garage":"CENTER","type":"bus","lastLocID":2414,"messageCode":813,"time":1395755851722,"expires":1395756271000,"signMessageLong":"77  Broadway/Halsey to Montgomery Park","extraBlockID":null,"locationInScheduleDay":25144,"longitude":-122.447014,"blockID":7702,"offRoute":false,"nextLocID":13505,"vehicleID":2005,"signMessage":"77 Montgomry Pk","extraTripID":null,"nextStopSeq":16,"routeNumber":77,"vehicleLoad":"unknown","bearing":265,"lastStopSeq":15,"inCongestion":false,"delay":93,"latitude":45.5335707},{"tripID":4413877,"serviceDate":1395730800000,"direction":1,"garage":"CENTER","type":"bus","lastLocID":7800,"messageCode":467,"time":1395755843258,"expires":1395756261000,"signMessageLong":"31  Downtown Only","extraBlockID":null,"locationInScheduleDay":24793,"longitude":-122.6794311,"blockID":1402,"offRoute":false,"nextLocID":7797,"vehicleID":2014,"signMessage":"31 Downtown Only","extraTripID":null,"nextStopSeq":40,"routeNumber":31,"vehicleLoad":"unknown","bearing":20,"lastStopSeq":39,"inCongestion":false,"delay":-248,"latitude":45.5176351}],"queryTime":1395755868834}}
