{"resultSet":{"vehicle":[{"tripID":4419221,"serviceDate":1395730800000,"direction":1,"garage":"POWELL","type":"bus","lastLocID":632,"messageCode":813,"time":1395751825485,"expires":1395752243000,"signMessageLong":"77  Broadway/Halsey to Montgomery Park","extraBlockID":null,"locationInScheduleDay":20956,"longitude":-122.6496034,"blockID":7735,"offRoute":false,"nextLocID":631,"vehicleID":2222,"signMessage":"77 Montgomry Pk","extraTripID":null,"nextStopSeq":34,"routeNumber":77,"vehicleLoad":"unknown","bearing":269,"lastStopSeq":33,"inCongestion":false,"delay":-67,"latitude":45.5350353},{"tripID":4419223,"serviceDate":1395730800000,"direction":1,"garage":"POWELL","type":"bus","lastLocID":8746,"messageCode":813,"time":1395751846714,"expires":1395752266000,"signMessageLong":"77  Broadway/Halsey to Montgomery Park","extraBlockID":null,"locationInScheduleDay":21036,"longitude":-122.3939616,"blockID":7736,"offRoute":false,"nextLocID":2346,"vehicleID":2221,"signMessage":"77 Montgomry Pk","extraTripID":null,"nextStopSeq":4,"routeNumber":77,"vehicleLoad":"unknown","bearing":238,"lastStopSeq":3,"inCongestion":false,"delay":-10,"latitude":45.5395179},{"tripID":4413875,"serviceDate":1395730800000,"direction":1,"garage":"POWELL","type":"bus","lastLocID":3254,"messageCode":464,"time":1395751846722,"expires":1395752266000,"signMessageLong":"31  To Portland via Milwaukie","extraBlockID":null,"locationInScheduleDay":20909,"longitude":-122.5849312,"blockID":3137,"offRoute":false,"nextLocID":12956,"vehicleID":2258,"signMessage":"31 To Portland","extraTripID":null,"nextStopSeq":7,"routeNumber":31,"vehicleLoad":"unknown","bearing":270,"lastStopSeq":6,"inCongestion":false,"delay":-137,"latitude":45.4470494},{"tripID":4417163,"serviceDate":1395730800000,"direction":0,"garage":"CENTER","type":"bus","lastLocID":8225,"messageCode":782,"time":1395751819528,"expires":1395752239000,"signMessageLong":"70  12th/NE 33rd Ave to NE Sunderland via 13th & Tacoma","extraBlockID":null,"locationInScheduleDay":21019,"longitude":-122.6407711,"blockID":7005,"offRoute":false,"nextLocID":6871,"vehicleID":2132,"signMessage":"70 To Sunderland via 13th","extraTripID":null,"nextStopSeq":3,"routeNumber":70,"vehicleLoad":"unknown","bearing":260,"lastStopSeq":2,"inCongestion":false,"delay":0,"latitude":45.4456304},{"tripID":4417865,"serviceDate":1395730800000,"direction":0,"garage":"POWELL","type":"bus","lastLocID":7933,"messageCode":768,"time":1395751837869,"expires":1395752255000,"signMessageLong":"72  Killingsworth/82nd to Swan Island-Shipyards","extraBlockID":null,"locationInScheduleDay":21021,"longitude":-122.5787186,"blockID":7238,"offRoute":false,"nextLocID":8039,"vehicleID":2527,"signMessage":"72 Swan Island","extraTripID":null,"nextStopSeq":58,"routeNumber":72,"vehicleLoad":"unknown","bearing":0,"lastStopSeq":57,"inCongestion":false,"delay":-14,"latitude":45.5509935},{"tripID":4417312,"serviceDate":1395730800000,"direction":1,"garage":"CENTER","type":"bus","lastLocID":8937,"messageCode":789,"time":1395751819586,"expires":1395752239000,"signMessageLong":"70  12th Ave to Milwaukie via 17th & Tacoma","extraBlockID":null,"locationInScheduleDay":20810,"longitude":-122.6535936,"blockID":7002,"offRoute":false,"nextLocID":6583,"vehicleID":2524,"signMessage":"70 To Milw via 17","extraTripID":null,"nextStopSeq":45,"routeNumber":70,"vehicleLoad":"unknown","bearing":180,"lastStopSeq":44,"inCongestion":false,"delay":-209,"latitude":45.5287859},{"tripID":4419220,"serviceDate":1395730800000,"direction":1,"garage":"CENTER","type":"bus","lastLocID":8483,"messageCode":813,"time":1395751789650,"expires":1395752207000,"signMessageLong":"77  Broadway/Halsey to Montgomery Park","extraBlockID":null,"locationInScheduleDay":20695,"longitude":-122.7069158,"blockID":7701,"offRoute":false,"nextLocID":8484,"vehicleID":2512,"signMessage":"77 Montgomry Pk","extraTripID":null,"nextStopSeq":63,"routeNumber":77,"vehicleLoad":"unknown","bearing":178,"lastStopSeq":62,"inCongestion":false,"delay":0,"latitude":45.5372941},{"tripID":4418192,"serviceDate":1395730800000,"direction":1,"garage":"POWELL","type":"bus","lastLocID":3208,"messageCode":760,"time":1395751819586,"expires":1395752238000,"signMessageLong":"72  Killingsworth/82nd to Clackamas TC","extraBlockID":null,"locationInScheduleDay":21088,"longitude":-122.6043717,"blockID":7239,"offRoute":false,"nextLocID":3145,"vehicleID":2540,"signMessage":"72 Clackamas TC","extraTripID":null,"nextStopSeq":45,"routeNumber":72,"vehicleLoad":"unknown","bearing":90,"lastStopSeq":44,"inCongestion":false,"delay":70,"latitude":45.562759},{"tripID":4417866,"serviceDate":1395730800000,"direction":0,"garage":"POWELL","type":"bus","lastLocID":7964,"messageCode":766,"time":1395751819600,"expires":1395752238000,"signMessageLong":"72  Killingsworth/82nd to Swan Island-Anchor St","extraBlockID":null,"locationInScheduleDay":20885,"longitude":-122.5789621,"blockID":7240,"offRoute":false,"nextLocID":8029,"vehicleID":2533,"signMessage":"72 Swan Island","extraTripID":null,"nextStopSeq":23,"routeNumber":72,"vehicleLoad":"unknown","bearing":0,"lastStopSeq":22,"inCongestion":false,"delay":-133,"latitude":45.4832833},{"tripID":4417864,"serviceDate":1395730800000,"direction":0,"garage":"POWELL","type":"bus","lastLocID":3192,"messageCode":768,"time":1395751840685,"expires":1395752258000,"signMessageLong":"72  Killingsworth/82nd to Swan Island-Shipyards","extraBlockID":null,"locationInScheduleDay":20700,"longitude":-122.6316145,"blockID":7236,"offRoute":false,"nextLocID":3189,"vehicleID":2552,"signMessage":"72 Swan Island","extraTripID":null,"nextStopSeq":79,"routeNumber":72,"vehicleLoad":"unknown","bearing":269,"lastStopSeq":78,"inCongestion":false,"delay":-338,"latitude":45.5627203},{"tripID":4413874,"serviceDate":1395730800000,"direction":1,"garage":"POWELL","type":"bus","lastLocID":3797,"messageCode":466,"time":1395751834674,"expires":1395752253000,"signMessageLong":"31  Portland","extraBlockID":null,"locationInScheduleDay":20948,"longitude":-122.6415226,"blockID":3134,"offRoute":false,"nextLocID":3785,"vehicleID":2555,"signMessage":"31 To Portland","extraTripID":null,"nextStopSeq":31,"routeNumber":31,"vehicleLoad":"unknown","bearing":350,"lastStopSeq":30,"inCongestion":false,"delay":-85,"latitude":45.4790963},{"tripID":4411557,"serviceDate":1395730800000,"direction":1,"garage":"POWELL","type":"bus","lastLocID":2642,"messageCode":266,"time":1395751840681,"expires":1395752258000,"signMessageLong":"14  Hawthorne to 94th & Foster","extraBlockID":null,"locationInScheduleDay":21107,"longitude":-122.6734184,"blockID":1435,"offRoute":false,"nextLocID":11956,"vehicleID":2316,"signMessage":"14 To 94-Foster","extraTripID":null,"nextStopSeq":43,"routeNumber":14,"vehicleLoad":"unknown","bearing":264,"lastStopSeq":42,"inCongestion":false,"delay":69,"latitude":45.5139144},{"tripID":4417161,"serviceDate":1395730800000,"direction":0,"garage":"CENTER","type":"bus","lastLocID":8303,"messageCode":783,"time":1395751822802,"expires":1395752240000,"signMessageLong":"70  33rd Ave to NE Sunderland","extraBlockID":null,"locationInScheduleDay":20953,"longitude":-122.6439399,"blockID":7001,"offRoute":false,"nextLocID":7105,"vehicleID":2704,"signMessage":"70 To Sunderlnd","extraTripID":null,"nextStopSeq":72,"routeNumber":70,"vehicleLoad":"unknown","bearing":0,"lastStopSeq":71,"inCongestion":false,"delay":-67,"latitude":45.5791558},{"tripID":4417162,"serviceDate":1395730800000,"direction":0,"garage":"CENTER","type":"bus","lastLocID":6578,"messageCode":780,"time":1395751804732,"expires":1395752223000,"signMessageLong":"70  12th/NE 33rd Ave to NE Sunderland","extraBlockID":null,"locationInScheduleDay":21099,"longitude":-122.6537188,"blockID":7003,"offRoute":false,"nextLocID":6581,"vehicleID":2705,"signMessage":"70 To Sunderlnd","extraTripID":null,"nextStopSeq":25,"routeNumber":70,"vehicleLoad":"unknown","bearing":0,"lastStopSeq":24,"inCongestion":false,"delay":96,"latitude":45.5056964},{"tripID":4411558,"serviceDate":1395730800000,"direction":1,"garage":"CENTER","type":"bus","lastLocID":1799,"messageCode":268,"time":1395751838103,"expires":1395752257000,"signMessageLong":"14  Hawthorne to Portland","extraBlockID":null,"locationInScheduleDay":21039,"longitude":-122.6032127,"blockID":1401,"offRoute":false,"nextLocID":1798,"vehicleID":2608,"signMessage":"14 To Portland","extraTripID":null,"nextStopSeq":16,"routeNumber":14,"vehicleLoad":"unknown","bearing":308,"lastStopSeq":15,"inCongestion":false,"delay":2,"latitude":45.4928728},{"tripID":4418191,"serviceDate":1395730800000,"direction":1,"garage":"POWELL","type":"bus","lastLocID":8066,"messageCode":760,"time":1395751837700,"expires":1395752257000,"signMessageLong":"72  Killingsworth/82nd to Clackamas TC","extraBlockID":null,"locationInScheduleDay":20894,"longitude":-122.57888,"blockID":7237,"offRoute":false,"nextLocID":8004,"vehicleID":3004,"signMessage":"72 Clackamas TC","extraTripID":null,"nextStopSeq":75,"routeNumber":72,"vehicleLoad":"unknown","bearing":177,"lastStopSeq":74,"inCongestion":false,"delay":-143,"latitude":45.5153718},{"tripID":4413796,"serviceDate":1395730800000,"direction":0,"garage":"POWELL","type":"bus","lastLocID":3245,"messageCode":457,"time":1395751837702,"expires":1395752255000,"signMessageLong":"31  Clackamas Town Center, continuing to Estacada","extraBlockID":null,"locationInScheduleDay":21027,"longitude":-122.6081626,"blockID":3136,"offRoute":false,"nextLocID":3238,"vehicleID":3007,"signMessage":"31 To Estacada via Clackamas","extraTripID":null,"nextStopSeq":12,"routeNumber":31,"vehicleLoad":"unknown","bearing":90,"lastStopSeq":11,"inCongestion":false,"delay":-8,"latitude":45.4479911},{"tripID":4418193,"serviceDate":1395730800000,"direction":1,"garage":"POWELL","type":"bus","lastLocID":3162,"messageCode":760,"time":1395751822786,"expires":1395752240000,"signMessageLong":"72  Killingsworth/82nd to Clackamas TC","extraBlockID":null,"locationInScheduleDay":21047,"longitude":-122.6868567,"blockID":7241,"offRoute":false,"nextLocID":3158,"vehicleID":3048,"signMessage":"72 Clackamas TC","extraTripID":null,"nextStopSeq":11,"routeNumber":72,"vehicleLoad":"unknown","bearing":90,"lastStopSeq":10,"inCongestion":false,"delay":27,"latitude":45.5627021},{"tripID":4417867,"serviceDate":1395730800000,"direction":0,"garage":"POWELL","type":"bus","lastLocID":13248,"messageCode":null,"time":1395751846000,"expires":1395752266000,"signMessageLong":null,"extraBlockID":null,"locationInScheduleDay":null,"longitude":-122.569033,"blockID":7235,"offRoute":false,"nextLocID":12922,"vehicleID":3053,"signMessage":null,"extraTripID":null,"nextStopSeq":null,"routeNumber":72,"vehicleLoad":"unknown","bearing":null,"lastStopSeq":null,"inCongestion":false,"delay":25,"latitude":45.436467},{"tripID":4417863,"serviceDate":1395730800000,"direction":0,"garage":"POWELL","type":"bus","lastLocID":1042,"messageCode":768,"time":1395751837745,"expires":1395752255000,"signMessageLong":"72  Killingsworth/82nd to Swan Island-Shipyards","extraBlockID":null,"locationInScheduleDay":20758,"longitude":-122.7041941,"blockID":7234,"offRoute":false,"nextLocID":1041,"vehicleID":3054,"signMessage":"72 Swan Island","extraTripID":null,"nextStopSeq":117,"routeNumber":72,"vehicleLoad":"unknown","bearing":94,"lastStopSeq":116,"inCongestion":false,"delay":0,"latitude":45.5566863},{"tripID":4419222,"serviceDate":1395730800000,"direction":1,"garage":"POWELL","type":"bus","lastLocID":2395,"messageCode":813,"time":1395751792856,"expires":1395752209000,"signMessageLong":"77  Broadway/Halsey to Montgomery Park","extraBlockID":null,"locationInScheduleDay":20760,"longitude":-122.4954392,"blockID":7734,"offRoute":false,"nextLocID":13026,"vehicleID":3046,"signMessage":"77 Montgomry Pk","extraTripID":null,"nextStopSeq":27,"routeNumber":77,"vehicleLoad":"unknown","bearing":262,"lastStopSeq":26,"inCongestion":false,"delay":-229,"latitude":45.5343144},{"tripID":4411310,"serviceDate":1395730800000,"direction":0,"garage":"POWELL","type":"bus","lastLocID":1819,"messageCode":266,"time":1395751822770,"expires":1395752241000,"signMessageLong":"14  Hawthorne to 94th & Foster","extraBlockID":null,"locationInScheduleDay":21060,"longitude":-122.5793344,"blockID":1434,"offRoute":false,"nextLocID":1821,"vehicleID":3027,"signMessage":"14 To 94-Foster","extraTripID":null,"nextStopSeq":43,"routeNumber":14,"vehicleLoad":"unknown","bearing":120,"lastStopSeq":42,"inCongestion":false,"delay":39,"latitude":45.4829651},{"tripID":4419085,"serviceDate":1395730800000,"direction":0,"garage":"CENTER","type":"bus","lastLocID":651,"messageCode":809,"time":1395751819604,"expires":1395752238000,"signMessageLong":"77  Broadway/Halsey to Troutdale","extraBlockID":null,"locationInScheduleDay":21035,"longitude":-122.6157227,"blockID":7702,"offRoute":false,"nextLocID":653,"vehicleID":2005,"signMessage":"77 To Troutdale","extraTripID":null,"nextStopSeq":38,"routeNumber":77,"vehicleLoad":"unknown","bearing":89,"lastStopSeq":37,"inCongestion":false,"delay":17,"latitude":45.5351276}],"queryTime":1395751848675}}
