{"resultSet":{"vehicle":[{"tripID":4419220,"serviceDate":1395730800000,"direction":1,"garage":"CENTER","type":"bus","lastLocID":650,"messageCode":813,"time":1395749494424,"expires":1395749912000,"signMessageLong":"77  Broadway/Halsey to Montgomery Park","extraBlockID":null,"locationInScheduleDay":18900,"longitude":-122.6177515,"blockID":7701,"offRoute":false,"nextLocID":7510,"vehicleID":2512,"signMessage":"77 Montgomry Pk","extraTripID":null,"nextStopSeq":21,"routeNumber":77,"vehicleLoad":"unknown","bearing":270,"lastStopSeq":20,"inCongestion":false,"delay":208,"latitude":45.5351286},{"tripID":4417864,"serviceDate":1395730800000,"direction":0,"garage":"POWELL","type":"bus","lastLocID":7918,"messageCode":768,"time":1395749497632,"expires":1395749915000,"signMessageLong":"72  Killingsworth/82nd to Swan Island-Shipyards","extraBlockID":null,"locationInScheduleDay":18646,"longitude":-122.5789252,"blockID":7236,"offRoute":false,"nextLocID":7968,"vehicleID":2552,"signMessage":"72 Swan Island","extraTripID":null,"nextStopSeq":6,"routeNumber":72,"vehicleLoad":"unknown","bearing":357,"lastStopSeq":5,"inCongestion":false,"delay":-49,"latitude":45.4474014},{"tripID":4417161,"serviceDate":1395730800000,"direction":0,"garage":"CENTER","type":"bus","lastLocID":6856,"messageCode":780,"time":1395749494412,"expires":1395749912000,"signMessageLong":"70  12th/NE 33rd Ave to NE Sunderland","extraBlockID":null,"locationInScheduleDay":18717,"longitude":-122.6479405,"blockID":7001,"offRoute":false,"nextLocID":6898,"vehicleID":2704,"signMessage":"70 To Sunderlnd","extraTripID":null,"nextStopSeq":17,"routeNumber":70,"vehicleLoad":"unknown","bearing":355,"lastStopSeq":16,"inCongestion":false,"delay":25,"latitude":45.4755068},{"tripID":4418190,"serviceDate":1395730800000,"direction":1,"garage":"POWELL","type":"bus","lastLocID":8002,"messageCode":760,"time":1395749479647,"expires":1395749896000,"signMessageLong":"72  Killingsworth/82nd to Clackamas TC","extraBlockID":null,"locationInScheduleDay":18657,"longitude":-122.5789033,"blockID":7235,"offRoute":false,"nextLocID":8034,"vehicleID":3053,"signMessage":"72 Clackamas TC","extraTripID":null,"nextStopSeq":7,"routeNumber":72,"vehicleLoad":"unknown","bearing":180,"lastStopSeq":6,"inCongestion":false,"delay":-19,"latitude":45.5413595},{"tripID":4417863,"serviceDate":1395730800000,"direction":0,"garage":"POWELL","type":"bus","lastLocID":7991,"messageCode":768,"time":1395749482788,"expires":1395749899000,"signMessageLong":"72  Killingsworth/82nd to Swan Island-Shipyards","extraBlockID":null,"locationInScheduleDay":18670,"longitude":-122.578807,"blockID":7234,"offRoute":false,"nextLocID":7967,"vehicleID":3054,"signMessage":"72 Swan Island","extraTripID":null,"nextStopSeq":56,"routeNumber":72,"vehicleLoad":"unknown","bearing":0,"lastStopSeq":55,"inCongestion":false,"delay":-9,"latitude":45.5462528},{"tripID":4411556,"serviceDate":1395730800000,"direction":1,"garage":"POWELL","type":"bus","lastLocID":2629,"messageCode":268,"time":1395749494409,"expires":1395749913000,"signMessageLong":"14  Hawthorne to Portland","extraBlockID":null,"locationInScheduleDay":18772,"longitude":-122.6225213,"blockID":1434,"offRoute":false,"nextLocID":2626,"vehicleID":3027,"signMessage":"14 To Portland","extraTripID":null,"nextStopSeq":28,"routeNumber":14,"vehicleLoad":"unknown","bearing":269,"lastStopSeq":27,"inCongestion":false,"delay":79,"latitude":45.5120448}],"queryTime":1395749508589}}
