{"resultSet":{"vehicle":[{"tripID":4411642,"serviceDate":1395644400000,"direction":1,"garage":"CENTER","type":"bus","lastLocID":1824,"messageCode":268,"time":1395734853224,"expires":1395735272000,"signMessageLong":"14  Hawthorne to Portland","extraBlockID":null,"locationInScheduleDay":90431,"longitude":-122.5761404,"blockID":1406,"offRoute":false,"nextLocID":1818,"vehicleID":3128,"signMessage":"14 To Portland","extraTripID":null,"nextStopSeq":6,"routeNumber":14,"vehicleLoad":"unknown","bearing":289,"lastStopSeq":5,"inCongestion":false,"delay":-21,"latitude":45.4819328},{"tripID":4418297,"serviceDate":1395644400000,"direction":1,"garage":"POWELL","type":"bus","lastLocID":7942,"messageCode":760,"time":1395734837918,"expires":1395735257000,"signMessageLong":"72  Killingsworth/82nd to Clackamas TC","extraBlockID":null,"locationInScheduleDay":90545,"longitude":-122.5790425,"blockID":7253,"offRoute":false,"nextLocID":12921,"vehicleID":3019,"signMessage":"72 Clackamas TC","extraTripID":null,"nextStopSeq":110,"routeNumber":72,"vehicleLoad":"unknown","bearing":180,"lastStopSeq":109,"inCongestion":false,"delay":108,"latitude":45.437124},{"tripID":4418298,"serviceDate":1395644400000,"direction":1,"garage":"POWELL","type":"bus","lastLocID":3185,"messageCode":760,"time":1395734853106,"expires":1395735271000,"signMessageLong":"72  Killingsworth/82nd to Clackamas TC","extraBlockID":null,"locationInScheduleDay":90560,"longitude":-122.5785412,"blockID":7236,"offRoute":false,"nextLocID":8889,"vehicleID":3022,"signMessage":"72 Clackamas TC","extraTripID":null,"nextStopSeq":52,"routeNumber":72,"vehicleLoad":"unknown","bearing":180,"lastStopSeq":51,"inCongestion":false,"delay":109,"latitude":45.5602022},{"tripID":4417969,"serviceDate":1395644400000,"direction":0,"garage":"POWELL","type":"bus","lastLocID":7927,"messageCode":766,"time":1395734837750,"expires":1395735256000,"signMessageLong":"72  Killingsworth/82nd to Swan Island-Anchor St","extraBlockID":null,"locationInScheduleDay":90504,"longitude":-122.5785144,"blockID":7238,"offRoute":false,"nextLocID":3216,"vehicleID":3035,"signMessage":"72 Swan Island","extraTripID":null,"nextStopSeq":62,"routeNumber":72,"vehicleLoad":"unknown","bearing":0,"lastStopSeq":61,"inCongestion":false,"delay":68,"latitude":45.5620192}],"queryTime":1395734867682}}
