{"resultSet":{"vehicle":[{"tripID":4411577,"serviceDate":1395730800000,"direction":1,"garage":"POWELL","type":"bus","lastLocID":2626,"messageCode":268,"time":1395762866461,"expires":1395763282000,"signMessageLong":"14  Hawthorne to Portland","extraBlockID":null,"locationInScheduleDay":32192,"longitude":-122.6251014,"blockID":1436,"offRoute":false,"nextLocID":2624,"vehicleID":2206,"signMessage":"14 To Portland","extraTripID":null,"nextStopSeq":29,"routeNumber":14,"vehicleLoad":"unknown","bearing":270,"lastStopSeq":28,"inCongestion":false,"delay":130,"latitude":45.51205},{"tripID":4419232,"serviceDate":1395730800000,"direction":1,"garage":"POWELL","type":"bus","lastLocID":7510,"messageCode":813,"time":1395762866499,"expires":1395763284000,"signMessageLong":"77  Broadway/Halsey to Montgomery Park","extraBlockID":null,"locationInScheduleDay":32259,"longitude":-122.620309,"blockID":7735,"offRoute":false,"nextLocID":10869,"vehicleID":2222,"signMessage":"77 Montgomry Pk","extraTripID":null,"nextStopSeq":68,"routeNumber":77,"vehicleLoad":"unknown","bearing":179,"lastStopSeq":67,"inCongestion":false,"delay":195,"latitude":45.5347788},{"tripID":4419235,"serviceDate":1395730800000,"direction":1,"garage":"POWELL","type":"bus","lastLocID":9481,"messageCode":813,"time":1395762875249,"expires":1395763292000,"signMessageLong":"77  Broadway/Halsey to Montgomery Park","extraBlockID":null,"locationInScheduleDay":32072,"longitude":-122.3982117,"blockID":7736,"offRoute":false,"nextLocID":9471,"vehicleID":2221,"signMessage":"77 Montgomry Pk","extraTripID":null,"nextStopSeq":2,"routeNumber":77,"vehicleLoad":"unknown","bearing":85,"lastStopSeq":1,"inCongestion":false,"delay":0,"latitude":45.5443612},{"tripID":4411578,"serviceDate":1395730800000,"direction":1,"garage":"POWELL","type":"bus","lastLocID":1793,"messageCode":268,"time":1395762875231,"expires":1395763293000,"signMessageLong":"14  Hawthorne to Portland","extraBlockID":null,"locationInScheduleDay":32073,"longitude":-122.6108631,"blockID":1438,"offRoute":false,"nextLocID":7656,"vehicleID":2220,"signMessage":"14 To Portland","extraTripID":null,"nextStopSeq":18,"routeNumber":14,"vehicleLoad":"unknown","bearing":313,"lastStopSeq":17,"inCongestion":false,"delay":0,"latitude":45.4969125},{"tripID":4411575,"serviceDate":1395730800000,"direction":1,"garage":"POWELL","type":"bus","lastLocID":2642,"messageCode":267,"time":1395762878008,"expires":1395763295000,"signMessageLong":"14  Downtown Only","extraBlockID":null,"locationInScheduleDay":32195,"longitude":-122.6747484,"blockID":1437,"offRoute":false,"nextLocID":11956,"vehicleID":2270,"signMessage":"14 Downtown Only","extraTripID":null,"nextStopSeq":43,"routeNumber":14,"vehicleLoad":"unknown","bearing":335,"lastStopSeq":42,"inCongestion":false,"delay":120,"latitude":45.5147765},{"tripID":4417884,"serviceDate":1395730800000,"direction":0,"garage":"POWELL","type":"bus","lastLocID":8023,"messageCode":766,"time":1395762863088,"expires":1395763282000,"signMessageLong":"72  Killingsworth/82nd to Swan Island-Anchor St","extraBlockID":null,"locationInScheduleDay":32160,"longitude":-122.578735,"blockID":7247,"offRoute":false,"nextLocID":8052,"vehicleID":2250,"signMessage":"72 Swan Island","extraTripID":null,"nextStopSeq":30,"routeNumber":72,"vehicleLoad":"unknown","bearing":0,"lastStopSeq":29,"inCongestion":false,"delay":98,"latitude":45.4978227},{"tripID":4417882,"serviceDate":1395730800000,"direction":0,"garage":"POWELL","type":"bus","lastLocID":7967,"messageCode":766,"time":1395762872122,"expires":1395763290000,"signMessageLong":"72  Killingsworth/82nd to Swan Island-Anchor St","extraBlockID":null,"locationInScheduleDay":32061,"longitude":-122.5787473,"blockID":7246,"offRoute":false,"nextLocID":7933,"vehicleID":2296,"signMessage":"72 Swan Island","extraTripID":null,"nextStopSeq":57,"routeNumber":72,"vehicleLoad":"unknown","bearing":0,"lastStopSeq":56,"inCongestion":false,"delay":-9,"latitude":45.5494119},{"tripID":4419093,"serviceDate":1395730800000,"direction":0,"garage":"POWELL","type":"bus","lastLocID":2421,"messageCode":809,"time":1395762860444,"expires":1395763278000,"signMessageLong":"77  Broadway/Halsey to Troutdale","extraBlockID":null,"locationInScheduleDay":31832,"longitude":-122.4129506,"blockID":7737,"offRoute":false,"nextLocID":2422,"vehicleID":2285,"signMessage":"77 To Troutdale","extraTripID":null,"nextStopSeq":94,"routeNumber":77,"vehicleLoad":"unknown","bearing":79,"lastStopSeq":93,"inCongestion":false,"delay":-226,"latitude":45.5378539},{"tripID":4418205,"serviceDate":1395730800000,"direction":1,"garage":"POWELL","type":"bus","lastLocID":7969,"messageCode":760,"time":1395762875307,"expires":1395763293000,"signMessageLong":"72  Killingsworth/82nd to Clackamas TC","extraBlockID":null,"locationInScheduleDay":32129,"longitude":-122.5790117,"blockID":7252,"offRoute":false,"nextLocID":7990,"vehicleID":2283,"signMessage":"72 Clackamas TC","extraTripID":null,"nextStopSeq":107,"routeNumber":72,"vehicleLoad":"unknown","bearing":178,"lastStopSeq":106,"inCongestion":false,"delay":56,"latitude":45.4492284},{"tripID":4418204,"serviceDate":1395730800000,"direction":1,"garage":"POWELL","type":"bus","lastLocID":12921,"messageCode":760,"time":1395762656716,"expires":1395763074000,"signMessageLong":"72  Killingsworth/82nd to Clackamas TC","extraBlockID":null,"locationInScheduleDay":31851,"longitude":-122.5685071,"blockID":7244,"offRoute":false,"nextLocID":13247,"vehicleID":2276,"signMessage":"72 Clackamas TC","extraTripID":null,"nextStopSeq":111,"routeNumber":72,"vehicleLoad":"unknown","bearing":86,"lastStopSeq":110,"inCongestion":false,"delay":0,"latitude":45.4355671},{"tripID":4411579,"serviceDate":1395730800000,"direction":1,"garage":"POWELL","type":"bus","lastLocID":1831,"messageCode":268,"time":1395762860438,"expires":1395763278000,"signMessageLong":"14  Hawthorne to Portland","extraBlockID":null,"locationInScheduleDay":32058,"longitude":-122.5662917,"blockID":1439,"offRoute":false,"nextLocID":13236,"vehicleID":2275,"signMessage":"14 To Portland","extraTripID":null,"nextStopSeq":2,"routeNumber":14,"vehicleLoad":"unknown","bearing":291,"lastStopSeq":1,"inCongestion":false,"delay":0,"latitude":45.4791765},{"tripID":4417322,"serviceDate":1395730800000,"direction":1,"garage":"CENTER","type":"bus","lastLocID":6894,"messageCode":790,"time":1395762862985,"expires":1395763280000,"signMessageLong":"70  12th Ave to Milwaukie via 13th & Tacoma","extraBlockID":null,"locationInScheduleDay":31599,"longitude":-122.6483645,"blockID":7006,"offRoute":false,"nextLocID":6846,"vehicleID":2150,"signMessage":"70 To Milw via 13","extraTripID":null,"nextStopSeq":64,"routeNumber":70,"vehicleLoad":"unknown","bearing":180,"lastStopSeq":63,"inCongestion":false,"delay":-461,"latitude":45.487736},{"tripID":4417326,"serviceDate":1395730800000,"direction":1,"garage":"CENTER","type":"bus","lastLocID":9368,"messageCode":788,"time":1395762860377,"expires":1395763278000,"signMessageLong":"70  12th/NE 33rd Ave to Milwaukie","extraBlockID":null,"locationInScheduleDay":32058,"longitude":-122.6357648,"blockID":7008,"offRoute":false,"nextLocID":9414,"vehicleID":2506,"signMessage":"70 To Milwaukie","extraTripID":null,"nextStopSeq":2,"routeNumber":70,"vehicleLoad":"unknown","bearing":180,"lastStopSeq":1,"inCongestion":false,"delay":0,"latitude":45.5898735},{"tripID":4417881,"serviceDate":1395730800000,"direction":0,"garage":"POWELL","type":"bus","lastLocID":3200,"messageCode":766,"time":1395762866426,"expires":1395763285000,"signMessageLong":"72  Killingsworth/82nd to Swan Island-Anchor St","extraBlockID":null,"locationInScheduleDay":32081,"longitude":-122.6214495,"blockID":7238,"offRoute":false,"nextLocID":3197,"vehicleID":2527,"signMessage":"72 Swan Island","extraTripID":null,"nextStopSeq":75,"routeNumber":72,"vehicleLoad":"unknown","bearing":269,"lastStopSeq":74,"inCongestion":false,"delay":16,"latitude":45.5628037},{"tripID":4417174,"serviceDate":1395730800000,"direction":0,"garage":"CENTER","type":"bus","lastLocID":13477,"messageCode":781,"time":1395762866439,"expires":1395763283000,"signMessageLong":"70  12th/NE 33rd Ave to NE Sunderland via 17th & Tacoma","extraBlockID":null,"locationInScheduleDay":32063,"longitude":-122.6407309,"blockID":7002,"offRoute":false,"nextLocID":8225,"vehicleID":2524,"signMessage":"70 To Sunderland via 17th","extraTripID":null,"nextStopSeq":2,"routeNumber":70,"vehicleLoad":"unknown","bearing":81,"lastStopSeq":1,"inCongestion":false,"delay":0,"latitude":45.4448667},{"tripID":4419230,"serviceDate":1395730800000,"direction":1,"garage":"CENTER","type":"bus","lastLocID":6014,"messageCode":813,"time":1395762881135,"expires":1395763300000,"signMessageLong":"77  Broadway/Halsey to Montgomery Park","extraBlockID":null,"locationInScheduleDay":32132,"longitude":-122.7043736,"blockID":7701,"offRoute":false,"nextLocID":8414,"vehicleID":2512,"signMessage":"77 Montgomry Pk","extraTripID":null,"nextStopSeq":103,"routeNumber":77,"vehicleLoad":"unknown","bearing":268,"lastStopSeq":102,"inCongestion":false,"delay":52,"latitude":45.5368338},{"tripID":4418208,"serviceDate":1395730800000,"direction":1,"garage":"POWELL","type":"bus","lastLocID":10600,"messageCode":760,"time":1395762836390,"expires":1395763252000,"signMessageLong":"72  Killingsworth/82nd to Clackamas TC","extraBlockID":null,"locationInScheduleDay":32065,"longitude":-122.5917281,"blockID":7239,"offRoute":false,"nextLocID":3211,"vehicleID":2540,"signMessage":"72 Clackamas TC","extraTripID":null,"nextStopSeq":49,"routeNumber":72,"vehicleLoad":"unknown","bearing":90,"lastStopSeq":48,"inCongestion":false,"delay":33,"latitude":45.5627037},{"tripID":4417883,"serviceDate":1395730800000,"direction":0,"garage":"POWELL","type":"bus","lastLocID":7936,"messageCode":766,"time":1395762877952,"expires":1395763296000,"signMessageLong":"72  Killingsworth/82nd to Swan Island-Anchor St","extraBlockID":null,"locationInScheduleDay":32076,"longitude":-122.5790762,"blockID":7240,"offRoute":false,"nextLocID":7955,"vehicleID":2533,"signMessage":"72 Swan Island","extraTripID":null,"nextStopSeq":43,"routeNumber":72,"vehicleLoad":"unknown","bearing":0,"lastStopSeq":42,"inCongestion":false,"delay":0,"latitude":45.5241971},{"tripID":4417880,"serviceDate":1395730800000,"direction":0,"garage":"POWELL","type":"bus","lastLocID":53,"messageCode":766,"time":1395762866570,"expires":1395763282000,"signMessageLong":"72  Killingsworth/82nd to Swan Island-Anchor St","extraBlockID":null,"locationInScheduleDay":31980,"longitude":-122.6508396,"blockID":7236,"offRoute":false,"nextLocID":51,"vehicleID":2552,"signMessage":"72 Swan Island","extraTripID":null,"nextStopSeq":88,"routeNumber":72,"vehicleLoad":"unknown","bearing":270,"lastStopSeq":87,"inCongestion":false,"delay":-82,"latitude":45.5590991},{"tripID":4413884,"serviceDate":1395730800000,"direction":1,"garage":"POWELL","type":"bus","lastLocID":2574,"messageCode":458,"time":1395762866565,"expires":1395763284000,"signMessageLong":"31  To Milwaukie","extraBlockID":null,"locationInScheduleDay":32075,"longitude":-122.6318871,"blockID":3134,"offRoute":false,"nextLocID":2573,"vehicleID":2555,"signMessage":"31 To Milwaukie","extraTripID":null,"nextStopSeq":20,"routeNumber":31,"vehicleLoad":"unknown","bearing":268,"lastStopSeq":19,"inCongestion":false,"delay":11,"latitude":45.446543},{"tripID":4417886,"serviceDate":1395730800000,"direction":0,"garage":"POWELL","type":"bus","lastLocID":13248,"messageCode":766,"time":1395762875363,"expires":1395763293000,"signMessageLong":"72  Killingsworth/82nd to Swan Island-Anchor St","extraBlockID":null,"locationInScheduleDay":32184,"longitude":-122.5690815,"blockID":7242,"offRoute":false,"nextLocID":12922,"vehicleID":2548,"signMessage":"72 Swan Island","extraTripID":null,"nextStopSeq":2,"routeNumber":72,"vehicleLoad":"unknown","bearing":353,"lastStopSeq":1,"inCongestion":false,"delay":111,"latitude":45.4358222},{"tripID":4411320,"serviceDate":1395730800000,"direction":0,"garage":"POWELL","type":"bus","lastLocID":6398,"messageCode":266,"time":1395762863301,"expires":1395763280000,"signMessageLong":"14  Hawthorne to 94th & Foster","extraBlockID":null,"locationInScheduleDay":32025,"longitude":-122.5649146,"blockID":1440,"offRoute":false,"nextLocID":8134,"vehicleID":2308,"signMessage":"14 To 94-Foster","extraTripID":null,"nextStopSeq":48,"routeNumber":14,"vehicleLoad":"unknown","bearing":110,"lastStopSeq":47,"inCongestion":false,"delay":-35,"latitude":45.4780482},{"tripID":4417879,"serviceDate":1395730800000,"direction":0,"garage":"POWELL","type":"bus","lastLocID":3163,"messageCode":766,"time":1395762881283,"expires":1395763300000,"signMessageLong":"72  Killingsworth/82nd to Swan Island-Anchor St","extraBlockID":null,"locationInScheduleDay":31973,"longitude":-122.687611,"blockID":7253,"offRoute":false,"nextLocID":3180,"vehicleID":2318,"signMessage":"72 Swan Island","extraTripID":null,"nextStopSeq":102,"routeNumber":72,"vehicleLoad":"unknown","bearing":270,"lastStopSeq":101,"inCongestion":false,"delay":-107,"latitude":45.562707},{"tripID":4411321,"serviceDate":1395730800000,"direction":0,"garage":"POWELL","type":"bus","lastLocID":2630,"messageCode":266,"time":1395762875343,"expires":1395763292000,"signMessageLong":"14  Hawthorne to 94th & Foster","extraBlockID":null,"locationInScheduleDay":32021,"longitude":-122.6152929,"blockID":1435,"offRoute":false,"nextLocID":2633,"vehicleID":2316,"signMessage":"14 To 94-Foster","extraTripID":null,"nextStopSeq":21,"routeNumber":14,"vehicleLoad":"unknown","bearing":90,"lastStopSeq":20,"inCongestion":false,"delay":-51,"latitude":45.5120278},{"tripID":4419231,"serviceDate":1395730800000,"direction":1,"garage":"CENTER","type":"bus","lastLocID":10867,"messageCode":813,"time":1395762875213,"expires":1395763293000,"signMessageLong":"77  Broadway/Halsey to Montgomery Park","extraBlockID":null,"locationInScheduleDay":32120,"longitude":-122.6565924,"blockID":7705,"offRoute":false,"nextLocID":10876,"vehicleID":2720,"signMessage":"77 Montgomry Pk","extraTripID":null,"nextStopSeq":83,"routeNumber":77,"vehicleLoad":"unknown","bearing":180,"lastStopSeq":82,"inCongestion":false,"delay":47,"latitude":45.5328019},{"tripID":4411574,"serviceDate":1395730800000,"direction":1,"garage":"CENTER","type":"bus","lastLocID":13169,"messageCode":266,"time":1395762883957,"expires":1395763302000,"signMessageLong":"14  Hawthorne to 94th & Foster","extraBlockID":null,"locationInScheduleDay":31885,"longitude":-122.6803016,"blockID":1404,"offRoute":false,"nextLocID":3639,"vehicleID":2718,"signMessage":"14 To 94-Foster","extraTripID":null,"nextStopSeq":45,"routeNumber":14,"vehicleLoad":"unknown","bearing":109,"lastStopSeq":44,"inCongestion":false,"delay":-197,"latitude":45.5157141},{"tripID":4417173,"serviceDate":1395730800000,"direction":0,"garage":"CENTER","type":"bus","lastLocID":6688,"messageCode":782,"time":1395762863006,"expires":1395763282000,"signMessageLong":"70  12th/NE 33rd Ave to NE Sunderland via 13th & Tacoma","extraBlockID":null,"locationInScheduleDay":31939,"longitude":-122.653006,"blockID":7007,"offRoute":false,"nextLocID":6711,"vehicleID":2709,"signMessage":"70 To Sunderland via 13th","extraTripID":null,"nextStopSeq":9,"routeNumber":70,"vehicleLoad":"unknown","bearing":0,"lastStopSeq":8,"inCongestion":false,"delay":-123,"latitude":45.4619441},{"tripID":4417324,"serviceDate":1395730800000,"direction":1,"garage":"CENTER","type":"bus","lastLocID":7377,"messageCode":788,"time":1395762866385,"expires":1395763285000,"signMessageLong":"70  12th/NE 33rd Ave to Milwaukie","extraBlockID":null,"locationInScheduleDay":32019,"longitude":-122.6306911,"blockID":7001,"offRoute":false,"nextLocID":644,"vehicleID":2704,"signMessage":"70 To Milwaukie","extraTripID":null,"nextStopSeq":32,"routeNumber":70,"vehicleLoad":"unknown","bearing":180,"lastStopSeq":31,"inCongestion":false,"delay":-46,"latitude":45.5360251},{"tripID":4417171,"serviceDate":1395730800000,"direction":0,"garage":"CENTER","type":"bus","lastLocID":7373,"messageCode":783,"time":1395762866380,"expires":1395763282000,"signMessageLong":"70  33rd Ave to NE Sunderland","extraBlockID":null,"locationInScheduleDay":32118,"longitude":-122.6307136,"blockID":7003,"offRoute":false,"nextLocID":7393,"vehicleID":2705,"signMessage":"70 To Sunderlnd","extraTripID":null,"nextStopSeq":55,"routeNumber":70,"vehicleLoad":"unknown","bearing":0,"lastStopSeq":54,"inCongestion":false,"delay":56,"latitude":45.5498565},{"tripID":4417323,"serviceDate":1395730800000,"direction":1,"garage":"CENTER","type":"bus","lastLocID":6551,"messageCode":789,"time":1395762875169,"expires":1395763292000,"signMessageLong":"70  12th Ave to Milwaukie via 17th & Tacoma","extraBlockID":null,"locationInScheduleDay":32121,"longitude":-122.6546998,"blockID":7004,"offRoute":false,"nextLocID":6543,"vehicleID":2701,"signMessage":"70 To Milw via 17","extraTripID":null,"nextStopSeq":52,"routeNumber":70,"vehicleLoad":"unknown","bearing":180,"lastStopSeq":51,"inCongestion":false,"delay":49,"latitude":45.5118784},{"tripID":4419094,"serviceDate":1395730800000,"direction":0,"garage":"CENTER","type":"bus","lastLocID":2320,"messageCode":809,"time":1395762875321,"expires":1395763292000,"signMessageLong":"77  Broadway/Halsey to Troutdale","extraBlockID":null,"locationInScheduleDay":32026,"longitude":-122.5052533,"blockID":7704,"offRoute":false,"nextLocID":2389,"vehicleID":2614,"signMessage":"77 To Troutdale","extraTripID":null,"nextStopSeq":71,"routeNumber":77,"vehicleLoad":"unknown","bearing":90,"lastStopSeq":70,"inCongestion":false,"delay":-46,"latitude":45.5336709},{"tripID":4411576,"serviceDate":1395730800000,"direction":1,"garage":"CENTER","type":"bus","lastLocID":2602,"messageCode":268,"time":1395762884100,"expires":1395763301000,"signMessageLong":"14  Hawthorne to Portland","extraBlockID":null,"locationInScheduleDay":32178,"longitude":-122.6528743,"blockID":1401,"offRoute":false,"nextLocID":3637,"vehicleID":2608,"signMessage":"14 To Portland","extraTripID":null,"nextStopSeq":39,"routeNumber":14,"vehicleLoad":"unknown","bearing":270,"lastStopSeq":38,"inCongestion":false,"delay":97,"latitude":45.512212},{"tripID":4417325,"serviceDate":1395730800000,"direction":1,"garage":"CENTER","type":"bus","lastLocID":9368,"messageCode":788,"time":1395762887193,"expires":1395763306000,"signMessageLong":"70  12th/NE 33rd Ave to Milwaukie","extraBlockID":null,"locationInScheduleDay":32086,"longitude":-122.6357648,"blockID":7010,"offRoute":false,"nextLocID":9414,"vehicleID":2623,"signMessage":"70 To Milwaukie","extraTripID":null,"nextStopSeq":2,"routeNumber":70,"vehicleLoad":"unknown","bearing":180,"lastStopSeq":1,"inCongestion":false,"delay":0,"latitude":45.5898735},{"tripID":4419229,"serviceDate":1395730800000,"direction":1,"garage":"CENTER","type":"bus","lastLocID":8483,"messageCode":813,"time":1395762866529,"expires":1395763284000,"signMessageLong":"77  Broadway/Halsey to Montgomery Park","extraBlockID":null,"locationInScheduleDay":31362,"longitude":-122.7069345,"blockID":7707,"offRoute":false,"nextLocID":8484,"vehicleID":2653,"signMessage":"77 Montgomry Pk","extraTripID":null,"nextStopSeq":109,"routeNumber":77,"vehicleLoad":"unknown","bearing":178,"lastStopSeq":108,"inCongestion":false,"delay":0,"latitude":45.5377966},{"tripID":4417172,"serviceDate":1395730800000,"direction":0,"garage":"CENTER","type":"bus","lastLocID":6585,"messageCode":780,"time":1395762878006,"expires":1395763295000,"signMessageLong":"70  12th/NE 33rd Ave to NE Sunderland","extraBlockID":null,"locationInScheduleDay":32141,"longitude":-122.6536623,"blockID":7009,"offRoute":false,"nextLocID":6588,"vehicleID":2626,"signMessage":"70 To Sunderlnd","extraTripID":null,"nextStopSeq":28,"routeNumber":70,"vehicleLoad":"unknown","bearing":0,"lastStopSeq":27,"inCongestion":false,"delay":66,"latitude":45.5159426},{"tripID":4419097,"serviceDate":1395730800000,"direction":0,"garage":"CENTER","type":"bus","lastLocID":6013,"messageCode":809,"time":1395762878014,"expires":1395763295000,"signMessageLong":"77  Broadway/Halsey to Troutdale","extraBlockID":null,"locationInScheduleDay":31989,"longitude":-122.6988522,"blockID":7703,"offRoute":false,"nextLocID":7168,"vehicleID":2630,"signMessage":"77 To Troutdale","extraTripID":null,"nextStopSeq":4,"routeNumber":77,"vehicleLoad":"unknown","bearing":178,"lastStopSeq":3,"inCongestion":false,"delay":-86,"latitude":45.5357076},{"tripID":4419233,"serviceDate":1395730800000,"direction":1,"garage":"CENTER","type":"bus","lastLocID":2365,"messageCode":813,"time":1395762878015,"expires":1395763297000,"signMessageLong":"77  Broadway/Halsey to Montgomery Park","extraBlockID":null,"locationInScheduleDay":32020,"longitude":-122.5421983,"blockID":7706,"offRoute":false,"nextLocID":2361,"vehicleID":2632,"signMessage":"77 Montgomry Pk","extraTripID":null,"nextStopSeq":41,"routeNumber":77,"vehicleLoad":"unknown","bearing":269,"lastStopSeq":40,"inCongestion":false,"delay":-57,"latitude":45.5335331},{"tripID":4418206,"serviceDate":1395730800000,"direction":1,"garage":"POWELL","type":"bus","lastLocID":8024,"messageCode":760,"time":1395762862973,"expires":1395763282000,"signMessageLong":"72  Killingsworth/82nd to Clackamas TC","extraBlockID":null,"locationInScheduleDay":32100,"longitude":-122.5787393,"blockID":7237,"offRoute":false,"nextLocID":13707,"vehicleID":3004,"signMessage":"72 Clackamas TC","extraTripID":null,"nextStopSeq":84,"routeNumber":72,"vehicleLoad":"unknown","bearing":180,"lastStopSeq":83,"inCongestion":false,"delay":38,"latitude":45.4971097},{"tripID":4417878,"serviceDate":1395730800000,"direction":0,"garage":"POWELL","type":"bus","lastLocID":2161,"messageCode":766,"time":1395762869086,"expires":1395763287000,"signMessageLong":"72  Killingsworth/82nd to Swan Island-Anchor St","extraBlockID":null,"locationInScheduleDay":31734,"longitude":-122.7039353,"blockID":7251,"offRoute":false,"nextLocID":115,"vehicleID":3003,"signMessage":"72 Swan Island","extraTripID":null,"nextStopSeq":108,"routeNumber":72,"vehicleLoad":"unknown","bearing":185,"lastStopSeq":107,"inCongestion":false,"delay":0,"latitude":45.5570695},{"tripID":4418209,"serviceDate":1395730800000,"direction":1,"garage":"POWELL","type":"bus","lastLocID":69,"messageCode":760,"time":1395762866370,"expires":1395763285000,"signMessageLong":"72  Killingsworth/82nd to Clackamas TC","extraBlockID":null,"locationInScheduleDay":31932,"longitude":-122.6558087,"blockID":7241,"offRoute":false,"nextLocID":48,"vehicleID":3048,"signMessage":"72 Clackamas TC","extraTripID":null,"nextStopSeq":24,"routeNumber":72,"vehicleLoad":"unknown","bearing":90,"lastStopSeq":23,"inCongestion":false,"delay":-133,"latitude":45.5591128},{"tripID":4417885,"serviceDate":1395730800000,"direction":0,"garage":"POWELL","type":"bus","lastLocID":7993,"messageCode":766,"time":1395762863007,"expires":1395763280000,"signMessageLong":"72  Killingsworth/82nd to Swan Island-Anchor St","extraBlockID":null,"locationInScheduleDay":32146,"longitude":-122.5790519,"blockID":7235,"offRoute":false,"nextLocID":7962,"vehicleID":3053,"signMessage":"72 Swan Island","extraTripID":null,"nextStopSeq":15,"routeNumber":72,"vehicleLoad":"unknown","bearing":359,"lastStopSeq":14,"inCongestion":false,"delay":86,"latitude":45.4675979},{"tripID":4418207,"serviceDate":1395730800000,"direction":1,"garage":"POWELL","type":"bus","lastLocID":8000,"messageCode":760,"time":1395762866394,"expires":1395763283000,"signMessageLong":"72  Killingsworth/82nd to Clackamas TC","extraBlockID":null,"locationInScheduleDay":32063,"longitude":-122.5791014,"blockID":7245,"offRoute":false,"nextLocID":7978,"vehicleID":3052,"signMessage":"72 Clackamas TC","extraTripID":null,"nextStopSeq":66,"routeNumber":72,"vehicleLoad":"unknown","bearing":180,"lastStopSeq":65,"inCongestion":false,"delay":0,"latitude":45.5334929},{"tripID":4418210,"serviceDate":1395730800000,"direction":1,"garage":"POWELL","type":"bus","lastLocID":3162,"messageCode":760,"time":1395762875183,"expires":1395763292000,"signMessageLong":"72  Killingsworth/82nd to Clackamas TC","extraBlockID":null,"locationInScheduleDay":32177,"longitude":-122.6872046,"blockID":7234,"offRoute":false,"nextLocID":3158,"vehicleID":3054,"signMessage":"72 Clackamas TC","extraTripID":null,"nextStopSeq":11,"routeNumber":72,"vehicleLoad":"unknown","bearing":90,"lastStopSeq":10,"inCongestion":false,"delay":105,"latitude":45.5627041},{"tripID":4419234,"serviceDate":1395730800000,"direction":1,"garage":"POWELL","type":"bus","lastLocID":13505,"messageCode":813,"time":1395762875208,"expires":1395763292000,"signMessageLong":"77  Broadway/Halsey to Montgomery Park","extraBlockID":null,"locationInScheduleDay":32103,"longitude":-122.4508803,"blockID":7734,"offRoute":false,"nextLocID":2411,"vehicleID":3046,"signMessage":"77 Montgomry Pk","extraTripID":null,"nextStopSeq":17,"routeNumber":77,"vehicleLoad":"unknown","bearing":270,"lastStopSeq":16,"inCongestion":false,"delay":31,"latitude":45.5334039},{"tripID":4419095,"serviceDate":1395730800000,"direction":0,"garage":"POWELL","type":"bus","lastLocID":7509,"messageCode":809,"time":1395762866365,"expires":1395763282000,"signMessageLong":"77  Broadway/Halsey to Troutdale","extraBlockID":null,"locationInScheduleDay":31893,"longitude":-122.6203099,"blockID":7738,"offRoute":false,"nextLocID":651,"vehicleID":3035,"signMessage":"77 To Troutdale","extraTripID":null,"nextStopSeq":37,"routeNumber":77,"vehicleLoad":"unknown","bearing":359,"lastStopSeq":36,"inCongestion":false,"delay":-169,"latitude":45.5349678},{"tripID":4419096,"serviceDate":1395730800000,"direction":0,"garage":"CENTER","type":"bus","lastLocID":11817,"messageCode":809,"time":1395762875222,"expires":1395763293000,"signMessageLong":"77  Broadway/Halsey to Troutdale","extraBlockID":null,"locationInScheduleDay":32055,"longitude":-122.6653043,"blockID":7702,"offRoute":false,"nextLocID":13708,"vehicleID":2005,"signMessage":"77 To Troutdale","extraTripID":null,"nextStopSeq":20,"routeNumber":77,"vehicleLoad":"unknown","bearing":90,"lastStopSeq":19,"inCongestion":false,"delay":-18,"latitude":45.5307992}],"queryTime":1395762889114}}
