{"resultSet":{"vehicle":[{"tripID":4411313,"serviceDate":1395730800000,"direction":0,"garage":"POWELL","type":"bus","lastLocID":2608,"messageCode":266,"time":1395754777786,"expires":1395755197000,"signMessageLong":"14  Hawthorne to 94th & Foster","extraBlockID":null,"locationInScheduleDay":24179,"longitude":-122.6407628,"blockID":1436,"offRoute":false,"nextLocID":2612,"vehicleID":2206,"signMessage":"14 To 94-Foster","extraTripID":null,"nextStopSeq":12,"routeNumber":14,"vehicleLoad":"unknown","bearing":90,"lastStopSeq":11,"inCongestion":false,"delay":202,"latitude":45.5120869},{"tripID":4419089,"serviceDate":1395730800000,"direction":0,"garage":"POWELL","type":"bus","lastLocID":7121,"messageCode":809,"time":1395754763598,"expires":1395755181000,"signMessageLong":"77  Broadway/Halsey to Troutdale","extraBlockID":null,"locationInScheduleDay":23891,"longitude":-122.6945499,"blockID":7735,"offRoute":false,"nextLocID":7114,"vehicleID":2222,"signMessage":"77 To Troutdale","extraTripID":null,"nextStopSeq":9,"routeNumber":77,"vehicleLoad":"unknown","bearing":178,"lastStopSeq":8,"inCongestion":false,"delay":-70,"latitude":45.5295492},{"tripID":4419223,"serviceDate":1395730800000,"direction":1,"garage":"POWELL","type":"bus","lastLocID":635,"messageCode":813,"time":1395754736183,"expires":1395755155000,"signMessageLong":"77  Broadway/Halsey to Montgomery Park","extraBlockID":null,"locationInScheduleDay":23861,"longitude":-122.6441488,"blockID":7736,"offRoute":false,"nextLocID":634,"vehicleID":2221,"signMessage":"77 Montgomry Pk","extraTripID":null,"nextStopSeq":78,"routeNumber":77,"vehicleLoad":"unknown","bearing":270,"lastStopSeq":77,"inCongestion":false,"delay":-74,"latitude":45.5350174},{"tripID":4419224,"serviceDate":1395730800000,"direction":1,"garage":"POWELL","type":"bus","lastLocID":2438,"messageCode":813,"time":1395754771951,"expires":1395755191000,"signMessageLong":"77  Broadway/Halsey to Montgomery Park","extraBlockID":null,"locationInScheduleDay":23846,"longitude":-122.6029487,"blockID":7737,"offRoute":false,"nextLocID":2432,"vehicleID":2285,"signMessage":"77 Montgomry Pk","extraTripID":null,"nextStopSeq":61,"routeNumber":77,"vehicleLoad":"unknown","bearing":269,"lastStopSeq":60,"inCongestion":false,"delay":-125,"latitude":45.5337161},{"tripID":4417869,"serviceDate":1395730800000,"direction":0,"garage":"POWELL","type":"bus","lastLocID":7930,"messageCode":766,"time":1395754763650,"expires":1395755180000,"signMessageLong":"72  Killingsworth/82nd to Swan Island-Anchor St","extraBlockID":null,"locationInScheduleDay":23932,"longitude":-122.5790821,"blockID":7244,"offRoute":false,"nextLocID":7936,"vehicleID":2276,"signMessage":"72 Swan Island","extraTripID":null,"nextStopSeq":42,"routeNumber":72,"vehicleLoad":"unknown","bearing":0,"lastStopSeq":41,"inCongestion":false,"delay":-28,"latitude":45.5216839},{"tripID":4417163,"serviceDate":1395730800000,"direction":0,"garage":"CENTER","type":"bus","lastLocID":7369,"messageCode":783,"time":1395754775010,"expires":1395755192000,"signMessageLong":"70  33rd Ave to NE Sunderland","extraBlockID":null,"locationInScheduleDay":23925,"longitude":-122.6360925,"blockID":7005,"offRoute":false,"nextLocID":8508,"vehicleID":2132,"signMessage":"70 To Sunderlnd","extraTripID":null,"nextStopSeq":68,"routeNumber":70,"vehicleLoad":"unknown","bearing":286,"lastStopSeq":67,"inCongestion":false,"delay":-47,"latitude":45.5748352},{"tripID":4413878,"serviceDate":1395730800000,"direction":1,"garage":"CENTER","type":"bus","lastLocID":3228,"messageCode":462,"time":1395754760439,"expires":1395755179000,"signMessageLong":"31L Portland Limited","extraBlockID":null,"locationInScheduleDay":23840,"longitude":-122.5943649,"blockID":3001,"offRoute":false,"nextLocID":3235,"vehicleID":2123,"signMessage":"31L To Portland Limited","extraTripID":null,"nextStopSeq":3,"routeNumber":31,"vehicleLoad":"unknown","bearing":270,"lastStopSeq":2,"inCongestion":false,"delay":-119,"latitude":45.4479275},{"tripID":4417166,"serviceDate":1395730800000,"direction":0,"garage":"CENTER","type":"bus","lastLocID":13477,"messageCode":781,"time":1395754775030,"expires":1395755193000,"signMessageLong":"70  12th/NE 33rd Ave to NE Sunderland via 17th & Tacoma","extraBlockID":null,"locationInScheduleDay":23973,"longitude":-122.6407309,"blockID":7006,"offRoute":false,"nextLocID":8225,"vehicleID":2150,"signMessage":"70 To Sunderland via 17th","extraTripID":null,"nextStopSeq":2,"routeNumber":70,"vehicleLoad":"unknown","bearing":81,"lastStopSeq":1,"inCongestion":false,"delay":0,"latitude":45.4448667},{"tripID":4418197,"serviceDate":1395730800000,"direction":1,"garage":"POWELL","type":"bus","lastLocID":9399,"messageCode":760,"time":1395754766318,"expires":1395755183000,"signMessageLong":"72  Killingsworth/82nd to Clackamas TC","extraBlockID":null,"locationInScheduleDay":23995,"longitude":-122.6936676,"blockID":7238,"offRoute":false,"nextLocID":2195,"vehicleID":2527,"signMessage":"72 Clackamas TC","extraTripID":null,"nextStopSeq":4,"routeNumber":72,"vehicleLoad":"unknown","bearing":90,"lastStopSeq":3,"inCongestion":false,"delay":32,"latitude":45.5559986},{"tripID":4417165,"serviceDate":1395730800000,"direction":0,"garage":"CENTER","type":"bus","lastLocID":6691,"messageCode":782,"time":1395754781011,"expires":1395755198000,"signMessageLong":"70  12th/NE 33rd Ave to NE Sunderland via 13th & Tacoma","extraBlockID":null,"locationInScheduleDay":23929,"longitude":-122.652412,"blockID":7002,"offRoute":false,"nextLocID":844,"vehicleID":2524,"signMessage":"70 To Sunderland via 13th","extraTripID":null,"nextStopSeq":14,"routeNumber":70,"vehicleLoad":"unknown","bearing":22,"lastStopSeq":13,"inCongestion":false,"delay":-49,"latitude":45.4733637},{"tripID":4419087,"serviceDate":1395730800000,"direction":0,"garage":"CENTER","type":"bus","lastLocID":2442,"messageCode":809,"time":1395754775088,"expires":1395755192000,"signMessageLong":"77  Broadway/Halsey to Troutdale","extraBlockID":null,"locationInScheduleDay":23973,"longitude":-122.5950203,"blockID":7701,"offRoute":false,"nextLocID":2446,"vehicleID":2512,"signMessage":"77 To Troutdale","extraTripID":null,"nextStopSeq":46,"routeNumber":77,"vehicleLoad":"unknown","bearing":90,"lastStopSeq":45,"inCongestion":false,"delay":1,"latitude":45.5336623},{"tripID":4417866,"serviceDate":1395730800000,"direction":0,"garage":"POWELL","type":"bus","lastLocID":2161,"messageCode":766,"time":1395754760564,"expires":1395755179000,"signMessageLong":"72  Killingsworth/82nd to Swan Island-Anchor St","extraBlockID":null,"locationInScheduleDay":23783,"longitude":-122.7021949,"blockID":7240,"offRoute":false,"nextLocID":115,"vehicleID":2533,"signMessage":"72 Swan Island","extraTripID":null,"nextStopSeq":108,"routeNumber":72,"vehicleLoad":"unknown","bearing":307,"lastStopSeq":107,"inCongestion":false,"delay":0,"latitude":45.5573516},{"tripID":4418196,"serviceDate":1395730800000,"direction":1,"garage":"POWELL","type":"bus","lastLocID":3188,"messageCode":760,"time":1395754781136,"expires":1395755199000,"signMessageLong":"72  Killingsworth/82nd to Clackamas TC","extraBlockID":null,"locationInScheduleDay":23996,"longitude":-122.6670848,"blockID":7236,"offRoute":false,"nextLocID":3165,"vehicleID":2552,"signMessage":"72 Clackamas TC","extraTripID":null,"nextStopSeq":19,"routeNumber":72,"vehicleLoad":"unknown","bearing":89,"lastStopSeq":18,"inCongestion":false,"delay":17,"latitude":45.5627255},{"tripID":4413798,"serviceDate":1395730800000,"direction":0,"garage":"POWELL","type":"bus","lastLocID":2568,"messageCode":457,"time":1395754730650,"expires":1395755148000,"signMessageLong":"31  Clackamas Town Center, continuing to Estacada","extraBlockID":null,"locationInScheduleDay":23884,"longitude":-122.6307935,"blockID":3134,"offRoute":false,"nextLocID":2575,"vehicleID":2555,"signMessage":"31 To Estacada via Clackamas","extraTripID":null,"nextStopSeq":5,"routeNumber":31,"vehicleLoad":"unknown","bearing":88,"lastStopSeq":4,"inCongestion":false,"delay":-44,"latitude":45.4465707},{"tripID":4417868,"serviceDate":1395730800000,"direction":0,"garage":"POWELL","type":"bus","lastLocID":7927,"messageCode":768,"time":1395754777906,"expires":1395755195000,"signMessageLong":"72  Killingsworth/82nd to Swan Island-Shipyards","extraBlockID":null,"locationInScheduleDay":23817,"longitude":-122.5785165,"blockID":7242,"offRoute":false,"nextLocID":3216,"vehicleID":2548,"signMessage":"72 Swan Island","extraTripID":null,"nextStopSeq":62,"routeNumber":72,"vehicleLoad":"unknown","bearing":0,"lastStopSeq":61,"inCongestion":false,"delay":-158,"latitude":45.5613684},{"tripID":4411561,"serviceDate":1395730800000,"direction":1,"garage":"POWELL","type":"bus","lastLocID":12948,"messageCode":268,"time":1395754781130,"expires":1395755198000,"signMessageLong":"14  Hawthorne to Portland","extraBlockID":null,"locationInScheduleDay":23886,"longitude":-122.5877425,"blockID":1435,"offRoute":false,"nextLocID":1811,"vehicleID":2316,"signMessage":"14 To Portland","extraTripID":null,"nextStopSeq":9,"routeNumber":14,"vehicleLoad":"unknown","bearing":295,"lastStopSeq":8,"inCongestion":false,"delay":-92,"latitude":45.48601},{"tripID":4419088,"serviceDate":1395730800000,"direction":0,"garage":"CENTER","type":"bus","lastLocID":10866,"messageCode":809,"time":1395754775099,"expires":1395755194000,"signMessageLong":"77  Broadway/Halsey to Troutdale","extraBlockID":null,"locationInScheduleDay":23880,"longitude":-122.6565869,"blockID":7705,"offRoute":false,"nextLocID":6216,"vehicleID":2720,"signMessage":"77 To Troutdale","extraTripID":null,"nextStopSeq":23,"routeNumber":77,"vehicleLoad":"unknown","bearing":0,"lastStopSeq":22,"inCongestion":false,"delay":-94,"latitude":45.5340365},{"tripID":4417164,"serviceDate":1395730800000,"direction":0,"garage":"CENTER","type":"bus","lastLocID":6589,"messageCode":780,"time":1395754780981,"expires":1395755200000,"signMessageLong":"70  12th/NE 33rd Ave to NE Sunderland","extraBlockID":null,"locationInScheduleDay":23932,"longitude":-122.6536298,"blockID":7007,"offRoute":false,"nextLocID":6592,"vehicleID":2709,"signMessage":"70 To Sunderlnd","extraTripID":null,"nextStopSeq":31,"routeNumber":70,"vehicleLoad":"unknown","bearing":5,"lastStopSeq":30,"inCongestion":false,"delay":-48,"latitude":45.5229275},{"tripID":4417315,"serviceDate":1395730800000,"direction":1,"garage":"CENTER","type":"bus","lastLocID":8937,"messageCode":789,"time":1395754775042,"expires":1395755194000,"signMessageLong":"70  12th Ave to Milwaukie via 17th & Tacoma","extraBlockID":null,"locationInScheduleDay":23785,"longitude":-122.6545282,"blockID":7001,"offRoute":false,"nextLocID":6583,"vehicleID":2704,"signMessage":"70 To Milw via 17","extraTripID":null,"nextStopSeq":45,"routeNumber":70,"vehicleLoad":"unknown","bearing":163,"lastStopSeq":44,"inCongestion":false,"delay":-189,"latitude":45.5293711},{"tripID":4417317,"serviceDate":1395730800000,"direction":1,"garage":"CENTER","type":"bus","lastLocID":9368,"messageCode":788,"time":1395754771902,"expires":1395755191000,"signMessageLong":"70  12th/NE 33rd Ave to Milwaukie","extraBlockID":null,"locationInScheduleDay":23971,"longitude":-122.6357648,"blockID":7003,"offRoute":false,"nextLocID":9414,"vehicleID":2705,"signMessage":"70 To Milwaukie","extraTripID":null,"nextStopSeq":2,"routeNumber":70,"vehicleLoad":"unknown","bearing":180,"lastStopSeq":1,"inCongestion":false,"delay":0,"latitude":45.5898735},{"tripID":4417314,"serviceDate":1395730800000,"direction":1,"garage":"CENTER","type":"bus","lastLocID":6709,"messageCode":791,"time":1395754760509,"expires":1395755178000,"signMessageLong":"70  To Milwaukie","extraBlockID":null,"locationInScheduleDay":24042,"longitude":-122.6503745,"blockID":7004,"offRoute":false,"nextLocID":5884,"vehicleID":2701,"signMessage":"70 To Milwaukie","extraTripID":null,"nextStopSeq":76,"routeNumber":70,"vehicleLoad":"unknown","bearing":89,"lastStopSeq":75,"inCongestion":false,"delay":84,"latitude":45.4628994},{"tripID":4419225,"serviceDate":1395730800000,"direction":1,"garage":"CENTER","type":"bus","lastLocID":13026,"messageCode":813,"time":1395754730618,"expires":1395755149000,"signMessageLong":"77  Broadway/Halsey to Montgomery Park","extraBlockID":null,"locationInScheduleDay":23758,"longitude":-122.5004038,"blockID":7704,"offRoute":false,"nextLocID":2392,"vehicleID":2614,"signMessage":"77 Montgomry Pk","extraTripID":null,"nextStopSeq":28,"routeNumber":77,"vehicleLoad":"unknown","bearing":269,"lastStopSeq":27,"inCongestion":false,"delay":-171,"latitude":45.5336656},{"tripID":4411312,"serviceDate":1395730800000,"direction":0,"garage":"CENTER","type":"bus","lastLocID":1808,"messageCode":266,"time":1395754777888,"expires":1395755195000,"signMessageLong":"14  Hawthorne to 94th & Foster","extraBlockID":null,"locationInScheduleDay":23937,"longitude":-122.5892484,"blockID":1401,"offRoute":false,"nextLocID":1810,"vehicleID":2608,"signMessage":"14 To 94-Foster","extraTripID":null,"nextStopSeq":38,"routeNumber":14,"vehicleLoad":"unknown","bearing":118,"lastStopSeq":37,"inCongestion":false,"delay":-38,"latitude":45.4865394},{"tripID":4419086,"serviceDate":1395730800000,"direction":0,"garage":"CENTER","type":"bus","lastLocID":2410,"messageCode":809,"time":1395754760684,"expires":1395755177000,"signMessageLong":"77  Broadway/Halsey to Troutdale","extraBlockID":null,"locationInScheduleDay":23997,"longitude":-122.4560208,"blockID":7703,"offRoute":false,"nextLocID":10125,"vehicleID":2630,"signMessage":"77 To Troutdale","extraTripID":null,"nextStopSeq":85,"routeNumber":77,"vehicleLoad":"unknown","bearing":94,"lastStopSeq":84,"inCongestion":false,"delay":40,"latitude":45.5335067},{"tripID":4417870,"serviceDate":1395730800000,"direction":0,"garage":"POWELL","type":"bus","lastLocID":8017,"messageCode":768,"time":1395754780960,"expires":1395755200000,"signMessageLong":"72  Killingsworth/82nd to Swan Island-Shipyards","extraBlockID":null,"locationInScheduleDay":23643,"longitude":-122.5791268,"blockID":7237,"offRoute":false,"nextLocID":7983,"vehicleID":3004,"signMessage":"72 Swan Island","extraTripID":null,"nextStopSeq":9,"routeNumber":72,"vehicleLoad":"unknown","bearing":0,"lastStopSeq":8,"inCongestion":false,"delay":-337,"latitude":45.4556414},{"tripID":4418193,"serviceDate":1395730800000,"direction":1,"garage":"POWELL","type":"bus","lastLocID":7952,"messageCode":760,"time":1395754766299,"expires":1395755183000,"signMessageLong":"72  Killingsworth/82nd to Clackamas TC","extraBlockID":null,"locationInScheduleDay":23853,"longitude":-122.5790863,"blockID":7241,"offRoute":false,"nextLocID":7996,"vehicleID":3048,"signMessage":"72 Clackamas TC","extraTripID":null,"nextStopSeq":102,"routeNumber":72,"vehicleLoad":"unknown","bearing":180,"lastStopSeq":101,"inCongestion":false,"delay":-110,"latitude":45.4586997},{"tripID":4417867,"serviceDate":1395730800000,"direction":0,"garage":"POWELL","type":"bus","lastLocID":49,"messageCode":768,"time":1395754771924,"expires":1395755191000,"signMessageLong":"72  Killingsworth/82nd to Swan Island-Shipyards","extraBlockID":null,"locationInScheduleDay":23920,"longitude":-122.6558121,"blockID":7235,"offRoute":false,"nextLocID":70,"vehicleID":3053,"signMessage":"72 Swan Island","extraTripID":null,"nextStopSeq":90,"routeNumber":72,"vehicleLoad":"unknown","bearing":270,"lastStopSeq":89,"inCongestion":false,"delay":-51,"latitude":45.5591128},{"tripID":4417871,"serviceDate":1395730800000,"direction":0,"garage":"POWELL","type":"bus","lastLocID":12922,"messageCode":766,"time":1395754775045,"expires":1395755194000,"signMessageLong":"72  Killingsworth/82nd to Swan Island-Anchor St","extraBlockID":null,"locationInScheduleDay":24060,"longitude":-122.5740057,"blockID":7245,"offRoute":false,"nextLocID":7941,"vehicleID":3052,"signMessage":"72 Swan Island","extraTripID":null,"nextStopSeq":3,"routeNumber":72,"vehicleLoad":"unknown","bearing":271,"lastStopSeq":2,"inCongestion":false,"delay":86,"latitude":45.4374107},{"tripID":4418194,"serviceDate":1395730800000,"direction":1,"garage":"POWELL","type":"bus","lastLocID":8048,"messageCode":760,"time":1395754780989,"expires":1395755199000,"signMessageLong":"72  Killingsworth/82nd to Clackamas TC","extraBlockID":null,"locationInScheduleDay":23959,"longitude":-122.5790811,"blockID":7234,"offRoute":false,"nextLocID":7929,"vehicleID":3054,"signMessage":"72 Clackamas TC","extraTripID":null,"nextStopSeq":73,"routeNumber":72,"vehicleLoad":"unknown","bearing":179,"lastStopSeq":72,"inCongestion":false,"delay":-20,"latitude":45.5192953},{"tripID":4419222,"serviceDate":1395730800000,"direction":1,"garage":"POWELL","type":"bus","lastLocID":4788,"messageCode":813,"time":1395754775098,"expires":1395755194000,"signMessageLong":"77  Broadway/Halsey to Montgomery Park","extraBlockID":null,"locationInScheduleDay":23641,"longitude":-122.6975613,"blockID":7734,"offRoute":false,"nextLocID":10972,"vehicleID":3046,"signMessage":"77 Montgomry Pk","extraTripID":null,"nextStopSeq":101,"routeNumber":77,"vehicleLoad":"unknown","bearing":268,"lastStopSeq":100,"inCongestion":false,"delay":-333,"latitude":45.5355189},{"tripID":4419226,"serviceDate":1395730800000,"direction":1,"garage":"POWELL","type":"bus","lastLocID":2333,"messageCode":813,"time":1395754775031,"expires":1395755192000,"signMessageLong":"77  Broadway/Halsey to Montgomery Park","extraBlockID":null,"locationInScheduleDay":23962,"longitude":-122.4176485,"blockID":7738,"offRoute":false,"nextLocID":2420,"vehicleID":3035,"signMessage":"77 Montgomry Pk","extraTripID":null,"nextStopSeq":9,"routeNumber":77,"vehicleLoad":"unknown","bearing":259,"lastStopSeq":8,"inCongestion":false,"delay":-10,"latitude":45.5372164},{"tripID":4411560,"serviceDate":1395730800000,"direction":1,"garage":"POWELL","type":"bus","lastLocID":2626,"messageCode":268,"time":1395754763328,"expires":1395755181000,"signMessageLong":"14  Hawthorne to Portland","extraBlockID":null,"locationInScheduleDay":23640,"longitude":-122.623213,"blockID":1434,"offRoute":false,"nextLocID":2624,"vehicleID":3027,"signMessage":"14 To Portland","extraTripID":null,"nextStopSeq":29,"routeNumber":14,"vehicleLoad":"unknown","bearing":270,"lastStopSeq":28,"inCongestion":false,"delay":-321,"latitude":45.5120449},{"tripID":4418195,"serviceDate":1395730800000,"direction":1,"garage":"POWELL","type":"bus","lastLocID":3202,"messageCode":760,"time":1395754771899,"expires":1395755191000,"signMessageLong":"72  Killingsworth/82nd to Clackamas TC","extraBlockID":null,"locationInScheduleDay":23710,"longitude":-122.6116427,"blockID":7243,"offRoute":false,"nextLocID":3204,"vehicleID":3025,"signMessage":"72 Clackamas TC","extraTripID":null,"nextStopSeq":43,"routeNumber":72,"vehicleLoad":"unknown","bearing":90,"lastStopSeq":42,"inCongestion":false,"delay":-261,"latitude":45.5627646},{"tripID":4419227,"serviceDate":1395730800000,"direction":1,"garage":"CENTER","type":"bus","lastLocID":9481,"messageCode":813,"time":1395754771934,"expires":1395755191000,"signMessageLong":"77  Broadway/Halsey to Montgomery Park","extraBlockID":null,"locationInScheduleDay":23971,"longitude":-122.3982117,"blockID":7702,"offRoute":false,"nextLocID":9471,"vehicleID":2005,"signMessage":"77 Montgomry Pk","extraTripID":null,"nextStopSeq":2,"routeNumber":77,"vehicleLoad":"unknown","bearing":85,"lastStopSeq":1,"inCongestion":false,"delay":0,"latitude":45.5443612},{"tripID":4413877,"serviceDate":1395730800000,"direction":1,"garage":"CENTER","type":"bus","lastLocID":3797,"messageCode":466,"time":1395754775129,"expires":1395755193000,"signMessageLong":"31  Portland","extraBlockID":null,"locationInScheduleDay":23672,"longitude":-122.6384215,"blockID":1402,"offRoute":false,"nextLocID":3785,"vehicleID":2014,"signMessage":"31 To Portland","extraTripID":null,"nextStopSeq":32,"routeNumber":31,"vehicleLoad":"unknown","bearing":352,"lastStopSeq":31,"inCongestion":false,"delay":-301,"latitude":45.4658978}],"queryTime":1395754788789}}
