{"resultSet":{"vehicle":[{"tripID":4411388,"serviceDate":1395644400000,"direction":0,"garage":"CENTER","type":"bus","lastLocID":10196,"messageCode":266,"time":1395737778110,"expires":1395738197000,"signMessageLong":"14  Hawthorne to 94th & Foster","extraBlockID":null,"locationInScheduleDay":93473,"longitude":-122.5966655,"blockID":1406,"offRoute":false,"nextLocID":1802,"vehicleID":3128,"signMessage":"14 To 94-Foster","extraTripID":null,"nextStopSeq":35,"routeNumber":14,"vehicleLoad":"unknown","bearing":120,"lastStopSeq":34,"inCongestion":false,"delay":96,"latitude":45.4896081}],"queryTime":1395737807794}}
