{"resultSet":{"vehicle":[{"tripID":4411577,"serviceDate":1395730800000,"direction":1,"garage":"POWELL","type":"bus","lastLocID":12917,"messageCode":268,"time":1395762582395,"expires":1395762998000,"signMessageLong":"14  Hawthorne to Portland","extraBlockID":null,"locationInScheduleDay":31951,"longitude":-122.6115481,"blockID":1436,"offRoute":false,"nextLocID":7658,"vehicleID":2206,"signMessage":"14 To Portland","extraTripID":null,"nextStopSeq":24,"routeNumber":14,"vehicleLoad":"unknown","bearing":356,"lastStopSeq":23,"inCongestion":false,"delay":173,"latitude":45.5115278},{"tripID":4419232,"serviceDate":1395730800000,"direction":1,"garage":"POWELL","type":"bus","lastLocID":2438,"messageCode":813,"time":1395762536816,"expires":1395762955000,"signMessageLong":"77  Broadway/Halsey to Montgomery Park","extraBlockID":null,"locationInScheduleDay":31698,"longitude":-122.602562,"blockID":7735,"offRoute":false,"nextLocID":2432,"vehicleID":2222,"signMessage":"77 Montgomry Pk","extraTripID":null,"nextStopSeq":61,"routeNumber":77,"vehicleLoad":"unknown","bearing":270,"lastStopSeq":60,"inCongestion":false,"delay":-37,"latitude":45.5337159},{"tripID":4419092,"serviceDate":1395730800000,"direction":0,"garage":"POWELL","type":"bus","lastLocID":9472,"messageCode":809,"time":1395762572442,"expires":1395762991000,"signMessageLong":"77  Broadway/Halsey to Troutdale","extraBlockID":null,"locationInScheduleDay":31195,"longitude":-122.3986988,"blockID":7736,"offRoute":false,"nextLocID":9481,"vehicleID":2221,"signMessage":"77 To Troutdale","extraTripID":null,"nextStopSeq":102,"routeNumber":77,"vehicleLoad":"unknown","bearing":83,"lastStopSeq":101,"inCongestion":false,"delay":0,"latitude":45.5443317},{"tripID":4411578,"serviceDate":1395730800000,"direction":1,"garage":"POWELL","type":"bus","lastLocID":1805,"messageCode":268,"time":1395762575530,"expires":1395762993000,"signMessageLong":"14  Hawthorne to Portland","extraBlockID":null,"locationInScheduleDay":31763,"longitude":-122.5946316,"blockID":1438,"offRoute":false,"nextLocID":1803,"vehicleID":2220,"signMessage":"14 To Portland","extraTripID":null,"nextStopSeq":12,"routeNumber":14,"vehicleLoad":"unknown","bearing":300,"lastStopSeq":11,"inCongestion":false,"delay":-10,"latitude":45.4887636},{"tripID":4411575,"serviceDate":1395730800000,"direction":1,"garage":"POWELL","type":"bus","lastLocID":2602,"messageCode":268,"time":1395762563779,"expires":1395762982000,"signMessageLong":"14  Hawthorne to Portland","extraBlockID":null,"locationInScheduleDay":31769,"longitude":-122.6535218,"blockID":1437,"offRoute":false,"nextLocID":3637,"vehicleID":2270,"signMessage":"14 To Portland","extraTripID":null,"nextStopSeq":39,"routeNumber":14,"vehicleLoad":"unknown","bearing":292,"lastStopSeq":38,"inCongestion":false,"delay":7,"latitude":45.512277},{"tripID":4417884,"serviceDate":1395730800000,"direction":0,"garage":"POWELL","type":"bus","lastLocID":7960,"messageCode":766,"time":1395762488384,"expires":1395762905000,"signMessageLong":"72  Killingsworth/82nd to Swan Island-Anchor St","extraBlockID":null,"locationInScheduleDay":31689,"longitude":-122.5790962,"blockID":7247,"offRoute":false,"nextLocID":8057,"vehicleID":2250,"signMessage":"72 Swan Island","extraTripID":null,"nextStopSeq":19,"routeNumber":72,"vehicleLoad":"unknown","bearing":0,"lastStopSeq":18,"inCongestion":false,"delay":4,"latitude":45.4757332},{"tripID":4417882,"serviceDate":1395730800000,"direction":0,"garage":"POWELL","type":"bus","lastLocID":7999,"messageCode":766,"time":1395762572444,"expires":1395762991000,"signMessageLong":"72  Killingsworth/82nd to Swan Island-Anchor St","extraBlockID":null,"locationInScheduleDay":31771,"longitude":-122.578962,"blockID":7246,"offRoute":false,"nextLocID":8042,"vehicleID":2296,"signMessage":"72 Swan Island","extraTripID":null,"nextStopSeq":49,"routeNumber":72,"vehicleLoad":"unknown","bearing":0,"lastStopSeq":48,"inCongestion":false,"delay":0,"latitude":45.533614},{"tripID":4419093,"serviceDate":1395730800000,"direction":0,"garage":"POWELL","type":"bus","lastLocID":10125,"messageCode":809,"time":1395762491689,"expires":1395762907000,"signMessageLong":"77  Broadway/Halsey to Troutdale","extraBlockID":null,"locationInScheduleDay":31501,"longitude":-122.4479835,"blockID":7737,"offRoute":false,"nextLocID":2415,"vehicleID":2285,"signMessage":"77 To Troutdale","extraTripID":null,"nextStopSeq":86,"routeNumber":77,"vehicleLoad":"unknown","bearing":85,"lastStopSeq":85,"inCongestion":false,"delay":-186,"latitude":45.5335209},{"tripID":4418205,"serviceDate":1395730800000,"direction":1,"garage":"POWELL","type":"bus","lastLocID":7994,"messageCode":760,"time":1395762575558,"expires":1395762993000,"signMessageLong":"72  Killingsworth/82nd to Clackamas TC","extraBlockID":null,"locationInScheduleDay":31855,"longitude":-122.5790506,"blockID":7252,"offRoute":false,"nextLocID":7954,"vehicleID":2283,"signMessage":"72 Clackamas TC","extraTripID":null,"nextStopSeq":99,"routeNumber":72,"vehicleLoad":"unknown","bearing":179,"lastStopSeq":98,"inCongestion":false,"delay":82,"latitude":45.4655936},{"tripID":4418204,"serviceDate":1395730800000,"direction":1,"garage":"POWELL","type":"bus","lastLocID":12921,"messageCode":760,"time":1395762566373,"expires":1395762984000,"signMessageLong":"72  Killingsworth/82nd to Clackamas TC","extraBlockID":null,"locationInScheduleDay":31851,"longitude":-122.5685071,"blockID":7244,"offRoute":false,"nextLocID":13247,"vehicleID":2276,"signMessage":"72 Clackamas TC","extraTripID":null,"nextStopSeq":111,"routeNumber":72,"vehicleLoad":"unknown","bearing":86,"lastStopSeq":110,"inCongestion":false,"delay":0,"latitude":45.4355671},{"tripID":4411579,"serviceDate":1395730800000,"direction":1,"garage":"POWELL","type":"bus","lastLocID":1831,"messageCode":268,"time":1395762560528,"expires":1395762977000,"signMessageLong":"14  Hawthorne to Portland","extraBlockID":null,"locationInScheduleDay":31757,"longitude":-122.5662917,"blockID":1439,"offRoute":false,"nextLocID":13236,"vehicleID":2275,"signMessage":"14 To Portland","extraTripID":null,"nextStopSeq":2,"routeNumber":14,"vehicleLoad":"unknown","bearing":291,"lastStopSeq":1,"inCongestion":false,"delay":0,"latitude":45.4791765},{"tripID":4417322,"serviceDate":1395730800000,"direction":1,"garage":"CENTER","type":"bus","lastLocID":10472,"messageCode":790,"time":1395762563618,"expires":1395762981000,"signMessageLong":"70  12th Ave to Milwaukie via 13th & Tacoma","extraBlockID":null,"locationInScheduleDay":31380,"longitude":-122.6542223,"blockID":7006,"offRoute":false,"nextLocID":3916,"vehicleID":2150,"signMessage":"70 To Milw via 13","extraTripID":null,"nextStopSeq":58,"routeNumber":70,"vehicleLoad":"unknown","bearing":180,"lastStopSeq":57,"inCongestion":false,"delay":-381,"latitude":45.5006625},{"tripID":4417170,"serviceDate":1395730800000,"direction":0,"garage":"CENTER","type":"bus","lastLocID":9339,"messageCode":783,"time":1395762560441,"expires":1395762977000,"signMessageLong":"70  33rd Ave to NE Sunderland","extraBlockID":null,"locationInScheduleDay":31623,"longitude":-122.6357857,"blockID":7008,"offRoute":false,"nextLocID":11171,"vehicleID":2506,"signMessage":"70 To Sunderlnd","extraTripID":null,"nextStopSeq":77,"routeNumber":70,"vehicleLoad":"unknown","bearing":179,"lastStopSeq":76,"inCongestion":false,"delay":-134,"latitude":45.5952932},{"tripID":4417881,"serviceDate":1395730800000,"direction":0,"garage":"POWELL","type":"bus","lastLocID":3215,"messageCode":766,"time":1395762539422,"expires":1395762955000,"signMessageLong":"72  Killingsworth/82nd to Swan Island-Anchor St","extraBlockID":null,"locationInScheduleDay":31788,"longitude":-122.5877421,"blockID":7238,"offRoute":false,"nextLocID":3212,"vehicleID":2527,"signMessage":"72 Swan Island","extraTripID":null,"nextStopSeq":65,"routeNumber":72,"vehicleLoad":"unknown","bearing":270,"lastStopSeq":64,"inCongestion":false,"delay":53,"latitude":45.5626643},{"tripID":4417174,"serviceDate":1395730800000,"direction":0,"garage":"CENTER","type":"bus","lastLocID":13477,"messageCode":781,"time":1395762566351,"expires":1395762983000,"signMessageLong":"70  12th/NE 33rd Ave to NE Sunderland via 17th & Tacoma","extraBlockID":null,"locationInScheduleDay":31763,"longitude":-122.6407309,"blockID":7002,"offRoute":false,"nextLocID":8225,"vehicleID":2524,"signMessage":"70 To Sunderland via 17th","extraTripID":null,"nextStopSeq":2,"routeNumber":70,"vehicleLoad":"unknown","bearing":81,"lastStopSeq":1,"inCongestion":false,"delay":0,"latitude":45.4448667},{"tripID":4419230,"serviceDate":1395730800000,"direction":1,"garage":"CENTER","type":"bus","lastLocID":7113,"messageCode":813,"time":1395762582259,"expires":1395763000000,"signMessageLong":"77  Broadway/Halsey to Montgomery Park","extraBlockID":null,"locationInScheduleDay":31766,"longitude":-122.6945021,"blockID":7701,"offRoute":false,"nextLocID":7122,"vehicleID":2512,"signMessage":"77 Montgomry Pk","extraTripID":null,"nextStopSeq":96,"routeNumber":77,"vehicleLoad":"unknown","bearing":358,"lastStopSeq":95,"inCongestion":false,"delay":-14,"latitude":45.52833},{"tripID":4418208,"serviceDate":1395730800000,"direction":1,"garage":"POWELL","type":"bus","lastLocID":3204,"messageCode":760,"time":1395762563672,"expires":1395762982000,"signMessageLong":"72  Killingsworth/82nd to Clackamas TC","extraBlockID":null,"locationInScheduleDay":31871,"longitude":-122.6092223,"blockID":7239,"offRoute":false,"nextLocID":3208,"vehicleID":2540,"signMessage":"72 Clackamas TC","extraTripID":null,"nextStopSeq":44,"routeNumber":72,"vehicleLoad":"unknown","bearing":90,"lastStopSeq":43,"inCongestion":false,"delay":109,"latitude":45.562759},{"tripID":4417883,"serviceDate":1395730800000,"direction":0,"garage":"POWELL","type":"bus","lastLocID":8065,"messageCode":766,"time":1395762578688,"expires":1395762996000,"signMessageLong":"72  Killingsworth/82nd to Swan Island-Anchor St","extraBlockID":null,"locationInScheduleDay":31926,"longitude":-122.5789868,"blockID":7240,"offRoute":false,"nextLocID":7928,"vehicleID":2533,"signMessage":"72 Swan Island","extraTripID":null,"nextStopSeq":39,"routeNumber":72,"vehicleLoad":"unknown","bearing":357,"lastStopSeq":38,"inCongestion":false,"delay":150,"latitude":45.5172623},{"tripID":4417880,"serviceDate":1395730800000,"direction":0,"garage":"POWELL","type":"bus","lastLocID":7328,"messageCode":766,"time":1395762566394,"expires":1395762983000,"signMessageLong":"72  Killingsworth/82nd to Swan Island-Anchor St","extraBlockID":null,"locationInScheduleDay":31681,"longitude":-122.6348943,"blockID":7236,"offRoute":false,"nextLocID":7331,"vehicleID":2552,"signMessage":"72 Swan Island","extraTripID":null,"nextStopSeq":81,"routeNumber":72,"vehicleLoad":"unknown","bearing":179,"lastStopSeq":80,"inCongestion":false,"delay":-82,"latitude":45.5609315},{"tripID":4413884,"serviceDate":1395730800000,"direction":1,"garage":"POWELL","type":"bus","lastLocID":3237,"messageCode":458,"time":1395762566393,"expires":1395762984000,"signMessageLong":"31  To Milwaukie","extraBlockID":null,"locationInScheduleDay":31729,"longitude":-122.6071288,"blockID":3134,"offRoute":false,"nextLocID":3246,"vehicleID":2555,"signMessage":"31 To Milwaukie","extraTripID":null,"nextStopSeq":12,"routeNumber":31,"vehicleLoad":"unknown","bearing":270,"lastStopSeq":11,"inCongestion":false,"delay":-35,"latitude":45.4479879},{"tripID":4417886,"serviceDate":1395730800000,"direction":0,"garage":"POWELL","type":"bus","lastLocID":13248,"messageCode":766,"time":1395762575579,"expires":1395762993000,"signMessageLong":"72  Killingsworth/82nd to Swan Island-Anchor St","extraBlockID":null,"locationInScheduleDay":32184,"longitude":-122.5690815,"blockID":7242,"offRoute":false,"nextLocID":12922,"vehicleID":2548,"signMessage":"72 Swan Island","extraTripID":null,"nextStopSeq":2,"routeNumber":72,"vehicleLoad":"unknown","bearing":353,"lastStopSeq":1,"inCongestion":false,"delay":411,"latitude":45.4358222},{"tripID":4411320,"serviceDate":1395730800000,"direction":0,"garage":"POWELL","type":"bus","lastLocID":1816,"messageCode":266,"time":1395762563807,"expires":1395762980000,"signMessageLong":"14  Hawthorne to 94th & Foster","extraBlockID":null,"locationInScheduleDay":31786,"longitude":-122.5804494,"blockID":1440,"offRoute":false,"nextLocID":1819,"vehicleID":2308,"signMessage":"14 To 94-Foster","extraTripID":null,"nextStopSeq":42,"routeNumber":14,"vehicleLoad":"unknown","bearing":118,"lastStopSeq":41,"inCongestion":false,"delay":26,"latitude":45.4834009},{"tripID":4417879,"serviceDate":1395730800000,"direction":0,"garage":"POWELL","type":"bus","lastLocID":3154,"messageCode":766,"time":1395762582636,"expires":1395763000000,"signMessageLong":"72  Killingsworth/82nd to Swan Island-Anchor St","extraBlockID":null,"locationInScheduleDay":31806,"longitude":-122.6751737,"blockID":7253,"offRoute":false,"nextLocID":3174,"vehicleID":2318,"signMessage":"72 Swan Island","extraTripID":null,"nextStopSeq":98,"routeNumber":72,"vehicleLoad":"unknown","bearing":269,"lastStopSeq":97,"inCongestion":false,"delay":26,"latitude":45.5626889},{"tripID":4411321,"serviceDate":1395730800000,"direction":0,"garage":"POWELL","type":"bus","lastLocID":2614,"messageCode":266,"time":1395762521636,"expires":1395762940000,"signMessageLong":"14  Hawthorne to 94th & Foster","extraBlockID":null,"locationInScheduleDay":31730,"longitude":-122.6352914,"blockID":1435,"offRoute":false,"nextLocID":2615,"vehicleID":2316,"signMessage":"14 To 94-Foster","extraTripID":null,"nextStopSeq":14,"routeNumber":14,"vehicleLoad":"unknown","bearing":90,"lastStopSeq":13,"inCongestion":false,"delay":10,"latitude":45.5120696},{"tripID":4419231,"serviceDate":1395730800000,"direction":1,"garage":"CENTER","type":"bus","lastLocID":637,"messageCode":813,"time":1395762575509,"expires":1395762993000,"signMessageLong":"77  Broadway/Halsey to Montgomery Park","extraBlockID":null,"locationInScheduleDay":31740,"longitude":-122.6403384,"blockID":7705,"offRoute":false,"nextLocID":635,"vehicleID":2720,"signMessage":"77 Montgomry Pk","extraTripID":null,"nextStopSeq":77,"routeNumber":77,"vehicleLoad":"unknown","bearing":270,"lastStopSeq":76,"inCongestion":false,"delay":-33,"latitude":45.5351612},{"tripID":4411574,"serviceDate":1395730800000,"direction":1,"garage":"CENTER","type":"bus","lastLocID":2642,"messageCode":266,"time":1395762584661,"expires":1395763001000,"signMessageLong":"14  Hawthorne to 94th & Foster","extraBlockID":null,"locationInScheduleDay":31718,"longitude":-122.6748301,"blockID":1404,"offRoute":false,"nextLocID":11956,"vehicleID":2718,"signMessage":"14 To 94-Foster","extraTripID":null,"nextStopSeq":43,"routeNumber":14,"vehicleLoad":"unknown","bearing":324,"lastStopSeq":42,"inCongestion":false,"delay":-63,"latitude":45.5148746},{"tripID":4413801,"serviceDate":1395730800000,"direction":0,"garage":"CENTER","type":"bus","lastLocID":12921,"messageCode":null,"time":1395762579000,"expires":1395762999000,"signMessageLong":null,"extraBlockID":null,"locationInScheduleDay":null,"longitude":-122.5754,"blockID":3101,"offRoute":false,"nextLocID":13247,"vehicleID":2714,"signMessage":null,"extraTripID":null,"nextStopSeq":null,"routeNumber":31,"vehicleLoad":"unknown","bearing":null,"lastStopSeq":null,"inCongestion":false,"delay":-50,"latitude":45.438233},{"tripID":4417173,"serviceDate":1395730800000,"direction":0,"garage":"CENTER","type":"bus","lastLocID":8225,"messageCode":782,"time":1395762563629,"expires":1395762981000,"signMessageLong":"70  12th/NE 33rd Ave to NE Sunderland via 13th & Tacoma","extraBlockID":null,"locationInScheduleDay":31598,"longitude":-122.6435427,"blockID":7007,"offRoute":false,"nextLocID":6871,"vehicleID":2709,"signMessage":"70 To Sunderland via 13th","extraTripID":null,"nextStopSeq":3,"routeNumber":70,"vehicleLoad":"unknown","bearing":344,"lastStopSeq":2,"inCongestion":false,"delay":-163,"latitude":45.4477647},{"tripID":4417324,"serviceDate":1395730800000,"direction":1,"garage":"CENTER","type":"bus","lastLocID":7363,"messageCode":788,"time":1395762539408,"expires":1395762955000,"signMessageLong":"70  12th/NE 33rd Ave to Milwaukie","extraBlockID":null,"locationInScheduleDay":31656,"longitude":-122.630697,"blockID":7001,"offRoute":false,"nextLocID":7391,"vehicleID":2704,"signMessage":"70 To Milwaukie","extraTripID":null,"nextStopSeq":21,"routeNumber":70,"vehicleLoad":"unknown","bearing":180,"lastStopSeq":20,"inCongestion":false,"delay":-79,"latitude":45.5571715},{"tripID":4417171,"serviceDate":1395730800000,"direction":0,"garage":"CENTER","type":"bus","lastLocID":642,"messageCode":783,"time":1395762578665,"expires":1395762994000,"signMessageLong":"70  33rd Ave to NE Sunderland","extraBlockID":null,"locationInScheduleDay":31893,"longitude":-122.6317079,"blockID":7003,"offRoute":false,"nextLocID":7392,"vehicleID":2705,"signMessage":"70 To Sunderlnd","extraTripID":null,"nextStopSeq":48,"routeNumber":70,"vehicleLoad":"unknown","bearing":90,"lastStopSeq":47,"inCongestion":false,"delay":119,"latitude":45.5351599},{"tripID":4417323,"serviceDate":1395730800000,"direction":1,"garage":"CENTER","type":"bus","lastLocID":6577,"messageCode":789,"time":1395762572424,"expires":1395762991000,"signMessageLong":"70  12th Ave to Milwaukie via 17th & Tacoma","extraBlockID":null,"locationInScheduleDay":31807,"longitude":-122.6536114,"blockID":7004,"offRoute":false,"nextLocID":6541,"vehicleID":2701,"signMessage":"70 To Milw via 17","extraTripID":null,"nextStopSeq":48,"routeNumber":70,"vehicleLoad":"unknown","bearing":182,"lastStopSeq":47,"inCongestion":false,"delay":36,"latitude":45.5231084},{"tripID":4419094,"serviceDate":1395730800000,"direction":0,"garage":"CENTER","type":"bus","lastLocID":2364,"messageCode":809,"time":1395762560558,"expires":1395762977000,"signMessageLong":"77  Broadway/Halsey to Troutdale","extraBlockID":null,"locationInScheduleDay":31789,"longitude":-122.5380708,"blockID":7704,"offRoute":false,"nextLocID":2366,"vehicleID":2614,"signMessage":"77 To Troutdale","extraTripID":null,"nextStopSeq":62,"routeNumber":77,"vehicleLoad":"unknown","bearing":89,"lastStopSeq":61,"inCongestion":false,"delay":32,"latitude":45.5335698},{"tripID":4411576,"serviceDate":1395730800000,"direction":1,"garage":"CENTER","type":"bus","lastLocID":2616,"messageCode":268,"time":1395762560545,"expires":1395762978000,"signMessageLong":"14  Hawthorne to Portland","extraBlockID":null,"locationInScheduleDay":31871,"longitude":-122.634612,"blockID":1401,"offRoute":false,"nextLocID":2613,"vehicleID":2608,"signMessage":"14 To Portland","extraTripID":null,"nextStopSeq":33,"routeNumber":14,"vehicleLoad":"unknown","bearing":270,"lastStopSeq":32,"inCongestion":false,"delay":113,"latitude":45.5120674},{"tripID":4417325,"serviceDate":1395730800000,"direction":1,"garage":"CENTER","type":"bus","lastLocID":9368,"messageCode":788,"time":1395762587721,"expires":1395763005000,"signMessageLong":"70  12th/NE 33rd Ave to Milwaukie","extraBlockID":null,"locationInScheduleDay":31785,"longitude":-122.6357648,"blockID":7010,"offRoute":false,"nextLocID":9414,"vehicleID":2623,"signMessage":"70 To Milwaukie","extraTripID":null,"nextStopSeq":2,"routeNumber":70,"vehicleLoad":"unknown","bearing":180,"lastStopSeq":1,"inCongestion":false,"delay":0,"latitude":45.5898735},{"tripID":4419229,"serviceDate":1395730800000,"direction":1,"garage":"CENTER","type":"bus","lastLocID":8483,"messageCode":813,"time":1395762566363,"expires":1395762984000,"signMessageLong":"77  Broadway/Halsey to Montgomery Park","extraBlockID":null,"locationInScheduleDay":31362,"longitude":-122.7069345,"blockID":7707,"offRoute":false,"nextLocID":8484,"vehicleID":2653,"signMessage":"77 Montgomry Pk","extraTripID":null,"nextStopSeq":109,"routeNumber":77,"vehicleLoad":"unknown","bearing":178,"lastStopSeq":108,"inCongestion":false,"delay":0,"latitude":45.5377966},{"tripID":4417172,"serviceDate":1395730800000,"direction":0,"garage":"CENTER","type":"bus","lastLocID":13693,"messageCode":780,"time":1395762578762,"expires":1395762997000,"signMessageLong":"70  12th/NE 33rd Ave to NE Sunderland","extraBlockID":null,"locationInScheduleDay":31681,"longitude":-122.6504629,"blockID":7009,"offRoute":false,"nextLocID":4539,"vehicleID":2626,"signMessage":"70 To Sunderlnd","extraTripID":null,"nextStopSeq":23,"routeNumber":70,"vehicleLoad":"unknown","bearing":286,"lastStopSeq":22,"inCongestion":false,"delay":-96,"latitude":45.5004077},{"tripID":4419228,"serviceDate":1395730800000,"direction":1,"garage":"CENTER","type":"bus","lastLocID":8483,"messageCode":813,"time":1395762566375,"expires":1395762985000,"signMessageLong":"77  Broadway/Halsey to Montgomery Park","extraBlockID":null,"locationInScheduleDay":30400,"longitude":-122.7069345,"blockID":7703,"offRoute":false,"nextLocID":8484,"vehicleID":2630,"signMessage":"77 Montgomry Pk","extraTripID":null,"nextStopSeq":109,"routeNumber":77,"vehicleLoad":"unknown","bearing":178,"lastStopSeq":108,"inCongestion":false,"delay":0,"latitude":45.5377966},{"tripID":4419233,"serviceDate":1395730800000,"direction":1,"garage":"CENTER","type":"bus","lastLocID":2395,"messageCode":813,"time":1395762548520,"expires":1395762967000,"signMessageLong":"77  Broadway/Halsey to Montgomery Park","extraBlockID":null,"locationInScheduleDay":31659,"longitude":-122.498011,"blockID":7706,"offRoute":false,"nextLocID":13026,"vehicleID":2632,"signMessage":"77 Montgomry Pk","extraTripID":null,"nextStopSeq":27,"routeNumber":77,"vehicleLoad":"unknown","bearing":259,"lastStopSeq":26,"inCongestion":false,"delay":-88,"latitude":45.5337091},{"tripID":4418206,"serviceDate":1395730800000,"direction":1,"garage":"POWELL","type":"bus","lastLocID":8004,"messageCode":760,"time":1395762563607,"expires":1395762982000,"signMessageLong":"72  Killingsworth/82nd to Clackamas TC","extraBlockID":null,"locationInScheduleDay":31737,"longitude":-122.5787888,"blockID":7237,"offRoute":false,"nextLocID":7980,"vehicleID":3004,"signMessage":"72 Clackamas TC","extraTripID":null,"nextStopSeq":76,"routeNumber":72,"vehicleLoad":"unknown","bearing":177,"lastStopSeq":75,"inCongestion":false,"delay":-25,"latitude":45.5136707},{"tripID":4417878,"serviceDate":1395730800000,"direction":0,"garage":"POWELL","type":"bus","lastLocID":2161,"messageCode":766,"time":1395762539402,"expires":1395762957000,"signMessageLong":"72  Killingsworth/82nd to Swan Island-Anchor St","extraBlockID":null,"locationInScheduleDay":31696,"longitude":-122.7019321,"blockID":7251,"offRoute":false,"nextLocID":115,"vehicleID":3003,"signMessage":"72 Swan Island","extraTripID":null,"nextStopSeq":108,"routeNumber":72,"vehicleLoad":"unknown","bearing":307,"lastStopSeq":107,"inCongestion":false,"delay":0,"latitude":45.5572096},{"tripID":4418209,"serviceDate":1395730800000,"direction":1,"garage":"POWELL","type":"bus","lastLocID":3153,"messageCode":760,"time":1395762491526,"expires":1395762907000,"signMessageLong":"72  Killingsworth/82nd to Clackamas TC","extraBlockID":null,"locationInScheduleDay":31612,"longitude":-122.6751271,"blockID":7241,"offRoute":false,"nextLocID":3171,"vehicleID":3048,"signMessage":"72 Clackamas TC","extraTripID":null,"nextStopSeq":15,"routeNumber":72,"vehicleLoad":"unknown","bearing":89,"lastStopSeq":14,"inCongestion":false,"delay":-75,"latitude":45.5626892},{"tripID":4417885,"serviceDate":1395730800000,"direction":0,"garage":"POWELL","type":"bus","lastLocID":7941,"messageCode":766,"time":1395762560447,"expires":1395762979000,"signMessageLong":"72  Killingsworth/82nd to Swan Island-Anchor St","extraBlockID":null,"locationInScheduleDay":31765,"longitude":-122.5789261,"blockID":7235,"offRoute":false,"nextLocID":7920,"vehicleID":3053,"signMessage":"72 Swan Island","extraTripID":null,"nextStopSeq":4,"routeNumber":72,"vehicleLoad":"unknown","bearing":0,"lastStopSeq":3,"inCongestion":false,"delay":6,"latitude":45.4430008},{"tripID":4418207,"serviceDate":1395730800000,"direction":1,"garage":"POWELL","type":"bus","lastLocID":7966,"messageCode":760,"time":1395762566330,"expires":1395762984000,"signMessageLong":"72  Killingsworth/82nd to Clackamas TC","extraBlockID":null,"locationInScheduleDay":31735,"longitude":-122.5787664,"blockID":7245,"offRoute":false,"nextLocID":7992,"vehicleID":3052,"signMessage":"72 Clackamas TC","extraTripID":null,"nextStopSeq":58,"routeNumber":72,"vehicleLoad":"unknown","bearing":180,"lastStopSeq":57,"inCongestion":false,"delay":-29,"latitude":45.5483456},{"tripID":4418210,"serviceDate":1395730800000,"direction":1,"garage":"POWELL","type":"bus","lastLocID":8681,"messageCode":760,"time":1395762578665,"expires":1395762996000,"signMessageLong":"72  Killingsworth/82nd to Clackamas TC","extraBlockID":null,"locationInScheduleDay":31799,"longitude":-122.6994758,"blockID":7234,"offRoute":false,"nextLocID":9399,"vehicleID":3054,"signMessage":"72 Clackamas TC","extraTripID":null,"nextStopSeq":3,"routeNumber":72,"vehicleLoad":"unknown","bearing":101,"lastStopSeq":2,"inCongestion":false,"delay":23,"latitude":45.556271},{"tripID":4419234,"serviceDate":1395730800000,"direction":1,"garage":"POWELL","type":"bus","lastLocID":2331,"messageCode":813,"time":1395762572432,"expires":1395762991000,"signMessageLong":"77  Broadway/Halsey to Montgomery Park","extraBlockID":null,"locationInScheduleDay":31837,"longitude":-122.4254021,"blockID":7734,"offRoute":false,"nextLocID":2419,"vehicleID":3046,"signMessage":"77 Montgomry Pk","extraTripID":null,"nextStopSeq":11,"routeNumber":77,"vehicleLoad":"unknown","bearing":259,"lastStopSeq":10,"inCongestion":false,"delay":66,"latitude":45.5362021},{"tripID":4419095,"serviceDate":1395730800000,"direction":0,"garage":"POWELL","type":"bus","lastLocID":10870,"messageCode":809,"time":1395762566330,"expires":1395762983000,"signMessageLong":"77  Broadway/Halsey to Troutdale","extraBlockID":null,"locationInScheduleDay":31860,"longitude":-122.6206027,"blockID":7738,"offRoute":false,"nextLocID":7509,"vehicleID":3035,"signMessage":"77 To Troutdale","extraTripID":null,"nextStopSeq":36,"routeNumber":77,"vehicleLoad":"unknown","bearing":91,"lastStopSeq":35,"inCongestion":false,"delay":97,"latitude":45.5333119},{"tripID":4417877,"serviceDate":1395730800000,"direction":0,"garage":"POWELL","type":"bus","lastLocID":2202,"messageCode":766,"time":1395762563618,"expires":1395762980000,"signMessageLong":"72  Killingsworth/82nd to Swan Island-Anchor St","extraBlockID":null,"locationInScheduleDay":31795,"longitude":-122.692669,"blockID":7243,"offRoute":false,"nextLocID":2161,"vehicleID":3025,"signMessage":"72 Swan Island","extraTripID":null,"nextStopSeq":107,"routeNumber":72,"vehicleLoad":"unknown","bearing":89,"lastStopSeq":106,"inCongestion":false,"delay":35,"latitude":45.5562639},{"tripID":4419096,"serviceDate":1395730800000,"direction":0,"garage":"CENTER","type":"bus","lastLocID":1607,"messageCode":809,"time":1395762545691,"expires":1395762963000,"signMessageLong":"77  Broadway/Halsey to Troutdale","extraBlockID":null,"locationInScheduleDay":31661,"longitude":-122.6796777,"blockID":7702,"offRoute":false,"nextLocID":8402,"vehicleID":2005,"signMessage":"77 To Troutdale","extraTripID":null,"nextStopSeq":15,"routeNumber":77,"vehicleLoad":"unknown","bearing":88,"lastStopSeq":14,"inCongestion":false,"delay":-82,"latitude":45.525145}],"queryTime":1395762589109}}
