{"resultSet":{"vehicle":[{"tripID":4419221,"serviceDate":1395730800000,"direction":1,"garage":"POWELL","type":"bus","lastLocID":7916,"messageCode":813,"time":1395750742875,"expires":1395751161000,"signMessageLong":"77  Broadway/Halsey to Montgomery Park","extraBlockID":null,"locationInScheduleDay":19848,"longitude":-122.5800156,"blockID":7735,"offRoute":false,"nextLocID":2455,"vehicleID":2222,"signMessage":"77 Montgomry Pk","extraTripID":null,"nextStopSeq":8,"routeNumber":77,"vehicleLoad":"unknown","bearing":0,"lastStopSeq":7,"inCongestion":false,"delay":-93,"latitude":45.5329947},{"tripID":4417865,"serviceDate":1395730800000,"direction":0,"garage":"POWELL","type":"bus","lastLocID":8027,"messageCode":768,"time":1395750757716,"expires":1395751174000,"signMessageLong":"72  Killingsworth/82nd to Swan Island-Shipyards","extraBlockID":null,"locationInScheduleDay":19979,"longitude":-122.578969,"blockID":7238,"offRoute":false,"nextLocID":7964,"vehicleID":2527,"signMessage":"72 Swan Island","extraTripID":null,"nextStopSeq":22,"routeNumber":72,"vehicleLoad":"unknown","bearing":359,"lastStopSeq":21,"inCongestion":false,"delay":25,"latitude":45.4827943},{"tripID":4417312,"serviceDate":1395730800000,"direction":1,"garage":"CENTER","type":"bus","lastLocID":8499,"messageCode":788,"time":1395750739527,"expires":1395751157000,"signMessageLong":"70  12th/NE 33rd Ave to Milwaukie","extraBlockID":null,"locationInScheduleDay":19797,"longitude":-122.6306622,"blockID":7002,"offRoute":false,"nextLocID":7370,"vehicleID":2524,"signMessage":"70 To Milwaukie","extraTripID":null,"nextStopSeq":13,"routeNumber":70,"vehicleLoad":"unknown","bearing":179,"lastStopSeq":12,"inCongestion":false,"delay":-140,"latitude":45.5724135},{"tripID":4419220,"serviceDate":1395730800000,"direction":1,"garage":"CENTER","type":"bus","lastLocID":2592,"messageCode":813,"time":1395750757705,"expires":1395751176000,"signMessageLong":"77  Broadway/Halsey to Montgomery Park","extraBlockID":null,"locationInScheduleDay":19904,"longitude":-122.6731324,"blockID":7701,"offRoute":false,"nextLocID":9311,"vehicleID":2512,"signMessage":"77 Montgomry Pk","extraTripID":null,"nextStopSeq":41,"routeNumber":77,"vehicleLoad":"unknown","bearing":269,"lastStopSeq":40,"inCongestion":false,"delay":-52,"latitude":45.5268554},{"tripID":4418192,"serviceDate":1395730800000,"direction":1,"garage":"POWELL","type":"bus","lastLocID":2226,"messageCode":760,"time":1395750739527,"expires":1395751158000,"signMessageLong":"72  Killingsworth/82nd to Clackamas TC","extraBlockID":null,"locationInScheduleDay":20039,"longitude":-122.6952203,"blockID":7239,"offRoute":false,"nextLocID":9403,"vehicleID":2540,"signMessage":"72 Clackamas TC","extraTripID":null,"nextStopSeq":7,"routeNumber":72,"vehicleLoad":"unknown","bearing":340,"lastStopSeq":6,"inCongestion":false,"delay":101,"latitude":45.5614435},{"tripID":4417864,"serviceDate":1395730800000,"direction":0,"garage":"POWELL","type":"bus","lastLocID":7955,"messageCode":768,"time":1395750757805,"expires":1395751174000,"signMessageLong":"72  Killingsworth/82nd to Swan Island-Shipyards","extraBlockID":null,"locationInScheduleDay":19742,"longitude":-122.57906,"blockID":7236,"offRoute":false,"nextLocID":7972,"vehicleID":2552,"signMessage":"72 Swan Island","extraTripID":null,"nextStopSeq":44,"routeNumber":72,"vehicleLoad":"unknown","bearing":0,"lastStopSeq":43,"inCongestion":false,"delay":-212,"latitude":45.5261467},{"tripID":4413874,"serviceDate":1395730800000,"direction":1,"garage":"POWELL","type":"bus","lastLocID":7920,"messageCode":464,"time":1395750742943,"expires":1395751161000,"signMessageLong":"31  To Portland via Milwaukie","extraBlockID":null,"locationInScheduleDay":19774,"longitude":-122.5797854,"blockID":3134,"offRoute":false,"nextLocID":3228,"vehicleID":2555,"signMessage":"31 To Portland","extraTripID":null,"nextStopSeq":4,"routeNumber":31,"vehicleLoad":"unknown","bearing":270,"lastStopSeq":3,"inCongestion":false,"delay":-167,"latitude":45.44703},{"tripID":4411557,"serviceDate":1395730800000,"direction":1,"garage":"POWELL","type":"bus","lastLocID":1793,"messageCode":268,"time":1395750739721,"expires":1395751158000,"signMessageLong":"14  Hawthorne to Portland","extraBlockID":null,"locationInScheduleDay":19904,"longitude":-122.6111784,"blockID":1435,"offRoute":false,"nextLocID":7656,"vehicleID":2316,"signMessage":"14 To Portland","extraTripID":null,"nextStopSeq":18,"routeNumber":14,"vehicleLoad":"unknown","bearing":323,"lastStopSeq":17,"inCongestion":false,"delay":-34,"latitude":45.4971376},{"tripID":4417161,"serviceDate":1395730800000,"direction":0,"garage":"CENTER","type":"bus","lastLocID":8513,"messageCode":783,"time":1395750757672,"expires":1395751175000,"signMessageLong":"70  33rd Ave to NE Sunderland","extraBlockID":null,"locationInScheduleDay":19920,"longitude":-122.6545979,"blockID":7001,"offRoute":false,"nextLocID":8938,"vehicleID":2704,"signMessage":"70 To Sunderlnd","extraTripID":null,"nextStopSeq":37,"routeNumber":70,"vehicleLoad":"unknown","bearing":0,"lastStopSeq":36,"inCongestion":false,"delay":-35,"latitude":45.5298956},{"tripID":4418191,"serviceDate":1395730800000,"direction":1,"garage":"POWELL","type":"bus","lastLocID":3202,"messageCode":760,"time":1395750739479,"expires":1395751159000,"signMessageLong":"72  Killingsworth/82nd to Clackamas TC","extraBlockID":null,"locationInScheduleDay":19831,"longitude":-122.6108359,"blockID":7237,"offRoute":false,"nextLocID":3204,"vehicleID":3004,"signMessage":"72 Clackamas TC","extraTripID":null,"nextStopSeq":43,"routeNumber":72,"vehicleLoad":"unknown","bearing":90,"lastStopSeq":42,"inCongestion":false,"delay":-108,"latitude":45.5627608},{"tripID":4418190,"serviceDate":1395730800000,"direction":1,"garage":"POWELL","type":"bus","lastLocID":8018,"messageCode":760,"time":1395750739502,"expires":1395751157000,"signMessageLong":"72  Killingsworth/82nd to Clackamas TC","extraBlockID":null,"locationInScheduleDay":19878,"longitude":-122.5791388,"blockID":7235,"offRoute":false,"nextLocID":8016,"vehicleID":3053,"signMessage":"72 Clackamas TC","extraTripID":null,"nextStopSeq":51,"routeNumber":72,"vehicleLoad":"unknown","bearing":179,"lastStopSeq":50,"inCongestion":false,"delay":-59,"latitude":45.4540947},{"tripID":4417863,"serviceDate":1395730800000,"direction":0,"garage":"POWELL","type":"bus","lastLocID":5890,"messageCode":768,"time":1395750757684,"expires":1395751175000,"signMessageLong":"72  Killingsworth/82nd to Swan Island-Shipyards","extraBlockID":null,"locationInScheduleDay":19786,"longitude":-122.6613763,"blockID":7234,"offRoute":false,"nextLocID":10957,"vehicleID":3054,"signMessage":"72 Swan Island","extraTripID":null,"nextStopSeq":93,"routeNumber":72,"vehicleLoad":"unknown","bearing":0,"lastStopSeq":92,"inCongestion":false,"delay":-169,"latitude":45.5624688},{"tripID":4419222,"serviceDate":1395730800000,"direction":1,"garage":"POWELL","type":"bus","lastLocID":10630,"messageCode":813,"time":1395750751506,"expires":1395751171000,"signMessageLong":"77  Broadway/Halsey to Montgomery Park","extraBlockID":null,"locationInScheduleDay":19990,"longitude":-122.4038355,"blockID":7734,"offRoute":false,"nextLocID":2340,"vehicleID":3046,"signMessage":"77 Montgomry Pk","extraTripID":null,"nextStopSeq":6,"routeNumber":77,"vehicleLoad":"unknown","bearing":266,"lastStopSeq":5,"inCongestion":false,"delay":39,"latitude":45.5388321},{"tripID":4411310,"serviceDate":1395730800000,"direction":0,"garage":"POWELL","type":"bus","lastLocID":2599,"messageCode":266,"time":1395750739481,"expires":1395751157000,"signMessageLong":"14  Hawthorne to 94th & Foster","extraBlockID":null,"locationInScheduleDay":19985,"longitude":-122.6534423,"blockID":1434,"offRoute":false,"nextLocID":2595,"vehicleID":3027,"signMessage":"14 To 94-Foster","extraTripID":null,"nextStopSeq":7,"routeNumber":14,"vehicleLoad":"unknown","bearing":89,"lastStopSeq":6,"inCongestion":false,"delay":48,"latitude":45.5121912},{"tripID":4419085,"serviceDate":1395730800000,"direction":0,"garage":"CENTER","type":"bus","lastLocID":1612,"messageCode":809,"time":1395750739564,"expires":1395751158000,"signMessageLong":"77  Broadway/Halsey to Troutdale","extraBlockID":null,"locationInScheduleDay":19874,"longitude":-122.6698601,"blockID":7702,"offRoute":false,"nextLocID":11817,"vehicleID":2005,"signMessage":"77 To Troutdale","extraTripID":null,"nextStopSeq":19,"routeNumber":77,"vehicleLoad":"unknown","bearing":56,"lastStopSeq":18,"inCongestion":false,"delay":-64,"latitude":45.5271553}],"queryTime":1395750768634}}
