{"resultSet":{"vehicle":[{"tripID":4419089,"serviceDate":1395730800000,"direction":0,"garage":"POWELL","type":"bus","lastLocID":9472,"messageCode":809,"time":1395760115319,"expires":1395760531000,"signMessageLong":"77  Broadway/Halsey to Troutdale","extraBlockID":null,"locationInScheduleDay":28136,"longitude":-122.3986014,"blockID":7735,"offRoute":false,"nextLocID":9481,"vehicleID":2222,"signMessage":"77 To Troutdale","extraTripID":null,"nextStopSeq":102,"routeNumber":77,"vehicleLoad":"unknown","bearing":85,"lastStopSeq":101,"inCongestion":false,"delay":0,"latitude":45.5443378},{"tripID":4419092,"serviceDate":1395730800000,"direction":0,"garage":"POWELL","type":"bus","lastLocID":7999,"messageCode":809,"time":1395760100133,"expires":1395760518000,"signMessageLong":"77  Broadway/Halsey to Troutdale","extraBlockID":null,"locationInScheduleDay":29314,"longitude":-122.5765371,"blockID":7736,"offRoute":false,"nextLocID":2456,"vehicleID":2221,"signMessage":"77 To Troutdale","extraTripID":null,"nextStopSeq":53,"routeNumber":77,"vehicleLoad":"unknown","bearing":101,"lastStopSeq":52,"inCongestion":false,"delay":16,"latitude":45.5335421},{"tripID":4411318,"serviceDate":1395730800000,"direction":0,"garage":"POWELL","type":"bus","lastLocID":2630,"messageCode":266,"time":1395760118077,"expires":1395760536000,"signMessageLong":"14  Hawthorne to 94th & Foster","extraBlockID":null,"locationInScheduleDay":29306,"longitude":-122.6164455,"blockID":1438,"offRoute":false,"nextLocID":2633,"vehicleID":2220,"signMessage":"14 To 94-Foster","extraTripID":null,"nextStopSeq":21,"routeNumber":14,"vehicleLoad":"unknown","bearing":90,"lastStopSeq":20,"inCongestion":false,"delay":-10,"latitude":45.512031},{"tripID":4418202,"serviceDate":1395730800000,"direction":1,"garage":"POWELL","type":"bus","lastLocID":8053,"messageCode":760,"time":1395760100136,"expires":1395760518000,"signMessageLong":"72  Killingsworth/82nd to Clackamas TC","extraBlockID":null,"locationInScheduleDay":29381,"longitude":-122.5787245,"blockID":7248,"offRoute":false,"nextLocID":8024,"vehicleID":2215,"signMessage":"72 Clackamas TC","extraTripID":null,"nextStopSeq":83,"routeNumber":72,"vehicleLoad":"unknown","bearing":180,"lastStopSeq":82,"inCongestion":false,"delay":83,"latitude":45.4999307},{"tripID":4418200,"serviceDate":1395730800000,"direction":1,"garage":"POWELL","type":"bus","lastLocID":7942,"messageCode":760,"time":1395760118117,"expires":1395760536000,"signMessageLong":"72  Killingsworth/82nd to Clackamas TC","extraBlockID":null,"locationInScheduleDay":29412,"longitude":-122.5773288,"blockID":7247,"offRoute":false,"nextLocID":12921,"vehicleID":2250,"signMessage":"72 Clackamas TC","extraTripID":null,"nextStopSeq":110,"routeNumber":72,"vehicleLoad":"unknown","bearing":64,"lastStopSeq":109,"inCongestion":false,"delay":96,"latitude":45.4371143},{"tripID":4417876,"serviceDate":1395730800000,"direction":0,"garage":"POWELL","type":"bus","lastLocID":3216,"messageCode":766,"time":1395760103417,"expires":1395760520000,"signMessageLong":"72  Killingsworth/82nd to Swan Island-Anchor St","extraBlockID":null,"locationInScheduleDay":29357,"longitude":-122.5799106,"blockID":7250,"offRoute":false,"nextLocID":3149,"vehicleID":2242,"signMessage":"72 Swan Island","extraTripID":null,"nextStopSeq":63,"routeNumber":72,"vehicleLoad":"unknown","bearing":269,"lastStopSeq":62,"inCongestion":false,"delay":57,"latitude":45.5626719},{"tripID":4419093,"serviceDate":1395730800000,"direction":0,"garage":"POWELL","type":"bus","lastLocID":6235,"messageCode":809,"time":1395759995569,"expires":1395760414000,"signMessageLong":"77  Broadway/Halsey to Troutdale","extraBlockID":null,"locationInScheduleDay":29199,"longitude":-122.6449753,"blockID":7737,"offRoute":false,"nextLocID":6237,"vehicleID":2285,"signMessage":"77 To Troutdale","extraTripID":null,"nextStopSeq":27,"routeNumber":77,"vehicleLoad":"unknown","bearing":90,"lastStopSeq":26,"inCongestion":false,"delay":5,"latitude":45.5343062},{"tripID":4418205,"serviceDate":1395730800000,"direction":1,"garage":"POWELL","type":"bus","lastLocID":7327,"messageCode":760,"time":1395760106442,"expires":1395760522000,"signMessageLong":"72  Killingsworth/82nd to Clackamas TC","extraBlockID":null,"locationInScheduleDay":29342,"longitude":-122.6348963,"blockID":7252,"offRoute":false,"nextLocID":7329,"vehicleID":2283,"signMessage":"72 Clackamas TC","extraTripID":null,"nextStopSeq":34,"routeNumber":72,"vehicleLoad":"unknown","bearing":359,"lastStopSeq":33,"inCongestion":false,"delay":40,"latitude":45.5622552},{"tripID":4418204,"serviceDate":1395730800000,"direction":1,"garage":"POWELL","type":"bus","lastLocID":8025,"messageCode":760,"time":1395760115366,"expires":1395760533000,"signMessageLong":"72  Killingsworth/82nd to Clackamas TC","extraBlockID":null,"locationInScheduleDay":29374,"longitude":-122.5786405,"blockID":7244,"offRoute":false,"nextLocID":8038,"vehicleID":2276,"signMessage":"72 Clackamas TC","extraTripID":null,"nextStopSeq":55,"routeNumber":72,"vehicleLoad":"unknown","bearing":180,"lastStopSeq":54,"inCongestion":false,"delay":61,"latitude":45.5549956},{"tripID":4411319,"serviceDate":1395730800000,"direction":0,"garage":"POWELL","type":"bus","lastLocID":3635,"messageCode":266,"time":1395760106422,"expires":1395760522000,"signMessageLong":"14  Hawthorne to 94th & Foster","extraBlockID":null,"locationInScheduleDay":29188,"longitude":-122.6735461,"blockID":1439,"offRoute":false,"nextLocID":2641,"vehicleID":2275,"signMessage":"14 To 94-Foster","extraTripID":null,"nextStopSeq":3,"routeNumber":14,"vehicleLoad":"unknown","bearing":132,"lastStopSeq":2,"inCongestion":false,"delay":-114,"latitude":45.5139051},{"tripID":4413883,"serviceDate":1395730800000,"direction":1,"garage":"CENTER","type":"bus","lastLocID":7920,"messageCode":464,"time":1395760103241,"expires":1395760521000,"signMessageLong":"31  To Portland via Milwaukie","extraBlockID":null,"locationInScheduleDay":29358,"longitude":-122.5788957,"blockID":3003,"offRoute":false,"nextLocID":3228,"vehicleID":2119,"signMessage":"31 To Portland","extraTripID":null,"nextStopSeq":4,"routeNumber":31,"vehicleLoad":"unknown","bearing":359,"lastStopSeq":3,"inCongestion":false,"delay":57,"latitude":45.4467831},{"tripID":4417322,"serviceDate":1395730800000,"direction":1,"garage":"CENTER","type":"bus","lastLocID":8304,"messageCode":788,"time":1395760090943,"expires":1395760509000,"signMessageLong":"70  12th/NE 33rd Ave to Milwaukie","extraBlockID":null,"locationInScheduleDay":29073,"longitude":-122.6415942,"blockID":7006,"offRoute":false,"nextLocID":8507,"vehicleID":2150,"signMessage":"70 To Milwaukie","extraTripID":null,"nextStopSeq":10,"routeNumber":70,"vehicleLoad":"unknown","bearing":107,"lastStopSeq":9,"inCongestion":false,"delay":-216,"latitude":45.5760194},{"tripID":4417170,"serviceDate":1395730800000,"direction":0,"garage":"CENTER","type":"bus","lastLocID":6849,"messageCode":780,"time":1395760100071,"expires":1395760518000,"signMessageLong":"70  12th/NE 33rd Ave to NE Sunderland","extraBlockID":null,"locationInScheduleDay":29122,"longitude":-122.6483375,"blockID":7008,"offRoute":false,"nextLocID":13693,"vehicleID":2506,"signMessage":"70 To Sunderlnd","extraTripID":null,"nextStopSeq":22,"routeNumber":70,"vehicleLoad":"unknown","bearing":0,"lastStopSeq":21,"inCongestion":false,"delay":-176,"latitude":45.4946866},{"tripID":4413800,"serviceDate":1395730800000,"direction":0,"garage":"CENTER","type":"bus","lastLocID":7921,"messageCode":457,"time":1395760115248,"expires":1395760533000,"signMessageLong":"31  Clackamas Town Center, continuing to Estacada","extraBlockID":null,"locationInScheduleDay":29129,"longitude":-122.57892,"blockID":3102,"offRoute":false,"nextLocID":7942,"vehicleID":2526,"signMessage":"31 To Estacada via Clackamas","extraTripID":null,"nextStopSeq":22,"routeNumber":31,"vehicleLoad":"unknown","bearing":180,"lastStopSeq":21,"inCongestion":false,"delay":-184,"latitude":45.4438935},{"tripID":4417881,"serviceDate":1395730800000,"direction":0,"garage":"POWELL","type":"bus","lastLocID":12922,"messageCode":766,"time":1395760091053,"expires":1395760507000,"signMessageLong":"72  Killingsworth/82nd to Swan Island-Anchor St","extraBlockID":null,"locationInScheduleDay":29251,"longitude":-122.5768124,"blockID":7238,"offRoute":false,"nextLocID":7941,"vehicleID":2527,"signMessage":"72 Swan Island","extraTripID":null,"nextStopSeq":3,"routeNumber":72,"vehicleLoad":"unknown","bearing":262,"lastStopSeq":2,"inCongestion":false,"delay":-36,"latitude":45.4371892},{"tripID":4417321,"serviceDate":1395730800000,"direction":1,"garage":"CENTER","type":"bus","lastLocID":4049,"messageCode":788,"time":1395760100103,"expires":1395760519000,"signMessageLong":"70  12th/NE 33rd Ave to Milwaukie","extraBlockID":null,"locationInScheduleDay":29324,"longitude":-122.6492592,"blockID":7002,"offRoute":false,"nextLocID":4045,"vehicleID":2524,"signMessage":"70 To Milwaukie","extraTripID":null,"nextStopSeq":42,"routeNumber":70,"vehicleLoad":"unknown","bearing":270,"lastStopSeq":41,"inCongestion":false,"delay":25,"latitude":45.5314782},{"tripID":4411571,"serviceDate":1395730800000,"direction":1,"garage":"CENTER","type":"bus","lastLocID":12948,"messageCode":268,"time":1395760100119,"expires":1395760518000,"signMessageLong":"14  Hawthorne to Portland","extraBlockID":null,"locationInScheduleDay":28505,"longitude":-122.5868491,"blockID":1405,"offRoute":false,"nextLocID":1811,"vehicleID":2520,"signMessage":"14 To Portland","extraTripID":null,"nextStopSeq":9,"routeNumber":14,"vehicleLoad":"unknown","bearing":295,"lastStopSeq":8,"inCongestion":false,"delay":-793,"latitude":45.4857087},{"tripID":4419230,"serviceDate":1395730800000,"direction":1,"garage":"CENTER","type":"bus","lastLocID":2457,"messageCode":813,"time":1395760118041,"expires":1395760534000,"signMessageLong":"77  Broadway/Halsey to Montgomery Park","extraBlockID":null,"locationInScheduleDay":29309,"longitude":-122.5759944,"blockID":7701,"offRoute":false,"nextLocID":10846,"vehicleID":2512,"signMessage":"77 Montgomry Pk","extraTripID":null,"nextStopSeq":52,"routeNumber":77,"vehicleLoad":"unknown","bearing":295,"lastStopSeq":51,"inCongestion":false,"delay":-5,"latitude":45.5336084},{"tripID":4417872,"serviceDate":1395730800000,"direction":0,"garage":"POWELL","type":"bus","lastLocID":1042,"messageCode":768,"time":1395760100107,"expires":1395760518000,"signMessageLong":"72  Killingsworth/82nd to Swan Island-Shipyards","extraBlockID":null,"locationInScheduleDay":29337,"longitude":-122.7043425,"blockID":7239,"offRoute":false,"nextLocID":1041,"vehicleID":2540,"signMessage":"72 Swan Island","extraTripID":null,"nextStopSeq":117,"routeNumber":72,"vehicleLoad":"unknown","bearing":89,"lastStopSeq":116,"inCongestion":false,"delay":0,"latitude":45.556692},{"tripID":4418199,"serviceDate":1395730800000,"direction":1,"garage":"POWELL","type":"bus","lastLocID":12921,"messageCode":760,"time":1395760025362,"expires":1395760443000,"signMessageLong":"72  Killingsworth/82nd to Clackamas TC","extraBlockID":null,"locationInScheduleDay":29068,"longitude":-122.5690736,"blockID":7240,"offRoute":false,"nextLocID":13247,"vehicleID":2533,"signMessage":"72 Clackamas TC","extraTripID":null,"nextStopSeq":111,"routeNumber":72,"vehicleLoad":"unknown","bearing":173,"lastStopSeq":110,"inCongestion":false,"delay":0,"latitude":45.4357746},{"tripID":4417874,"serviceDate":1395730800000,"direction":0,"garage":"POWELL","type":"bus","lastLocID":5890,"messageCode":768,"time":1395760121372,"expires":1395760538000,"signMessageLong":"72  Killingsworth/82nd to Swan Island-Shipyards","extraBlockID":null,"locationInScheduleDay":29400,"longitude":-122.6614271,"blockID":7249,"offRoute":false,"nextLocID":10957,"vehicleID":2558,"signMessage":"72 Swan Island","extraTripID":null,"nextStopSeq":93,"routeNumber":72,"vehicleLoad":"unknown","bearing":0,"lastStopSeq":92,"inCongestion":false,"delay":82,"latitude":45.5595755},{"tripID":4417880,"serviceDate":1395730800000,"direction":0,"garage":"POWELL","type":"bus","lastLocID":7970,"messageCode":766,"time":1395760091234,"expires":1395760507000,"signMessageLong":"72  Killingsworth/82nd to Swan Island-Anchor St","extraBlockID":null,"locationInScheduleDay":29267,"longitude":-122.5790904,"blockID":7236,"offRoute":false,"nextLocID":7960,"vehicleID":2552,"signMessage":"72 Swan Island","extraTripID":null,"nextStopSeq":18,"routeNumber":72,"vehicleLoad":"unknown","bearing":359,"lastStopSeq":17,"inCongestion":false,"delay":-20,"latitude":45.4745},{"tripID":4418203,"serviceDate":1395730800000,"direction":1,"garage":"POWELL","type":"bus","lastLocID":7932,"messageCode":760,"time":1395760106554,"expires":1395760522000,"signMessageLong":"72  Killingsworth/82nd to Clackamas TC","extraBlockID":null,"locationInScheduleDay":29310,"longitude":-122.5790513,"blockID":7242,"offRoute":false,"nextLocID":7973,"vehicleID":2548,"signMessage":"72 Clackamas TC","extraTripID":null,"nextStopSeq":68,"routeNumber":72,"vehicleLoad":"unknown","bearing":180,"lastStopSeq":67,"inCongestion":false,"delay":8,"latitude":45.5285235},{"tripID":4411569,"serviceDate":1395730800000,"direction":1,"garage":"POWELL","type":"bus","lastLocID":2606,"messageCode":268,"time":1395760103511,"expires":1395760521000,"signMessageLong":"14  Hawthorne to Portland","extraBlockID":null,"locationInScheduleDay":29320,"longitude":-122.6470726,"blockID":1440,"offRoute":false,"nextLocID":2604,"vehicleID":2308,"signMessage":"14 To Portland","extraTripID":null,"nextStopSeq":37,"routeNumber":14,"vehicleLoad":"unknown","bearing":269,"lastStopSeq":36,"inCongestion":false,"delay":19,"latitude":45.5121958},{"tripID":4417879,"serviceDate":1395730800000,"direction":0,"garage":"POWELL","type":"bus","lastLocID":8052,"messageCode":766,"time":1395759965228,"expires":1395760382000,"signMessageLong":"72  Killingsworth/82nd to Swan Island-Anchor St","extraBlockID":null,"locationInScheduleDay":29184,"longitude":-122.5787244,"blockID":7253,"offRoute":false,"nextLocID":8061,"vehicleID":2318,"signMessage":"72 Swan Island","extraTripID":null,"nextStopSeq":31,"routeNumber":72,"vehicleLoad":"unknown","bearing":0,"lastStopSeq":30,"inCongestion":false,"delay":22,"latitude":45.4999528},{"tripID":4411572,"serviceDate":1395730800000,"direction":1,"garage":"POWELL","type":"bus","lastLocID":1793,"messageCode":268,"time":1395760115438,"expires":1395760531000,"signMessageLong":"14  Hawthorne to Portland","extraBlockID":null,"locationInScheduleDay":29270,"longitude":-122.6088324,"blockID":1435,"offRoute":false,"nextLocID":7656,"vehicleID":2316,"signMessage":"14 To Portland","extraTripID":null,"nextStopSeq":18,"routeNumber":14,"vehicleLoad":"unknown","bearing":307,"lastStopSeq":17,"inCongestion":false,"delay":-41,"latitude":45.495596},{"tripID":4411573,"serviceDate":1395730800000,"direction":1,"garage":"CENTER","type":"bus","lastLocID":12948,"messageCode":268,"time":1395760100094,"expires":1395760517000,"signMessageLong":"14  Hawthorne to Portland","extraBlockID":null,"locationInScheduleDay":29318,"longitude":-122.5887809,"blockID":1403,"offRoute":false,"nextLocID":1811,"vehicleID":2725,"signMessage":"14 To Portland","extraTripID":null,"nextStopSeq":9,"routeNumber":14,"vehicleLoad":"unknown","bearing":296,"lastStopSeq":8,"inCongestion":false,"delay":21,"latitude":45.4863703},{"tripID":4419231,"serviceDate":1395730800000,"direction":1,"garage":"CENTER","type":"bus","lastLocID":2411,"messageCode":813,"time":1395760121283,"expires":1395760538000,"signMessageLong":"77  Broadway/Halsey to Montgomery Park","extraBlockID":null,"locationInScheduleDay":29189,"longitude":-122.4588906,"blockID":7705,"offRoute":false,"nextLocID":8825,"vehicleID":2720,"signMessage":"77 Montgomry Pk","extraTripID":null,"nextStopSeq":18,"routeNumber":77,"vehicleLoad":"unknown","bearing":269,"lastStopSeq":17,"inCongestion":false,"delay":-129,"latitude":45.533638},{"tripID":4411574,"serviceDate":1395730800000,"direction":1,"garage":"CENTER","type":"bus","lastLocID":1829,"messageCode":null,"time":1395760111000,"expires":1395760531000,"signMessageLong":null,"extraBlockID":null,"locationInScheduleDay":null,"longitude":-122.56555,"blockID":1404,"offRoute":false,"nextLocID":1826,"vehicleID":2718,"signMessage":null,"extraTripID":null,"nextStopSeq":null,"routeNumber":14,"vehicleLoad":"unknown","bearing":null,"lastStopSeq":null,"inCongestion":false,"delay":678,"latitude":45.479033},{"tripID":4417320,"serviceDate":1395730800000,"direction":1,"garage":"CENTER","type":"bus","lastLocID":6551,"messageCode":790,"time":1395760109086,"expires":1395760525000,"signMessageLong":"70  12th Ave to Milwaukie via 13th & Tacoma","extraBlockID":null,"locationInScheduleDay":29289,"longitude":-122.6546987,"blockID":7007,"offRoute":false,"nextLocID":6543,"vehicleID":2709,"signMessage":"70 To Milw via 13","extraTripID":null,"nextStopSeq":52,"routeNumber":70,"vehicleLoad":"unknown","bearing":180,"lastStopSeq":51,"inCongestion":false,"delay":-16,"latitude":45.5123687},{"tripID":4417168,"serviceDate":1395730800000,"direction":0,"garage":"CENTER","type":"bus","lastLocID":7383,"messageCode":783,"time":1395760106229,"expires":1395760524000,"signMessageLong":"70  33rd Ave to NE Sunderland","extraBlockID":null,"locationInScheduleDay":29340,"longitude":-122.6306815,"blockID":7001,"offRoute":false,"nextLocID":7380,"vehicleID":2704,"signMessage":"70 To Sunderlnd","extraTripID":null,"nextStopSeq":60,"routeNumber":70,"vehicleLoad":"unknown","bearing":0,"lastStopSeq":59,"inCongestion":false,"delay":36,"latitude":45.5625998},{"tripID":4417171,"serviceDate":1395730800000,"direction":0,"garage":"CENTER","type":"bus","lastLocID":6871,"messageCode":782,"time":1395760090967,"expires":1395760509000,"signMessageLong":"70  12th/NE 33rd Ave to NE Sunderland via 13th & Tacoma","extraBlockID":null,"locationInScheduleDay":29281,"longitude":-122.6456603,"blockID":7003,"offRoute":false,"nextLocID":6901,"vehicleID":2705,"signMessage":"70 To Sunderland via 13th","extraTripID":null,"nextStopSeq":4,"routeNumber":70,"vehicleLoad":"unknown","bearing":338,"lastStopSeq":3,"inCongestion":false,"delay":-8,"latitude":45.4520755},{"tripID":4417167,"serviceDate":1395730800000,"direction":0,"garage":"CENTER","type":"bus","lastLocID":13040,"messageCode":783,"time":1395760115227,"expires":1395760531000,"signMessageLong":"70  33rd Ave to NE Sunderland","extraBlockID":null,"locationInScheduleDay":28980,"longitude":-122.6357648,"blockID":7004,"offRoute":false,"nextLocID":9368,"vehicleID":2701,"signMessage":"70 To Sunderlnd","extraTripID":null,"nextStopSeq":83,"routeNumber":70,"vehicleLoad":"unknown","bearing":180,"lastStopSeq":82,"inCongestion":false,"delay":0,"latitude":45.5898735},{"tripID":4419094,"serviceDate":1395730800000,"direction":0,"garage":"CENTER","type":"bus","lastLocID":8886,"messageCode":809,"time":1395760103497,"expires":1395760520000,"signMessageLong":"77  Broadway/Halsey to Troutdale","extraBlockID":null,"locationInScheduleDay":29311,"longitude":-122.6756234,"blockID":7704,"offRoute":false,"nextLocID":1612,"vehicleID":2614,"signMessage":"77 To Troutdale","extraTripID":null,"nextStopSeq":18,"routeNumber":77,"vehicleLoad":"unknown","bearing":88,"lastStopSeq":17,"inCongestion":false,"delay":11,"latitude":45.5252215},{"tripID":4411317,"serviceDate":1395730800000,"direction":0,"garage":"CENTER","type":"bus","lastLocID":1819,"messageCode":266,"time":1395760103481,"expires":1395760520000,"signMessageLong":"14  Hawthorne to 94th & Foster","extraBlockID":null,"locationInScheduleDay":29469,"longitude":-122.5787686,"blockID":1401,"offRoute":false,"nextLocID":1821,"vehicleID":2608,"signMessage":"14 To 94-Foster","extraTripID":null,"nextStopSeq":43,"routeNumber":14,"vehicleLoad":"unknown","bearing":118,"lastStopSeq":42,"inCongestion":false,"delay":169,"latitude":45.4827377},{"tripID":4417169,"serviceDate":1395730800000,"direction":0,"garage":"CENTER","type":"bus","lastLocID":6582,"messageCode":780,"time":1395760096972,"expires":1395760516000,"signMessageLong":"70  12th/NE 33rd Ave to NE Sunderland","extraBlockID":null,"locationInScheduleDay":29360,"longitude":-122.6535922,"blockID":7010,"offRoute":false,"nextLocID":8513,"vehicleID":2623,"signMessage":"70 To Sunderlnd","extraTripID":null,"nextStopSeq":36,"routeNumber":70,"vehicleLoad":"unknown","bearing":0,"lastStopSeq":35,"inCongestion":false,"delay":64,"latitude":45.5289666},{"tripID":4419229,"serviceDate":1395730800000,"direction":1,"garage":"CENTER","type":"bus","lastLocID":10869,"messageCode":813,"time":1395760123957,"expires":1395760540000,"signMessageLong":"77  Broadway/Halsey to Montgomery Park","extraBlockID":null,"locationInScheduleDay":29276,"longitude":-122.6223838,"blockID":7707,"offRoute":false,"nextLocID":7484,"vehicleID":2653,"signMessage":"77 Montgomry Pk","extraTripID":null,"nextStopSeq":69,"routeNumber":77,"vehicleLoad":"unknown","bearing":277,"lastStopSeq":68,"inCongestion":false,"delay":-44,"latitude":45.5338294},{"tripID":4417319,"serviceDate":1395730800000,"direction":1,"garage":"CENTER","type":"bus","lastLocID":6857,"messageCode":789,"time":1395760118165,"expires":1395760537000,"signMessageLong":"70  12th Ave to Milwaukie via 17th & Tacoma","extraBlockID":null,"locationInScheduleDay":29278,"longitude":-122.6477613,"blockID":7009,"offRoute":false,"nextLocID":6847,"vehicleID":2626,"signMessage":"70 To Milw via 17","extraTripID":null,"nextStopSeq":69,"routeNumber":70,"vehicleLoad":"unknown","bearing":175,"lastStopSeq":68,"inCongestion":false,"delay":-39,"latitude":45.4740082},{"tripID":4419228,"serviceDate":1395730800000,"direction":1,"garage":"CENTER","type":"bus","lastLocID":10876,"messageCode":813,"time":1395760040290,"expires":1395760458000,"signMessageLong":"77  Broadway/Halsey to Montgomery Park","extraBlockID":null,"locationInScheduleDay":29084,"longitude":-122.6570764,"blockID":7703,"offRoute":false,"nextLocID":4043,"vehicleID":2630,"signMessage":"77 Montgomry Pk","extraTripID":null,"nextStopSeq":84,"routeNumber":77,"vehicleLoad":"unknown","bearing":270,"lastStopSeq":83,"inCongestion":false,"delay":-154,"latitude":45.5314981},{"tripID":4419233,"serviceDate":1395730800000,"direction":1,"garage":"CENTER","type":"bus","lastLocID":9481,"messageCode":813,"time":1395760127032,"expires":1395760545000,"signMessageLong":"77  Broadway/Halsey to Montgomery Park","extraBlockID":null,"locationInScheduleDay":29325,"longitude":-122.3982117,"blockID":7706,"offRoute":false,"nextLocID":9471,"vehicleID":2632,"signMessage":"77 Montgomry Pk","extraTripID":null,"nextStopSeq":2,"routeNumber":77,"vehicleLoad":"unknown","bearing":85,"lastStopSeq":1,"inCongestion":false,"delay":0,"latitude":45.5443612},{"tripID":4418206,"serviceDate":1395730800000,"direction":1,"garage":"POWELL","type":"bus","lastLocID":3169,"messageCode":760,"time":1395760123886,"expires":1395760541000,"signMessageLong":"72  Killingsworth/82nd to Clackamas TC","extraBlockID":null,"locationInScheduleDay":29371,"longitude":-122.6814464,"blockID":7237,"offRoute":false,"nextLocID":3173,"vehicleID":3004,"signMessage":"72 Clackamas TC","extraTripID":null,"nextStopSeq":13,"routeNumber":72,"vehicleLoad":"unknown","bearing":90,"lastStopSeq":12,"inCongestion":false,"delay":50,"latitude":45.5626666},{"tripID":4413882,"serviceDate":1395730800000,"direction":1,"garage":"POWELL","type":"bus","lastLocID":3858,"messageCode":466,"time":1395760121249,"expires":1395760538000,"signMessageLong":"31  Portland","extraBlockID":null,"locationInScheduleDay":29280,"longitude":-122.6489537,"blockID":3136,"offRoute":false,"nextLocID":3837,"vehicleID":3007,"signMessage":"31 To Portland","extraTripID":null,"nextStopSeq":33,"routeNumber":31,"vehicleLoad":"unknown","bearing":305,"lastStopSeq":32,"inCongestion":false,"delay":-38,"latitude":45.486629},{"tripID":4417878,"serviceDate":1395730800000,"direction":0,"garage":"POWELL","type":"bus","lastLocID":8055,"messageCode":766,"time":1395760106073,"expires":1395760524000,"signMessageLong":"72  Killingsworth/82nd to Swan Island-Anchor St","extraBlockID":null,"locationInScheduleDay":29297,"longitude":-122.5789616,"blockID":7251,"offRoute":false,"nextLocID":8036,"vehicleID":3003,"signMessage":"72 Swan Island","extraTripID":null,"nextStopSeq":51,"routeNumber":72,"vehicleLoad":"unknown","bearing":0,"lastStopSeq":50,"inCongestion":false,"delay":-7,"latitude":45.5382717},{"tripID":4417873,"serviceDate":1395730800000,"direction":0,"garage":"POWELL","type":"bus","lastLocID":3161,"messageCode":766,"time":1395760109083,"expires":1395760526000,"signMessageLong":"72  Killingsworth/82nd to Swan Island-Anchor St","extraBlockID":null,"locationInScheduleDay":29306,"longitude":-122.6941087,"blockID":7241,"offRoute":false,"nextLocID":3167,"vehicleID":3048,"signMessage":"72 Swan Island","extraTripID":null,"nextStopSeq":104,"routeNumber":72,"vehicleLoad":"unknown","bearing":269,"lastStopSeq":103,"inCongestion":false,"delay":0,"latitude":45.5627482},{"tripID":4418201,"serviceDate":1395730800000,"direction":1,"garage":"POWELL","type":"bus","lastLocID":7950,"messageCode":760,"time":1395760100071,"expires":1395760519000,"signMessageLong":"72  Killingsworth/82nd to Clackamas TC","extraBlockID":null,"locationInScheduleDay":29335,"longitude":-122.5790875,"blockID":7235,"offRoute":false,"nextLocID":8013,"vehicleID":3053,"signMessage":"72 Clackamas TC","extraTripID":null,"nextStopSeq":96,"routeNumber":72,"vehicleLoad":"unknown","bearing":179,"lastStopSeq":95,"inCongestion":false,"delay":36,"latitude":45.4733095},{"tripID":4418207,"serviceDate":1395730800000,"direction":1,"garage":"POWELL","type":"bus","lastLocID":115,"messageCode":760,"time":1395760115232,"expires":1395760533000,"signMessageLong":"72  Killingsworth/82nd to Clackamas TC","extraBlockID":null,"locationInScheduleDay":29313,"longitude":-122.703865,"blockID":7245,"offRoute":false,"nextLocID":8681,"vehicleID":3052,"signMessage":"72 Clackamas TC","extraTripID":null,"nextStopSeq":2,"routeNumber":72,"vehicleLoad":"unknown","bearing":159,"lastStopSeq":1,"inCongestion":false,"delay":0,"latitude":45.5567629},{"tripID":4417875,"serviceDate":1395730800000,"direction":0,"garage":"POWELL","type":"bus","lastLocID":3201,"messageCode":766,"time":1395760096949,"expires":1395760516000,"signMessageLong":"72  Killingsworth/82nd to Swan Island-Anchor St","extraBlockID":null,"locationInScheduleDay":29227,"longitude":-122.6158069,"blockID":7234,"offRoute":false,"nextLocID":3200,"vehicleID":3054,"signMessage":"72 Swan Island","extraTripID":null,"nextStopSeq":74,"routeNumber":72,"vehicleLoad":"unknown","bearing":270,"lastStopSeq":73,"inCongestion":false,"delay":-69,"latitude":45.5627894},{"tripID":4419091,"serviceDate":1395730800000,"direction":0,"garage":"POWELL","type":"bus","lastLocID":2397,"messageCode":809,"time":1395760091028,"expires":1395760509000,"signMessageLong":"77  Broadway/Halsey to Troutdale","extraBlockID":null,"locationInScheduleDay":29103,"longitude":-122.4861127,"blockID":7734,"offRoute":false,"nextLocID":2400,"vehicleID":3046,"signMessage":"77 To Troutdale","extraTripID":null,"nextStopSeq":76,"routeNumber":77,"vehicleLoad":"unknown","bearing":89,"lastStopSeq":75,"inCongestion":false,"delay":-186,"latitude":45.5347009},{"tripID":4419226,"serviceDate":1395730800000,"direction":1,"garage":"POWELL","type":"bus","lastLocID":8483,"messageCode":813,"time":1395760106179,"expires":1395760523000,"signMessageLong":"77  Broadway/Halsey to Montgomery Park","extraBlockID":null,"locationInScheduleDay":28360,"longitude":-122.7069345,"blockID":7738,"offRoute":false,"nextLocID":8484,"vehicleID":3035,"signMessage":"77 Montgomry Pk","extraTripID":null,"nextStopSeq":109,"routeNumber":77,"vehicleLoad":"unknown","bearing":178,"lastStopSeq":108,"inCongestion":false,"delay":0,"latitude":45.5377966},{"tripID":4411570,"serviceDate":1395730800000,"direction":1,"garage":"POWELL","type":"bus","lastLocID":2619,"messageCode":268,"time":1395760118010,"expires":1395760537000,"signMessageLong":"14  Hawthorne to Portland","extraBlockID":null,"locationInScheduleDay":29410,"longitude":-122.6345527,"blockID":1434,"offRoute":false,"nextLocID":2616,"vehicleID":3027,"signMessage":"14 To Portland","extraTripID":null,"nextStopSeq":32,"routeNumber":14,"vehicleLoad":"unknown","bearing":270,"lastStopSeq":31,"inCongestion":false,"delay":93,"latitude":45.5120673},{"tripID":4417877,"serviceDate":1395730800000,"direction":0,"garage":"POWELL","type":"bus","lastLocID":8014,"messageCode":766,"time":1395760118014,"expires":1395760537000,"signMessageLong":"72  Killingsworth/82nd to Swan Island-Anchor St","extraBlockID":null,"locationInScheduleDay":29317,"longitude":-122.5790461,"blockID":7243,"offRoute":false,"nextLocID":7987,"vehicleID":3025,"signMessage":"72 Swan Island","extraTripID":null,"nextStopSeq":46,"routeNumber":72,"vehicleLoad":"unknown","bearing":0,"lastStopSeq":45,"inCongestion":false,"delay":0,"latitude":45.5297809},{"tripID":4419227,"serviceDate":1395730800000,"direction":1,"garage":"CENTER","type":"bus","lastLocID":8481,"messageCode":813,"time":1395760091077,"expires":1395760509000,"signMessageLong":"77  Broadway/Halsey to Montgomery Park","extraBlockID":null,"locationInScheduleDay":29186,"longitude":-122.7105656,"blockID":7702,"offRoute":false,"nextLocID":8482,"vehicleID":2005,"signMessage":"77 Montgomry Pk","extraTripID":null,"nextStopSeq":106,"routeNumber":77,"vehicleLoad":"unknown","bearing":334,"lastStopSeq":105,"inCongestion":false,"delay":-103,"latitude":45.5381928},{"tripID":4411568,"serviceDate":1395730800000,"direction":1,"garage":"CENTER","type":"bus","lastLocID":2642,"messageCode":267,"time":1395760106280,"expires":1395760524000,"signMessageLong":"14  Downtown Only","extraBlockID":null,"locationInScheduleDay":29306,"longitude":-122.6745698,"blockID":1402,"offRoute":false,"nextLocID":11956,"vehicleID":2014,"signMessage":"14 Downtown Only","extraTripID":null,"nextStopSeq":43,"routeNumber":14,"vehicleLoad":"unknown","bearing":339,"lastStopSeq":42,"inCongestion":false,"delay":2,"latitude":45.5144588}],"queryTime":1395760129017}}
