{"resultSet":{"vehicle":[{"tripID":4411388,"serviceDate":1395644400000,"direction":0,"garage":"CENTER","type":"bus","lastLocID":2599,"messageCode":266,"time":1395736938120,"expires":1395737356000,"signMessageLong":"14  Hawthorne to 94th & Foster","extraBlockID":null,"locationInScheduleDay":92520,"longitude":-122.6538685,"blockID":1406,"offRoute":false,"nextLocID":2595,"vehicleID":3128,"signMessage":"14 To 94-Foster","extraTripID":null,"nextStopSeq":7,"routeNumber":14,"vehicleLoad":"unknown","bearing":90,"lastStopSeq":6,"inCongestion":false,"delay":-16,"latitude":45.5121915},{"tripID":4418298,"serviceDate":1395644400000,"direction":1,"garage":"POWELL","type":"bus","lastLocID":12921,"messageCode":760,"time":1395736941135,"expires":1395737359000,"signMessageLong":"72  Killingsworth/82nd to Clackamas TC","extraBlockID":null,"locationInScheduleDay":92580,"longitude":-122.5681434,"blockID":7236,"offRoute":false,"nextLocID":13247,"vehicleID":3022,"signMessage":"72 Clackamas TC","extraTripID":null,"nextStopSeq":111,"routeNumber":72,"vehicleLoad":"unknown","bearing":82,"lastStopSeq":110,"inCongestion":false,"delay":41,"latitude":45.4356014}],"queryTime":1395736967763}}
