{"resultSet":{"vehicle":[{"tripID":4411642,"serviceDate":1395644400000,"direction":1,"garage":"CENTER","type":"bus","lastLocID":2613,"messageCode":268,"time":1395735801047,"expires":1395736220000,"signMessageLong":"14  Hawthorne to Portland","extraBlockID":null,"locationInScheduleDay":91498,"longitude":-122.6391686,"blockID":1406,"offRoute":false,"nextLocID":2611,"vehicleID":3128,"signMessage":"14 To Portland","extraTripID":null,"nextStopSeq":34,"routeNumber":14,"vehicleLoad":"unknown","bearing":270,"lastStopSeq":33,"inCongestion":false,"delay":98,"latitude":45.512085},{"tripID":4418298,"serviceDate":1395644400000,"direction":1,"garage":"POWELL","type":"bus","lastLocID":8024,"messageCode":760,"time":1395735801026,"expires":1395736220000,"signMessageLong":"72  Killingsworth/82nd to Clackamas TC","extraBlockID":null,"locationInScheduleDay":91500,"longitude":-122.5787393,"blockID":7236,"offRoute":false,"nextLocID":13707,"vehicleID":3022,"signMessage":"72 Clackamas TC","extraTripID":null,"nextStopSeq":84,"routeNumber":72,"vehicleLoad":"unknown","bearing":180,"lastStopSeq":83,"inCongestion":false,"delay":100,"latitude":45.4971097},{"tripID":4417969,"serviceDate":1395644400000,"direction":0,"garage":"POWELL","type":"bus","lastLocID":5890,"messageCode":766,"time":1395735797988,"expires":1395736217000,"signMessageLong":"72  Killingsworth/82nd to Swan Island-Anchor St","extraBlockID":null,"locationInScheduleDay":91427,"longitude":-122.6613736,"blockID":7238,"offRoute":false,"nextLocID":10957,"vehicleID":3035,"signMessage":"72 Swan Island","extraTripID":null,"nextStopSeq":93,"routeNumber":72,"vehicleLoad":"unknown","bearing":0,"lastStopSeq":92,"inCongestion":false,"delay":30,"latitude":45.5626301}],"queryTime":1395735827720}}
