{"resultSet":{"vehicle":[{"tripID":4411559,"serviceDate":1395730800000,"direction":1,"garage":"POWELL","type":"bus","lastLocID":11956,"messageCode":266,"time":1395754180855,"expires":1395754598000,"signMessageLong":"14  Hawthorne to 94th & Foster","extraBlockID":null,"locationInScheduleDay":23483,"longitude":-122.6760997,"blockID":1436,"offRoute":false,"nextLocID":13169,"vehicleID":2206,"signMessage":"14 To 94-Foster","extraTripID":null,"nextStopSeq":44,"routeNumber":14,"vehicleLoad":"unknown","bearing":298,"lastStopSeq":43,"inCongestion":false,"delay":105,"latitude":45.5153511},{"tripID":4419089,"serviceDate":1395730800000,"direction":0,"garage":"POWELL","type":"bus","lastLocID":8484,"messageCode":809,"time":1395754177620,"expires":1395754596000,"signMessageLong":"77  Broadway/Halsey to Troutdale","extraBlockID":null,"locationInScheduleDay":23376,"longitude":-122.7069049,"blockID":7735,"offRoute":false,"nextLocID":8385,"vehicleID":2222,"signMessage":"77 To Troutdale","extraTripID":null,"nextStopSeq":2,"routeNumber":77,"vehicleLoad":"unknown","bearing":178,"lastStopSeq":1,"inCongestion":false,"delay":0,"latitude":45.5370429},{"tripID":4419223,"serviceDate":1395730800000,"direction":1,"garage":"POWELL","type":"bus","lastLocID":7571,"messageCode":813,"time":1395754166049,"expires":1395754584000,"signMessageLong":"77  Broadway/Halsey to Montgomery Park","extraBlockID":null,"locationInScheduleDay":23298,"longitude":-122.6166012,"blockID":7736,"offRoute":false,"nextLocID":650,"vehicleID":2221,"signMessage":"77 Montgomry Pk","extraTripID":null,"nextStopSeq":66,"routeNumber":77,"vehicleLoad":"unknown","bearing":269,"lastStopSeq":65,"inCongestion":false,"delay":-66,"latitude":45.535125},{"tripID":4419224,"serviceDate":1395730800000,"direction":1,"garage":"POWELL","type":"bus","lastLocID":10973,"messageCode":813,"time":1395754177660,"expires":1395754595000,"signMessageLong":"77  Broadway/Halsey to Montgomery Park","extraBlockID":null,"locationInScheduleDay":23337,"longitude":-122.5584488,"blockID":7737,"offRoute":false,"nextLocID":2343,"vehicleID":2285,"signMessage":"77 Montgomry Pk","extraTripID":null,"nextStopSeq":48,"routeNumber":77,"vehicleLoad":"unknown","bearing":248,"lastStopSeq":47,"inCongestion":false,"delay":-38,"latitude":45.5340351},{"tripID":4417869,"serviceDate":1395730800000,"direction":0,"garage":"POWELL","type":"bus","lastLocID":8057,"messageCode":766,"time":1395754088357,"expires":1395754505000,"signMessageLong":"72  Killingsworth/82nd to Swan Island-Anchor St","extraBlockID":null,"locationInScheduleDay":23240,"longitude":-122.5790517,"blockID":7244,"offRoute":false,"nextLocID":8059,"vehicleID":2276,"signMessage":"72 Swan Island","extraTripID":null,"nextStopSeq":20,"routeNumber":72,"vehicleLoad":"unknown","bearing":0,"lastStopSeq":19,"inCongestion":false,"delay":-45,"latitude":45.4783014},{"tripID":4417163,"serviceDate":1395730800000,"direction":0,"garage":"CENTER","type":"bus","lastLocID":7365,"messageCode":783,"time":1395754165973,"expires":1395754584000,"signMessageLong":"70  33rd Ave to NE Sunderland","extraBlockID":null,"locationInScheduleDay":23421,"longitude":-122.6307008,"blockID":7005,"offRoute":false,"nextLocID":7385,"vehicleID":2132,"signMessage":"70 To Sunderlnd","extraTripID":null,"nextStopSeq":51,"routeNumber":70,"vehicleLoad":"unknown","bearing":359,"lastStopSeq":50,"inCongestion":false,"delay":57,"latitude":45.5416049},{"tripID":4417313,"serviceDate":1395730800000,"direction":1,"garage":"CENTER","type":"bus","lastLocID":6886,"messageCode":738,"time":1395754174763,"expires":1395754594000,"signMessageLong":"70  12th Ave to Milwaukie via 13th & Tacoma","extraBlockID":null,"locationInScheduleDay":23184,"longitude":-122.6467849,"blockID":7006,"offRoute":false,"nextLocID":6902,"vehicleID":2150,"signMessage":"70 To Milwaukie","extraTripID":null,"nextStopSeq":37,"routeNumber":70,"vehicleLoad":"unknown","bearing":175,"lastStopSeq":36,"inCongestion":false,"delay":-190,"latitude":45.4579795},{"tripID":4417865,"serviceDate":1395730800000,"direction":0,"garage":"POWELL","type":"bus","lastLocID":1043,"messageCode":768,"time":1395754136201,"expires":1395754553000,"signMessageLong":"72  Killingsworth/82nd to Swan Island-Shipyards","extraBlockID":null,"locationInScheduleDay":22974,"longitude":-122.7119667,"blockID":7238,"offRoute":false,"nextLocID":1042,"vehicleID":2527,"signMessage":"72 Swan Island","extraTripID":null,"nextStopSeq":116,"routeNumber":72,"vehicleLoad":"unknown","bearing":127,"lastStopSeq":115,"inCongestion":false,"delay":-359,"latitude":45.5604328},{"tripID":4417165,"serviceDate":1395730800000,"direction":0,"garage":"CENTER","type":"bus","lastLocID":8225,"messageCode":782,"time":1395754180825,"expires":1395754598000,"signMessageLong":"70  12th/NE 33rd Ave to NE Sunderland via 13th & Tacoma","extraBlockID":null,"locationInScheduleDay":23343,"longitude":-122.6405049,"blockID":7002,"offRoute":false,"nextLocID":6871,"vehicleID":2524,"signMessage":"70 To Sunderland via 13th","extraTripID":null,"nextStopSeq":3,"routeNumber":70,"vehicleLoad":"unknown","bearing":81,"lastStopSeq":2,"inCongestion":false,"delay":-35,"latitude":45.4448916},{"tripID":4419087,"serviceDate":1395730800000,"direction":0,"garage":"CENTER","type":"bus","lastLocID":10870,"messageCode":809,"time":1395754174844,"expires":1395754593000,"signMessageLong":"77  Broadway/Halsey to Troutdale","extraBlockID":null,"locationInScheduleDay":23580,"longitude":-122.6206027,"blockID":7701,"offRoute":false,"nextLocID":7509,"vehicleID":2512,"signMessage":"77 To Troutdale","extraTripID":null,"nextStopSeq":36,"routeNumber":77,"vehicleLoad":"unknown","bearing":91,"lastStopSeq":35,"inCongestion":false,"delay":207,"latitude":45.5333119},{"tripID":4418192,"serviceDate":1395730800000,"direction":1,"garage":"POWELL","type":"bus","lastLocID":12921,"messageCode":760,"time":1395754166032,"expires":1395754584000,"signMessageLong":"72  Killingsworth/82nd to Clackamas TC","extraBlockID":null,"locationInScheduleDay":23389,"longitude":-122.5713476,"blockID":7239,"offRoute":false,"nextLocID":13247,"vehicleID":2540,"signMessage":"72 Clackamas TC","extraTripID":null,"nextStopSeq":111,"routeNumber":72,"vehicleLoad":"unknown","bearing":91,"lastStopSeq":110,"inCongestion":false,"delay":0,"latitude":45.4372145},{"tripID":4417866,"serviceDate":1395730800000,"direction":0,"garage":"POWELL","type":"bus","lastLocID":3174,"messageCode":766,"time":1395754163352,"expires":1395754581000,"signMessageLong":"72  Killingsworth/82nd to Swan Island-Anchor St","extraBlockID":null,"locationInScheduleDay":23232,"longitude":-122.6769596,"blockID":7240,"offRoute":false,"nextLocID":3170,"vehicleID":2533,"signMessage":"72 Swan Island","extraTripID":null,"nextStopSeq":99,"routeNumber":72,"vehicleLoad":"unknown","bearing":269,"lastStopSeq":98,"inCongestion":false,"delay":-129,"latitude":45.5626762},{"tripID":4417868,"serviceDate":1395730800000,"direction":0,"garage":"POWELL","type":"bus","lastLocID":7936,"messageCode":768,"time":1395754160225,"expires":1395754578000,"signMessageLong":"72  Killingsworth/82nd to Swan Island-Shipyards","extraBlockID":null,"locationInScheduleDay":23245,"longitude":-122.5790781,"blockID":7242,"offRoute":false,"nextLocID":7955,"vehicleID":2548,"signMessage":"72 Swan Island","extraTripID":null,"nextStopSeq":43,"routeNumber":72,"vehicleLoad":"unknown","bearing":0,"lastStopSeq":42,"inCongestion":false,"delay":-113,"latitude":45.5237869},{"tripID":4411561,"serviceDate":1395730800000,"direction":1,"garage":"POWELL","type":"bus","lastLocID":1831,"messageCode":268,"time":1395754181009,"expires":1395754598000,"signMessageLong":"14  Hawthorne to Portland","extraBlockID":null,"locationInScheduleDay":23378,"longitude":-122.5662917,"blockID":1435,"offRoute":false,"nextLocID":13236,"vehicleID":2316,"signMessage":"14 To Portland","extraTripID":null,"nextStopSeq":2,"routeNumber":14,"vehicleLoad":"unknown","bearing":291,"lastStopSeq":1,"inCongestion":false,"delay":0,"latitude":45.4791765},{"tripID":4419088,"serviceDate":1395730800000,"direction":0,"garage":"CENTER","type":"bus","lastLocID":1612,"messageCode":809,"time":1395754174852,"expires":1395754594000,"signMessageLong":"77  Broadway/Halsey to Troutdale","extraBlockID":null,"locationInScheduleDay":23494,"longitude":-122.6684751,"blockID":7705,"offRoute":false,"nextLocID":11817,"vehicleID":2720,"signMessage":"77 To Troutdale","extraTripID":null,"nextStopSeq":19,"routeNumber":77,"vehicleLoad":"unknown","bearing":55,"lastStopSeq":18,"inCongestion":false,"delay":120,"latitude":45.5277966},{"tripID":4413876,"serviceDate":1395730800000,"direction":1,"garage":"CENTER","type":"bus","lastLocID":7797,"messageCode":467,"time":1395754163321,"expires":1395754581000,"signMessageLong":"31  Downtown Only","extraBlockID":null,"locationInScheduleDay":23185,"longitude":-122.6776346,"blockID":3101,"offRoute":false,"nextLocID":7751,"vehicleID":2714,"signMessage":"31 Downtown Only","extraTripID":null,"nextStopSeq":12,"routeNumber":31,"vehicleLoad":"unknown","bearing":21,"lastStopSeq":11,"inCongestion":false,"delay":-176,"latitude":45.5209618},{"tripID":4417164,"serviceDate":1395730800000,"direction":0,"garage":"CENTER","type":"bus","lastLocID":6876,"messageCode":780,"time":1395754163304,"expires":1395754579000,"signMessageLong":"70  12th/NE 33rd Ave to NE Sunderland","extraBlockID":null,"locationInScheduleDay":23201,"longitude":-122.6483508,"blockID":7007,"offRoute":false,"nextLocID":6849,"vehicleID":2709,"signMessage":"70 To Sunderlnd","extraTripID":null,"nextStopSeq":21,"routeNumber":70,"vehicleLoad":"unknown","bearing":0,"lastStopSeq":20,"inCongestion":false,"delay":-158,"latitude":45.4925687},{"tripID":4417315,"serviceDate":1395730800000,"direction":1,"garage":"CENTER","type":"bus","lastLocID":7403,"messageCode":788,"time":1395754144981,"expires":1395754564000,"signMessageLong":"70  12th/NE 33rd Ave to Milwaukie","extraBlockID":null,"locationInScheduleDay":23311,"longitude":-122.6306902,"blockID":7001,"offRoute":false,"nextLocID":7377,"vehicleID":2704,"signMessage":"70 To Milwaukie","extraTripID":null,"nextStopSeq":31,"routeNumber":70,"vehicleLoad":"unknown","bearing":180,"lastStopSeq":30,"inCongestion":false,"delay":-33,"latitude":45.5370455},{"tripID":4417317,"serviceDate":1395730800000,"direction":1,"garage":"CENTER","type":"bus","lastLocID":9368,"messageCode":788,"time":1395754174809,"expires":1395754592000,"signMessageLong":"70  12th/NE 33rd Ave to Milwaukie","extraBlockID":null,"locationInScheduleDay":23372,"longitude":-122.6357648,"blockID":7003,"offRoute":false,"nextLocID":9414,"vehicleID":2705,"signMessage":"70 To Milwaukie","extraTripID":null,"nextStopSeq":2,"routeNumber":70,"vehicleLoad":"unknown","bearing":180,"lastStopSeq":1,"inCongestion":false,"delay":0,"latitude":45.5898735},{"tripID":4417314,"serviceDate":1395730800000,"direction":1,"garage":"CENTER","type":"bus","lastLocID":3909,"messageCode":790,"time":1395754165987,"expires":1395754584000,"signMessageLong":"70  12th Ave to Milwaukie via 13th & Tacoma","extraBlockID":null,"locationInScheduleDay":23427,"longitude":-122.6511843,"blockID":7004,"offRoute":false,"nextLocID":13658,"vehicleID":2701,"signMessage":"70 To Milw via 13","extraTripID":null,"nextStopSeq":61,"routeNumber":70,"vehicleLoad":"unknown","bearing":90,"lastStopSeq":60,"inCongestion":false,"delay":63,"latitude":45.4939904},{"tripID":4419225,"serviceDate":1395730800000,"direction":1,"garage":"CENTER","type":"bus","lastLocID":13505,"messageCode":813,"time":1395754160203,"expires":1395754577000,"signMessageLong":"77  Broadway/Halsey to Montgomery Park","extraBlockID":null,"locationInScheduleDay":23358,"longitude":-122.450974,"blockID":7704,"offRoute":false,"nextLocID":2411,"vehicleID":2614,"signMessage":"77 Montgomry Pk","extraTripID":null,"nextStopSeq":17,"routeNumber":77,"vehicleLoad":"unknown","bearing":270,"lastStopSeq":16,"inCongestion":false,"delay":1,"latitude":45.5334039},{"tripID":4411312,"serviceDate":1395730800000,"direction":0,"garage":"CENTER","type":"bus","lastLocID":2633,"messageCode":266,"time":1395754180959,"expires":1395754598000,"signMessageLong":"14  Hawthorne to 94th & Foster","extraBlockID":null,"locationInScheduleDay":23394,"longitude":-122.6128307,"blockID":1401,"offRoute":false,"nextLocID":7651,"vehicleID":2608,"signMessage":"14 To 94-Foster","extraTripID":null,"nextStopSeq":22,"routeNumber":14,"vehicleLoad":"unknown","bearing":90,"lastStopSeq":21,"inCongestion":false,"delay":16,"latitude":45.5120242},{"tripID":4419086,"serviceDate":1395730800000,"direction":0,"garage":"CENTER","type":"bus","lastLocID":2368,"messageCode":809,"time":1395754180939,"expires":1395754598000,"signMessageLong":"77  Broadway/Halsey to Troutdale","extraBlockID":null,"locationInScheduleDay":23433,"longitude":-122.5323905,"blockID":7703,"offRoute":false,"nextLocID":2370,"vehicleID":2630,"signMessage":"77 To Troutdale","extraTripID":null,"nextStopSeq":64,"routeNumber":77,"vehicleLoad":"unknown","bearing":90,"lastStopSeq":63,"inCongestion":false,"delay":55,"latitude":45.5335464},{"tripID":4418193,"serviceDate":1395730800000,"direction":1,"garage":"POWELL","type":"bus","lastLocID":8024,"messageCode":760,"time":1395754177554,"expires":1395754595000,"signMessageLong":"72  Killingsworth/82nd to Clackamas TC","extraBlockID":null,"locationInScheduleDay":23308,"longitude":-122.578758,"blockID":7241,"offRoute":false,"nextLocID":13707,"vehicleID":3048,"signMessage":"72 Clackamas TC","extraTripID":null,"nextStopSeq":84,"routeNumber":72,"vehicleLoad":"unknown","bearing":180,"lastStopSeq":83,"inCongestion":false,"delay":-67,"latitude":45.4958082},{"tripID":4417867,"serviceDate":1395730800000,"direction":0,"garage":"POWELL","type":"bus","lastLocID":10601,"messageCode":768,"time":1395754174824,"expires":1395754594000,"signMessageLong":"72  Killingsworth/82nd to Swan Island-Shipyards","extraBlockID":null,"locationInScheduleDay":23280,"longitude":-122.5938595,"blockID":7235,"offRoute":false,"nextLocID":3147,"vehicleID":3053,"signMessage":"72 Swan Island","extraTripID":null,"nextStopSeq":67,"routeNumber":72,"vehicleLoad":"unknown","bearing":270,"lastStopSeq":66,"inCongestion":false,"delay":-94,"latitude":45.5627143},{"tripID":4418194,"serviceDate":1395730800000,"direction":1,"garage":"POWELL","type":"bus","lastLocID":8025,"messageCode":760,"time":1395754133368,"expires":1395754551000,"signMessageLong":"72  Killingsworth/82nd to Clackamas TC","extraBlockID":null,"locationInScheduleDay":23308,"longitude":-122.5786633,"blockID":7234,"offRoute":false,"nextLocID":8038,"vehicleID":3054,"signMessage":"72 Clackamas TC","extraTripID":null,"nextStopSeq":55,"routeNumber":72,"vehicleLoad":"unknown","bearing":180,"lastStopSeq":54,"inCongestion":false,"delay":-23,"latitude":45.5536661},{"tripID":4419222,"serviceDate":1395730800000,"direction":1,"garage":"POWELL","type":"bus","lastLocID":9311,"messageCode":813,"time":1395754174850,"expires":1395754594000,"signMessageLong":"77  Broadway/Halsey to Montgomery Park","extraBlockID":null,"locationInScheduleDay":23192,"longitude":-122.6771419,"blockID":7734,"offRoute":false,"nextLocID":1997,"vehicleID":3046,"signMessage":"77 Montgomry Pk","extraTripID":null,"nextStopSeq":88,"routeNumber":77,"vehicleLoad":"unknown","bearing":268,"lastStopSeq":87,"inCongestion":false,"delay":-182,"latitude":45.52662},{"tripID":4411560,"serviceDate":1395730800000,"direction":1,"garage":"POWELL","type":"bus","lastLocID":12917,"messageCode":268,"time":1395754163291,"expires":1395754581000,"signMessageLong":"14  Hawthorne to Portland","extraBlockID":null,"locationInScheduleDay":23461,"longitude":-122.611488,"blockID":1434,"offRoute":false,"nextLocID":7658,"vehicleID":3027,"signMessage":"14 To Portland","extraTripID":null,"nextStopSeq":24,"routeNumber":14,"vehicleLoad":"unknown","bearing":356,"lastStopSeq":23,"inCongestion":false,"delay":100,"latitude":45.5106652},{"tripID":4418195,"serviceDate":1395730800000,"direction":1,"garage":"POWELL","type":"bus","lastLocID":3165,"messageCode":760,"time":1395754174768,"expires":1395754592000,"signMessageLong":"72  Killingsworth/82nd to Clackamas TC","extraBlockID":null,"locationInScheduleDay":23034,"longitude":-122.6623256,"blockID":7243,"offRoute":false,"nextLocID":5927,"vehicleID":3025,"signMessage":"72 Clackamas TC","extraTripID":null,"nextStopSeq":20,"routeNumber":72,"vehicleLoad":"unknown","bearing":87,"lastStopSeq":19,"inCongestion":false,"delay":-338,"latitude":45.5627396},{"tripID":4419085,"serviceDate":1395730800000,"direction":0,"garage":"CENTER","type":"bus","lastLocID":9470,"messageCode":809,"time":1395754174884,"expires":1395754592000,"signMessageLong":"77  Broadway/Halsey to Troutdale","extraBlockID":null,"locationInScheduleDay":23375,"longitude":-122.3909027,"blockID":7702,"offRoute":false,"nextLocID":10758,"vehicleID":2005,"signMessage":"77 To Troutdale","extraTripID":null,"nextStopSeq":100,"routeNumber":77,"vehicleLoad":"unknown","bearing":334,"lastStopSeq":99,"inCongestion":false,"delay":3,"latitude":45.5450441},{"tripID":4413877,"serviceDate":1395730800000,"direction":1,"garage":"CENTER","type":"bus","lastLocID":2579,"messageCode":464,"time":1395754177606,"expires":1395754595000,"signMessageLong":"31  To Portland via Milwaukie","extraBlockID":null,"locationInScheduleDay":23211,"longitude":-122.6269184,"blockID":1402,"offRoute":false,"nextLocID":2577,"vehicleID":2014,"signMessage":"31 To Portland","extraTripID":null,"nextStopSeq":19,"routeNumber":31,"vehicleLoad":"unknown","bearing":268,"lastStopSeq":18,"inCongestion":false,"delay":-164,"latitude":45.4466426}],"queryTime":1395754188768}}
