{"resultSet":{"vehicle":[{"tripID":4411566,"serviceDate":1395730800000,"direction":1,"garage":"POWELL","type":"bus","lastLocID":1831,"messageCode":268,"time":1395757163250,"expires":1395757580000,"signMessageLong":"14  Hawthorne to Portland","extraBlockID":null,"locationInScheduleDay":26348,"longitude":-122.5667445,"blockID":1436,"offRoute":false,"nextLocID":13236,"vehicleID":2206,"signMessage":"14 To Portland","extraTripID":null,"nextStopSeq":2,"routeNumber":14,"vehicleLoad":"unknown","bearing":291,"lastStopSeq":1,"inCongestion":false,"delay":-12,"latitude":45.4792992},{"tripID":4419089,"serviceDate":1395730800000,"direction":0,"garage":"POWELL","type":"bus","lastLocID":7999,"messageCode":809,"time":1395757179320,"expires":1395757596000,"signMessageLong":"77  Broadway/Halsey to Troutdale","extraBlockID":null,"locationInScheduleDay":26260,"longitude":-122.5760016,"blockID":7735,"offRoute":false,"nextLocID":2456,"vehicleID":2222,"signMessage":"77 To Troutdale","extraTripID":null,"nextStopSeq":53,"routeNumber":77,"vehicleLoad":"unknown","bearing":75,"lastStopSeq":52,"inCongestion":false,"delay":-116,"latitude":45.5335491},{"tripID":4419092,"serviceDate":1395730800000,"direction":0,"garage":"POWELL","type":"bus","lastLocID":8484,"messageCode":809,"time":1395757160585,"expires":1395757578000,"signMessageLong":"77  Broadway/Halsey to Troutdale","extraBlockID":null,"locationInScheduleDay":26358,"longitude":-122.7069049,"blockID":7736,"offRoute":false,"nextLocID":8385,"vehicleID":2221,"signMessage":"77 To Troutdale","extraTripID":null,"nextStopSeq":2,"routeNumber":77,"vehicleLoad":"unknown","bearing":178,"lastStopSeq":1,"inCongestion":false,"delay":0,"latitude":45.5370429},{"tripID":4411565,"serviceDate":1395730800000,"direction":1,"garage":"POWELL","type":"bus","lastLocID":1807,"messageCode":268,"time":1395757179132,"expires":1395757597000,"signMessageLong":"14  Hawthorne to Portland","extraBlockID":null,"locationInScheduleDay":26371,"longitude":-122.593068,"blockID":1438,"offRoute":false,"nextLocID":1805,"vehicleID":2220,"signMessage":"14 To Portland","extraTripID":null,"nextStopSeq":11,"routeNumber":14,"vehicleLoad":"unknown","bearing":301,"lastStopSeq":10,"inCongestion":false,"delay":-6,"latitude":45.4881022},{"tripID":4418202,"serviceDate":1395730800000,"direction":1,"garage":"POWELL","type":"bus","lastLocID":9399,"messageCode":760,"time":1395757169529,"expires":1395757586000,"signMessageLong":"72  Killingsworth/82nd to Clackamas TC","extraBlockID":null,"locationInScheduleDay":26186,"longitude":-122.6973915,"blockID":7248,"offRoute":false,"nextLocID":2195,"vehicleID":2215,"signMessage":"72 Clackamas TC","extraTripID":null,"nextStopSeq":4,"routeNumber":72,"vehicleLoad":"unknown","bearing":95,"lastStopSeq":3,"inCongestion":false,"delay":-180,"latitude":45.5560343},{"tripID":4411562,"serviceDate":1395730800000,"direction":1,"garage":"POWELL","type":"bus","lastLocID":13169,"messageCode":266,"time":1395757175310,"expires":1395757593000,"signMessageLong":"14  Hawthorne to 94th & Foster","extraBlockID":null,"locationInScheduleDay":26490,"longitude":-122.6798638,"blockID":1437,"offRoute":false,"nextLocID":3639,"vehicleID":2264,"signMessage":"14 To 94-Foster","extraTripID":null,"nextStopSeq":45,"routeNumber":14,"vehicleLoad":"unknown","bearing":290,"lastStopSeq":44,"inCongestion":false,"delay":117,"latitude":45.516358},{"tripID":4413799,"serviceDate":1395730800000,"direction":0,"garage":"POWELL","type":"bus","lastLocID":2575,"messageCode":457,"time":1395757169236,"expires":1395757583000,"signMessageLong":"31  Clackamas Town Center, continuing to Estacada","extraBlockID":null,"locationInScheduleDay":26209,"longitude":-122.6265793,"blockID":3137,"offRoute":false,"nextLocID":2578,"vehicleID":2258,"signMessage":"31 To Estacada via Clackamas","extraTripID":null,"nextStopSeq":6,"routeNumber":31,"vehicleLoad":"unknown","bearing":88,"lastStopSeq":5,"inCongestion":false,"delay":-154,"latitude":45.446649},{"tripID":4418200,"serviceDate":1395730800000,"direction":1,"garage":"POWELL","type":"bus","lastLocID":7327,"messageCode":760,"time":1395757181880,"expires":1395757600000,"signMessageLong":"72  Killingsworth/82nd to Clackamas TC","extraBlockID":null,"locationInScheduleDay":26396,"longitude":-122.6348958,"blockID":7247,"offRoute":false,"nextLocID":7329,"vehicleID":2250,"signMessage":"72 Clackamas TC","extraTripID":null,"nextStopSeq":34,"routeNumber":72,"vehicleLoad":"unknown","bearing":359,"lastStopSeq":33,"inCongestion":false,"delay":16,"latitude":45.5619402},{"tripID":4418198,"serviceDate":1395730800000,"direction":1,"garage":"POWELL","type":"bus","lastLocID":8002,"messageCode":760,"time":1395757172218,"expires":1395757591000,"signMessageLong":"72  Killingsworth/82nd to Clackamas TC","extraBlockID":null,"locationInScheduleDay":26371,"longitude":-122.5788963,"blockID":7246,"offRoute":false,"nextLocID":8034,"vehicleID":2296,"signMessage":"72 Clackamas TC","extraTripID":null,"nextStopSeq":61,"routeNumber":72,"vehicleLoad":"unknown","bearing":180,"lastStopSeq":60,"inCongestion":false,"delay":0,"latitude":45.5417765},{"tripID":4419224,"serviceDate":1395730800000,"direction":1,"garage":"POWELL","type":"bus","lastLocID":6014,"messageCode":813,"time":1395757179461,"expires":1395757595000,"signMessageLong":"77  Broadway/Halsey to Montgomery Park","extraBlockID":null,"locationInScheduleDay":26036,"longitude":-122.7022691,"blockID":7737,"offRoute":false,"nextLocID":8414,"vehicleID":2285,"signMessage":"77 Montgomry Pk","extraTripID":null,"nextStopSeq":103,"routeNumber":77,"vehicleLoad":"unknown","bearing":268,"lastStopSeq":102,"inCongestion":false,"delay":-339,"latitude":45.5368699},{"tripID":4417869,"serviceDate":1395730800000,"direction":0,"garage":"POWELL","type":"bus","lastLocID":2202,"messageCode":766,"time":1395757160872,"expires":1395757578000,"signMessageLong":"72  Killingsworth/82nd to Swan Island-Anchor St","extraBlockID":null,"locationInScheduleDay":26262,"longitude":-122.6932156,"blockID":7244,"offRoute":false,"nextLocID":2161,"vehicleID":2276,"signMessage":"72 Swan Island","extraTripID":null,"nextStopSeq":107,"routeNumber":72,"vehicleLoad":"unknown","bearing":170,"lastStopSeq":106,"inCongestion":false,"delay":-96,"latitude":45.5566804},{"tripID":4417318,"serviceDate":1395730800000,"direction":1,"garage":"CENTER","type":"bus","lastLocID":644,"messageCode":788,"time":1395757178400,"expires":1395757597000,"signMessageLong":"70  12th/NE 33rd Ave to Milwaukie","extraBlockID":null,"locationInScheduleDay":26580,"longitude":-122.6311514,"blockID":7005,"offRoute":false,"nextLocID":643,"vehicleID":2132,"signMessage":"70 To Milwaukie","extraTripID":null,"nextStopSeq":33,"routeNumber":70,"vehicleLoad":"unknown","bearing":270,"lastStopSeq":32,"inCongestion":false,"delay":203,"latitude":45.5351596},{"tripID":4417166,"serviceDate":1395730800000,"direction":0,"garage":"CENTER","type":"bus","lastLocID":6592,"messageCode":780,"time":1395757178640,"expires":1395757596000,"signMessageLong":"70  12th/NE 33rd Ave to NE Sunderland","extraBlockID":null,"locationInScheduleDay":26220,"longitude":-122.6536053,"blockID":7006,"offRoute":false,"nextLocID":6582,"vehicleID":2150,"signMessage":"70 To Sunderlnd","extraTripID":null,"nextStopSeq":32,"routeNumber":70,"vehicleLoad":"unknown","bearing":2,"lastStopSeq":31,"inCongestion":false,"delay":-156,"latitude":45.5231961},{"tripID":4417316,"serviceDate":1395730800000,"direction":1,"garage":"CENTER","type":"bus","lastLocID":6847,"messageCode":738,"time":1395757160454,"expires":1395757578000,"signMessageLong":"70  12th Ave to Milwaukie via 13th & Tacoma","extraBlockID":null,"locationInScheduleDay":26286,"longitude":-122.6481605,"blockID":7008,"offRoute":false,"nextLocID":838,"vehicleID":2506,"signMessage":"70 To Milwaukie","extraTripID":null,"nextStopSeq":27,"routeNumber":70,"vehicleLoad":"unknown","bearing":265,"lastStopSeq":26,"inCongestion":false,"delay":-72,"latitude":45.473753},{"tripID":4418197,"serviceDate":1395730800000,"direction":1,"garage":"POWELL","type":"bus","lastLocID":7973,"messageCode":760,"time":1395757178936,"expires":1395757597000,"signMessageLong":"72  Killingsworth/82nd to Clackamas TC","extraBlockID":null,"locationInScheduleDay":26341,"longitude":-122.5790573,"blockID":7238,"offRoute":false,"nextLocID":7956,"vehicleID":2527,"signMessage":"72 Clackamas TC","extraTripID":null,"nextStopSeq":69,"routeNumber":72,"vehicleLoad":"unknown","bearing":180,"lastStopSeq":68,"inCongestion":false,"delay":-36,"latitude":45.5267627},{"tripID":4417165,"serviceDate":1395730800000,"direction":0,"garage":"CENTER","type":"bus","lastLocID":8498,"messageCode":783,"time":1395757181678,"expires":1395757599000,"signMessageLong":"70  33rd Ave to NE Sunderland","extraBlockID":null,"locationInScheduleDay":26443,"longitude":-122.6436093,"blockID":7002,"offRoute":false,"nextLocID":8303,"vehicleID":2524,"signMessage":"70 To Sunderlnd","extraTripID":null,"nextStopSeq":71,"routeNumber":70,"vehicleLoad":"unknown","bearing":287,"lastStopSeq":70,"inCongestion":false,"delay":64,"latitude":45.5764759},{"tripID":4419230,"serviceDate":1395730800000,"direction":1,"garage":"CENTER","type":"bus","lastLocID":9481,"messageCode":813,"time":1395757187078,"expires":1395757606000,"signMessageLong":"77  Broadway/Halsey to Montgomery Park","extraBlockID":null,"locationInScheduleDay":26386,"longitude":-122.3982117,"blockID":7701,"offRoute":false,"nextLocID":9471,"vehicleID":2512,"signMessage":"77 Montgomry Pk","extraTripID":null,"nextStopSeq":2,"routeNumber":77,"vehicleLoad":"unknown","bearing":85,"lastStopSeq":1,"inCongestion":false,"delay":0,"latitude":45.5443612},{"tripID":4417872,"serviceDate":1395730800000,"direction":0,"garage":"POWELL","type":"bus","lastLocID":7928,"messageCode":768,"time":1395757168731,"expires":1395757583000,"signMessageLong":"72  Killingsworth/82nd to Swan Island-Shipyards","extraBlockID":null,"locationInScheduleDay":26098,"longitude":-122.5790443,"blockID":7239,"offRoute":false,"nextLocID":8047,"vehicleID":2540,"signMessage":"72 Swan Island","extraTripID":null,"nextStopSeq":40,"routeNumber":72,"vehicleLoad":"unknown","bearing":357,"lastStopSeq":39,"inCongestion":false,"delay":-265,"latitude":45.5182643},{"tripID":4418199,"serviceDate":1395730800000,"direction":1,"garage":"POWELL","type":"bus","lastLocID":10600,"messageCode":760,"time":1395757187107,"expires":1395757606000,"signMessageLong":"72  Killingsworth/82nd to Clackamas TC","extraBlockID":null,"locationInScheduleDay":26376,"longitude":-122.591065,"blockID":7240,"offRoute":false,"nextLocID":3211,"vehicleID":2533,"signMessage":"72 Clackamas TC","extraTripID":null,"nextStopSeq":49,"routeNumber":72,"vehicleLoad":"unknown","bearing":49,"lastStopSeq":48,"inCongestion":false,"delay":-10,"latitude":45.5628006},{"tripID":4417874,"serviceDate":1395730800000,"direction":0,"garage":"POWELL","type":"bus","lastLocID":7953,"messageCode":768,"time":1395757175648,"expires":1395757593000,"signMessageLong":"72  Killingsworth/82nd to Swan Island-Shipyards","extraBlockID":null,"locationInScheduleDay":26349,"longitude":-122.5790506,"blockID":7249,"offRoute":false,"nextLocID":7993,"vehicleID":2558,"signMessage":"72 Swan Island","extraTripID":null,"nextStopSeq":14,"routeNumber":72,"vehicleLoad":"unknown","bearing":0,"lastStopSeq":13,"inCongestion":false,"delay":-24,"latitude":45.4647464},{"tripID":4418196,"serviceDate":1395730800000,"direction":1,"garage":"POWELL","type":"bus","lastLocID":8062,"messageCode":760,"time":1395757179520,"expires":1395757597000,"signMessageLong":"72  Killingsworth/82nd to Clackamas TC","extraBlockID":null,"locationInScheduleDay":26324,"longitude":-122.5787187,"blockID":7236,"offRoute":false,"nextLocID":8053,"vehicleID":2552,"signMessage":"72 Clackamas TC","extraTripID":null,"nextStopSeq":82,"routeNumber":72,"vehicleLoad":"unknown","bearing":180,"lastStopSeq":81,"inCongestion":false,"delay":-53,"latitude":45.5012128},{"tripID":4417868,"serviceDate":1395730800000,"direction":0,"garage":"POWELL","type":"bus","lastLocID":1042,"messageCode":768,"time":1395757109474,"expires":1395757523000,"signMessageLong":"72  Killingsworth/82nd to Swan Island-Shipyards","extraBlockID":null,"locationInScheduleDay":25797,"longitude":-122.7043425,"blockID":7242,"offRoute":false,"nextLocID":1041,"vehicleID":2548,"signMessage":"72 Swan Island","extraTripID":null,"nextStopSeq":117,"routeNumber":72,"vehicleLoad":"unknown","bearing":89,"lastStopSeq":116,"inCongestion":false,"delay":0,"latitude":45.556692},{"tripID":4411315,"serviceDate":1395730800000,"direction":0,"garage":"POWELL","type":"bus","lastLocID":2594,"messageCode":266,"time":1395757028249,"expires":1395757447000,"signMessageLong":"14  Hawthorne to 94th & Foster","extraBlockID":null,"locationInScheduleDay":26134,"longitude":-122.6590928,"blockID":1435,"offRoute":false,"nextLocID":2597,"vehicleID":2316,"signMessage":"14 To 94-Foster","extraTripID":null,"nextStopSeq":5,"routeNumber":14,"vehicleLoad":"unknown","bearing":90,"lastStopSeq":4,"inCongestion":false,"delay":-93,"latitude":45.5122389},{"tripID":4413879,"serviceDate":1395730800000,"direction":1,"garage":"CENTER","type":"bus","lastLocID":13488,"messageCode":466,"time":1395757163217,"expires":1395757582000,"signMessageLong":"31  Portland","extraBlockID":null,"locationInScheduleDay":26186,"longitude":-122.6594585,"blockID":1403,"offRoute":false,"nextLocID":2171,"vehicleID":2725,"signMessage":"31 To Portland","extraTripID":null,"nextStopSeq":36,"routeNumber":31,"vehicleLoad":"unknown","bearing":344,"lastStopSeq":35,"inCongestion":false,"delay":-176,"latitude":45.4981832},{"tripID":4419088,"serviceDate":1395730800000,"direction":0,"garage":"CENTER","type":"bus","lastLocID":2330,"messageCode":809,"time":1395757172015,"expires":1395757591000,"signMessageLong":"77  Broadway/Halsey to Troutdale","extraBlockID":null,"locationInScheduleDay":26573,"longitude":-122.4224135,"blockID":7705,"offRoute":false,"nextLocID":2421,"vehicleID":2720,"signMessage":"77 To Troutdale","extraTripID":null,"nextStopSeq":93,"routeNumber":77,"vehicleLoad":"unknown","bearing":79,"lastStopSeq":92,"inCongestion":false,"delay":202,"latitude":45.5366053},{"tripID":4411563,"serviceDate":1395730800000,"direction":1,"garage":"CENTER","type":"bus","lastLocID":2629,"messageCode":268,"time":1395757076163,"expires":1395757493000,"signMessageLong":"14  Hawthorne to Portland","extraBlockID":null,"locationInScheduleDay":26203,"longitude":-122.6222246,"blockID":1404,"offRoute":false,"nextLocID":2626,"vehicleID":2718,"signMessage":"14 To Portland","extraTripID":null,"nextStopSeq":28,"routeNumber":14,"vehicleLoad":"unknown","bearing":269,"lastStopSeq":27,"inCongestion":false,"delay":-70,"latitude":45.512045},{"tripID":4413881,"serviceDate":1395730800000,"direction":1,"garage":"CENTER","type":"bus","lastLocID":7920,"messageCode":464,"time":1395757178771,"expires":1395757596000,"signMessageLong":"31  To Portland via Milwaukie","extraBlockID":null,"locationInScheduleDay":26417,"longitude":-122.578895,"blockID":3101,"offRoute":false,"nextLocID":3228,"vehicleID":2714,"signMessage":"31 To Portland","extraTripID":null,"nextStopSeq":5,"routeNumber":31,"vehicleLoad":"unknown","bearing":359,"lastStopSeq":4,"inCongestion":false,"delay":41,"latitude":45.4467325},{"tripID":4417320,"serviceDate":1395730800000,"direction":1,"garage":"CENTER","type":"bus","lastLocID":9368,"messageCode":788,"time":1395757178742,"expires":1395757595000,"signMessageLong":"70  12th/NE 33rd Ave to Milwaukie","extraBlockID":null,"locationInScheduleDay":26375,"longitude":-122.6357648,"blockID":7007,"offRoute":false,"nextLocID":9414,"vehicleID":2709,"signMessage":"70 To Milwaukie","extraTripID":null,"nextStopSeq":2,"routeNumber":70,"vehicleLoad":"unknown","bearing":180,"lastStopSeq":1,"inCongestion":false,"delay":0,"latitude":45.5898735},{"tripID":4417168,"serviceDate":1395730800000,"direction":0,"garage":"CENTER","type":"bus","lastLocID":13477,"messageCode":781,"time":1395757160452,"expires":1395757579000,"signMessageLong":"70  12th/NE 33rd Ave to NE Sunderland via 17th & Tacoma","extraBlockID":null,"locationInScheduleDay":26359,"longitude":-122.6407309,"blockID":7001,"offRoute":false,"nextLocID":8225,"vehicleID":2704,"signMessage":"70 To Sunderland via 17th","extraTripID":null,"nextStopSeq":2,"routeNumber":70,"vehicleLoad":"unknown","bearing":81,"lastStopSeq":1,"inCongestion":false,"delay":0,"latitude":45.4448667},{"tripID":4417317,"serviceDate":1395730800000,"direction":1,"garage":"CENTER","type":"bus","lastLocID":6577,"messageCode":789,"time":1395757169461,"expires":1395757586000,"signMessageLong":"70  12th Ave to Milwaukie via 17th & Tacoma","extraBlockID":null,"locationInScheduleDay":26400,"longitude":-122.6535905,"blockID":7003,"offRoute":false,"nextLocID":6541,"vehicleID":2705,"signMessage":"70 To Milw via 17","extraTripID":null,"nextStopSeq":48,"routeNumber":70,"vehicleLoad":"unknown","bearing":183,"lastStopSeq":47,"inCongestion":false,"delay":34,"latitude":45.5233645},{"tripID":4417167,"serviceDate":1395730800000,"direction":0,"garage":"CENTER","type":"bus","lastLocID":6893,"messageCode":780,"time":1395757160450,"expires":1395757578000,"signMessageLong":"70  12th/NE 33rd Ave to NE Sunderland","extraBlockID":null,"locationInScheduleDay":26275,"longitude":-122.6483646,"blockID":7004,"offRoute":false,"nextLocID":6863,"vehicleID":2701,"signMessage":"70 To Sunderlnd","extraTripID":null,"nextStopSeq":22,"routeNumber":70,"vehicleLoad":"unknown","bearing":0,"lastStopSeq":21,"inCongestion":false,"delay":-83,"latitude":45.4876649},{"tripID":4419225,"serviceDate":1395730800000,"direction":1,"garage":"CENTER","type":"bus","lastLocID":2592,"messageCode":813,"time":1395757169565,"expires":1395757587000,"signMessageLong":"77  Broadway/Halsey to Montgomery Park","extraBlockID":null,"locationInScheduleDay":26309,"longitude":-122.6709352,"blockID":7704,"offRoute":false,"nextLocID":9311,"vehicleID":2614,"signMessage":"77 Montgomry Pk","extraTripID":null,"nextStopSeq":87,"routeNumber":77,"vehicleLoad":"unknown","bearing":259,"lastStopSeq":86,"inCongestion":false,"delay":-58,"latitude":45.526838},{"tripID":4411564,"serviceDate":1395730800000,"direction":1,"garage":"CENTER","type":"bus","lastLocID":12917,"messageCode":268,"time":1395757149699,"expires":1395757564000,"signMessageLong":"14  Hawthorne to Portland","extraBlockID":null,"locationInScheduleDay":26493,"longitude":-122.6115544,"blockID":1401,"offRoute":false,"nextLocID":7658,"vehicleID":2608,"signMessage":"14 To Portland","extraTripID":null,"nextStopSeq":24,"routeNumber":14,"vehicleLoad":"unknown","bearing":356,"lastStopSeq":23,"inCongestion":false,"delay":149,"latitude":45.5116092},{"tripID":4417319,"serviceDate":1395730800000,"direction":1,"garage":"CENTER","type":"bus","lastLocID":9402,"messageCode":788,"time":1395757163769,"expires":1395757581000,"signMessageLong":"70  12th/NE 33rd Ave to Milwaukie","extraBlockID":null,"locationInScheduleDay":26418,"longitude":-122.643934,"blockID":7009,"offRoute":false,"nextLocID":118,"vehicleID":2626,"signMessage":"70 To Milwaukie","extraTripID":null,"nextStopSeq":8,"routeNumber":70,"vehicleLoad":"unknown","bearing":180,"lastStopSeq":7,"inCongestion":false,"delay":57,"latitude":45.5800043},{"tripID":4419228,"serviceDate":1395730800000,"direction":1,"garage":"CENTER","type":"bus","lastLocID":13505,"messageCode":813,"time":1395757179413,"expires":1395757597000,"signMessageLong":"77  Broadway/Halsey to Montgomery Park","extraBlockID":null,"locationInScheduleDay":26189,"longitude":-122.4561034,"blockID":7703,"offRoute":false,"nextLocID":2411,"vehicleID":2630,"signMessage":"77 Montgomry Pk","extraTripID":null,"nextStopSeq":17,"routeNumber":77,"vehicleLoad":"unknown","bearing":273,"lastStopSeq":16,"inCongestion":false,"delay":-188,"latitude":45.5335108},{"tripID":4419090,"serviceDate":1395730800000,"direction":0,"garage":"CENTER","type":"bus","lastLocID":648,"messageCode":809,"time":1395757169320,"expires":1395757583000,"signMessageLong":"77  Broadway/Halsey to Troutdale","extraBlockID":null,"locationInScheduleDay":26571,"longitude":-122.6209246,"blockID":7706,"offRoute":false,"nextLocID":10870,"vehicleID":2632,"signMessage":"77 To Troutdale","extraTripID":null,"nextStopSeq":35,"routeNumber":77,"vehicleLoad":"unknown","bearing":179,"lastStopSeq":34,"inCongestion":false,"delay":208,"latitude":45.5335065},{"tripID":4417870,"serviceDate":1395730800000,"direction":0,"garage":"POWELL","type":"bus","lastLocID":61,"messageCode":768,"time":1395757168125,"expires":1395757584000,"signMessageLong":"72  Killingsworth/82nd to Swan Island-Shipyards","extraBlockID":null,"locationInScheduleDay":26205,"longitude":-122.6424314,"blockID":7237,"offRoute":false,"nextLocID":11472,"vehicleID":3004,"signMessage":"72 Swan Island","extraTripID":null,"nextStopSeq":85,"routeNumber":72,"vehicleLoad":"unknown","bearing":270,"lastStopSeq":84,"inCongestion":false,"delay":-159,"latitude":45.5590741},{"tripID":4417873,"serviceDate":1395730800000,"direction":0,"garage":"POWELL","type":"bus","lastLocID":8061,"messageCode":766,"time":1395757163015,"expires":1395757582000,"signMessageLong":"72  Killingsworth/82nd to Swan Island-Anchor St","extraBlockID":null,"locationInScheduleDay":26395,"longitude":-122.5787106,"blockID":7241,"offRoute":false,"nextLocID":7947,"vehicleID":3048,"signMessage":"72 Swan Island","extraTripID":null,"nextStopSeq":32,"routeNumber":72,"vehicleLoad":"unknown","bearing":0,"lastStopSeq":31,"inCongestion":false,"delay":33,"latitude":45.5027142},{"tripID":4418201,"serviceDate":1395730800000,"direction":1,"garage":"POWELL","type":"bus","lastLocID":5927,"messageCode":760,"time":1395757163195,"expires":1395757581000,"signMessageLong":"72  Killingsworth/82nd to Clackamas TC","extraBlockID":null,"locationInScheduleDay":26446,"longitude":-122.6615593,"blockID":7235,"offRoute":false,"nextLocID":46,"vehicleID":3053,"signMessage":"72 Clackamas TC","extraTripID":null,"nextStopSeq":21,"routeNumber":72,"vehicleLoad":"unknown","bearing":180,"lastStopSeq":20,"inCongestion":false,"delay":85,"latitude":45.5595937},{"tripID":4417871,"serviceDate":1395730800000,"direction":0,"garage":"POWELL","type":"bus","lastLocID":3212,"messageCode":766,"time":1395757172000,"expires":1395757591000,"signMessageLong":"72  Killingsworth/82nd to Swan Island-Anchor St","extraBlockID":null,"locationInScheduleDay":26445,"longitude":-122.5925597,"blockID":7245,"offRoute":false,"nextLocID":10601,"vehicleID":3052,"signMessage":"72 Swan Island","extraTripID":null,"nextStopSeq":66,"routeNumber":72,"vehicleLoad":"unknown","bearing":270,"lastStopSeq":65,"inCongestion":false,"delay":74,"latitude":45.5627078},{"tripID":4417875,"serviceDate":1395730800000,"direction":0,"garage":"POWELL","type":"bus","lastLocID":12922,"messageCode":766,"time":1395757160469,"expires":1395757579000,"signMessageLong":"72  Killingsworth/82nd to Swan Island-Anchor St","extraBlockID":null,"locationInScheduleDay":26400,"longitude":-122.5740057,"blockID":7234,"offRoute":false,"nextLocID":7941,"vehicleID":3054,"signMessage":"72 Swan Island","extraTripID":null,"nextStopSeq":3,"routeNumber":72,"vehicleLoad":"unknown","bearing":271,"lastStopSeq":2,"inCongestion":false,"delay":41,"latitude":45.4374107},{"tripID":4419091,"serviceDate":1395730800000,"direction":0,"garage":"POWELL","type":"bus","lastLocID":8402,"messageCode":809,"time":1395757178886,"expires":1395757595000,"signMessageLong":"77  Broadway/Halsey to Troutdale","extraBlockID":null,"locationInScheduleDay":26345,"longitude":-122.6783719,"blockID":7734,"offRoute":false,"nextLocID":1606,"vehicleID":3046,"signMessage":"77 To Troutdale","extraTripID":null,"nextStopSeq":16,"routeNumber":77,"vehicleLoad":"unknown","bearing":88,"lastStopSeq":15,"inCongestion":false,"delay":-30,"latitude":45.5251713},{"tripID":4419226,"serviceDate":1395730800000,"direction":1,"garage":"POWELL","type":"bus","lastLocID":10869,"messageCode":813,"time":1395757168174,"expires":1395757585000,"signMessageLong":"77  Broadway/Halsey to Montgomery Park","extraBlockID":null,"locationInScheduleDay":26287,"longitude":-122.6203409,"blockID":7738,"offRoute":false,"nextLocID":7484,"vehicleID":3035,"signMessage":"77 Montgomry Pk","extraTripID":null,"nextStopSeq":69,"routeNumber":77,"vehicleLoad":"unknown","bearing":1,"lastStopSeq":68,"inCongestion":false,"delay":-78,"latitude":45.5334015},{"tripID":4411314,"serviceDate":1395730800000,"direction":0,"garage":"POWELL","type":"bus","lastLocID":1823,"messageCode":266,"time":1395757178709,"expires":1395757596000,"signMessageLong":"14  Hawthorne to 94th & Foster","extraBlockID":null,"locationInScheduleDay":26503,"longitude":-122.572379,"blockID":1434,"offRoute":false,"nextLocID":1827,"vehicleID":3027,"signMessage":"14 To 94-Foster","extraTripID":null,"nextStopSeq":45,"routeNumber":14,"vehicleLoad":"unknown","bearing":113,"lastStopSeq":44,"inCongestion":false,"delay":127,"latitude":45.4809634},{"tripID":4418195,"serviceDate":1395730800000,"direction":1,"garage":"POWELL","type":"bus","lastLocID":7942,"messageCode":760,"time":1395757178709,"expires":1395757596000,"signMessageLong":"72  Killingsworth/82nd to Clackamas TC","extraBlockID":null,"locationInScheduleDay":26306,"longitude":-122.57616,"blockID":7243,"offRoute":false,"nextLocID":12921,"vehicleID":3025,"signMessage":"72 Clackamas TC","extraTripID":null,"nextStopSeq":110,"routeNumber":72,"vehicleLoad":"unknown","bearing":82,"lastStopSeq":109,"inCongestion":false,"delay":-70,"latitude":45.4372542},{"tripID":4419227,"serviceDate":1395730800000,"direction":1,"garage":"CENTER","type":"bus","lastLocID":10846,"messageCode":813,"time":1395757179111,"expires":1395757596000,"signMessageLong":"77  Broadway/Halsey to Montgomery Park","extraBlockID":null,"locationInScheduleDay":26280,"longitude":-122.5787742,"blockID":7702,"offRoute":false,"nextLocID":7916,"vehicleID":2005,"signMessage":"77 Montgomry Pk","extraTripID":null,"nextStopSeq":53,"routeNumber":77,"vehicleLoad":"unknown","bearing":271,"lastStopSeq":52,"inCongestion":false,"delay":-96,"latitude":45.5339672}],"queryTime":1395757188885}}
