{"resultSet":{"vehicle":[{"tripID":4411388,"serviceDate":1395644400000,"direction":0,"garage":"CENTER","type":"bus","lastLocID":8134,"messageCode":266,"time":1395738197895,"expires":1395738616000,"signMessageLong":"14  Hawthorne to 94th & Foster","extraBlockID":null,"locationInScheduleDay":93932,"longitude":-122.5643921,"blockID":1406,"offRoute":false,"nextLocID":1831,"vehicleID":3128,"signMessage":"14 To 94-Foster","extraTripID":null,"nextStopSeq":49,"routeNumber":14,"vehicleLoad":"unknown","bearing":291,"lastStopSeq":48,"inCongestion":false,"delay":136,"latitude":45.4786594}],"queryTime":1395738227818}}
