{"resultSet":{"vehicle":[{"tripID":4411559,"serviceDate":1395730800000,"direction":1,"garage":"POWELL","type":"bus","lastLocID":2642,"messageCode":266,"time":1395754057930,"expires":1395754477000,"signMessageLong":"14  Hawthorne to 94th & Foster","extraBlockID":null,"locationInScheduleDay":23367,"longitude":-122.670276,"blockID":1436,"offRoute":false,"nextLocID":11956,"vehicleID":2206,"signMessage":"14 To 94-Foster","extraTripID":null,"nextStopSeq":43,"routeNumber":14,"vehicleLoad":"unknown","bearing":290,"lastStopSeq":42,"inCongestion":false,"delay":110,"latitude":45.5131154},{"tripID":4419089,"serviceDate":1395730800000,"direction":0,"garage":"POWELL","type":"bus","lastLocID":8484,"messageCode":809,"time":1395754057976,"expires":1395754475000,"signMessageLong":"77  Broadway/Halsey to Troutdale","extraBlockID":null,"locationInScheduleDay":23255,"longitude":-122.7069049,"blockID":7735,"offRoute":false,"nextLocID":8385,"vehicleID":2222,"signMessage":"77 To Troutdale","extraTripID":null,"nextStopSeq":2,"routeNumber":77,"vehicleLoad":"unknown","bearing":178,"lastStopSeq":1,"inCongestion":false,"delay":0,"latitude":45.5370429},{"tripID":4419223,"serviceDate":1395730800000,"direction":1,"garage":"POWELL","type":"bus","lastLocID":2432,"messageCode":813,"time":1395754045893,"expires":1395754464000,"signMessageLong":"77  Broadway/Halsey to Montgomery Park","extraBlockID":null,"locationInScheduleDay":23029,"longitude":-122.6066888,"blockID":7736,"offRoute":false,"nextLocID":2431,"vehicleID":2221,"signMessage":"77 Montgomry Pk","extraTripID":null,"nextStopSeq":62,"routeNumber":77,"vehicleLoad":"unknown","bearing":270,"lastStopSeq":61,"inCongestion":false,"delay":-215,"latitude":45.5337252},{"tripID":4419224,"serviceDate":1395730800000,"direction":1,"garage":"POWELL","type":"bus","lastLocID":2361,"messageCode":813,"time":1395754058021,"expires":1395754475000,"signMessageLong":"77  Broadway/Halsey to Montgomery Park","extraBlockID":null,"locationInScheduleDay":23226,"longitude":-122.5458798,"blockID":7737,"offRoute":false,"nextLocID":6226,"vehicleID":2285,"signMessage":"77 Montgomry Pk","extraTripID":null,"nextStopSeq":42,"routeNumber":77,"vehicleLoad":"unknown","bearing":282,"lastStopSeq":41,"inCongestion":false,"delay":-29,"latitude":45.5335583},{"tripID":4417869,"serviceDate":1395730800000,"direction":0,"garage":"POWELL","type":"bus","lastLocID":7960,"messageCode":766,"time":1395754058009,"expires":1395754475000,"signMessageLong":"72  Killingsworth/82nd to Swan Island-Anchor St","extraBlockID":null,"locationInScheduleDay":23221,"longitude":-122.5790789,"blockID":7244,"offRoute":false,"nextLocID":8057,"vehicleID":2276,"signMessage":"72 Swan Island","extraTripID":null,"nextStopSeq":19,"routeNumber":72,"vehicleLoad":"unknown","bearing":0,"lastStopSeq":18,"inCongestion":false,"delay":-34,"latitude":45.47696},{"tripID":4417163,"serviceDate":1395730800000,"direction":0,"garage":"CENTER","type":"bus","lastLocID":642,"messageCode":783,"time":1395754045811,"expires":1395754464000,"signMessageLong":"70  33rd Ave to NE Sunderland","extraBlockID":null,"locationInScheduleDay":23321,"longitude":-122.6313677,"blockID":7005,"offRoute":false,"nextLocID":7392,"vehicleID":2132,"signMessage":"70 To Sunderlnd","extraTripID":null,"nextStopSeq":48,"routeNumber":70,"vehicleLoad":"unknown","bearing":90,"lastStopSeq":47,"inCongestion":false,"delay":77,"latitude":45.5351597},{"tripID":4417313,"serviceDate":1395730800000,"direction":1,"garage":"CENTER","type":"bus","lastLocID":5884,"messageCode":738,"time":1395754054676,"expires":1395754473000,"signMessageLong":"70  12th Ave to Milwaukie via 13th & Tacoma","extraBlockID":null,"locationInScheduleDay":23096,"longitude":-122.6489572,"blockID":7006,"offRoute":false,"nextLocID":6900,"vehicleID":2150,"signMessage":"70 To Milwaukie","extraTripID":null,"nextStopSeq":34,"routeNumber":70,"vehicleLoad":"unknown","bearing":89,"lastStopSeq":33,"inCongestion":false,"delay":-157,"latitude":45.4629001},{"tripID":4417865,"serviceDate":1395730800000,"direction":0,"garage":"POWELL","type":"bus","lastLocID":1043,"messageCode":768,"time":1395753966339,"expires":1395754384000,"signMessageLong":"72  Killingsworth/82nd to Swan Island-Shipyards","extraBlockID":null,"locationInScheduleDay":22974,"longitude":-122.7119667,"blockID":7238,"offRoute":false,"nextLocID":1042,"vehicleID":2527,"signMessage":"72 Swan Island","extraTripID":null,"nextStopSeq":116,"routeNumber":72,"vehicleLoad":"unknown","bearing":127,"lastStopSeq":115,"inCongestion":false,"delay":-190,"latitude":45.5604328},{"tripID":4417165,"serviceDate":1395730800000,"direction":0,"garage":"CENTER","type":"bus","lastLocID":13477,"messageCode":782,"time":1395754061209,"expires":1395754478000,"signMessageLong":"70  12th/NE 33rd Ave to NE Sunderland via 13th & Tacoma","extraBlockID":null,"locationInScheduleDay":23258,"longitude":-122.6407309,"blockID":7002,"offRoute":false,"nextLocID":8225,"vehicleID":2524,"signMessage":"70 To Sunderland via 13th","extraTripID":null,"nextStopSeq":2,"routeNumber":70,"vehicleLoad":"unknown","bearing":81,"lastStopSeq":1,"inCongestion":false,"delay":0,"latitude":45.4448667},{"tripID":4419087,"serviceDate":1395730800000,"direction":0,"garage":"CENTER","type":"bus","lastLocID":648,"messageCode":809,"time":1395754054720,"expires":1395754473000,"signMessageLong":"77  Broadway/Halsey to Troutdale","extraBlockID":null,"locationInScheduleDay":23512,"longitude":-122.6240725,"blockID":7701,"offRoute":false,"nextLocID":10870,"vehicleID":2512,"signMessage":"77 To Troutdale","extraTripID":null,"nextStopSeq":35,"routeNumber":77,"vehicleLoad":"unknown","bearing":105,"lastStopSeq":34,"inCongestion":false,"delay":259,"latitude":45.5338431},{"tripID":4418192,"serviceDate":1395730800000,"direction":1,"garage":"POWELL","type":"bus","lastLocID":7942,"messageCode":760,"time":1395754045879,"expires":1395754464000,"signMessageLong":"72  Killingsworth/82nd to Clackamas TC","extraBlockID":null,"locationInScheduleDay":23282,"longitude":-122.5787102,"blockID":7239,"offRoute":false,"nextLocID":12921,"vehicleID":2540,"signMessage":"72 Clackamas TC","extraTripID":null,"nextStopSeq":110,"routeNumber":72,"vehicleLoad":"unknown","bearing":91,"lastStopSeq":109,"inCongestion":false,"delay":38,"latitude":45.4370737},{"tripID":4417866,"serviceDate":1395730800000,"direction":0,"garage":"POWELL","type":"bus","lastLocID":10957,"messageCode":766,"time":1395754043134,"expires":1395754460000,"signMessageLong":"72  Killingsworth/82nd to Swan Island-Anchor St","extraBlockID":null,"locationInScheduleDay":23066,"longitude":-122.6636993,"blockID":7240,"offRoute":false,"nextLocID":3187,"vehicleID":2533,"signMessage":"72 Swan Island","extraTripID":null,"nextStopSeq":94,"routeNumber":72,"vehicleLoad":"unknown","bearing":269,"lastStopSeq":93,"inCongestion":false,"delay":-174,"latitude":45.5627421},{"tripID":4417868,"serviceDate":1395730800000,"direction":0,"garage":"POWELL","type":"bus","lastLocID":7928,"messageCode":768,"time":1395754039993,"expires":1395754459000,"signMessageLong":"72  Killingsworth/82nd to Swan Island-Shipyards","extraBlockID":null,"locationInScheduleDay":23171,"longitude":-122.5790768,"blockID":7242,"offRoute":false,"nextLocID":8047,"vehicleID":2548,"signMessage":"72 Swan Island","extraTripID":null,"nextStopSeq":40,"routeNumber":72,"vehicleLoad":"unknown","bearing":358,"lastStopSeq":39,"inCongestion":false,"delay":-68,"latitude":45.5190897},{"tripID":4411561,"serviceDate":1395730800000,"direction":1,"garage":"POWELL","type":"bus","lastLocID":1831,"messageCode":268,"time":1395754061410,"expires":1395754478000,"signMessageLong":"14  Hawthorne to Portland","extraBlockID":null,"locationInScheduleDay":23258,"longitude":-122.5662917,"blockID":1435,"offRoute":false,"nextLocID":13236,"vehicleID":2316,"signMessage":"14 To Portland","extraTripID":null,"nextStopSeq":2,"routeNumber":14,"vehicleLoad":"unknown","bearing":291,"lastStopSeq":1,"inCongestion":false,"delay":0,"latitude":45.4791765},{"tripID":4419088,"serviceDate":1395730800000,"direction":0,"garage":"CENTER","type":"bus","lastLocID":8886,"messageCode":809,"time":1395754057913,"expires":1395754475000,"signMessageLong":"77  Broadway/Halsey to Troutdale","extraBlockID":null,"locationInScheduleDay":23311,"longitude":-122.6756234,"blockID":7705,"offRoute":false,"nextLocID":1612,"vehicleID":2720,"signMessage":"77 To Troutdale","extraTripID":null,"nextStopSeq":18,"routeNumber":77,"vehicleLoad":"unknown","bearing":88,"lastStopSeq":17,"inCongestion":false,"delay":56,"latitude":45.5252215},{"tripID":4413876,"serviceDate":1395730800000,"direction":1,"garage":"CENTER","type":"bus","lastLocID":7800,"messageCode":467,"time":1395754043119,"expires":1395754460000,"signMessageLong":"31  Downtown Only","extraBlockID":null,"locationInScheduleDay":23126,"longitude":-122.6794311,"blockID":3101,"offRoute":false,"nextLocID":7797,"vehicleID":2714,"signMessage":"31 Downtown Only","extraTripID":null,"nextStopSeq":11,"routeNumber":31,"vehicleLoad":"unknown","bearing":20,"lastStopSeq":10,"inCongestion":false,"delay":-114,"latitude":45.5176351},{"tripID":4417164,"serviceDate":1395730800000,"direction":0,"garage":"CENTER","type":"bus","lastLocID":6861,"messageCode":780,"time":1395754039742,"expires":1395754459000,"signMessageLong":"70  12th/NE 33rd Ave to NE Sunderland","extraBlockID":null,"locationInScheduleDay":23097,"longitude":-122.6483718,"blockID":7007,"offRoute":false,"nextLocID":6882,"vehicleID":2709,"signMessage":"70 To Sunderlnd","extraTripID":null,"nextStopSeq":17,"routeNumber":70,"vehicleLoad":"unknown","bearing":0,"lastStopSeq":16,"inCongestion":false,"delay":-142,"latitude":45.4853513},{"tripID":4417315,"serviceDate":1395730800000,"direction":1,"garage":"CENTER","type":"bus","lastLocID":7400,"messageCode":788,"time":1395754054697,"expires":1395754473000,"signMessageLong":"70  12th/NE 33rd Ave to Milwaukie","extraBlockID":null,"locationInScheduleDay":23227,"longitude":-122.6307071,"blockID":7001,"offRoute":false,"nextLocID":7386,"vehicleID":2704,"signMessage":"70 To Milwaukie","extraTripID":null,"nextStopSeq":28,"routeNumber":70,"vehicleLoad":"unknown","bearing":179,"lastStopSeq":27,"inCongestion":false,"delay":-26,"latitude":45.5433348},{"tripID":4417317,"serviceDate":1395730800000,"direction":1,"garage":"CENTER","type":"bus","lastLocID":9368,"messageCode":788,"time":1395754051608,"expires":1395754471000,"signMessageLong":"70  12th/NE 33rd Ave to Milwaukie","extraBlockID":null,"locationInScheduleDay":23251,"longitude":-122.6357648,"blockID":7003,"offRoute":false,"nextLocID":9414,"vehicleID":2705,"signMessage":"70 To Milwaukie","extraTripID":null,"nextStopSeq":2,"routeNumber":70,"vehicleLoad":"unknown","bearing":180,"lastStopSeq":1,"inCongestion":false,"delay":0,"latitude":45.5898735},{"tripID":4417314,"serviceDate":1395730800000,"direction":1,"garage":"CENTER","type":"bus","lastLocID":6544,"messageCode":790,"time":1395754045843,"expires":1395754465000,"signMessageLong":"70  12th Ave to Milwaukie via 13th & Tacoma","extraBlockID":null,"locationInScheduleDay":23333,"longitude":-122.6542215,"blockID":7004,"offRoute":false,"nextLocID":10472,"vehicleID":2701,"signMessage":"70 To Milw via 13","extraTripID":null,"nextStopSeq":57,"routeNumber":70,"vehicleLoad":"unknown","bearing":180,"lastStopSeq":56,"inCongestion":false,"delay":88,"latitude":45.5010147},{"tripID":4419225,"serviceDate":1395730800000,"direction":1,"garage":"CENTER","type":"bus","lastLocID":2419,"messageCode":813,"time":1395753979769,"expires":1395754397000,"signMessageLong":"77  Broadway/Halsey to Montgomery Park","extraBlockID":null,"locationInScheduleDay":23154,"longitude":-122.4271605,"blockID":7704,"offRoute":false,"nextLocID":2417,"vehicleID":2614,"signMessage":"77 Montgomry Pk","extraTripID":null,"nextStopSeq":12,"routeNumber":77,"vehicleLoad":"unknown","bearing":259,"lastStopSeq":11,"inCongestion":false,"delay":-23,"latitude":45.5359673},{"tripID":4411312,"serviceDate":1395730800000,"direction":0,"garage":"CENTER","type":"bus","lastLocID":2625,"messageCode":266,"time":1395754061345,"expires":1395754479000,"signMessageLong":"14  Hawthorne to 94th & Foster","extraBlockID":null,"locationInScheduleDay":23280,"longitude":-122.6230796,"blockID":1401,"offRoute":false,"nextLocID":2628,"vehicleID":2608,"signMessage":"14 To 94-Foster","extraTripID":null,"nextStopSeq":19,"routeNumber":14,"vehicleLoad":"unknown","bearing":90,"lastStopSeq":18,"inCongestion":false,"delay":21,"latitude":45.5120448},{"tripID":4419086,"serviceDate":1395730800000,"direction":0,"garage":"CENTER","type":"bus","lastLocID":2360,"messageCode":809,"time":1395754061309,"expires":1395754478000,"signMessageLong":"77  Broadway/Halsey to Troutdale","extraBlockID":null,"locationInScheduleDay":23344,"longitude":-122.5421043,"blockID":7703,"offRoute":false,"nextLocID":2364,"vehicleID":2630,"signMessage":"77 To Troutdale","extraTripID":null,"nextStopSeq":61,"routeNumber":77,"vehicleLoad":"unknown","bearing":89,"lastStopSeq":60,"inCongestion":false,"delay":86,"latitude":45.5335341},{"tripID":4418193,"serviceDate":1395730800000,"direction":1,"garage":"POWELL","type":"bus","lastLocID":8053,"messageCode":760,"time":1395754057877,"expires":1395754475000,"signMessageLong":"72  Killingsworth/82nd to Clackamas TC","extraBlockID":null,"locationInScheduleDay":23236,"longitude":-122.5787275,"blockID":7241,"offRoute":false,"nextLocID":8024,"vehicleID":3048,"signMessage":"72 Clackamas TC","extraTripID":null,"nextStopSeq":83,"routeNumber":72,"vehicleLoad":"unknown","bearing":180,"lastStopSeq":82,"inCongestion":false,"delay":-19,"latitude":45.4994802},{"tripID":4417867,"serviceDate":1395730800000,"direction":0,"garage":"POWELL","type":"bus","lastLocID":3149,"messageCode":768,"time":1395754054709,"expires":1395754473000,"signMessageLong":"72  Killingsworth/82nd to Swan Island-Shipyards","extraBlockID":null,"locationInScheduleDay":23188,"longitude":-122.5852833,"blockID":7235,"offRoute":false,"nextLocID":3215,"vehicleID":3053,"signMessage":"72 Swan Island","extraTripID":null,"nextStopSeq":64,"routeNumber":72,"vehicleLoad":"unknown","bearing":270,"lastStopSeq":63,"inCongestion":false,"delay":-65,"latitude":45.5626672},{"tripID":4418194,"serviceDate":1395730800000,"direction":1,"garage":"POWELL","type":"bus","lastLocID":8889,"messageCode":760,"time":1395754043112,"expires":1395754461000,"signMessageLong":"72  Killingsworth/82nd to Clackamas TC","extraBlockID":null,"locationInScheduleDay":23214,"longitude":-122.5785569,"blockID":7234,"offRoute":false,"nextLocID":8064,"vehicleID":3054,"signMessage":"72 Clackamas TC","extraTripID":null,"nextStopSeq":53,"routeNumber":72,"vehicleLoad":"unknown","bearing":180,"lastStopSeq":52,"inCongestion":false,"delay":-27,"latitude":45.5593674},{"tripID":4419222,"serviceDate":1395730800000,"direction":1,"garage":"POWELL","type":"bus","lastLocID":2592,"messageCode":813,"time":1395754057909,"expires":1395754475000,"signMessageLong":"77  Broadway/Halsey to Montgomery Park","extraBlockID":null,"locationInScheduleDay":23139,"longitude":-122.6727088,"blockID":7734,"offRoute":false,"nextLocID":9311,"vehicleID":3046,"signMessage":"77 Montgomry Pk","extraTripID":null,"nextStopSeq":87,"routeNumber":77,"vehicleLoad":"unknown","bearing":267,"lastStopSeq":86,"inCongestion":false,"delay":-116,"latitude":45.526865},{"tripID":4411560,"serviceDate":1395730800000,"direction":1,"garage":"POWELL","type":"bus","lastLocID":8242,"messageCode":268,"time":1395754043087,"expires":1395754461000,"signMessageLong":"14  Hawthorne to Portland","extraBlockID":null,"locationInScheduleDay":23331,"longitude":-122.6110244,"blockID":1434,"offRoute":false,"nextLocID":7654,"vehicleID":3027,"signMessage":"14 To Portland","extraTripID":null,"nextStopSeq":21,"routeNumber":14,"vehicleLoad":"unknown","bearing":0,"lastStopSeq":20,"inCongestion":false,"delay":90,"latitude":45.5038382},{"tripID":4418195,"serviceDate":1395730800000,"direction":1,"garage":"POWELL","type":"bus","lastLocID":3171,"messageCode":760,"time":1395754051603,"expires":1395754471000,"signMessageLong":"72  Killingsworth/82nd to Clackamas TC","extraBlockID":null,"locationInScheduleDay":22925,"longitude":-122.6731464,"blockID":7243,"offRoute":false,"nextLocID":3156,"vehicleID":3025,"signMessage":"72 Clackamas TC","extraTripID":null,"nextStopSeq":16,"routeNumber":72,"vehicleLoad":"unknown","bearing":89,"lastStopSeq":15,"inCongestion":false,"delay":-326,"latitude":45.5626989},{"tripID":4419085,"serviceDate":1395730800000,"direction":0,"garage":"CENTER","type":"bus","lastLocID":2345,"messageCode":809,"time":1395754051632,"expires":1395754471000,"signMessageLong":"77  Broadway/Halsey to Troutdale","extraBlockID":null,"locationInScheduleDay":23304,"longitude":-122.3912211,"blockID":7702,"offRoute":false,"nextLocID":13532,"vehicleID":2005,"signMessage":"77 To Troutdale","extraTripID":null,"nextStopSeq":98,"routeNumber":77,"vehicleLoad":"unknown","bearing":90,"lastStopSeq":97,"inCongestion":false,"delay":53,"latitude":45.5407697},{"tripID":4413877,"serviceDate":1395730800000,"direction":1,"garage":"CENTER","type":"bus","lastLocID":3243,"messageCode":464,"time":1395754057940,"expires":1395754475000,"signMessageLong":"31  To Portland via Milwaukie","extraBlockID":null,"locationInScheduleDay":23104,"longitude":-122.619516,"blockID":1402,"offRoute":false,"nextLocID":7524,"vehicleID":2014,"signMessage":"31 To Portland","extraTripID":null,"nextStopSeq":16,"routeNumber":31,"vehicleLoad":"unknown","bearing":191,"lastStopSeq":15,"inCongestion":false,"delay":-151,"latitude":45.4479021}],"queryTime":1395754068760}}
