{"resultSet":{"vehicle":[{"tripID":4411566,"serviceDate":1395730800000,"direction":1,"garage":"POWELL","type":"bus","lastLocID":1799,"messageCode":268,"time":1395757763364,"expires":1395758179000,"signMessageLong":"14  Hawthorne to Portland","extraBlockID":null,"locationInScheduleDay":26962,"longitude":-122.6032127,"blockID":1436,"offRoute":false,"nextLocID":1798,"vehicleID":2206,"signMessage":"14 To Portland","extraTripID":null,"nextStopSeq":16,"routeNumber":14,"vehicleLoad":"unknown","bearing":308,"lastStopSeq":15,"inCongestion":false,"delay":3,"latitude":45.4928728},{"tripID":4419089,"serviceDate":1395730800000,"direction":0,"garage":"POWELL","type":"bus","lastLocID":2383,"messageCode":809,"time":1395757661481,"expires":1395758077000,"signMessageLong":"77  Broadway/Halsey to Troutdale","extraBlockID":null,"locationInScheduleDay":26862,"longitude":-122.5142167,"blockID":7735,"offRoute":false,"nextLocID":2385,"vehicleID":2222,"signMessage":"77 To Troutdale","extraTripID":null,"nextStopSeq":69,"routeNumber":77,"vehicleLoad":"unknown","bearing":90,"lastStopSeq":68,"inCongestion":false,"delay":5,"latitude":45.5336804},{"tripID":4419092,"serviceDate":1395730800000,"direction":0,"garage":"POWELL","type":"bus","lastLocID":7114,"messageCode":809,"time":1395757760123,"expires":1395758178000,"signMessageLong":"77  Broadway/Halsey to Troutdale","extraBlockID":null,"locationInScheduleDay":27012,"longitude":-122.6944621,"blockID":7736,"offRoute":false,"nextLocID":7112,"vehicleID":2221,"signMessage":"77 To Troutdale","extraTripID":null,"nextStopSeq":10,"routeNumber":77,"vehicleLoad":"unknown","bearing":178,"lastStopSeq":9,"inCongestion":false,"delay":54,"latitude":45.5271969},{"tripID":4411565,"serviceDate":1395730800000,"direction":1,"garage":"POWELL","type":"bus","lastLocID":7658,"messageCode":268,"time":1395757775898,"expires":1395758194000,"signMessageLong":"14  Hawthorne to Portland","extraBlockID":null,"locationInScheduleDay":27040,"longitude":-122.6116134,"blockID":1438,"offRoute":false,"nextLocID":13734,"vehicleID":2220,"signMessage":"14 To Portland","extraTripID":null,"nextStopSeq":25,"routeNumber":14,"vehicleLoad":"unknown","bearing":327,"lastStopSeq":24,"inCongestion":false,"delay":66,"latitude":45.5118887},{"tripID":4418202,"serviceDate":1395730800000,"direction":1,"garage":"POWELL","type":"bus","lastLocID":5927,"messageCode":760,"time":1395757768879,"expires":1395758186000,"signMessageLong":"72  Killingsworth/82nd to Clackamas TC","extraBlockID":null,"locationInScheduleDay":26928,"longitude":-122.6615625,"blockID":7248,"offRoute":false,"nextLocID":46,"vehicleID":2215,"signMessage":"72 Clackamas TC","extraTripID":null,"nextStopSeq":21,"routeNumber":72,"vehicleLoad":"unknown","bearing":180,"lastStopSeq":20,"inCongestion":false,"delay":-38,"latitude":45.5594219},{"tripID":4411316,"serviceDate":1395730800000,"direction":0,"garage":"POWELL","type":"bus","lastLocID":2599,"messageCode":266,"time":1395757775930,"expires":1395758192000,"signMessageLong":"14  Hawthorne to 94th & Foster","extraBlockID":null,"locationInScheduleDay":27030,"longitude":-122.6516446,"blockID":1437,"offRoute":false,"nextLocID":2595,"vehicleID":2264,"signMessage":"14 To 94-Foster","extraTripID":null,"nextStopSeq":7,"routeNumber":14,"vehicleLoad":"unknown","bearing":90,"lastStopSeq":6,"inCongestion":false,"delay":58,"latitude":45.5122068},{"tripID":4413799,"serviceDate":1395730800000,"direction":0,"garage":"POWELL","type":"bus","lastLocID":4002,"messageCode":457,"time":1395757766241,"expires":1395758182000,"signMessageLong":"31  Clackamas Town Center, continuing to Estacada","extraBlockID":null,"locationInScheduleDay":27020,"longitude":-122.5738045,"blockID":3137,"offRoute":false,"nextLocID":12922,"vehicleID":2258,"signMessage":"31 To Estacada via Clackamas","extraTripID":null,"nextStopSeq":24,"routeNumber":31,"vehicleLoad":"unknown","bearing":90,"lastStopSeq":23,"inCongestion":false,"delay":58,"latitude":45.4382787},{"tripID":4418200,"serviceDate":1395730800000,"direction":1,"garage":"POWELL","type":"bus","lastLocID":3211,"messageCode":760,"time":1395757751188,"expires":1395758170000,"signMessageLong":"72  Killingsworth/82nd to Clackamas TC","extraBlockID":null,"locationInScheduleDay":26961,"longitude":-122.5875743,"blockID":7247,"offRoute":false,"nextLocID":3186,"vehicleID":2250,"signMessage":"72 Clackamas TC","extraTripID":null,"nextStopSeq":50,"routeNumber":72,"vehicleLoad":"unknown","bearing":90,"lastStopSeq":49,"inCongestion":false,"delay":11,"latitude":45.5626641},{"tripID":4417876,"serviceDate":1395730800000,"direction":0,"garage":"POWELL","type":"bus","lastLocID":12922,"messageCode":766,"time":1395757760160,"expires":1395758178000,"signMessageLong":"72  Killingsworth/82nd to Swan Island-Anchor St","extraBlockID":null,"locationInScheduleDay":26890,"longitude":-122.5749074,"blockID":7250,"offRoute":false,"nextLocID":7941,"vehicleID":2242,"signMessage":"72 Swan Island","extraTripID":null,"nextStopSeq":3,"routeNumber":72,"vehicleLoad":"unknown","bearing":246,"lastStopSeq":2,"inCongestion":false,"delay":-68,"latitude":45.4373413},{"tripID":4418198,"serviceDate":1395730800000,"direction":1,"garage":"POWELL","type":"bus","lastLocID":8048,"messageCode":760,"time":1395757775960,"expires":1395758191000,"signMessageLong":"72  Killingsworth/82nd to Clackamas TC","extraBlockID":null,"locationInScheduleDay":26911,"longitude":-122.579054,"blockID":7246,"offRoute":false,"nextLocID":7929,"vehicleID":2296,"signMessage":"72 Clackamas TC","extraTripID":null,"nextStopSeq":73,"routeNumber":72,"vehicleLoad":"unknown","bearing":178,"lastStopSeq":72,"inCongestion":false,"delay":-60,"latitude":45.5184601},{"tripID":4419093,"serviceDate":1395730800000,"direction":0,"garage":"POWELL","type":"bus","lastLocID":8484,"messageCode":809,"time":1395757778327,"expires":1395758196000,"signMessageLong":"77  Broadway/Halsey to Troutdale","extraBlockID":null,"locationInScheduleDay":26976,"longitude":-122.7069049,"blockID":7737,"offRoute":false,"nextLocID":8385,"vehicleID":2285,"signMessage":"77 To Troutdale","extraTripID":null,"nextStopSeq":2,"routeNumber":77,"vehicleLoad":"unknown","bearing":178,"lastStopSeq":1,"inCongestion":false,"delay":0,"latitude":45.5370429},{"tripID":4417869,"serviceDate":1395730800000,"direction":0,"garage":"POWELL","type":"bus","lastLocID":2161,"messageCode":766,"time":1395757760205,"expires":1395758177000,"signMessageLong":"72  Killingsworth/82nd to Swan Island-Anchor St","extraBlockID":null,"locationInScheduleDay":26479,"longitude":-122.7021093,"blockID":7244,"offRoute":false,"nextLocID":115,"vehicleID":2276,"signMessage":"72 Swan Island","extraTripID":null,"nextStopSeq":108,"routeNumber":72,"vehicleLoad":"unknown","bearing":307,"lastStopSeq":107,"inCongestion":false,"delay":0,"latitude":45.5573054},{"tripID":4411567,"serviceDate":1395730800000,"direction":1,"garage":"POWELL","type":"bus","lastLocID":1818,"messageCode":268,"time":1395757763431,"expires":1395758180000,"signMessageLong":"14  Hawthorne to Portland","extraBlockID":null,"locationInScheduleDay":26927,"longitude":-122.5826518,"blockID":1439,"offRoute":false,"nextLocID":1815,"vehicleID":2275,"signMessage":"14 To Portland","extraTripID":null,"nextStopSeq":7,"routeNumber":14,"vehicleLoad":"unknown","bearing":298,"lastStopSeq":6,"inCongestion":false,"delay":-33,"latitude":45.4842505},{"tripID":4417318,"serviceDate":1395730800000,"direction":1,"garage":"CENTER","type":"bus","lastLocID":4049,"messageCode":788,"time":1395757777942,"expires":1395758197000,"signMessageLong":"70  12th/NE 33rd Ave to Milwaukie","extraBlockID":null,"locationInScheduleDay":27035,"longitude":-122.6521795,"blockID":7005,"offRoute":false,"nextLocID":4045,"vehicleID":2132,"signMessage":"70 To Milwaukie","extraTripID":null,"nextStopSeq":42,"routeNumber":70,"vehicleLoad":"unknown","bearing":270,"lastStopSeq":41,"inCongestion":false,"delay":58,"latitude":45.5314871},{"tripID":4413880,"serviceDate":1395730800000,"direction":1,"garage":"CENTER","type":"bus","lastLocID":8223,"messageCode":454,"time":1395757733796,"expires":1395758151000,"signMessageLong":"31E Portland Express","extraBlockID":null,"locationInScheduleDay":26596,"longitude":-122.6405667,"blockID":3002,"offRoute":false,"nextLocID":3858,"vehicleID":2134,"signMessage":"31E Portland Express","extraTripID":null,"nextStopSeq":2,"routeNumber":31,"vehicleLoad":"unknown","bearing":350,"lastStopSeq":1,"inCongestion":false,"delay":-335,"latitude":45.4750646},{"tripID":4417166,"serviceDate":1395730800000,"direction":0,"garage":"CENTER","type":"bus","lastLocID":6237,"messageCode":783,"time":1395757778020,"expires":1395758195000,"signMessageLong":"70  33rd Ave to NE Sunderland","extraBlockID":null,"locationInScheduleDay":26667,"longitude":-122.6430985,"blockID":7006,"offRoute":false,"nextLocID":6239,"vehicleID":2150,"signMessage":"70 To Sunderlnd","extraTripID":null,"nextStopSeq":41,"routeNumber":70,"vehicleLoad":"unknown","bearing":90,"lastStopSeq":40,"inCongestion":false,"delay":-308,"latitude":45.534303},{"tripID":4417316,"serviceDate":1395730800000,"direction":1,"garage":"CENTER","type":"bus","lastLocID":6872,"messageCode":738,"time":1395757760093,"expires":1395758178000,"signMessageLong":"70  12th Ave to Milwaukie via 13th & Tacoma","extraBlockID":null,"locationInScheduleDay":26916,"longitude":-122.6419083,"blockID":7008,"offRoute":false,"nextLocID":13477,"vehicleID":2506,"signMessage":"70 To Milwaukie","extraTripID":null,"nextStopSeq":40,"routeNumber":70,"vehicleLoad":"unknown","bearing":80,"lastStopSeq":39,"inCongestion":false,"delay":0,"latitude":45.4454874},{"tripID":4418197,"serviceDate":1395730800000,"direction":1,"garage":"POWELL","type":"bus","lastLocID":13707,"messageCode":760,"time":1395757780976,"expires":1395758198000,"signMessageLong":"72  Killingsworth/82nd to Clackamas TC","extraBlockID":null,"locationInScheduleDay":26970,"longitude":-122.5787922,"blockID":7238,"offRoute":false,"nextLocID":8237,"vehicleID":2527,"signMessage":"72 Clackamas TC","extraTripID":null,"nextStopSeq":85,"routeNumber":72,"vehicleLoad":"unknown","bearing":180,"lastStopSeq":84,"inCongestion":false,"delay":-8,"latitude":45.4934163},{"tripID":4417165,"serviceDate":1395730800000,"direction":0,"garage":"CENTER","type":"bus","lastLocID":13040,"messageCode":783,"time":1395757775886,"expires":1395758191000,"signMessageLong":"70  33rd Ave to NE Sunderland","extraBlockID":null,"locationInScheduleDay":26820,"longitude":-122.6357648,"blockID":7002,"offRoute":false,"nextLocID":9368,"vehicleID":2524,"signMessage":"70 To Sunderlnd","extraTripID":null,"nextStopSeq":83,"routeNumber":70,"vehicleLoad":"unknown","bearing":180,"lastStopSeq":82,"inCongestion":false,"delay":0,"latitude":45.5898735},{"tripID":4419230,"serviceDate":1395730800000,"direction":1,"garage":"CENTER","type":"bus","lastLocID":9481,"messageCode":813,"time":1395757756981,"expires":1395758176000,"signMessageLong":"77  Broadway/Halsey to Montgomery Park","extraBlockID":null,"locationInScheduleDay":26956,"longitude":-122.3982117,"blockID":7701,"offRoute":false,"nextLocID":9471,"vehicleID":2512,"signMessage":"77 Montgomry Pk","extraTripID":null,"nextStopSeq":2,"routeNumber":77,"vehicleLoad":"unknown","bearing":85,"lastStopSeq":1,"inCongestion":false,"delay":0,"latitude":45.5443612},{"tripID":4417872,"serviceDate":1395730800000,"direction":0,"garage":"POWELL","type":"bus","lastLocID":7933,"messageCode":768,"time":1395757766147,"expires":1395758183000,"signMessageLong":"72  Killingsworth/82nd to Swan Island-Shipyards","extraBlockID":null,"locationInScheduleDay":26830,"longitude":-122.5786899,"blockID":7239,"offRoute":false,"nextLocID":8039,"vehicleID":2540,"signMessage":"72 Swan Island","extraTripID":null,"nextStopSeq":58,"routeNumber":72,"vehicleLoad":"unknown","bearing":1,"lastStopSeq":57,"inCongestion":false,"delay":-133,"latitude":45.5523817},{"tripID":4418199,"serviceDate":1395730800000,"direction":1,"garage":"POWELL","type":"bus","lastLocID":8034,"messageCode":760,"time":1395757763361,"expires":1395758181000,"signMessageLong":"72  Killingsworth/82nd to Clackamas TC","extraBlockID":null,"locationInScheduleDay":26961,"longitude":-122.5789496,"blockID":7240,"offRoute":false,"nextLocID":8035,"vehicleID":2533,"signMessage":"72 Clackamas TC","extraTripID":null,"nextStopSeq":62,"routeNumber":72,"vehicleLoad":"unknown","bearing":180,"lastStopSeq":61,"inCongestion":false,"delay":0,"latitude":45.5390064},{"tripID":4417874,"serviceDate":1395730800000,"direction":0,"garage":"POWELL","type":"bus","lastLocID":8023,"messageCode":768,"time":1395757776151,"expires":1395758192000,"signMessageLong":"72  Killingsworth/82nd to Swan Island-Shipyards","extraBlockID":null,"locationInScheduleDay":27000,"longitude":-122.578735,"blockID":7249,"offRoute":false,"nextLocID":8052,"vehicleID":2558,"signMessage":"72 Swan Island","extraTripID":null,"nextStopSeq":30,"routeNumber":72,"vehicleLoad":"unknown","bearing":0,"lastStopSeq":29,"inCongestion":false,"delay":28,"latitude":45.4978227},{"tripID":4418196,"serviceDate":1395730800000,"direction":1,"garage":"POWELL","type":"bus","lastLocID":7954,"messageCode":760,"time":1395757778391,"expires":1395758197000,"signMessageLong":"72  Killingsworth/82nd to Clackamas TC","extraBlockID":null,"locationInScheduleDay":26959,"longitude":-122.5790521,"blockID":7236,"offRoute":false,"nextLocID":7945,"vehicleID":2552,"signMessage":"72 Clackamas TC","extraTripID":null,"nextStopSeq":100,"routeNumber":72,"vehicleLoad":"unknown","bearing":179,"lastStopSeq":99,"inCongestion":false,"delay":-18,"latitude":45.4641967},{"tripID":4418203,"serviceDate":1395730800000,"direction":1,"garage":"POWELL","type":"bus","lastLocID":3162,"messageCode":760,"time":1395757776174,"expires":1395758191000,"signMessageLong":"72  Killingsworth/82nd to Clackamas TC","extraBlockID":null,"locationInScheduleDay":27043,"longitude":-122.6851773,"blockID":7242,"offRoute":false,"nextLocID":3158,"vehicleID":2548,"signMessage":"72 Clackamas TC","extraTripID":null,"nextStopSeq":11,"routeNumber":72,"vehicleLoad":"unknown","bearing":91,"lastStopSeq":10,"inCongestion":false,"delay":72,"latitude":45.562683},{"tripID":4411315,"serviceDate":1395730800000,"direction":0,"garage":"POWELL","type":"bus","lastLocID":7653,"messageCode":266,"time":1395757778375,"expires":1395758197000,"signMessageLong":"14  Hawthorne to 94th & Foster","extraBlockID":null,"locationInScheduleDay":26959,"longitude":-122.6110283,"blockID":1435,"offRoute":false,"nextLocID":8241,"vehicleID":2316,"signMessage":"14 To 94-Foster","extraTripID":null,"nextStopSeq":27,"routeNumber":14,"vehicleLoad":"unknown","bearing":180,"lastStopSeq":26,"inCongestion":false,"delay":-18,"latitude":45.5027196},{"tripID":4413879,"serviceDate":1395730800000,"direction":1,"garage":"CENTER","type":"bus","lastLocID":7800,"messageCode":467,"time":1395757763351,"expires":1395758180000,"signMessageLong":"31  Downtown Only","extraBlockID":null,"locationInScheduleDay":26773,"longitude":-122.6794311,"blockID":1403,"offRoute":false,"nextLocID":7797,"vehicleID":2725,"signMessage":"31 Downtown Only","extraTripID":null,"nextStopSeq":40,"routeNumber":31,"vehicleLoad":"unknown","bearing":20,"lastStopSeq":39,"inCongestion":false,"delay":-187,"latitude":45.5176351},{"tripID":4419088,"serviceDate":1395730800000,"direction":0,"garage":"CENTER","type":"bus","lastLocID":9470,"messageCode":809,"time":1395757771943,"expires":1395758190000,"signMessageLong":"77  Broadway/Halsey to Troutdale","extraBlockID":null,"locationInScheduleDay":26970,"longitude":-122.390698,"blockID":7705,"offRoute":false,"nextLocID":10758,"vehicleID":2720,"signMessage":"77 To Troutdale","extraTripID":null,"nextStopSeq":100,"routeNumber":77,"vehicleLoad":"unknown","bearing":336,"lastStopSeq":99,"inCongestion":false,"delay":0,"latitude":45.5447403},{"tripID":4411563,"serviceDate":1395730800000,"direction":1,"garage":"CENTER","type":"bus","lastLocID":3637,"messageCode":268,"time":1395757775837,"expires":1395758194000,"signMessageLong":"14  Hawthorne to Portland","extraBlockID":null,"locationInScheduleDay":26760,"longitude":-122.6545542,"blockID":1404,"offRoute":false,"nextLocID":3641,"vehicleID":2718,"signMessage":"14 To Portland","extraTripID":null,"nextStopSeq":40,"routeNumber":14,"vehicleLoad":"unknown","bearing":270,"lastStopSeq":39,"inCongestion":false,"delay":-214,"latitude":45.5129288},{"tripID":4413881,"serviceDate":1395730800000,"direction":1,"garage":"CENTER","type":"bus","lastLocID":2583,"messageCode":464,"time":1395757778086,"expires":1395758196000,"signMessageLong":"31  To Portland via Milwaukie","extraBlockID":null,"locationInScheduleDay":27057,"longitude":-122.6243796,"blockID":3101,"offRoute":false,"nextLocID":2579,"vehicleID":2714,"signMessage":"31 To Portland","extraTripID":null,"nextStopSeq":18,"routeNumber":31,"vehicleLoad":"unknown","bearing":274,"lastStopSeq":17,"inCongestion":false,"delay":81,"latitude":45.4466503},{"tripID":4417320,"serviceDate":1395730800000,"direction":1,"garage":"CENTER","type":"bus","lastLocID":9368,"messageCode":788,"time":1395757684973,"expires":1395758102000,"signMessageLong":"70  12th/NE 33rd Ave to Milwaukie","extraBlockID":null,"locationInScheduleDay":26880,"longitude":-122.6357648,"blockID":7007,"offRoute":false,"nextLocID":9414,"vehicleID":2709,"signMessage":"70 To Milwaukie","extraTripID":null,"nextStopSeq":2,"routeNumber":70,"vehicleLoad":"unknown","bearing":180,"lastStopSeq":1,"inCongestion":false,"delay":-2,"latitude":45.5898735},{"tripID":4417168,"serviceDate":1395730800000,"direction":0,"garage":"CENTER","type":"bus","lastLocID":6873,"messageCode":781,"time":1395757763319,"expires":1395758179000,"signMessageLong":"70  12th/NE 33rd Ave to NE Sunderland via 17th & Tacoma","extraBlockID":null,"locationInScheduleDay":26910,"longitude":-122.6472577,"blockID":7001,"offRoute":false,"nextLocID":6889,"vehicleID":2704,"signMessage":"70 To Sunderland via 17th","extraTripID":null,"nextStopSeq":11,"routeNumber":70,"vehicleLoad":"unknown","bearing":355,"lastStopSeq":10,"inCongestion":false,"delay":-49,"latitude":45.4697133},{"tripID":4417317,"serviceDate":1395730800000,"direction":1,"garage":"CENTER","type":"bus","lastLocID":10472,"messageCode":789,"time":1395757780952,"expires":1395758198000,"signMessageLong":"70  12th Ave to Milwaukie via 17th & Tacoma","extraBlockID":null,"locationInScheduleDay":27013,"longitude":-122.6542193,"blockID":7003,"offRoute":false,"nextLocID":3916,"vehicleID":2705,"signMessage":"70 To Milw via 17","extraTripID":null,"nextStopSeq":58,"routeNumber":70,"vehicleLoad":"unknown","bearing":179,"lastStopSeq":57,"inCongestion":false,"delay":35,"latitude":45.4994746},{"tripID":4417167,"serviceDate":1395730800000,"direction":0,"garage":"CENTER","type":"bus","lastLocID":6585,"messageCode":780,"time":1395757778066,"expires":1395758195000,"signMessageLong":"70  12th/NE 33rd Ave to NE Sunderland","extraBlockID":null,"locationInScheduleDay":27089,"longitude":-122.6536604,"blockID":7004,"offRoute":false,"nextLocID":6588,"vehicleID":2701,"signMessage":"70 To Sunderlnd","extraTripID":null,"nextStopSeq":31,"routeNumber":70,"vehicleLoad":"unknown","bearing":0,"lastStopSeq":30,"inCongestion":false,"delay":114,"latitude":45.5161176},{"tripID":4419225,"serviceDate":1395730800000,"direction":1,"garage":"CENTER","type":"bus","lastLocID":7130,"messageCode":813,"time":1395757768913,"expires":1395758187000,"signMessageLong":"77  Broadway/Halsey to Montgomery Park","extraBlockID":null,"locationInScheduleDay":26829,"longitude":-122.6947474,"blockID":7704,"offRoute":false,"nextLocID":10694,"vehicleID":2614,"signMessage":"77 Montgomry Pk","extraTripID":null,"nextStopSeq":99,"routeNumber":77,"vehicleLoad":"unknown","bearing":358,"lastStopSeq":98,"inCongestion":false,"delay":-138,"latitude":45.5349228},{"tripID":4411564,"serviceDate":1395730800000,"direction":1,"garage":"CENTER","type":"bus","lastLocID":2609,"messageCode":268,"time":1395757781055,"expires":1395758198000,"signMessageLong":"14  Hawthorne to Portland","extraBlockID":null,"locationInScheduleDay":27047,"longitude":-122.6439324,"blockID":1401,"offRoute":false,"nextLocID":2606,"vehicleID":2608,"signMessage":"14 To Portland","extraTripID":null,"nextStopSeq":36,"routeNumber":14,"vehicleLoad":"unknown","bearing":270,"lastStopSeq":35,"inCongestion":false,"delay":69,"latitude":45.5120933},{"tripID":4417169,"serviceDate":1395730800000,"direction":0,"garage":"CENTER","type":"bus","lastLocID":8225,"messageCode":782,"time":1395757775984,"expires":1395758192000,"signMessageLong":"70  12th/NE 33rd Ave to NE Sunderland via 13th & Tacoma","extraBlockID":null,"locationInScheduleDay":27123,"longitude":-122.6405049,"blockID":7010,"offRoute":false,"nextLocID":6871,"vehicleID":2623,"signMessage":"70 To Sunderland via 13th","extraTripID":null,"nextStopSeq":3,"routeNumber":70,"vehicleLoad":"unknown","bearing":81,"lastStopSeq":2,"inCongestion":false,"delay":151,"latitude":45.4448916},{"tripID":4419229,"serviceDate":1395730800000,"direction":1,"garage":"CENTER","type":"bus","lastLocID":2417,"messageCode":813,"time":1395757640357,"expires":1395758057000,"signMessageLong":"77  Broadway/Halsey to Montgomery Park","extraBlockID":null,"locationInScheduleDay":26859,"longitude":-122.4318296,"blockID":7707,"offRoute":false,"nextLocID":2342,"vehicleID":2653,"signMessage":"77 Montgomry Pk","extraTripID":null,"nextStopSeq":13,"routeNumber":77,"vehicleLoad":"unknown","bearing":258,"lastStopSeq":12,"inCongestion":false,"delay":22,"latitude":45.5353247},{"tripID":4417319,"serviceDate":1395730800000,"direction":1,"garage":"CENTER","type":"bus","lastLocID":7397,"messageCode":788,"time":1395757778303,"expires":1395758195000,"signMessageLong":"70  12th/NE 33rd Ave to Milwaukie","extraBlockID":null,"locationInScheduleDay":26956,"longitude":-122.630704,"blockID":7009,"offRoute":false,"nextLocID":7394,"vehicleID":2626,"signMessage":"70 To Milwaukie","extraTripID":null,"nextStopSeq":23,"routeNumber":70,"vehicleLoad":"unknown","bearing":180,"lastStopSeq":22,"inCongestion":false,"delay":-19,"latitude":45.5534638},{"tripID":4419228,"serviceDate":1395730800000,"direction":1,"garage":"CENTER","type":"bus","lastLocID":2392,"messageCode":813,"time":1395757670163,"expires":1395758089000,"signMessageLong":"77  Broadway/Halsey to Montgomery Park","extraBlockID":null,"locationInScheduleDay":26616,"longitude":-122.5021296,"blockID":7703,"offRoute":false,"nextLocID":2390,"vehicleID":2630,"signMessage":"77 Montgomry Pk","extraTripID":null,"nextStopSeq":29,"routeNumber":77,"vehicleLoad":"unknown","bearing":270,"lastStopSeq":28,"inCongestion":false,"delay":-253,"latitude":45.5336695},{"tripID":4419090,"serviceDate":1395730800000,"direction":0,"garage":"CENTER","type":"bus","lastLocID":2434,"messageCode":809,"time":1395757766299,"expires":1395758183000,"signMessageLong":"77  Broadway/Halsey to Troutdale","extraBlockID":null,"locationInScheduleDay":26877,"longitude":-122.6019283,"blockID":7706,"offRoute":false,"nextLocID":2439,"vehicleID":2632,"signMessage":"77 To Troutdale","extraTripID":null,"nextStopSeq":43,"routeNumber":77,"vehicleLoad":"unknown","bearing":89,"lastStopSeq":42,"inCongestion":false,"delay":-86,"latitude":45.5337138},{"tripID":4417870,"serviceDate":1395730800000,"direction":0,"garage":"POWELL","type":"bus","lastLocID":3170,"messageCode":768,"time":1395757766050,"expires":1395758184000,"signMessageLong":"72  Killingsworth/82nd to Swan Island-Shipyards","extraBlockID":null,"locationInScheduleDay":26900,"longitude":-122.6841668,"blockID":7237,"offRoute":false,"nextLocID":3159,"vehicleID":3004,"signMessage":"72 Swan Island","extraTripID":null,"nextStopSeq":100,"routeNumber":72,"vehicleLoad":"unknown","bearing":270,"lastStopSeq":99,"inCongestion":false,"delay":-64,"latitude":45.5626722},{"tripID":4417873,"serviceDate":1395730800000,"direction":0,"garage":"POWELL","type":"bus","lastLocID":8010,"messageCode":766,"time":1395757766115,"expires":1395758182000,"signMessageLong":"72  Killingsworth/82nd to Swan Island-Anchor St","extraBlockID":null,"locationInScheduleDay":26962,"longitude":-122.5790419,"blockID":7241,"offRoute":false,"nextLocID":7999,"vehicleID":3048,"signMessage":"72 Swan Island","extraTripID":null,"nextStopSeq":48,"routeNumber":72,"vehicleLoad":"unknown","bearing":359,"lastStopSeq":47,"inCongestion":false,"delay":0,"latitude":45.5317009},{"tripID":4418201,"serviceDate":1395730800000,"direction":1,"garage":"POWELL","type":"bus","lastLocID":3195,"messageCode":760,"time":1395757763331,"expires":1395758181000,"signMessageLong":"72  Killingsworth/82nd to Clackamas TC","extraBlockID":null,"locationInScheduleDay":27019,"longitude":-122.624827,"blockID":7235,"offRoute":false,"nextLocID":3198,"vehicleID":3053,"signMessage":"72 Clackamas TC","extraTripID":null,"nextStopSeq":39,"routeNumber":72,"vehicleLoad":"unknown","bearing":89,"lastStopSeq":38,"inCongestion":false,"delay":58,"latitude":45.5627744},{"tripID":4417871,"serviceDate":1395730800000,"direction":0,"garage":"POWELL","type":"bus","lastLocID":11472,"messageCode":766,"time":1395757775804,"expires":1395758192000,"signMessageLong":"72  Killingsworth/82nd to Swan Island-Anchor St","extraBlockID":null,"locationInScheduleDay":27066,"longitude":-122.6437452,"blockID":7245,"offRoute":false,"nextLocID":55,"vehicleID":3052,"signMessage":"72 Swan Island","extraTripID":null,"nextStopSeq":86,"routeNumber":72,"vehicleLoad":"unknown","bearing":270,"lastStopSeq":85,"inCongestion":false,"delay":94,"latitude":45.5590787},{"tripID":4417875,"serviceDate":1395730800000,"direction":0,"garage":"POWELL","type":"bus","lastLocID":7982,"messageCode":766,"time":1395757763332,"expires":1395758179000,"signMessageLong":"72  Killingsworth/82nd to Swan Island-Anchor St","extraBlockID":null,"locationInScheduleDay":27003,"longitude":-122.5790835,"blockID":7234,"offRoute":false,"nextLocID":7970,"vehicleID":3054,"signMessage":"72 Swan Island","extraTripID":null,"nextStopSeq":17,"routeNumber":72,"vehicleLoad":"unknown","bearing":359,"lastStopSeq":16,"inCongestion":false,"delay":44,"latitude":45.4720416},{"tripID":4419091,"serviceDate":1395730800000,"direction":0,"garage":"POWELL","type":"bus","lastLocID":4042,"messageCode":809,"time":1395757778122,"expires":1395758196000,"signMessageLong":"77  Broadway/Halsey to Troutdale","extraBlockID":null,"locationInScheduleDay":26867,"longitude":-122.6570224,"blockID":7734,"offRoute":false,"nextLocID":10866,"vehicleID":3046,"signMessage":"77 To Troutdale","extraTripID":null,"nextStopSeq":22,"routeNumber":77,"vehicleLoad":"unknown","bearing":90,"lastStopSeq":21,"inCongestion":false,"delay":-109,"latitude":45.5314976},{"tripID":4419226,"serviceDate":1395730800000,"direction":1,"garage":"POWELL","type":"bus","lastLocID":631,"messageCode":813,"time":1395757766091,"expires":1395758185000,"signMessageLong":"77  Broadway/Halsey to Montgomery Park","extraBlockID":null,"locationInScheduleDay":26839,"longitude":-122.6509405,"blockID":7738,"offRoute":false,"nextLocID":629,"vehicleID":3035,"signMessage":"77 Montgomry Pk","extraTripID":null,"nextStopSeq":81,"routeNumber":77,"vehicleLoad":"unknown","bearing":270,"lastStopSeq":80,"inCongestion":false,"delay":-126,"latitude":45.5350369},{"tripID":4411570,"serviceDate":1395730800000,"direction":1,"garage":"POWELL","type":"bus","lastLocID":1831,"messageCode":268,"time":1395757778032,"expires":1395758197000,"signMessageLong":"14  Hawthorne to Portland","extraBlockID":null,"locationInScheduleDay":26977,"longitude":-122.5662917,"blockID":1434,"offRoute":false,"nextLocID":13236,"vehicleID":3027,"signMessage":"14 To Portland","extraTripID":null,"nextStopSeq":2,"routeNumber":14,"vehicleLoad":"unknown","bearing":291,"lastStopSeq":1,"inCongestion":false,"delay":0,"latitude":45.4791765},{"tripID":4418195,"serviceDate":1395730800000,"direction":1,"garage":"POWELL","type":"bus","lastLocID":12921,"messageCode":760,"time":1395757478616,"expires":1395757896000,"signMessageLong":"72  Killingsworth/82nd to Clackamas TC","extraBlockID":null,"locationInScheduleDay":26496,"longitude":-122.5690354,"blockID":7243,"offRoute":false,"nextLocID":13247,"vehicleID":3025,"signMessage":"72 Clackamas TC","extraTripID":null,"nextStopSeq":111,"routeNumber":72,"vehicleLoad":"unknown","bearing":173,"lastStopSeq":110,"inCongestion":false,"delay":0,"latitude":45.4355465},{"tripID":4419227,"serviceDate":1395730800000,"direction":1,"garage":"CENTER","type":"bus","lastLocID":7571,"messageCode":813,"time":1395757768862,"expires":1395758186000,"signMessageLong":"77  Broadway/Halsey to Montgomery Park","extraBlockID":null,"locationInScheduleDay":26947,"longitude":-122.6149981,"blockID":7702,"offRoute":false,"nextLocID":650,"vehicleID":2005,"signMessage":"77 Montgomry Pk","extraTripID":null,"nextStopSeq":66,"routeNumber":77,"vehicleLoad":"unknown","bearing":0,"lastStopSeq":65,"inCongestion":false,"delay":-19,"latitude":45.5347773},{"tripID":4411568,"serviceDate":1395730800000,"direction":1,"garage":"CENTER","type":"bus","lastLocID":1831,"messageCode":268,"time":1395757778197,"expires":1395758195000,"signMessageLong":"14  Hawthorne to Portland","extraBlockID":null,"locationInScheduleDay":26975,"longitude":-122.5662917,"blockID":1402,"offRoute":false,"nextLocID":13236,"vehicleID":2014,"signMessage":"14 To Portland","extraTripID":null,"nextStopSeq":2,"routeNumber":14,"vehicleLoad":"unknown","bearing":291,"lastStopSeq":1,"inCongestion":false,"delay":0,"latitude":45.4791765}],"queryTime":1395757788905}}
