{"resultSet":{"vehicle":[{"tripID":4411559,"serviceDate":1395730800000,"direction":1,"garage":"POWELL","type":"bus","lastLocID":2642,"messageCode":266,"time":1395754088274,"expires":1395754506000,"signMessageLong":"14  Hawthorne to 94th & Foster","extraBlockID":null,"locationInScheduleDay":23426,"longitude":-122.6735888,"blockID":1436,"offRoute":false,"nextLocID":11956,"vehicleID":2206,"signMessage":"14 To 94-Foster","extraTripID":null,"nextStopSeq":43,"routeNumber":14,"vehicleLoad":"unknown","bearing":289,"lastStopSeq":42,"inCongestion":false,"delay":140,"latitude":45.5139167},{"tripID":4419089,"serviceDate":1395730800000,"direction":0,"garage":"POWELL","type":"bus","lastLocID":8484,"messageCode":809,"time":1395754117944,"expires":1395754535000,"signMessageLong":"77  Broadway/Halsey to Troutdale","extraBlockID":null,"locationInScheduleDay":23315,"longitude":-122.7069049,"blockID":7735,"offRoute":false,"nextLocID":8385,"vehicleID":2222,"signMessage":"77 To Troutdale","extraTripID":null,"nextStopSeq":2,"routeNumber":77,"vehicleLoad":"unknown","bearing":178,"lastStopSeq":1,"inCongestion":false,"delay":0,"latitude":45.5370429},{"tripID":4419223,"serviceDate":1395730800000,"direction":1,"garage":"POWELL","type":"bus","lastLocID":2425,"messageCode":813,"time":1395754106109,"expires":1395754525000,"signMessageLong":"77  Broadway/Halsey to Montgomery Park","extraBlockID":null,"locationInScheduleDay":23205,"longitude":-122.6144426,"blockID":7736,"offRoute":false,"nextLocID":7571,"vehicleID":2221,"signMessage":"77 Montgomry Pk","extraTripID":null,"nextStopSeq":65,"routeNumber":77,"vehicleLoad":"unknown","bearing":270,"lastStopSeq":64,"inCongestion":false,"delay":-100,"latitude":45.5337643},{"tripID":4419224,"serviceDate":1395730800000,"direction":1,"garage":"POWELL","type":"bus","lastLocID":6224,"messageCode":813,"time":1395754115312,"expires":1395754534000,"signMessageLong":"77  Broadway/Halsey to Montgomery Park","extraBlockID":null,"locationInScheduleDay":23287,"longitude":-122.5527095,"blockID":7737,"offRoute":false,"nextLocID":6223,"vehicleID":2285,"signMessage":"77 Montgomry Pk","extraTripID":null,"nextStopSeq":45,"routeNumber":77,"vehicleLoad":"unknown","bearing":270,"lastStopSeq":44,"inCongestion":false,"delay":-27,"latitude":45.5341621},{"tripID":4417869,"serviceDate":1395730800000,"direction":0,"garage":"POWELL","type":"bus","lastLocID":8057,"messageCode":766,"time":1395754088357,"expires":1395754505000,"signMessageLong":"72  Killingsworth/82nd to Swan Island-Anchor St","extraBlockID":null,"locationInScheduleDay":23240,"longitude":-122.5790517,"blockID":7244,"offRoute":false,"nextLocID":8059,"vehicleID":2276,"signMessage":"72 Swan Island","extraTripID":null,"nextStopSeq":20,"routeNumber":72,"vehicleLoad":"unknown","bearing":0,"lastStopSeq":19,"inCongestion":false,"delay":-45,"latitude":45.4783014},{"tripID":4417163,"serviceDate":1395730800000,"direction":0,"garage":"CENTER","type":"bus","lastLocID":7392,"messageCode":783,"time":1395754106018,"expires":1395754523000,"signMessageLong":"70  33rd Ave to NE Sunderland","extraBlockID":null,"locationInScheduleDay":23343,"longitude":-122.6306911,"blockID":7005,"offRoute":false,"nextLocID":7402,"vehicleID":2132,"signMessage":"70 To Sunderlnd","extraTripID":null,"nextStopSeq":49,"routeNumber":70,"vehicleLoad":"unknown","bearing":0,"lastStopSeq":48,"inCongestion":false,"delay":40,"latitude":45.535919},{"tripID":4417313,"serviceDate":1395730800000,"direction":1,"garage":"CENTER","type":"bus","lastLocID":5884,"messageCode":738,"time":1395754115081,"expires":1395754533000,"signMessageLong":"70  12th Ave to Milwaukie via 13th & Tacoma","extraBlockID":null,"locationInScheduleDay":23114,"longitude":-122.6471712,"blockID":7006,"offRoute":false,"nextLocID":6900,"vehicleID":2150,"signMessage":"70 To Milwaukie","extraTripID":null,"nextStopSeq":34,"routeNumber":70,"vehicleLoad":"unknown","bearing":90,"lastStopSeq":33,"inCongestion":false,"delay":-199,"latitude":45.4628971},{"tripID":4417865,"serviceDate":1395730800000,"direction":0,"garage":"POWELL","type":"bus","lastLocID":1043,"messageCode":768,"time":1395754106081,"expires":1395754523000,"signMessageLong":"72  Killingsworth/82nd to Swan Island-Shipyards","extraBlockID":null,"locationInScheduleDay":22974,"longitude":-122.7119667,"blockID":7238,"offRoute":false,"nextLocID":1042,"vehicleID":2527,"signMessage":"72 Swan Island","extraTripID":null,"nextStopSeq":116,"routeNumber":72,"vehicleLoad":"unknown","bearing":127,"lastStopSeq":115,"inCongestion":false,"delay":-329,"latitude":45.5604328},{"tripID":4417165,"serviceDate":1395730800000,"direction":0,"garage":"CENTER","type":"bus","lastLocID":13477,"messageCode":782,"time":1395754121088,"expires":1395754538000,"signMessageLong":"70  12th/NE 33rd Ave to NE Sunderland via 13th & Tacoma","extraBlockID":null,"locationInScheduleDay":23318,"longitude":-122.6407309,"blockID":7002,"offRoute":false,"nextLocID":8225,"vehicleID":2524,"signMessage":"70 To Sunderland via 13th","extraTripID":null,"nextStopSeq":2,"routeNumber":70,"vehicleLoad":"unknown","bearing":81,"lastStopSeq":1,"inCongestion":false,"delay":0,"latitude":45.4448667},{"tripID":4419087,"serviceDate":1395730800000,"direction":0,"garage":"CENTER","type":"bus","lastLocID":10870,"messageCode":809,"time":1395754115151,"expires":1395754532000,"signMessageLong":"77  Broadway/Halsey to Troutdale","extraBlockID":null,"locationInScheduleDay":23580,"longitude":-122.6206027,"blockID":7701,"offRoute":false,"nextLocID":7509,"vehicleID":2512,"signMessage":"77 To Troutdale","extraTripID":null,"nextStopSeq":36,"routeNumber":77,"vehicleLoad":"unknown","bearing":91,"lastStopSeq":35,"inCongestion":false,"delay":268,"latitude":45.5333119},{"tripID":4418192,"serviceDate":1395730800000,"direction":1,"garage":"POWELL","type":"bus","lastLocID":7942,"messageCode":760,"time":1395754106090,"expires":1395754523000,"signMessageLong":"72  Killingsworth/82nd to Clackamas TC","extraBlockID":null,"locationInScheduleDay":23334,"longitude":-122.5738754,"blockID":7239,"offRoute":false,"nextLocID":12921,"vehicleID":2540,"signMessage":"72 Clackamas TC","extraTripID":null,"nextStopSeq":110,"routeNumber":72,"vehicleLoad":"unknown","bearing":91,"lastStopSeq":109,"inCongestion":false,"delay":31,"latitude":45.437409},{"tripID":4417866,"serviceDate":1395730800000,"direction":0,"garage":"POWELL","type":"bus","lastLocID":3184,"messageCode":766,"time":1395754104710,"expires":1395754520000,"signMessageLong":"72  Killingsworth/82nd to Swan Island-Anchor St","extraBlockID":null,"locationInScheduleDay":23149,"longitude":-122.670365,"blockID":7240,"offRoute":false,"nextLocID":3157,"vehicleID":2533,"signMessage":"72 Swan Island","extraTripID":null,"nextStopSeq":96,"routeNumber":72,"vehicleLoad":"unknown","bearing":269,"lastStopSeq":95,"inCongestion":false,"delay":-151,"latitude":45.5627086},{"tripID":4417868,"serviceDate":1395730800000,"direction":0,"garage":"POWELL","type":"bus","lastLocID":7936,"messageCode":768,"time":1395754099918,"expires":1395754518000,"signMessageLong":"72  Killingsworth/82nd to Swan Island-Shipyards","extraBlockID":null,"locationInScheduleDay":23227,"longitude":-122.5790768,"blockID":7242,"offRoute":false,"nextLocID":7955,"vehicleID":2548,"signMessage":"72 Swan Island","extraTripID":null,"nextStopSeq":43,"routeNumber":72,"vehicleLoad":"unknown","bearing":0,"lastStopSeq":42,"inCongestion":false,"delay":-71,"latitude":45.5226576},{"tripID":4411561,"serviceDate":1395730800000,"direction":1,"garage":"POWELL","type":"bus","lastLocID":1831,"messageCode":268,"time":1395754121195,"expires":1395754538000,"signMessageLong":"14  Hawthorne to Portland","extraBlockID":null,"locationInScheduleDay":23318,"longitude":-122.5662917,"blockID":1435,"offRoute":false,"nextLocID":13236,"vehicleID":2316,"signMessage":"14 To Portland","extraTripID":null,"nextStopSeq":2,"routeNumber":14,"vehicleLoad":"unknown","bearing":291,"lastStopSeq":1,"inCongestion":false,"delay":0,"latitude":45.4791765},{"tripID":4419088,"serviceDate":1395730800000,"direction":0,"garage":"CENTER","type":"bus","lastLocID":8886,"messageCode":809,"time":1395754115152,"expires":1395754534000,"signMessageLong":"77  Broadway/Halsey to Troutdale","extraBlockID":null,"locationInScheduleDay":23358,"longitude":-122.6732472,"blockID":7705,"offRoute":false,"nextLocID":1612,"vehicleID":2720,"signMessage":"77 To Troutdale","extraTripID":null,"nextStopSeq":18,"routeNumber":77,"vehicleLoad":"unknown","bearing":87,"lastStopSeq":17,"inCongestion":false,"delay":44,"latitude":45.5252639},{"tripID":4413876,"serviceDate":1395730800000,"direction":1,"garage":"CENTER","type":"bus","lastLocID":7800,"messageCode":467,"time":1395754103020,"expires":1395754520000,"signMessageLong":"31  Downtown Only","extraBlockID":null,"locationInScheduleDay":23139,"longitude":-122.6790172,"blockID":3101,"offRoute":false,"nextLocID":7797,"vehicleID":2714,"signMessage":"31 Downtown Only","extraTripID":null,"nextStopSeq":11,"routeNumber":31,"vehicleLoad":"unknown","bearing":12,"lastStopSeq":10,"inCongestion":false,"delay":-161,"latitude":45.5183634},{"tripID":4417164,"serviceDate":1395730800000,"direction":0,"garage":"CENTER","type":"bus","lastLocID":6893,"messageCode":780,"time":1395754103011,"expires":1395754520000,"signMessageLong":"70  12th/NE 33rd Ave to NE Sunderland","extraBlockID":null,"locationInScheduleDay":23148,"longitude":-122.6483625,"blockID":7007,"offRoute":false,"nextLocID":6863,"vehicleID":2709,"signMessage":"70 To Sunderlnd","extraTripID":null,"nextStopSeq":19,"routeNumber":70,"vehicleLoad":"unknown","bearing":0,"lastStopSeq":18,"inCongestion":false,"delay":-152,"latitude":45.4889097},{"tripID":4417315,"serviceDate":1395730800000,"direction":1,"garage":"CENTER","type":"bus","lastLocID":7366,"messageCode":788,"time":1395754115121,"expires":1395754533000,"signMessageLong":"70  12th/NE 33rd Ave to Milwaukie","extraBlockID":null,"locationInScheduleDay":23274,"longitude":-122.6306965,"blockID":7001,"offRoute":false,"nextLocID":7403,"vehicleID":2704,"signMessage":"70 To Milwaukie","extraTripID":null,"nextStopSeq":30,"routeNumber":70,"vehicleLoad":"unknown","bearing":180,"lastStopSeq":29,"inCongestion":false,"delay":-39,"latitude":45.5398316},{"tripID":4417317,"serviceDate":1395730800000,"direction":1,"garage":"CENTER","type":"bus","lastLocID":9368,"messageCode":788,"time":1395754111782,"expires":1395754531000,"signMessageLong":"70  12th/NE 33rd Ave to Milwaukie","extraBlockID":null,"locationInScheduleDay":23311,"longitude":-122.6357648,"blockID":7003,"offRoute":false,"nextLocID":9414,"vehicleID":2705,"signMessage":"70 To Milwaukie","extraTripID":null,"nextStopSeq":2,"routeNumber":70,"vehicleLoad":"unknown","bearing":180,"lastStopSeq":1,"inCongestion":false,"delay":0,"latitude":45.5898735},{"tripID":4417314,"serviceDate":1395730800000,"direction":1,"garage":"CENTER","type":"bus","lastLocID":3941,"messageCode":790,"time":1395754106033,"expires":1395754525000,"signMessageLong":"70  12th Ave to Milwaukie via 13th & Tacoma","extraBlockID":null,"locationInScheduleDay":23392,"longitude":-122.6534251,"blockID":7004,"offRoute":false,"nextLocID":3909,"vehicleID":2701,"signMessage":"70 To Milw via 13","extraTripID":null,"nextStopSeq":60,"routeNumber":70,"vehicleLoad":"unknown","bearing":168,"lastStopSeq":59,"inCongestion":false,"delay":87,"latitude":45.4960362},{"tripID":4419225,"serviceDate":1395730800000,"direction":1,"garage":"CENTER","type":"bus","lastLocID":2437,"messageCode":813,"time":1395754099901,"expires":1395754517000,"signMessageLong":"77  Broadway/Halsey to Montgomery Park","extraBlockID":null,"locationInScheduleDay":23291,"longitude":-122.442583,"blockID":7704,"offRoute":false,"nextLocID":2414,"vehicleID":2614,"signMessage":"77 Montgomry Pk","extraTripID":null,"nextStopSeq":15,"routeNumber":77,"vehicleLoad":"unknown","bearing":263,"lastStopSeq":14,"inCongestion":false,"delay":-6,"latitude":45.533817},{"tripID":4411312,"serviceDate":1395730800000,"direction":0,"garage":"CENTER","type":"bus","lastLocID":2628,"messageCode":266,"time":1395754121166,"expires":1395754539000,"signMessageLong":"14  Hawthorne to 94th & Foster","extraBlockID":null,"locationInScheduleDay":23325,"longitude":-122.6189984,"blockID":1401,"offRoute":false,"nextLocID":2630,"vehicleID":2608,"signMessage":"14 To 94-Foster","extraTripID":null,"nextStopSeq":20,"routeNumber":14,"vehicleLoad":"unknown","bearing":90,"lastStopSeq":19,"inCongestion":false,"delay":6,"latitude":45.5120383},{"tripID":4419086,"serviceDate":1395730800000,"direction":0,"garage":"CENTER","type":"bus","lastLocID":2366,"messageCode":809,"time":1395754121145,"expires":1395754538000,"signMessageLong":"77  Broadway/Halsey to Troutdale","extraBlockID":null,"locationInScheduleDay":23400,"longitude":-122.5370847,"blockID":7703,"offRoute":false,"nextLocID":2368,"vehicleID":2630,"signMessage":"77 To Troutdale","extraTripID":null,"nextStopSeq":63,"routeNumber":77,"vehicleLoad":"unknown","bearing":90,"lastStopSeq":62,"inCongestion":false,"delay":82,"latitude":45.5335702},{"tripID":4418193,"serviceDate":1395730800000,"direction":1,"garage":"POWELL","type":"bus","lastLocID":8024,"messageCode":760,"time":1395754115102,"expires":1395754534000,"signMessageLong":"72  Killingsworth/82nd to Clackamas TC","extraBlockID":null,"locationInScheduleDay":23280,"longitude":-122.5787393,"blockID":7241,"offRoute":false,"nextLocID":13707,"vehicleID":3048,"signMessage":"72 Clackamas TC","extraTripID":null,"nextStopSeq":84,"routeNumber":72,"vehicleLoad":"unknown","bearing":180,"lastStopSeq":83,"inCongestion":false,"delay":-34,"latitude":45.4971097},{"tripID":4417867,"serviceDate":1395730800000,"direction":0,"garage":"POWELL","type":"bus","lastLocID":3212,"messageCode":768,"time":1395754115134,"expires":1395754533000,"signMessageLong":"72  Killingsworth/82nd to Swan Island-Shipyards","extraBlockID":null,"locationInScheduleDay":23220,"longitude":-122.5882601,"blockID":7235,"offRoute":false,"nextLocID":10601,"vehicleID":3053,"signMessage":"72 Swan Island","extraTripID":null,"nextStopSeq":66,"routeNumber":72,"vehicleLoad":"unknown","bearing":270,"lastStopSeq":65,"inCongestion":false,"delay":-93,"latitude":45.562669},{"tripID":4418194,"serviceDate":1395730800000,"direction":1,"garage":"POWELL","type":"bus","lastLocID":8064,"messageCode":760,"time":1395754072789,"expires":1395754491000,"signMessageLong":"72  Killingsworth/82nd to Clackamas TC","extraBlockID":null,"locationInScheduleDay":23275,"longitude":-122.5786272,"blockID":7234,"offRoute":false,"nextLocID":8025,"vehicleID":3054,"signMessage":"72 Clackamas TC","extraTripID":null,"nextStopSeq":54,"routeNumber":72,"vehicleLoad":"unknown","bearing":180,"lastStopSeq":53,"inCongestion":false,"delay":4,"latitude":45.5556564},{"tripID":4419222,"serviceDate":1395730800000,"direction":1,"garage":"POWELL","type":"bus","lastLocID":9311,"messageCode":813,"time":1395754115148,"expires":1395754534000,"signMessageLong":"77  Broadway/Halsey to Montgomery Park","extraBlockID":null,"locationInScheduleDay":23154,"longitude":-122.6739685,"blockID":7734,"offRoute":false,"nextLocID":1997,"vehicleID":3046,"signMessage":"77 Montgomry Pk","extraTripID":null,"nextStopSeq":88,"routeNumber":77,"vehicleLoad":"unknown","bearing":260,"lastStopSeq":87,"inCongestion":false,"delay":-160,"latitude":45.526763},{"tripID":4411560,"serviceDate":1395730800000,"direction":1,"garage":"POWELL","type":"bus","lastLocID":7654,"messageCode":268,"time":1395754102987,"expires":1395754520000,"signMessageLong":"14  Hawthorne to Portland","extraBlockID":null,"locationInScheduleDay":23388,"longitude":-122.6112631,"blockID":1434,"offRoute":false,"nextLocID":7659,"vehicleID":3027,"signMessage":"14 To Portland","extraTripID":null,"nextStopSeq":22,"routeNumber":14,"vehicleLoad":"unknown","bearing":359,"lastStopSeq":21,"inCongestion":false,"delay":88,"latitude":45.5068327},{"tripID":4418195,"serviceDate":1395730800000,"direction":1,"garage":"POWELL","type":"bus","lastLocID":3183,"messageCode":760,"time":1395754111753,"expires":1395754531000,"signMessageLong":"72  Killingsworth/82nd to Clackamas TC","extraBlockID":null,"locationInScheduleDay":22968,"longitude":-122.6688834,"blockID":7243,"offRoute":false,"nextLocID":3188,"vehicleID":3025,"signMessage":"72 Clackamas TC","extraTripID":null,"nextStopSeq":18,"routeNumber":72,"vehicleLoad":"unknown","bearing":89,"lastStopSeq":17,"inCongestion":false,"delay":-343,"latitude":45.5627134},{"tripID":4419085,"serviceDate":1395730800000,"direction":0,"garage":"CENTER","type":"bus","lastLocID":2345,"messageCode":809,"time":1395754111977,"expires":1395754531000,"signMessageLong":"77  Broadway/Halsey to Troutdale","extraBlockID":null,"locationInScheduleDay":23304,"longitude":-122.3912211,"blockID":7702,"offRoute":false,"nextLocID":13532,"vehicleID":2005,"signMessage":"77 To Troutdale","extraTripID":null,"nextStopSeq":98,"routeNumber":77,"vehicleLoad":"unknown","bearing":90,"lastStopSeq":97,"inCongestion":false,"delay":-7,"latitude":45.5407697},{"tripID":4413877,"serviceDate":1395730800000,"direction":1,"garage":"CENTER","type":"bus","lastLocID":7524,"messageCode":464,"time":1395754115191,"expires":1395754534000,"signMessageLong":"31  To Portland via Milwaukie","extraBlockID":null,"locationInScheduleDay":23122,"longitude":-122.6195367,"blockID":1402,"offRoute":false,"nextLocID":2583,"vehicleID":2014,"signMessage":"31 To Portland","extraTripID":null,"nextStopSeq":17,"routeNumber":31,"vehicleLoad":"unknown","bearing":180,"lastStopSeq":16,"inCongestion":false,"delay":-192,"latitude":45.4468087}],"queryTime":1395754128764}}
