{"resultSet":{"vehicle":[{"tripID":4419221,"serviceDate":1395730800000,"direction":1,"garage":"POWELL","type":"bus","lastLocID":2431,"messageCode":813,"time":1395750985709,"expires":1395751402000,"signMessageLong":"77  Broadway/Halsey to Montgomery Park","extraBlockID":null,"locationInScheduleDay":20236,"longitude":-122.6086215,"blockID":7735,"offRoute":false,"nextLocID":2428,"vehicleID":2222,"signMessage":"77 Montgomry Pk","extraTripID":null,"nextStopSeq":17,"routeNumber":77,"vehicleLoad":"unknown","bearing":270,"lastStopSeq":16,"inCongestion":false,"delay":54,"latitude":45.5337301},{"tripID":4417865,"serviceDate":1395730800000,"direction":0,"garage":"POWELL","type":"bus","lastLocID":8023,"messageCode":768,"time":1395750998005,"expires":1395751415000,"signMessageLong":"72  Killingsworth/82nd to Swan Island-Shipyards","extraBlockID":null,"locationInScheduleDay":20220,"longitude":-122.578735,"blockID":7238,"offRoute":false,"nextLocID":8052,"vehicleID":2527,"signMessage":"72 Swan Island","extraTripID":null,"nextStopSeq":30,"routeNumber":72,"vehicleLoad":"unknown","bearing":0,"lastStopSeq":29,"inCongestion":false,"delay":25,"latitude":45.4978227},{"tripID":4417312,"serviceDate":1395730800000,"direction":1,"garage":"CENTER","type":"bus","lastLocID":7363,"messageCode":788,"time":1395750985682,"expires":1395751402000,"signMessageLong":"70  12th/NE 33rd Ave to Milwaukie","extraBlockID":null,"locationInScheduleDay":20035,"longitude":-122.6307002,"blockID":7002,"offRoute":false,"nextLocID":7391,"vehicleID":2524,"signMessage":"70 To Milwaukie","extraTripID":null,"nextStopSeq":21,"routeNumber":70,"vehicleLoad":"unknown","bearing":180,"lastStopSeq":20,"inCongestion":false,"delay":-147,"latitude":45.5560194},{"tripID":4419220,"serviceDate":1395730800000,"direction":1,"garage":"CENTER","type":"bus","lastLocID":2086,"messageCode":813,"time":1395750997983,"expires":1395751417000,"signMessageLong":"77  Broadway/Halsey to Montgomery Park","extraBlockID":null,"locationInScheduleDay":20126,"longitude":-122.6918915,"blockID":7701,"offRoute":false,"nextLocID":2099,"vehicleID":2512,"signMessage":"77 Montgomry Pk","extraTripID":null,"nextStopSeq":48,"routeNumber":77,"vehicleLoad":"unknown","bearing":268,"lastStopSeq":47,"inCongestion":false,"delay":-71,"latitude":45.526348},{"tripID":4418192,"serviceDate":1395730800000,"direction":1,"garage":"POWELL","type":"bus","lastLocID":3153,"messageCode":760,"time":1395750979745,"expires":1395751399000,"signMessageLong":"72  Killingsworth/82nd to Clackamas TC","extraBlockID":null,"locationInScheduleDay":20272,"longitude":-122.6744339,"blockID":7239,"offRoute":false,"nextLocID":3171,"vehicleID":2540,"signMessage":"72 Clackamas TC","extraTripID":null,"nextStopSeq":15,"routeNumber":72,"vehicleLoad":"unknown","bearing":89,"lastStopSeq":14,"inCongestion":false,"delay":93,"latitude":45.5626911},{"tripID":4417866,"serviceDate":1395730800000,"direction":0,"garage":"POWELL","type":"bus","lastLocID":12922,"messageCode":766,"time":1395750998033,"expires":1395751416000,"signMessageLong":"72  Killingsworth/82nd to Swan Island-Anchor St","extraBlockID":null,"locationInScheduleDay":20280,"longitude":-122.5740057,"blockID":7240,"offRoute":false,"nextLocID":7941,"vehicleID":2533,"signMessage":"72 Swan Island","extraTripID":null,"nextStopSeq":3,"routeNumber":72,"vehicleLoad":"unknown","bearing":271,"lastStopSeq":2,"inCongestion":false,"delay":84,"latitude":45.4374107},{"tripID":4417864,"serviceDate":1395730800000,"direction":0,"garage":"POWELL","type":"bus","lastLocID":8055,"messageCode":768,"time":1395750998221,"expires":1395751415000,"signMessageLong":"72  Killingsworth/82nd to Swan Island-Shipyards","extraBlockID":null,"locationInScheduleDay":19940,"longitude":-122.5789508,"blockID":7236,"offRoute":false,"nextLocID":8036,"vehicleID":2552,"signMessage":"72 Swan Island","extraTripID":null,"nextStopSeq":51,"routeNumber":72,"vehicleLoad":"unknown","bearing":0,"lastStopSeq":50,"inCongestion":false,"delay":-255,"latitude":45.5389068},{"tripID":4413874,"serviceDate":1395730800000,"direction":1,"garage":"POWELL","type":"bus","lastLocID":3237,"messageCode":464,"time":1395750983149,"expires":1395751401000,"signMessageLong":"31  To Portland via Milwaukie","extraBlockID":null,"locationInScheduleDay":20049,"longitude":-122.6046272,"blockID":3134,"offRoute":false,"nextLocID":3246,"vehicleID":2555,"signMessage":"31 To Portland","extraTripID":null,"nextStopSeq":12,"routeNumber":31,"vehicleLoad":"unknown","bearing":270,"lastStopSeq":11,"inCongestion":false,"delay":-132,"latitude":45.4479769},{"tripID":4411557,"serviceDate":1395730800000,"direction":1,"garage":"POWELL","type":"bus","lastLocID":7659,"messageCode":268,"time":1395750979874,"expires":1395751399000,"signMessageLong":"14  Hawthorne to Portland","extraBlockID":null,"locationInScheduleDay":20109,"longitude":-122.6112802,"blockID":1435,"offRoute":false,"nextLocID":12917,"vehicleID":2316,"signMessage":"14 To Portland","extraTripID":null,"nextStopSeq":23,"routeNumber":14,"vehicleLoad":"unknown","bearing":359,"lastStopSeq":22,"inCongestion":false,"delay":-70,"latitude":45.5079414},{"tripID":4417161,"serviceDate":1395730800000,"direction":0,"garage":"CENTER","type":"bus","lastLocID":7107,"messageCode":783,"time":1395750994780,"expires":1395751413000,"signMessageLong":"70  33rd Ave to NE Sunderland","extraBlockID":null,"locationInScheduleDay":20128,"longitude":-122.6448413,"blockID":7001,"offRoute":false,"nextLocID":7138,"vehicleID":2704,"signMessage":"70 To Sunderlnd","extraTripID":null,"nextStopSeq":42,"routeNumber":70,"vehicleLoad":"unknown","bearing":359,"lastStopSeq":41,"inCongestion":false,"delay":-65,"latitude":45.5341622},{"tripID":4417162,"serviceDate":1395730800000,"direction":0,"garage":"CENTER","type":"bus","lastLocID":6871,"messageCode":781,"time":1395750994772,"expires":1395751413000,"signMessageLong":"70  12th/NE 33rd Ave to NE Sunderland via 17th & Tacoma","extraBlockID":null,"locationInScheduleDay":20228,"longitude":-122.6455836,"blockID":7003,"offRoute":false,"nextLocID":6901,"vehicleID":2705,"signMessage":"70 To Sunderland via 17th","extraTripID":null,"nextStopSeq":4,"routeNumber":70,"vehicleLoad":"unknown","bearing":338,"lastStopSeq":3,"inCongestion":false,"delay":35,"latitude":45.4519383},{"tripID":4418191,"serviceDate":1395730800000,"direction":1,"garage":"POWELL","type":"bus","lastLocID":3148,"messageCode":760,"time":1395750892964,"expires":1395751310000,"signMessageLong":"72  Killingsworth/82nd to Clackamas TC","extraBlockID":null,"locationInScheduleDay":19951,"longitude":-122.5972101,"blockID":7237,"offRoute":false,"nextLocID":10600,"vehicleID":3004,"signMessage":"72 Clackamas TC","extraTripID":null,"nextStopSeq":48,"routeNumber":72,"vehicleLoad":"unknown","bearing":90,"lastStopSeq":47,"inCongestion":false,"delay":-139,"latitude":45.5627451},{"tripID":4418190,"serviceDate":1395730800000,"direction":1,"garage":"POWELL","type":"bus","lastLocID":12921,"messageCode":760,"time":1395750979725,"expires":1395751396000,"signMessageLong":"72  Killingsworth/82nd to Clackamas TC","extraBlockID":null,"locationInScheduleDay":20160,"longitude":-122.57331,"blockID":7235,"offRoute":false,"nextLocID":13247,"vehicleID":3053,"signMessage":"72 Clackamas TC","extraTripID":null,"nextStopSeq":57,"routeNumber":72,"vehicleLoad":"unknown","bearing":91,"lastStopSeq":56,"inCongestion":false,"delay":0,"latitude":45.4374017},{"tripID":4417863,"serviceDate":1395730800000,"direction":0,"garage":"POWELL","type":"bus","lastLocID":3174,"messageCode":768,"time":1395750997954,"expires":1395751416000,"signMessageLong":"72  Killingsworth/82nd to Swan Island-Shipyards","extraBlockID":null,"locationInScheduleDay":20014,"longitude":-122.6814962,"blockID":7234,"offRoute":false,"nextLocID":3170,"vehicleID":3054,"signMessage":"72 Swan Island","extraTripID":null,"nextStopSeq":99,"routeNumber":72,"vehicleLoad":"unknown","bearing":270,"lastStopSeq":98,"inCongestion":false,"delay":-182,"latitude":45.5626666},{"tripID":4419222,"serviceDate":1395730800000,"direction":1,"garage":"POWELL","type":"bus","lastLocID":2419,"messageCode":813,"time":1395750994795,"expires":1395751412000,"signMessageLong":"77  Broadway/Halsey to Montgomery Park","extraBlockID":null,"locationInScheduleDay":20204,"longitude":-122.4261279,"blockID":7734,"offRoute":false,"nextLocID":2417,"vehicleID":3046,"signMessage":"77 Montgomry Pk","extraTripID":null,"nextStopSeq":12,"routeNumber":77,"vehicleLoad":"unknown","bearing":259,"lastStopSeq":11,"inCongestion":false,"delay":12,"latitude":45.5361033},{"tripID":4411310,"serviceDate":1395730800000,"direction":0,"garage":"POWELL","type":"bus","lastLocID":2615,"messageCode":266,"time":1395750979696,"expires":1395751398000,"signMessageLong":"14  Hawthorne to 94th & Foster","extraBlockID":null,"locationInScheduleDay":20240,"longitude":-122.6316309,"blockID":1434,"offRoute":false,"nextLocID":2617,"vehicleID":3027,"signMessage":"14 To 94-Foster","extraTripID":null,"nextStopSeq":15,"routeNumber":14,"vehicleLoad":"unknown","bearing":89,"lastStopSeq":14,"inCongestion":false,"delay":62,"latitude":45.5120619},{"tripID":4419085,"serviceDate":1395730800000,"direction":0,"garage":"CENTER","type":"bus","lastLocID":13708,"messageCode":809,"time":1395750979763,"expires":1395751398000,"signMessageLong":"77  Broadway/Halsey to Troutdale","extraBlockID":null,"locationInScheduleDay":20130,"longitude":-122.6612998,"blockID":7702,"offRoute":false,"nextLocID":4042,"vehicleID":2005,"signMessage":"77 To Troutdale","extraTripID":null,"nextStopSeq":21,"routeNumber":77,"vehicleLoad":"unknown","bearing":90,"lastStopSeq":20,"inCongestion":false,"delay":-48,"latitude":45.5315169}],"queryTime":1395751008654}}
