{"resultSet":{"vehicle":[{"tripID":4411313,"serviceDate":1395730800000,"direction":0,"garage":"POWELL","type":"bus","lastLocID":2630,"messageCode":266,"time":1395755123209,"expires":1395755540000,"signMessageLong":"14  Hawthorne to 94th & Foster","extraBlockID":null,"locationInScheduleDay":24521,"longitude":-122.6140103,"blockID":1436,"offRoute":false,"nextLocID":2633,"vehicleID":2206,"signMessage":"14 To 94-Foster","extraTripID":null,"nextStopSeq":21,"routeNumber":14,"vehicleLoad":"unknown","bearing":90,"lastStopSeq":20,"inCongestion":false,"delay":201,"latitude":45.5120273},{"tripID":4419089,"serviceDate":1395730800000,"direction":0,"garage":"POWELL","type":"bus","lastLocID":1608,"messageCode":809,"time":1395755123258,"expires":1395755542000,"signMessageLong":"77  Broadway/Halsey to Troutdale","extraBlockID":null,"locationInScheduleDay":24188,"longitude":-122.6847727,"blockID":7735,"offRoute":false,"nextLocID":1607,"vehicleID":2222,"signMessage":"77 To Troutdale","extraTripID":null,"nextStopSeq":14,"routeNumber":77,"vehicleLoad":"unknown","bearing":88,"lastStopSeq":13,"inCongestion":false,"delay":-134,"latitude":45.525052},{"tripID":4419223,"serviceDate":1395730800000,"direction":1,"garage":"POWELL","type":"bus","lastLocID":11492,"messageCode":813,"time":1395755126063,"expires":1395755544000,"signMessageLong":"77  Broadway/Halsey to Montgomery Park","extraBlockID":null,"locationInScheduleDay":24350,"longitude":-122.6660298,"blockID":7736,"offRoute":false,"nextLocID":2592,"vehicleID":2221,"signMessage":"77 Montgomry Pk","extraTripID":null,"nextStopSeq":86,"routeNumber":77,"vehicleLoad":"unknown","bearing":226,"lastStopSeq":85,"inCongestion":false,"delay":26,"latitude":45.530222},{"tripID":4411562,"serviceDate":1395730800000,"direction":1,"garage":"POWELL","type":"bus","lastLocID":13236,"messageCode":268,"time":1395755126087,"expires":1395755544000,"signMessageLong":"14  Hawthorne to Portland","extraBlockID":null,"locationInScheduleDay":24376,"longitude":-122.5675341,"blockID":1437,"offRoute":false,"nextLocID":1829,"vehicleID":2264,"signMessage":"14 To Portland","extraTripID":null,"nextStopSeq":3,"routeNumber":14,"vehicleLoad":"unknown","bearing":291,"lastStopSeq":2,"inCongestion":false,"delay":52,"latitude":45.4795188},{"tripID":4418198,"serviceDate":1395730800000,"direction":1,"garage":"POWELL","type":"bus","lastLocID":8681,"messageCode":760,"time":1395755120423,"expires":1395755537000,"signMessageLong":"72  Killingsworth/82nd to Clackamas TC","extraBlockID":null,"locationInScheduleDay":24285,"longitude":-122.6999936,"blockID":7246,"offRoute":false,"nextLocID":9399,"vehicleID":2296,"signMessage":"72 Clackamas TC","extraTripID":null,"nextStopSeq":3,"routeNumber":72,"vehicleLoad":"unknown","bearing":100,"lastStopSeq":2,"inCongestion":false,"delay":-32,"latitude":45.5562744},{"tripID":4419224,"serviceDate":1395730800000,"direction":1,"garage":"POWELL","type":"bus","lastLocID":7510,"messageCode":813,"time":1395755133957,"expires":1395755551000,"signMessageLong":"77  Broadway/Halsey to Montgomery Park","extraBlockID":null,"locationInScheduleDay":24356,"longitude":-122.6203087,"blockID":7737,"offRoute":false,"nextLocID":10869,"vehicleID":2285,"signMessage":"77 Montgomry Pk","extraTripID":null,"nextStopSeq":68,"routeNumber":77,"vehicleLoad":"unknown","bearing":180,"lastStopSeq":67,"inCongestion":false,"delay":25,"latitude":45.5345272},{"tripID":4417869,"serviceDate":1395730800000,"direction":0,"garage":"POWELL","type":"bus","lastLocID":8001,"messageCode":766,"time":1395755123326,"expires":1395755540000,"signMessageLong":"72  Killingsworth/82nd to Swan Island-Anchor St","extraBlockID":null,"locationInScheduleDay":24399,"longitude":-122.5788495,"blockID":7244,"offRoute":false,"nextLocID":8046,"vehicleID":2276,"signMessage":"72 Swan Island","extraTripID":null,"nextStopSeq":54,"routeNumber":72,"vehicleLoad":"unknown","bearing":0,"lastStopSeq":53,"inCongestion":false,"delay":79,"latitude":45.5441741},{"tripID":4417163,"serviceDate":1395730800000,"direction":0,"garage":"CENTER","type":"bus","lastLocID":4912,"messageCode":783,"time":1395755123054,"expires":1395755541000,"signMessageLong":"70  33rd Ave to NE Sunderland","extraBlockID":null,"locationInScheduleDay":24128,"longitude":-122.6333835,"blockID":7005,"offRoute":false,"nextLocID":9365,"vehicleID":2132,"signMessage":"70 To Sunderlnd","extraTripID":null,"nextStopSeq":77,"routeNumber":70,"vehicleLoad":"unknown","bearing":1,"lastStopSeq":76,"inCongestion":false,"delay":-193,"latitude":45.5804692},{"tripID":4413878,"serviceDate":1395730800000,"direction":1,"garage":"CENTER","type":"bus","lastLocID":2574,"messageCode":462,"time":1395755120219,"expires":1395755539000,"signMessageLong":"31L Portland Limited","extraBlockID":null,"locationInScheduleDay":24024,"longitude":-122.631985,"blockID":3001,"offRoute":false,"nextLocID":3858,"vehicleID":2123,"signMessage":"31L To Portland Limited","extraTripID":null,"nextStopSeq":6,"routeNumber":31,"vehicleLoad":"unknown","bearing":268,"lastStopSeq":5,"inCongestion":false,"delay":-295,"latitude":45.4465409},{"tripID":4417166,"serviceDate":1395730800000,"direction":0,"garage":"CENTER","type":"bus","lastLocID":13477,"messageCode":781,"time":1395755135013,"expires":1395755554000,"signMessageLong":"70  12th/NE 33rd Ave to NE Sunderland via 17th & Tacoma","extraBlockID":null,"locationInScheduleDay":24334,"longitude":-122.6407309,"blockID":7006,"offRoute":false,"nextLocID":8225,"vehicleID":2150,"signMessage":"70 To Sunderland via 17th","extraTripID":null,"nextStopSeq":2,"routeNumber":70,"vehicleLoad":"unknown","bearing":81,"lastStopSeq":1,"inCongestion":false,"delay":0,"latitude":45.4448667},{"tripID":4418197,"serviceDate":1395730800000,"direction":1,"garage":"POWELL","type":"bus","lastLocID":3153,"messageCode":760,"time":1395755143901,"expires":1395755561000,"signMessageLong":"72  Killingsworth/82nd to Clackamas TC","extraBlockID":null,"locationInScheduleDay":24387,"longitude":-122.6751271,"blockID":7238,"offRoute":false,"nextLocID":3171,"vehicleID":2527,"signMessage":"72 Clackamas TC","extraTripID":null,"nextStopSeq":15,"routeNumber":72,"vehicleLoad":"unknown","bearing":89,"lastStopSeq":14,"inCongestion":false,"delay":46,"latitude":45.5626892},{"tripID":4417165,"serviceDate":1395730800000,"direction":0,"garage":"CENTER","type":"bus","lastLocID":6863,"messageCode":780,"time":1395755141221,"expires":1395755558000,"signMessageLong":"70  12th/NE 33rd Ave to NE Sunderland","extraBlockID":null,"locationInScheduleDay":24315,"longitude":-122.6483548,"blockID":7002,"offRoute":false,"nextLocID":6876,"vehicleID":2524,"signMessage":"70 To Sunderlnd","extraTripID":null,"nextStopSeq":23,"routeNumber":70,"vehicleLoad":"unknown","bearing":0,"lastStopSeq":22,"inCongestion":false,"delay":-23,"latitude":45.4914073},{"tripID":4419087,"serviceDate":1395730800000,"direction":0,"garage":"CENTER","type":"bus","lastLocID":2460,"messageCode":809,"time":1395755120317,"expires":1395755537000,"signMessageLong":"77  Broadway/Halsey to Troutdale","extraBlockID":null,"locationInScheduleDay":24397,"longitude":-122.5657476,"blockID":7701,"offRoute":false,"nextLocID":10747,"vehicleID":2512,"signMessage":"77 To Troutdale","extraTripID":null,"nextStopSeq":56,"routeNumber":77,"vehicleLoad":"unknown","bearing":70,"lastStopSeq":55,"inCongestion":false,"delay":80,"latitude":45.5339551},{"tripID":4417866,"serviceDate":1395730800000,"direction":0,"garage":"POWELL","type":"bus","lastLocID":2161,"messageCode":766,"time":1395755120346,"expires":1395755538000,"signMessageLong":"72  Killingsworth/82nd to Swan Island-Anchor St","extraBlockID":null,"locationInScheduleDay":23783,"longitude":-122.7021949,"blockID":7240,"offRoute":false,"nextLocID":115,"vehicleID":2533,"signMessage":"72 Swan Island","extraTripID":null,"nextStopSeq":108,"routeNumber":72,"vehicleLoad":"unknown","bearing":307,"lastStopSeq":107,"inCongestion":false,"delay":0,"latitude":45.5573516},{"tripID":4418196,"serviceDate":1395730800000,"direction":1,"garage":"POWELL","type":"bus","lastLocID":54,"messageCode":760,"time":1395755141364,"expires":1395755558000,"signMessageLong":"72  Killingsworth/82nd to Clackamas TC","extraBlockID":null,"locationInScheduleDay":24288,"longitude":-122.6468992,"blockID":7236,"offRoute":false,"nextLocID":11471,"vehicleID":2552,"signMessage":"72 Clackamas TC","extraTripID":null,"nextStopSeq":28,"routeNumber":72,"vehicleLoad":"unknown","bearing":89,"lastStopSeq":27,"inCongestion":false,"delay":-50,"latitude":45.5590864},{"tripID":4413798,"serviceDate":1395730800000,"direction":0,"garage":"POWELL","type":"bus","lastLocID":3224,"messageCode":457,"time":1395755120504,"expires":1395755539000,"signMessageLong":"31  Clackamas Town Center, continuing to Estacada","extraBlockID":null,"locationInScheduleDay":24387,"longitude":-122.5884943,"blockID":3134,"offRoute":false,"nextLocID":3251,"vehicleID":2555,"signMessage":"31 To Estacada via Clackamas","extraTripID":null,"nextStopSeq":18,"routeNumber":31,"vehicleLoad":"unknown","bearing":90,"lastStopSeq":17,"inCongestion":false,"delay":68,"latitude":45.4470613},{"tripID":4417868,"serviceDate":1395730800000,"direction":0,"garage":"POWELL","type":"bus","lastLocID":3203,"messageCode":768,"time":1395755138601,"expires":1395755555000,"signMessageLong":"72  Killingsworth/82nd to Swan Island-Shipyards","extraBlockID":null,"locationInScheduleDay":24127,"longitude":-122.6122389,"blockID":7242,"offRoute":false,"nextLocID":3201,"vehicleID":2548,"signMessage":"72 Swan Island","extraTripID":null,"nextStopSeq":73,"routeNumber":72,"vehicleLoad":"unknown","bearing":270,"lastStopSeq":72,"inCongestion":false,"delay":-208,"latitude":45.5627705},{"tripID":4411561,"serviceDate":1395730800000,"direction":1,"garage":"POWELL","type":"bus","lastLocID":1793,"messageCode":268,"time":1395755141359,"expires":1395755558000,"signMessageLong":"14  Hawthorne to Portland","extraBlockID":null,"locationInScheduleDay":24237,"longitude":-122.6088324,"blockID":1435,"offRoute":false,"nextLocID":7656,"vehicleID":2316,"signMessage":"14 To Portland","extraTripID":null,"nextStopSeq":18,"routeNumber":14,"vehicleLoad":"unknown","bearing":307,"lastStopSeq":17,"inCongestion":false,"delay":-101,"latitude":45.495596},{"tripID":4413879,"serviceDate":1395730800000,"direction":1,"garage":"CENTER","type":"bus","lastLocID":12922,"messageCode":464,"time":1395755141211,"expires":1395755558000,"signMessageLong":"31  To Portland via Milwaukie","extraBlockID":null,"locationInScheduleDay":24200,"longitude":-122.575419,"blockID":1403,"offRoute":false,"nextLocID":7941,"vehicleID":2725,"signMessage":"31 To Portland","extraTripID":null,"nextStopSeq":3,"routeNumber":31,"vehicleLoad":"unknown","bearing":271,"lastStopSeq":2,"inCongestion":false,"delay":-138,"latitude":45.4372592},{"tripID":4419088,"serviceDate":1395730800000,"direction":0,"garage":"CENTER","type":"bus","lastLocID":645,"messageCode":809,"time":1395755135091,"expires":1395755554000,"signMessageLong":"77  Broadway/Halsey to Troutdale","extraBlockID":null,"locationInScheduleDay":24369,"longitude":-122.6287771,"blockID":7705,"offRoute":false,"nextLocID":646,"vehicleID":2720,"signMessage":"77 To Troutdale","extraTripID":null,"nextStopSeq":33,"routeNumber":77,"vehicleLoad":"unknown","bearing":90,"lastStopSeq":32,"inCongestion":false,"delay":35,"latitude":45.5351567},{"tripID":4417164,"serviceDate":1395730800000,"direction":0,"garage":"CENTER","type":"bus","lastLocID":8938,"messageCode":783,"time":1395755051140,"expires":1395755470000,"signMessageLong":"70  33rd Ave to NE Sunderland","extraBlockID":null,"locationInScheduleDay":24163,"longitude":-122.6540092,"blockID":7007,"offRoute":false,"nextLocID":4047,"vehicleID":2709,"signMessage":"70 To Sunderlnd","extraTripID":null,"nextStopSeq":35,"routeNumber":70,"vehicleLoad":"unknown","bearing":90,"lastStopSeq":34,"inCongestion":false,"delay":-87,"latitude":45.5314901},{"tripID":4417315,"serviceDate":1395730800000,"direction":1,"garage":"CENTER","type":"bus","lastLocID":6542,"messageCode":789,"time":1395755141173,"expires":1395755559000,"signMessageLong":"70  12th Ave to Milwaukie via 17th & Tacoma","extraBlockID":null,"locationInScheduleDay":24287,"longitude":-122.6546915,"blockID":7001,"offRoute":false,"nextLocID":6551,"vehicleID":2704,"signMessage":"70 To Milw via 17","extraTripID":null,"nextStopSeq":51,"routeNumber":70,"vehicleLoad":"unknown","bearing":180,"lastStopSeq":50,"inCongestion":false,"delay":-52,"latitude":45.5132134},{"tripID":4417317,"serviceDate":1395730800000,"direction":1,"garage":"CENTER","type":"bus","lastLocID":9368,"messageCode":788,"time":1395755132210,"expires":1395755551000,"signMessageLong":"70  12th/NE 33rd Ave to Milwaukie","extraBlockID":null,"locationInScheduleDay":24368,"longitude":-122.635338,"blockID":7003,"offRoute":false,"nextLocID":9414,"vehicleID":2705,"signMessage":"70 To Milwaukie","extraTripID":null,"nextStopSeq":2,"routeNumber":70,"vehicleLoad":"unknown","bearing":104,"lastStopSeq":1,"inCongestion":false,"delay":37,"latitude":45.5893937},{"tripID":4417314,"serviceDate":1395730800000,"direction":1,"garage":"CENTER","type":"bus","lastLocID":6872,"messageCode":791,"time":1395755120289,"expires":1395755538000,"signMessageLong":"70  To Milwaukie","extraBlockID":null,"locationInScheduleDay":24342,"longitude":-122.6416723,"blockID":7004,"offRoute":false,"nextLocID":13477,"vehicleID":2701,"signMessage":"70 To Milwaukie","extraTripID":null,"nextStopSeq":83,"routeNumber":70,"vehicleLoad":"unknown","bearing":76,"lastStopSeq":82,"inCongestion":false,"delay":0,"latitude":45.4455191},{"tripID":4419225,"serviceDate":1395730800000,"direction":1,"garage":"CENTER","type":"bus","lastLocID":6226,"messageCode":813,"time":1395755141340,"expires":1395755558000,"signMessageLong":"77  Broadway/Halsey to Montgomery Park","extraBlockID":null,"locationInScheduleDay":24143,"longitude":-122.5476271,"blockID":7704,"offRoute":false,"nextLocID":6225,"vehicleID":2614,"signMessage":"77 Montgomry Pk","extraTripID":null,"nextStopSeq":43,"routeNumber":77,"vehicleLoad":"unknown","bearing":281,"lastStopSeq":42,"inCongestion":false,"delay":-195,"latitude":45.5341241},{"tripID":4411312,"serviceDate":1395730800000,"direction":0,"garage":"CENTER","type":"bus","lastLocID":8134,"messageCode":266,"time":1395755138553,"expires":1395755555000,"signMessageLong":"14  Hawthorne to 94th & Foster","extraBlockID":null,"locationInScheduleDay":24314,"longitude":-122.5634746,"blockID":1401,"offRoute":false,"nextLocID":1831,"vehicleID":2608,"signMessage":"14 To 94-Foster","extraTripID":null,"nextStopSeq":49,"routeNumber":14,"vehicleLoad":"unknown","bearing":359,"lastStopSeq":48,"inCongestion":false,"delay":0,"latitude":45.4781758},{"tripID":4419086,"serviceDate":1395730800000,"direction":0,"garage":"CENTER","type":"bus","lastLocID":2421,"messageCode":809,"time":1395755120454,"expires":1395755537000,"signMessageLong":"77  Broadway/Halsey to Troutdale","extraBlockID":null,"locationInScheduleDay":24391,"longitude":-122.4130452,"blockID":7703,"offRoute":false,"nextLocID":2422,"vehicleID":2630,"signMessage":"77 To Troutdale","extraTripID":null,"nextStopSeq":94,"routeNumber":77,"vehicleLoad":"unknown","bearing":79,"lastStopSeq":93,"inCongestion":false,"delay":74,"latitude":45.5378418},{"tripID":4417870,"serviceDate":1395730800000,"direction":0,"garage":"POWELL","type":"bus","lastLocID":8059,"messageCode":768,"time":1395755110996,"expires":1395755529000,"signMessageLong":"72  Killingsworth/82nd to Swan Island-Shipyards","extraBlockID":null,"locationInScheduleDay":23979,"longitude":-122.5790296,"blockID":7237,"offRoute":false,"nextLocID":8027,"vehicleID":3004,"signMessage":"72 Swan Island","extraTripID":null,"nextStopSeq":21,"routeNumber":72,"vehicleLoad":"unknown","bearing":1,"lastStopSeq":20,"inCongestion":false,"delay":-330,"latitude":45.4796196},{"tripID":4418193,"serviceDate":1395730800000,"direction":1,"garage":"POWELL","type":"bus","lastLocID":8018,"messageCode":760,"time":1395755125998,"expires":1395755543000,"signMessageLong":"72  Killingsworth/82nd to Clackamas TC","extraBlockID":null,"locationInScheduleDay":23953,"longitude":-122.5790935,"blockID":7241,"offRoute":false,"nextLocID":8016,"vehicleID":3048,"signMessage":"72 Clackamas TC","extraTripID":null,"nextStopSeq":105,"routeNumber":72,"vehicleLoad":"unknown","bearing":178,"lastStopSeq":104,"inCongestion":false,"delay":-370,"latitude":45.4520761},{"tripID":4417867,"serviceDate":1395730800000,"direction":0,"garage":"POWELL","type":"bus","lastLocID":3174,"messageCode":768,"time":1395755132210,"expires":1395755551000,"signMessageLong":"72  Killingsworth/82nd to Swan Island-Shipyards","extraBlockID":null,"locationInScheduleDay":24277,"longitude":-122.6817673,"blockID":7235,"offRoute":false,"nextLocID":3170,"vehicleID":3053,"signMessage":"72 Swan Island","extraTripID":null,"nextStopSeq":99,"routeNumber":72,"vehicleLoad":"unknown","bearing":270,"lastStopSeq":98,"inCongestion":false,"delay":-54,"latitude":45.562667},{"tripID":4417871,"serviceDate":1395730800000,"direction":0,"garage":"POWELL","type":"bus","lastLocID":8017,"messageCode":766,"time":1395755135053,"expires":1395755554000,"signMessageLong":"72  Killingsworth/82nd to Swan Island-Anchor St","extraBlockID":null,"locationInScheduleDay":24349,"longitude":-122.5791426,"blockID":7245,"offRoute":false,"nextLocID":7983,"vehicleID":3052,"signMessage":"72 Swan Island","extraTripID":null,"nextStopSeq":9,"routeNumber":72,"vehicleLoad":"unknown","bearing":0,"lastStopSeq":8,"inCongestion":false,"delay":15,"latitude":45.454635},{"tripID":4418194,"serviceDate":1395730800000,"direction":1,"garage":"POWELL","type":"bus","lastLocID":8237,"messageCode":760,"time":1395755141191,"expires":1395755559000,"signMessageLong":"72  Killingsworth/82nd to Clackamas TC","extraBlockID":null,"locationInScheduleDay":24410,"longitude":-122.5788068,"blockID":7234,"offRoute":false,"nextLocID":7986,"vehicleID":3054,"signMessage":"72 Clackamas TC","extraTripID":null,"nextStopSeq":86,"routeNumber":72,"vehicleLoad":"unknown","bearing":180,"lastStopSeq":85,"inCongestion":false,"delay":71,"latitude":45.491984},{"tripID":4419222,"serviceDate":1395730800000,"direction":1,"garage":"POWELL","type":"bus","lastLocID":8482,"messageCode":813,"time":1395755123162,"expires":1395755541000,"signMessageLong":"77  Broadway/Halsey to Montgomery Park","extraBlockID":null,"locationInScheduleDay":23957,"longitude":-122.7092104,"blockID":7734,"offRoute":false,"nextLocID":4105,"vehicleID":3046,"signMessage":"77 Montgomry Pk","extraTripID":null,"nextStopSeq":107,"routeNumber":77,"vehicleLoad":"unknown","bearing":68,"lastStopSeq":106,"inCongestion":false,"delay":-364,"latitude":45.5389401},{"tripID":4419226,"serviceDate":1395730800000,"direction":1,"garage":"POWELL","type":"bus","lastLocID":13505,"messageCode":813,"time":1395755125992,"expires":1395755544000,"signMessageLong":"77  Broadway/Halsey to Montgomery Park","extraBlockID":null,"locationInScheduleDay":24329,"longitude":-122.4561034,"blockID":7738,"offRoute":false,"nextLocID":2411,"vehicleID":3035,"signMessage":"77 Montgomry Pk","extraTripID":null,"nextStopSeq":17,"routeNumber":77,"vehicleLoad":"unknown","bearing":273,"lastStopSeq":16,"inCongestion":false,"delay":5,"latitude":45.5335108},{"tripID":4411560,"serviceDate":1395730800000,"direction":1,"garage":"POWELL","type":"bus","lastLocID":2626,"messageCode":268,"time":1395755092970,"expires":1395755511000,"signMessageLong":"14  Hawthorne to Portland","extraBlockID":null,"locationInScheduleDay":23640,"longitude":-122.623213,"blockID":1434,"offRoute":false,"nextLocID":2624,"vehicleID":3027,"signMessage":"14 To Portland","extraTripID":null,"nextStopSeq":29,"routeNumber":14,"vehicleLoad":"unknown","bearing":270,"lastStopSeq":28,"inCongestion":false,"delay":-651,"latitude":45.5120449},{"tripID":4418195,"serviceDate":1395730800000,"direction":1,"garage":"POWELL","type":"bus","lastLocID":3185,"messageCode":760,"time":1395755138302,"expires":1395755555000,"signMessageLong":"72  Killingsworth/82nd to Clackamas TC","extraBlockID":null,"locationInScheduleDay":24081,"longitude":-122.5785165,"blockID":7243,"offRoute":false,"nextLocID":8889,"vehicleID":3025,"signMessage":"72 Clackamas TC","extraTripID":null,"nextStopSeq":52,"routeNumber":72,"vehicleLoad":"unknown","bearing":180,"lastStopSeq":51,"inCongestion":false,"delay":-254,"latitude":45.5613649},{"tripID":4419227,"serviceDate":1395730800000,"direction":1,"garage":"CENTER","type":"bus","lastLocID":9481,"messageCode":813,"time":1395755133922,"expires":1395755551000,"signMessageLong":"77  Broadway/Halsey to Montgomery Park","extraBlockID":null,"locationInScheduleDay":24331,"longitude":-122.3982117,"blockID":7702,"offRoute":false,"nextLocID":9471,"vehicleID":2005,"signMessage":"77 Montgomry Pk","extraTripID":null,"nextStopSeq":2,"routeNumber":77,"vehicleLoad":"unknown","bearing":85,"lastStopSeq":1,"inCongestion":false,"delay":0,"latitude":45.5443612},{"tripID":4413877,"serviceDate":1395730800000,"direction":1,"garage":"CENTER","type":"bus","lastLocID":3858,"messageCode":466,"time":1395755135134,"expires":1395755552000,"signMessageLong":"31  Portland","extraBlockID":null,"locationInScheduleDay":23961,"longitude":-122.6502155,"blockID":1402,"offRoute":false,"nextLocID":3837,"vehicleID":2014,"signMessage":"31 To Portland","extraTripID":null,"nextStopSeq":34,"routeNumber":31,"vehicleLoad":"unknown","bearing":310,"lastStopSeq":33,"inCongestion":false,"delay":-371,"latitude":45.4872879}],"queryTime":1395755148802}}
