{"resultSet":{"vehicle":[{"tripID":4419089,"serviceDate":1395730800000,"direction":0,"garage":"POWELL","type":"bus","lastLocID":9472,"messageCode":809,"time":1395760052122,"expires":1395760471000,"signMessageLong":"77  Broadway/Halsey to Troutdale","extraBlockID":null,"locationInScheduleDay":28136,"longitude":-122.3986014,"blockID":7735,"offRoute":false,"nextLocID":9481,"vehicleID":2222,"signMessage":"77 To Troutdale","extraTripID":null,"nextStopSeq":102,"routeNumber":77,"vehicleLoad":"unknown","bearing":85,"lastStopSeq":101,"inCongestion":false,"delay":0,"latitude":45.5443378},{"tripID":4419092,"serviceDate":1395730800000,"direction":0,"garage":"POWELL","type":"bus","lastLocID":7999,"messageCode":809,"time":1395760040198,"expires":1395760459000,"signMessageLong":"77  Broadway/Halsey to Troutdale","extraBlockID":null,"locationInScheduleDay":29280,"longitude":-122.578962,"blockID":7736,"offRoute":false,"nextLocID":2456,"vehicleID":2221,"signMessage":"77 To Troutdale","extraTripID":null,"nextStopSeq":53,"routeNumber":77,"vehicleLoad":"unknown","bearing":0,"lastStopSeq":52,"inCongestion":false,"delay":41,"latitude":45.533614},{"tripID":4411318,"serviceDate":1395730800000,"direction":0,"garage":"POWELL","type":"bus","lastLocID":2628,"messageCode":266,"time":1395760058447,"expires":1395760476000,"signMessageLong":"14  Hawthorne to 94th & Foster","extraBlockID":null,"locationInScheduleDay":29255,"longitude":-122.6203468,"blockID":1438,"offRoute":false,"nextLocID":2630,"vehicleID":2220,"signMessage":"14 To 94-Foster","extraTripID":null,"nextStopSeq":20,"routeNumber":14,"vehicleLoad":"unknown","bearing":90,"lastStopSeq":19,"inCongestion":false,"delay":-1,"latitude":45.51204},{"tripID":4418202,"serviceDate":1395730800000,"direction":1,"garage":"POWELL","type":"bus","lastLocID":7958,"messageCode":760,"time":1395760040199,"expires":1395760458000,"signMessageLong":"72  Killingsworth/82nd to Clackamas TC","extraBlockID":null,"locationInScheduleDay":29253,"longitude":-122.5786978,"blockID":7248,"offRoute":false,"nextLocID":7948,"vehicleID":2215,"signMessage":"72 Clackamas TC","extraTripID":null,"nextStopSeq":80,"routeNumber":72,"vehicleLoad":"unknown","bearing":180,"lastStopSeq":79,"inCongestion":false,"delay":15,"latitude":45.5050686},{"tripID":4418200,"serviceDate":1395730800000,"direction":1,"garage":"POWELL","type":"bus","lastLocID":7942,"messageCode":760,"time":1395760058472,"expires":1395760476000,"signMessageLong":"72  Killingsworth/82nd to Clackamas TC","extraBlockID":null,"locationInScheduleDay":29317,"longitude":-122.5789283,"blockID":7247,"offRoute":false,"nextLocID":12921,"vehicleID":2250,"signMessage":"72 Clackamas TC","extraTripID":null,"nextStopSeq":110,"routeNumber":72,"vehicleLoad":"unknown","bearing":180,"lastStopSeq":109,"inCongestion":false,"delay":61,"latitude":45.4415529},{"tripID":4417876,"serviceDate":1395730800000,"direction":0,"garage":"POWELL","type":"bus","lastLocID":7933,"messageCode":766,"time":1395759950186,"expires":1395760369000,"signMessageLong":"72  Killingsworth/82nd to Swan Island-Anchor St","extraBlockID":null,"locationInScheduleDay":29166,"longitude":-122.5786955,"blockID":7250,"offRoute":false,"nextLocID":8039,"vehicleID":2242,"signMessage":"72 Swan Island","extraTripID":null,"nextStopSeq":58,"routeNumber":72,"vehicleLoad":"unknown","bearing":0,"lastStopSeq":57,"inCongestion":false,"delay":17,"latitude":45.5521393},{"tripID":4419093,"serviceDate":1395730800000,"direction":0,"garage":"POWELL","type":"bus","lastLocID":6235,"messageCode":809,"time":1395759995569,"expires":1395760414000,"signMessageLong":"77  Broadway/Halsey to Troutdale","extraBlockID":null,"locationInScheduleDay":29199,"longitude":-122.6449753,"blockID":7737,"offRoute":false,"nextLocID":6237,"vehicleID":2285,"signMessage":"77 To Troutdale","extraTripID":null,"nextStopSeq":27,"routeNumber":77,"vehicleLoad":"unknown","bearing":90,"lastStopSeq":26,"inCongestion":false,"delay":5,"latitude":45.5343062},{"tripID":4418205,"serviceDate":1395730800000,"direction":1,"garage":"POWELL","type":"bus","lastLocID":63,"messageCode":760,"time":1395760043599,"expires":1395760462000,"signMessageLong":"72  Killingsworth/82nd to Clackamas TC","extraBlockID":null,"locationInScheduleDay":29273,"longitude":-122.6353306,"blockID":7252,"offRoute":false,"nextLocID":11722,"vehicleID":2283,"signMessage":"72 Clackamas TC","extraTripID":null,"nextStopSeq":31,"routeNumber":72,"vehicleLoad":"unknown","bearing":90,"lastStopSeq":30,"inCongestion":false,"delay":31,"latitude":45.5590454},{"tripID":4418204,"serviceDate":1395730800000,"direction":1,"garage":"POWELL","type":"bus","lastLocID":8889,"messageCode":760,"time":1395760055308,"expires":1395760472000,"signMessageLong":"72  Killingsworth/82nd to Clackamas TC","extraBlockID":null,"locationInScheduleDay":29308,"longitude":-122.578572,"blockID":7244,"offRoute":false,"nextLocID":8064,"vehicleID":2276,"signMessage":"72 Clackamas TC","extraTripID":null,"nextStopSeq":53,"routeNumber":72,"vehicleLoad":"unknown","bearing":180,"lastStopSeq":52,"inCongestion":false,"delay":56,"latitude":45.5586359},{"tripID":4411319,"serviceDate":1395730800000,"direction":0,"garage":"POWELL","type":"bus","lastLocID":3635,"messageCode":266,"time":1395760043587,"expires":1395760462000,"signMessageLong":"14  Hawthorne to 94th & Foster","extraBlockID":null,"locationInScheduleDay":29148,"longitude":-122.6758047,"blockID":1439,"offRoute":false,"nextLocID":2641,"vehicleID":2275,"signMessage":"14 To 94-Foster","extraTripID":null,"nextStopSeq":3,"routeNumber":14,"vehicleLoad":"unknown","bearing":111,"lastStopSeq":2,"inCongestion":false,"delay":-94,"latitude":45.5145167},{"tripID":4413883,"serviceDate":1395730800000,"direction":1,"garage":"CENTER","type":"bus","lastLocID":7941,"messageCode":464,"time":1395760043388,"expires":1395760461000,"signMessageLong":"31  To Portland via Milwaukie","extraBlockID":null,"locationInScheduleDay":29269,"longitude":-122.5789279,"blockID":3003,"offRoute":false,"nextLocID":7920,"vehicleID":2119,"signMessage":"31 To Portland","extraTripID":null,"nextStopSeq":3,"routeNumber":31,"vehicleLoad":"unknown","bearing":0,"lastStopSeq":2,"inCongestion":false,"delay":28,"latitude":45.4422567},{"tripID":4417322,"serviceDate":1395730800000,"direction":1,"garage":"CENTER","type":"bus","lastLocID":8304,"messageCode":788,"time":1395760061122,"expires":1395760478000,"signMessageLong":"70  12th/NE 33rd Ave to Milwaukie","extraBlockID":null,"locationInScheduleDay":29036,"longitude":-122.6439539,"blockID":7006,"offRoute":false,"nextLocID":8507,"vehicleID":2150,"signMessage":"70 To Milwaukie","extraTripID":null,"nextStopSeq":10,"routeNumber":70,"vehicleLoad":"unknown","bearing":180,"lastStopSeq":9,"inCongestion":false,"delay":-222,"latitude":45.577365},{"tripID":4417170,"serviceDate":1395730800000,"direction":0,"garage":"CENTER","type":"bus","lastLocID":6876,"messageCode":780,"time":1395760040113,"expires":1395760458000,"signMessageLong":"70  12th/NE 33rd Ave to NE Sunderland","extraBlockID":null,"locationInScheduleDay":29068,"longitude":-122.6483518,"blockID":7008,"offRoute":false,"nextLocID":6849,"vehicleID":2506,"signMessage":"70 To Sunderlnd","extraTripID":null,"nextStopSeq":21,"routeNumber":70,"vehicleLoad":"unknown","bearing":0,"lastStopSeq":20,"inCongestion":false,"delay":-170,"latitude":45.4921575},{"tripID":4413800,"serviceDate":1395730800000,"direction":0,"garage":"CENTER","type":"bus","lastLocID":3226,"messageCode":457,"time":1395760055228,"expires":1395760473000,"signMessageLong":"31  Clackamas Town Center, continuing to Estacada","extraBlockID":null,"locationInScheduleDay":29055,"longitude":-122.5801336,"blockID":3102,"offRoute":false,"nextLocID":7990,"vehicleID":2526,"signMessage":"31 To Estacada via Clackamas","extraTripID":null,"nextStopSeq":20,"routeNumber":31,"vehicleLoad":"unknown","bearing":90,"lastStopSeq":19,"inCongestion":false,"delay":-198,"latitude":45.4470316},{"tripID":4417881,"serviceDate":1395730800000,"direction":0,"garage":"POWELL","type":"bus","lastLocID":12922,"messageCode":766,"time":1395760061199,"expires":1395760478000,"signMessageLong":"72  Killingsworth/82nd to Swan Island-Anchor St","extraBlockID":null,"locationInScheduleDay":29220,"longitude":-122.5740057,"blockID":7238,"offRoute":false,"nextLocID":7941,"vehicleID":2527,"signMessage":"72 Swan Island","extraTripID":null,"nextStopSeq":3,"routeNumber":72,"vehicleLoad":"unknown","bearing":271,"lastStopSeq":2,"inCongestion":false,"delay":-38,"latitude":45.4374107},{"tripID":4417321,"serviceDate":1395730800000,"direction":1,"garage":"CENTER","type":"bus","lastLocID":7126,"messageCode":788,"time":1395760040164,"expires":1395760459000,"signMessageLong":"70  12th/NE 33rd Ave to Milwaukie","extraBlockID":null,"locationInScheduleDay":29244,"longitude":-122.6448585,"blockID":7002,"offRoute":false,"nextLocID":4049,"vehicleID":2524,"signMessage":"70 To Milwaukie","extraTripID":null,"nextStopSeq":41,"routeNumber":70,"vehicleLoad":"unknown","bearing":180,"lastStopSeq":40,"inCongestion":false,"delay":5,"latitude":45.53159},{"tripID":4411571,"serviceDate":1395730800000,"direction":1,"garage":"CENTER","type":"bus","lastLocID":1818,"messageCode":268,"time":1395760040166,"expires":1395760458000,"signMessageLong":"14  Hawthorne to Portland","extraBlockID":null,"locationInScheduleDay":28417,"longitude":-122.5817746,"blockID":1405,"offRoute":false,"nextLocID":1815,"vehicleID":2520,"signMessage":"14 To Portland","extraTripID":null,"nextStopSeq":7,"routeNumber":14,"vehicleLoad":"unknown","bearing":298,"lastStopSeq":6,"inCongestion":false,"delay":-821,"latitude":45.483915},{"tripID":4419230,"serviceDate":1395730800000,"direction":1,"garage":"CENTER","type":"bus","lastLocID":2343,"messageCode":813,"time":1395760058430,"expires":1395760474000,"signMessageLong":"77  Broadway/Halsey to Montgomery Park","extraBlockID":null,"locationInScheduleDay":29242,"longitude":-122.5694014,"blockID":7701,"offRoute":false,"nextLocID":2334,"vehicleID":2512,"signMessage":"77 Montgomry Pk","extraTripID":null,"nextStopSeq":49,"routeNumber":77,"vehicleLoad":"unknown","bearing":271,"lastStopSeq":48,"inCongestion":false,"delay":-12,"latitude":45.5334665},{"tripID":4417872,"serviceDate":1395730800000,"direction":0,"garage":"POWELL","type":"bus","lastLocID":1043,"messageCode":768,"time":1395760040166,"expires":1395760458000,"signMessageLong":"72  Killingsworth/82nd to Swan Island-Shipyards","extraBlockID":null,"locationInScheduleDay":29274,"longitude":-122.7119667,"blockID":7239,"offRoute":false,"nextLocID":1042,"vehicleID":2540,"signMessage":"72 Swan Island","extraTripID":null,"nextStopSeq":116,"routeNumber":72,"vehicleLoad":"unknown","bearing":127,"lastStopSeq":115,"inCongestion":false,"delay":36,"latitude":45.5604328},{"tripID":4418199,"serviceDate":1395730800000,"direction":1,"garage":"POWELL","type":"bus","lastLocID":12921,"messageCode":760,"time":1395760025362,"expires":1395760443000,"signMessageLong":"72  Killingsworth/82nd to Clackamas TC","extraBlockID":null,"locationInScheduleDay":29068,"longitude":-122.5690736,"blockID":7240,"offRoute":false,"nextLocID":13247,"vehicleID":2533,"signMessage":"72 Clackamas TC","extraTripID":null,"nextStopSeq":111,"routeNumber":72,"vehicleLoad":"unknown","bearing":173,"lastStopSeq":110,"inCongestion":false,"delay":0,"latitude":45.4357746},{"tripID":4417874,"serviceDate":1395730800000,"direction":0,"garage":"POWELL","type":"bus","lastLocID":10184,"messageCode":768,"time":1395760061300,"expires":1395760478000,"signMessageLong":"72  Killingsworth/82nd to Swan Island-Shipyards","extraBlockID":null,"locationInScheduleDay":29362,"longitude":-122.6598508,"blockID":7249,"offRoute":false,"nextLocID":5890,"vehicleID":2558,"signMessage":"72 Swan Island","extraTripID":null,"nextStopSeq":92,"routeNumber":72,"vehicleLoad":"unknown","bearing":269,"lastStopSeq":91,"inCongestion":false,"delay":104,"latitude":45.5591237},{"tripID":4417880,"serviceDate":1395730800000,"direction":0,"garage":"POWELL","type":"bus","lastLocID":7982,"messageCode":766,"time":1395760061303,"expires":1395760478000,"signMessageLong":"72  Killingsworth/82nd to Swan Island-Anchor St","extraBlockID":null,"locationInScheduleDay":29216,"longitude":-122.5790746,"blockID":7236,"offRoute":false,"nextLocID":7970,"vehicleID":2552,"signMessage":"72 Swan Island","extraTripID":null,"nextStopSeq":17,"routeNumber":72,"vehicleLoad":"unknown","bearing":359,"lastStopSeq":16,"inCongestion":false,"delay":-42,"latitude":45.471651},{"tripID":4418203,"serviceDate":1395730800000,"direction":1,"garage":"POWELL","type":"bus","lastLocID":8000,"messageCode":760,"time":1395760043870,"expires":1395760462000,"signMessageLong":"72  Killingsworth/82nd to Clackamas TC","extraBlockID":null,"locationInScheduleDay":29235,"longitude":-122.579037,"blockID":7242,"offRoute":false,"nextLocID":7978,"vehicleID":2548,"signMessage":"72 Clackamas TC","extraTripID":null,"nextStopSeq":66,"routeNumber":72,"vehicleLoad":"unknown","bearing":180,"lastStopSeq":65,"inCongestion":false,"delay":-7,"latitude":45.532669},{"tripID":4411569,"serviceDate":1395730800000,"direction":1,"garage":"POWELL","type":"bus","lastLocID":2609,"messageCode":268,"time":1395760043836,"expires":1395760461000,"signMessageLong":"14  Hawthorne to Portland","extraBlockID":null,"locationInScheduleDay":29258,"longitude":-122.6433961,"blockID":1440,"offRoute":false,"nextLocID":2606,"vehicleID":2308,"signMessage":"14 To Portland","extraTripID":null,"nextStopSeq":36,"routeNumber":14,"vehicleLoad":"unknown","bearing":269,"lastStopSeq":35,"inCongestion":false,"delay":17,"latitude":45.5120922},{"tripID":4417879,"serviceDate":1395730800000,"direction":0,"garage":"POWELL","type":"bus","lastLocID":8052,"messageCode":766,"time":1395759965228,"expires":1395760382000,"signMessageLong":"72  Killingsworth/82nd to Swan Island-Anchor St","extraBlockID":null,"locationInScheduleDay":29184,"longitude":-122.5787244,"blockID":7253,"offRoute":false,"nextLocID":8061,"vehicleID":2318,"signMessage":"72 Swan Island","extraTripID":null,"nextStopSeq":31,"routeNumber":72,"vehicleLoad":"unknown","bearing":0,"lastStopSeq":30,"inCongestion":false,"delay":22,"latitude":45.4999528},{"tripID":4411572,"serviceDate":1395730800000,"direction":1,"garage":"POWELL","type":"bus","lastLocID":1798,"messageCode":268,"time":1395760052166,"expires":1395760471000,"signMessageLong":"14  Hawthorne to Portland","extraBlockID":null,"locationInScheduleDay":29216,"longitude":-122.6059455,"blockID":1435,"offRoute":false,"nextLocID":1793,"vehicleID":2316,"signMessage":"14 To Portland","extraTripID":null,"nextStopSeq":17,"routeNumber":14,"vehicleLoad":"unknown","bearing":301,"lastStopSeq":16,"inCongestion":false,"delay":-35,"latitude":45.4942182},{"tripID":4411573,"serviceDate":1395730800000,"direction":1,"garage":"CENTER","type":"bus","lastLocID":1815,"messageCode":268,"time":1395760040156,"expires":1395760457000,"signMessageLong":"14  Hawthorne to Portland","extraBlockID":null,"locationInScheduleDay":29253,"longitude":-122.5849788,"blockID":1403,"offRoute":false,"nextLocID":12948,"vehicleID":2725,"signMessage":"14 To Portland","extraTripID":null,"nextStopSeq":8,"routeNumber":14,"vehicleLoad":"unknown","bearing":295,"lastStopSeq":7,"inCongestion":false,"delay":16,"latitude":45.48508},{"tripID":4419231,"serviceDate":1395730800000,"direction":1,"garage":"CENTER","type":"bus","lastLocID":13505,"messageCode":813,"time":1395760022241,"expires":1395760441000,"signMessageLong":"77  Broadway/Halsey to Montgomery Park","extraBlockID":null,"locationInScheduleDay":29084,"longitude":-122.4491025,"blockID":7705,"offRoute":false,"nextLocID":2411,"vehicleID":2720,"signMessage":"77 Montgomry Pk","extraTripID":null,"nextStopSeq":17,"routeNumber":77,"vehicleLoad":"unknown","bearing":265,"lastStopSeq":16,"inCongestion":false,"delay":-137,"latitude":45.5334614},{"tripID":4411574,"serviceDate":1395730800000,"direction":1,"garage":"CENTER","type":"bus","lastLocID":1829,"messageCode":null,"time":1395760051000,"expires":1395760471000,"signMessageLong":null,"extraBlockID":null,"locationInScheduleDay":null,"longitude":-122.56555,"blockID":1404,"offRoute":false,"nextLocID":1826,"vehicleID":2718,"signMessage":null,"extraTripID":null,"nextStopSeq":null,"routeNumber":14,"vehicleLoad":"unknown","bearing":null,"lastStopSeq":null,"inCongestion":false,"delay":678,"latitude":45.479033},{"tripID":4417320,"serviceDate":1395730800000,"direction":1,"garage":"CENTER","type":"bus","lastLocID":6542,"messageCode":790,"time":1395760046719,"expires":1395760465000,"signMessageLong":"70  12th Ave to Milwaukie via 13th & Tacoma","extraBlockID":null,"locationInScheduleDay":29263,"longitude":-122.6546911,"blockID":7007,"offRoute":false,"nextLocID":6551,"vehicleID":2709,"signMessage":"70 To Milw via 13","extraTripID":null,"nextStopSeq":51,"routeNumber":70,"vehicleLoad":"unknown","bearing":180,"lastStopSeq":50,"inCongestion":false,"delay":18,"latitude":45.5133602},{"tripID":4417168,"serviceDate":1395730800000,"direction":0,"garage":"CENTER","type":"bus","lastLocID":7404,"messageCode":783,"time":1395760046703,"expires":1395760464000,"signMessageLong":"70  33rd Ave to NE Sunderland","extraBlockID":null,"locationInScheduleDay":29294,"longitude":-122.6306879,"blockID":7001,"offRoute":false,"nextLocID":7371,"vehicleID":2704,"signMessage":"70 To Sunderlnd","extraTripID":null,"nextStopSeq":58,"routeNumber":70,"vehicleLoad":"unknown","bearing":0,"lastStopSeq":57,"inCongestion":false,"delay":50,"latitude":45.5599526},{"tripID":4417171,"serviceDate":1395730800000,"direction":0,"garage":"CENTER","type":"bus","lastLocID":6871,"messageCode":782,"time":1395760061139,"expires":1395760478000,"signMessageLong":"70  12th/NE 33rd Ave to NE Sunderland via 13th & Tacoma","extraBlockID":null,"locationInScheduleDay":29210,"longitude":-122.6438167,"blockID":7003,"offRoute":false,"nextLocID":6901,"vehicleID":2705,"signMessage":"70 To Sunderland via 13th","extraTripID":null,"nextStopSeq":4,"routeNumber":70,"vehicleLoad":"unknown","bearing":342,"lastStopSeq":3,"inCongestion":false,"delay":-48,"latitude":45.4483953},{"tripID":4417167,"serviceDate":1395730800000,"direction":0,"garage":"CENTER","type":"bus","lastLocID":13040,"messageCode":783,"time":1395760052084,"expires":1395760471000,"signMessageLong":"70  33rd Ave to NE Sunderland","extraBlockID":null,"locationInScheduleDay":28980,"longitude":-122.6357648,"blockID":7004,"offRoute":false,"nextLocID":9368,"vehicleID":2701,"signMessage":"70 To Sunderlnd","extraTripID":null,"nextStopSeq":83,"routeNumber":70,"vehicleLoad":"unknown","bearing":180,"lastStopSeq":82,"inCongestion":false,"delay":0,"latitude":45.5898735},{"tripID":4419094,"serviceDate":1395730800000,"direction":0,"garage":"CENTER","type":"bus","lastLocID":1606,"messageCode":809,"time":1395760043800,"expires":1395760460000,"signMessageLong":"77  Broadway/Halsey to Troutdale","extraBlockID":null,"locationInScheduleDay":29275,"longitude":-122.6774625,"blockID":7704,"offRoute":false,"nextLocID":8886,"vehicleID":2614,"signMessage":"77 To Troutdale","extraTripID":null,"nextStopSeq":17,"routeNumber":77,"vehicleLoad":"unknown","bearing":88,"lastStopSeq":16,"inCongestion":false,"delay":35,"latitude":45.5251878},{"tripID":4411317,"serviceDate":1395730800000,"direction":0,"garage":"CENTER","type":"bus","lastLocID":1814,"messageCode":266,"time":1395760043781,"expires":1395760460000,"signMessageLong":"14  Hawthorne to 94th & Foster","extraBlockID":null,"locationInScheduleDay":29405,"longitude":-122.5837049,"blockID":1401,"offRoute":false,"nextLocID":1816,"vehicleID":2608,"signMessage":"14 To 94-Foster","extraTripID":null,"nextStopSeq":41,"routeNumber":14,"vehicleLoad":"unknown","bearing":116,"lastStopSeq":40,"inCongestion":false,"delay":165,"latitude":45.4846483},{"tripID":4417169,"serviceDate":1395730800000,"direction":0,"garage":"CENTER","type":"bus","lastLocID":6582,"messageCode":780,"time":1395760037007,"expires":1395760456000,"signMessageLong":"70  12th/NE 33rd Ave to NE Sunderland","extraBlockID":null,"locationInScheduleDay":29359,"longitude":-122.6535925,"blockID":7010,"offRoute":false,"nextLocID":8513,"vehicleID":2623,"signMessage":"70 To Sunderlnd","extraTripID":null,"nextStopSeq":36,"routeNumber":70,"vehicleLoad":"unknown","bearing":0,"lastStopSeq":35,"inCongestion":false,"delay":123,"latitude":45.5289256},{"tripID":4419229,"serviceDate":1395730800000,"direction":1,"garage":"CENTER","type":"bus","lastLocID":10869,"messageCode":813,"time":1395760064449,"expires":1395760480000,"signMessageLong":"77  Broadway/Halsey to Montgomery Park","extraBlockID":null,"locationInScheduleDay":29224,"longitude":-122.6204194,"blockID":7707,"offRoute":false,"nextLocID":7484,"vehicleID":2653,"signMessage":"77 Montgomry Pk","extraTripID":null,"nextStopSeq":69,"routeNumber":77,"vehicleLoad":"unknown","bearing":63,"lastStopSeq":68,"inCongestion":false,"delay":-36,"latitude":45.5332938},{"tripID":4417319,"serviceDate":1395730800000,"direction":1,"garage":"CENTER","type":"bus","lastLocID":6899,"messageCode":789,"time":1395760058516,"expires":1395760477000,"signMessageLong":"70  12th Ave to Milwaukie via 17th & Tacoma","extraBlockID":null,"locationInScheduleDay":29212,"longitude":-122.6482174,"blockID":7009,"offRoute":false,"nextLocID":6857,"vehicleID":2626,"signMessage":"70 To Milw via 17","extraTripID":null,"nextStopSeq":68,"routeNumber":70,"vehicleLoad":"unknown","bearing":178,"lastStopSeq":67,"inCongestion":false,"delay":-45,"latitude":45.4774982},{"tripID":4419228,"serviceDate":1395730800000,"direction":1,"garage":"CENTER","type":"bus","lastLocID":10876,"messageCode":813,"time":1395760040290,"expires":1395760458000,"signMessageLong":"77  Broadway/Halsey to Montgomery Park","extraBlockID":null,"locationInScheduleDay":29084,"longitude":-122.6570764,"blockID":7703,"offRoute":false,"nextLocID":4043,"vehicleID":2630,"signMessage":"77 Montgomry Pk","extraTripID":null,"nextStopSeq":84,"routeNumber":77,"vehicleLoad":"unknown","bearing":270,"lastStopSeq":83,"inCongestion":false,"delay":-154,"latitude":45.5314981},{"tripID":4419233,"serviceDate":1395730800000,"direction":1,"garage":"CENTER","type":"bus","lastLocID":9481,"messageCode":813,"time":1395760067007,"expires":1395760485000,"signMessageLong":"77  Broadway/Halsey to Montgomery Park","extraBlockID":null,"locationInScheduleDay":29265,"longitude":-122.3982117,"blockID":7706,"offRoute":false,"nextLocID":9471,"vehicleID":2632,"signMessage":"77 Montgomry Pk","extraTripID":null,"nextStopSeq":2,"routeNumber":77,"vehicleLoad":"unknown","bearing":85,"lastStopSeq":1,"inCongestion":false,"delay":0,"latitude":45.5443612},{"tripID":4418206,"serviceDate":1395730800000,"direction":1,"garage":"POWELL","type":"bus","lastLocID":3158,"messageCode":760,"time":1395760064330,"expires":1395760481000,"signMessageLong":"72  Killingsworth/82nd to Clackamas TC","extraBlockID":null,"locationInScheduleDay":29331,"longitude":-122.6845553,"blockID":7237,"offRoute":false,"nextLocID":3169,"vehicleID":3004,"signMessage":"72 Clackamas TC","extraTripID":null,"nextStopSeq":12,"routeNumber":72,"vehicleLoad":"unknown","bearing":90,"lastStopSeq":11,"inCongestion":false,"delay":70,"latitude":45.5626753},{"tripID":4413882,"serviceDate":1395730800000,"direction":1,"garage":"POWELL","type":"bus","lastLocID":3785,"messageCode":466,"time":1395760061117,"expires":1395760478000,"signMessageLong":"31  Portland","extraBlockID":null,"locationInScheduleDay":29250,"longitude":-122.646226,"blockID":3136,"offRoute":false,"nextLocID":3858,"vehicleID":3007,"signMessage":"31 To Portland","extraTripID":null,"nextStopSeq":32,"routeNumber":31,"vehicleLoad":"unknown","bearing":303,"lastStopSeq":31,"inCongestion":false,"delay":-8,"latitude":45.4853087},{"tripID":4417878,"serviceDate":1395730800000,"direction":0,"garage":"POWELL","type":"bus","lastLocID":7999,"messageCode":766,"time":1395760046639,"expires":1395760463000,"signMessageLong":"72  Killingsworth/82nd to Swan Island-Anchor St","extraBlockID":null,"locationInScheduleDay":29220,"longitude":-122.578962,"blockID":7251,"offRoute":false,"nextLocID":8042,"vehicleID":3003,"signMessage":"72 Swan Island","extraTripID":null,"nextStopSeq":49,"routeNumber":72,"vehicleLoad":"unknown","bearing":0,"lastStopSeq":48,"inCongestion":false,"delay":-23,"latitude":45.533614},{"tripID":4417873,"serviceDate":1395730800000,"direction":0,"garage":"POWELL","type":"bus","lastLocID":3180,"messageCode":766,"time":1395760049016,"expires":1395760466000,"signMessageLong":"72  Killingsworth/82nd to Swan Island-Anchor St","extraBlockID":null,"locationInScheduleDay":29246,"longitude":-122.6901459,"blockID":7241,"offRoute":false,"nextLocID":3161,"vehicleID":3048,"signMessage":"72 Swan Island","extraTripID":null,"nextStopSeq":103,"routeNumber":72,"vehicleLoad":"unknown","bearing":270,"lastStopSeq":102,"inCongestion":false,"delay":0,"latitude":45.5627268},{"tripID":4418201,"serviceDate":1395730800000,"direction":1,"garage":"POWELL","type":"bus","lastLocID":8058,"messageCode":760,"time":1395760040127,"expires":1395760459000,"signMessageLong":"72  Killingsworth/82nd to Clackamas TC","extraBlockID":null,"locationInScheduleDay":29292,"longitude":-122.5790906,"blockID":7235,"offRoute":false,"nextLocID":7961,"vehicleID":3053,"signMessage":"72 Clackamas TC","extraTripID":null,"nextStopSeq":94,"routeNumber":72,"vehicleLoad":"unknown","bearing":180,"lastStopSeq":93,"inCongestion":false,"delay":53,"latitude":45.4762199},{"tripID":4418207,"serviceDate":1395730800000,"direction":1,"garage":"POWELL","type":"bus","lastLocID":115,"messageCode":760,"time":1395760055213,"expires":1395760473000,"signMessageLong":"72  Killingsworth/82nd to Clackamas TC","extraBlockID":null,"locationInScheduleDay":29253,"longitude":-122.703865,"blockID":7245,"offRoute":false,"nextLocID":8681,"vehicleID":3052,"signMessage":"72 Clackamas TC","extraTripID":null,"nextStopSeq":2,"routeNumber":72,"vehicleLoad":"unknown","bearing":159,"lastStopSeq":1,"inCongestion":false,"delay":0,"latitude":45.5567629},{"tripID":4417875,"serviceDate":1395730800000,"direction":0,"garage":"POWELL","type":"bus","lastLocID":3205,"messageCode":766,"time":1395760040135,"expires":1395760457000,"signMessageLong":"72  Killingsworth/82nd to Swan Island-Anchor St","extraBlockID":null,"locationInScheduleDay":29173,"longitude":-122.6094254,"blockID":7234,"offRoute":false,"nextLocID":3203,"vehicleID":3054,"signMessage":"72 Swan Island","extraTripID":null,"nextStopSeq":72,"routeNumber":72,"vehicleLoad":"unknown","bearing":270,"lastStopSeq":71,"inCongestion":false,"delay":-64,"latitude":45.5627595},{"tripID":4419091,"serviceDate":1395730800000,"direction":0,"garage":"POWELL","type":"bus","lastLocID":2396,"messageCode":809,"time":1395760052095,"expires":1395760471000,"signMessageLong":"77  Broadway/Halsey to Troutdale","extraBlockID":null,"locationInScheduleDay":29062,"longitude":-122.4918543,"blockID":7734,"offRoute":false,"nextLocID":2397,"vehicleID":3046,"signMessage":"77 To Troutdale","extraTripID":null,"nextStopSeq":75,"routeNumber":77,"vehicleLoad":"unknown","bearing":90,"lastStopSeq":74,"inCongestion":false,"delay":-189,"latitude":45.5342997},{"tripID":4419226,"serviceDate":1395730800000,"direction":1,"garage":"POWELL","type":"bus","lastLocID":8483,"messageCode":813,"time":1395760046689,"expires":1395760463000,"signMessageLong":"77  Broadway/Halsey to Montgomery Park","extraBlockID":null,"locationInScheduleDay":28360,"longitude":-122.7069345,"blockID":7738,"offRoute":false,"nextLocID":8484,"vehicleID":3035,"signMessage":"77 Montgomry Pk","extraTripID":null,"nextStopSeq":109,"routeNumber":77,"vehicleLoad":"unknown","bearing":178,"lastStopSeq":108,"inCongestion":false,"delay":0,"latitude":45.5377966},{"tripID":4411570,"serviceDate":1395730800000,"direction":1,"garage":"POWELL","type":"bus","lastLocID":12892,"messageCode":268,"time":1395760058409,"expires":1395760477000,"signMessageLong":"14  Hawthorne to Portland","extraBlockID":null,"locationInScheduleDay":29324,"longitude":-122.6294293,"blockID":1434,"offRoute":false,"nextLocID":2619,"vehicleID":3027,"signMessage":"14 To Portland","extraTripID":null,"nextStopSeq":31,"routeNumber":14,"vehicleLoad":"unknown","bearing":270,"lastStopSeq":30,"inCongestion":false,"delay":67,"latitude":45.5120589},{"tripID":4417877,"serviceDate":1395730800000,"direction":0,"garage":"POWELL","type":"bus","lastLocID":8010,"messageCode":766,"time":1395760058410,"expires":1395760476000,"signMessageLong":"72  Killingsworth/82nd to Swan Island-Anchor St","extraBlockID":null,"locationInScheduleDay":29393,"longitude":-122.5789626,"blockID":7243,"offRoute":false,"nextLocID":7999,"vehicleID":3025,"signMessage":"72 Swan Island","extraTripID":null,"nextStopSeq":48,"routeNumber":72,"vehicleLoad":"unknown","bearing":0,"lastStopSeq":47,"inCongestion":false,"delay":137,"latitude":45.5332909},{"tripID":4419227,"serviceDate":1395730800000,"direction":1,"garage":"CENTER","type":"bus","lastLocID":8481,"messageCode":813,"time":1395760061209,"expires":1395760478000,"signMessageLong":"77  Broadway/Halsey to Montgomery Park","extraBlockID":null,"locationInScheduleDay":29123,"longitude":-122.7084649,"blockID":7702,"offRoute":false,"nextLocID":8482,"vehicleID":2005,"signMessage":"77 Montgomry Pk","extraTripID":null,"nextStopSeq":106,"routeNumber":77,"vehicleLoad":"unknown","bearing":289,"lastStopSeq":105,"inCongestion":false,"delay":-135,"latitude":45.536905},{"tripID":4411568,"serviceDate":1395730800000,"direction":1,"garage":"CENTER","type":"bus","lastLocID":2642,"messageCode":267,"time":1395760046787,"expires":1395760464000,"signMessageLong":"14  Downtown Only","extraBlockID":null,"locationInScheduleDay":29153,"longitude":-122.6670249,"blockID":1402,"offRoute":false,"nextLocID":11956,"vehicleID":2014,"signMessage":"14 Downtown Only","extraTripID":null,"nextStopSeq":43,"routeNumber":14,"vehicleLoad":"unknown","bearing":245,"lastStopSeq":42,"inCongestion":false,"delay":-91,"latitude":45.5126266}],"queryTime":1395760069008}}
