{"resultSet":{"vehicle":[{"tripID":4419221,"serviceDate":1395730800000,"direction":1,"garage":"POWELL","type":"bus","lastLocID":10869,"messageCode":813,"time":1395751282919,"expires":1395751702000,"signMessageLong":"77  Broadway/Halsey to Montgomery Park","extraBlockID":null,"locationInScheduleDay":20580,"longitude":-122.6206252,"blockID":7735,"offRoute":false,"nextLocID":7484,"vehicleID":2222,"signMessage":"77 Montgomry Pk","extraTripID":null,"nextStopSeq":23,"routeNumber":77,"vehicleLoad":"unknown","bearing":89,"lastStopSeq":22,"inCongestion":false,"delay":98,"latitude":45.5332523},{"tripID":4417865,"serviceDate":1395730800000,"direction":0,"garage":"POWELL","type":"bus","lastLocID":8047,"messageCode":768,"time":1395751297990,"expires":1395751715000,"signMessageLong":"72  Killingsworth/82nd to Swan Island-Shipyards","extraBlockID":null,"locationInScheduleDay":20541,"longitude":-122.5790881,"blockID":7238,"offRoute":false,"nextLocID":7930,"vehicleID":2527,"signMessage":"72 Swan Island","extraTripID":null,"nextStopSeq":41,"routeNumber":72,"vehicleLoad":"unknown","bearing":359,"lastStopSeq":40,"inCongestion":false,"delay":46,"latitude":45.5197206},{"tripID":4417312,"serviceDate":1395730800000,"direction":1,"garage":"CENTER","type":"bus","lastLocID":7377,"messageCode":788,"time":1395751282770,"expires":1395751702000,"signMessageLong":"70  12th/NE 33rd Ave to Milwaukie","extraBlockID":null,"locationInScheduleDay":20332,"longitude":-122.6306861,"blockID":7002,"offRoute":false,"nextLocID":644,"vehicleID":2524,"signMessage":"70 To Milwaukie","extraTripID":null,"nextStopSeq":32,"routeNumber":70,"vehicleLoad":"unknown","bearing":179,"lastStopSeq":31,"inCongestion":false,"delay":-150,"latitude":45.5354428},{"tripID":4419220,"serviceDate":1395730800000,"direction":1,"garage":"CENTER","type":"bus","lastLocID":10972,"messageCode":813,"time":1395751297969,"expires":1395751716000,"signMessageLong":"77  Broadway/Halsey to Montgomery Park","extraBlockID":null,"locationInScheduleDay":20402,"longitude":-122.6988789,"blockID":7701,"offRoute":false,"nextLocID":6014,"vehicleID":2512,"signMessage":"77 Montgomry Pk","extraTripID":null,"nextStopSeq":56,"routeNumber":77,"vehicleLoad":"unknown","bearing":358,"lastStopSeq":55,"inCongestion":false,"delay":-94,"latitude":45.5365062},{"tripID":4418192,"serviceDate":1395730800000,"direction":1,"garage":"POWELL","type":"bus","lastLocID":11478,"messageCode":760,"time":1395751282793,"expires":1395751698000,"signMessageLong":"72  Killingsworth/82nd to Clackamas TC","extraBlockID":null,"locationInScheduleDay":20486,"longitude":-122.6587333,"blockID":7239,"offRoute":false,"nextLocID":69,"vehicleID":2540,"signMessage":"72 Clackamas TC","extraTripID":null,"nextStopSeq":23,"routeNumber":72,"vehicleLoad":"unknown","bearing":90,"lastStopSeq":22,"inCongestion":false,"delay":8,"latitude":45.5591214},{"tripID":4417866,"serviceDate":1395730800000,"direction":0,"garage":"POWELL","type":"bus","lastLocID":8017,"messageCode":766,"time":1395751298022,"expires":1395751715000,"signMessageLong":"72  Killingsworth/82nd to Swan Island-Anchor St","extraBlockID":null,"locationInScheduleDay":20533,"longitude":-122.5791426,"blockID":7240,"offRoute":false,"nextLocID":7983,"vehicleID":2533,"signMessage":"72 Swan Island","extraTripID":null,"nextStopSeq":9,"routeNumber":72,"vehicleLoad":"unknown","bearing":0,"lastStopSeq":8,"inCongestion":false,"delay":38,"latitude":45.454635},{"tripID":4417864,"serviceDate":1395730800000,"direction":0,"garage":"POWELL","type":"bus","lastLocID":7927,"messageCode":768,"time":1395751283105,"expires":1395751700000,"signMessageLong":"72  Killingsworth/82nd to Swan Island-Shipyards","extraBlockID":null,"locationInScheduleDay":20291,"longitude":-122.5785121,"blockID":7236,"offRoute":false,"nextLocID":3216,"vehicleID":2552,"signMessage":"72 Swan Island","extraTripID":null,"nextStopSeq":62,"routeNumber":72,"vehicleLoad":"unknown","bearing":0,"lastStopSeq":61,"inCongestion":false,"delay":-189,"latitude":45.5623098},{"tripID":4413874,"serviceDate":1395730800000,"direction":1,"garage":"POWELL","type":"bus","lastLocID":2573,"messageCode":464,"time":1395751283095,"expires":1395751700000,"signMessageLong":"31  To Portland via Milwaukie","extraBlockID":null,"locationInScheduleDay":20427,"longitude":-122.6351192,"blockID":3134,"offRoute":false,"nextLocID":2571,"vehicleID":2555,"signMessage":"31 To Portland","extraTripID":null,"nextStopSeq":21,"routeNumber":31,"vehicleLoad":"unknown","bearing":268,"lastStopSeq":20,"inCongestion":false,"delay":-53,"latitude":45.4464733},{"tripID":4411557,"serviceDate":1395730800000,"direction":1,"garage":"POWELL","type":"bus","lastLocID":2619,"messageCode":268,"time":1395751283075,"expires":1395751698000,"signMessageLong":"14  Hawthorne to Portland","extraBlockID":null,"locationInScheduleDay":20477,"longitude":-122.6324191,"blockID":1435,"offRoute":false,"nextLocID":2616,"vehicleID":2316,"signMessage":"14 To Portland","extraTripID":null,"nextStopSeq":32,"routeNumber":14,"vehicleLoad":"unknown","bearing":270,"lastStopSeq":31,"inCongestion":false,"delay":-1,"latitude":45.5120625},{"tripID":4417161,"serviceDate":1395730800000,"direction":0,"garage":"CENTER","type":"bus","lastLocID":7365,"messageCode":783,"time":1395751294751,"expires":1395751712000,"signMessageLong":"70  33rd Ave to NE Sunderland","extraBlockID":null,"locationInScheduleDay":20404,"longitude":-122.6306974,"blockID":7001,"offRoute":false,"nextLocID":7385,"vehicleID":2704,"signMessage":"70 To Sunderlnd","extraTripID":null,"nextStopSeq":51,"routeNumber":70,"vehicleLoad":"unknown","bearing":359,"lastStopSeq":50,"inCongestion":false,"delay":-88,"latitude":45.5403643},{"tripID":4417162,"serviceDate":1395730800000,"direction":0,"garage":"CENTER","type":"bus","lastLocID":6848,"messageCode":781,"time":1395751294747,"expires":1395751712000,"signMessageLong":"70  12th/NE 33rd Ave to NE Sunderland via 17th & Tacoma","extraBlockID":null,"locationInScheduleDay":20538,"longitude":-122.6478104,"blockID":7003,"offRoute":false,"nextLocID":6856,"vehicleID":2705,"signMessage":"70 To Sunderland via 17th","extraTripID":null,"nextStopSeq":13,"routeNumber":70,"vehicleLoad":"unknown","bearing":355,"lastStopSeq":12,"inCongestion":false,"delay":46,"latitude":45.4744144},{"tripID":4418191,"serviceDate":1395730800000,"direction":1,"garage":"POWELL","type":"bus","lastLocID":8038,"messageCode":760,"time":1395751291650,"expires":1395751711000,"signMessageLong":"72  Killingsworth/82nd to Clackamas TC","extraBlockID":null,"locationInScheduleDay":20324,"longitude":-122.5786844,"blockID":7237,"offRoute":false,"nextLocID":7934,"vehicleID":3004,"signMessage":"72 Clackamas TC","extraTripID":null,"nextStopSeq":56,"routeNumber":72,"vehicleLoad":"unknown","bearing":180,"lastStopSeq":55,"inCongestion":false,"delay":-167,"latitude":45.5526992},{"tripID":4417867,"serviceDate":1395730800000,"direction":0,"garage":"POWELL","type":"bus","lastLocID":13248,"messageCode":768,"time":1395751306705,"expires":1395751726000,"signMessageLong":"72  Killingsworth/82nd to Swan Island-Shipyards","extraBlockID":null,"locationInScheduleDay":21028,"longitude":-122.5691015,"blockID":7235,"offRoute":false,"nextLocID":12922,"vehicleID":3053,"signMessage":"72 Swan Island","extraTripID":null,"nextStopSeq":2,"routeNumber":72,"vehicleLoad":"unknown","bearing":353,"lastStopSeq":1,"inCongestion":false,"delay":522,"latitude":45.4359416},{"tripID":4417863,"serviceDate":1395730800000,"direction":0,"garage":"POWELL","type":"bus","lastLocID":2202,"messageCode":768,"time":1395751297960,"expires":1395751715000,"signMessageLong":"72  Killingsworth/82nd to Swan Island-Shipyards","extraBlockID":null,"locationInScheduleDay":20343,"longitude":-122.6927654,"blockID":7234,"offRoute":false,"nextLocID":2161,"vehicleID":3054,"signMessage":"72 Swan Island","extraTripID":null,"nextStopSeq":107,"routeNumber":72,"vehicleLoad":"unknown","bearing":270,"lastStopSeq":106,"inCongestion":false,"delay":-152,"latitude":45.5559981},{"tripID":4419222,"serviceDate":1395730800000,"direction":1,"garage":"POWELL","type":"bus","lastLocID":13505,"messageCode":813,"time":1395751249630,"expires":1395751667000,"signMessageLong":"77  Broadway/Halsey to Montgomery Park","extraBlockID":null,"locationInScheduleDay":20419,"longitude":-122.451099,"blockID":7734,"offRoute":false,"nextLocID":2411,"vehicleID":3046,"signMessage":"77 Montgomry Pk","extraTripID":null,"nextStopSeq":17,"routeNumber":77,"vehicleLoad":"unknown","bearing":270,"lastStopSeq":16,"inCongestion":false,"delay":-28,"latitude":45.533404},{"tripID":4411310,"serviceDate":1395730800000,"direction":0,"garage":"POWELL","type":"bus","lastLocID":7660,"messageCode":266,"time":1395751282657,"expires":1395751701000,"signMessageLong":"14  Hawthorne to 94th & Foster","extraBlockID":null,"locationInScheduleDay":20540,"longitude":-122.6112663,"blockID":1434,"offRoute":false,"nextLocID":7655,"vehicleID":3027,"signMessage":"14 To 94-Foster","extraTripID":null,"nextStopSeq":25,"routeNumber":14,"vehicleLoad":"unknown","bearing":179,"lastStopSeq":24,"inCongestion":false,"delay":59,"latitude":45.5073551},{"tripID":4419085,"serviceDate":1395730800000,"direction":0,"garage":"CENTER","type":"bus","lastLocID":6239,"messageCode":809,"time":1395751282823,"expires":1395751698000,"signMessageLong":"77  Broadway/Halsey to Troutdale","extraBlockID":null,"locationInScheduleDay":20591,"longitude":-122.6395679,"blockID":7702,"offRoute":false,"nextLocID":636,"vehicleID":2005,"signMessage":"77 To Troutdale","extraTripID":null,"nextStopSeq":29,"routeNumber":77,"vehicleLoad":"unknown","bearing":89,"lastStopSeq":28,"inCongestion":false,"delay":113,"latitude":45.5351618}],"queryTime":1395751308654}}
