{"resultSet":{"vehicle":[{"tripID":4411559,"serviceDate":1395730800000,"direction":1,"garage":"POWELL","type":"bus","lastLocID":1805,"messageCode":268,"time":1395752669037,"expires":1395753083000,"signMessageLong":"14  Hawthorne to Portland","extraBlockID":null,"locationInScheduleDay":21930,"longitude":-122.5945961,"blockID":1436,"offRoute":false,"nextLocID":1803,"vehicleID":2206,"signMessage":"14 To Portland","extraTripID":null,"nextStopSeq":12,"routeNumber":14,"vehicleLoad":"unknown","bearing":300,"lastStopSeq":11,"inCongestion":false,"delay":67,"latitude":45.4887487},{"tripID":4419221,"serviceDate":1395730800000,"direction":1,"garage":"POWELL","type":"bus","lastLocID":7113,"messageCode":813,"time":1395752651010,"expires":1395753069000,"signMessageLong":"77  Broadway/Halsey to Montgomery Park","extraBlockID":null,"locationInScheduleDay":21770,"longitude":-122.6945485,"blockID":7735,"offRoute":false,"nextLocID":7122,"vehicleID":2222,"signMessage":"77 Montgomry Pk","extraTripID":null,"nextStopSeq":50,"routeNumber":77,"vehicleLoad":"unknown","bearing":358,"lastStopSeq":49,"inCongestion":false,"delay":-79,"latitude":45.5295121},{"tripID":4419223,"serviceDate":1395730800000,"direction":1,"garage":"POWELL","type":"bus","lastLocID":8860,"messageCode":813,"time":1395752614653,"expires":1395753032000,"signMessageLong":"77  Broadway/Halsey to Montgomery Park","extraBlockID":null,"locationInScheduleDay":21780,"longitude":-122.4783056,"blockID":7736,"offRoute":false,"nextLocID":2349,"vehicleID":2221,"signMessage":"77 Montgomry Pk","extraTripID":null,"nextStopSeq":23,"routeNumber":77,"vehicleLoad":"unknown","bearing":269,"lastStopSeq":22,"inCongestion":false,"delay":-32,"latitude":45.5347035},{"tripID":4413875,"serviceDate":1395730800000,"direction":1,"garage":"POWELL","type":"bus","lastLocID":3658,"messageCode":466,"time":1395752645180,"expires":1395753064000,"signMessageLong":"31  Portland","extraBlockID":null,"locationInScheduleDay":21742,"longitude":-122.6398117,"blockID":3137,"offRoute":false,"nextLocID":3652,"vehicleID":2258,"signMessage":"31 To Portland","extraTripID":null,"nextStopSeq":30,"routeNumber":31,"vehicleLoad":"unknown","bearing":10,"lastStopSeq":29,"inCongestion":false,"delay":-102,"latitude":45.4566196},{"tripID":4419224,"serviceDate":1395730800000,"direction":1,"garage":"POWELL","type":"bus","lastLocID":9471,"messageCode":813,"time":1395752674875,"expires":1395753092000,"signMessageLong":"77  Broadway/Halsey to Montgomery Park","extraBlockID":null,"locationInScheduleDay":21865,"longitude":-122.3906801,"blockID":7737,"offRoute":false,"nextLocID":8746,"vehicleID":2285,"signMessage":"77 Montgomry Pk","extraTripID":null,"nextStopSeq":3,"routeNumber":77,"vehicleLoad":"unknown","bearing":180,"lastStopSeq":2,"inCongestion":false,"delay":-7,"latitude":45.5432045},{"tripID":4417163,"serviceDate":1395730800000,"direction":0,"garage":"CENTER","type":"bus","lastLocID":6893,"messageCode":780,"time":1395752659590,"expires":1395753079000,"signMessageLong":"70  12th/NE 33rd Ave to NE Sunderland","extraBlockID":null,"locationInScheduleDay":21923,"longitude":-122.648363,"blockID":7005,"offRoute":false,"nextLocID":6863,"vehicleID":2132,"signMessage":"70 To Sunderlnd","extraTripID":null,"nextStopSeq":22,"routeNumber":70,"vehicleLoad":"unknown","bearing":0,"lastStopSeq":21,"inCongestion":false,"delay":64,"latitude":45.4885841},{"tripID":4417313,"serviceDate":1395730800000,"direction":1,"garage":"CENTER","type":"bus","lastLocID":8937,"messageCode":738,"time":1395752686979,"expires":1395753102000,"signMessageLong":"70  12th Ave to Milwaukie via 13th & Tacoma","extraBlockID":null,"locationInScheduleDay":21682,"longitude":-122.6544567,"blockID":7006,"offRoute":false,"nextLocID":6583,"vehicleID":2150,"signMessage":"70 To Milwaukie","extraTripID":null,"nextStopSeq":2,"routeNumber":70,"vehicleLoad":"unknown","bearing":157,"lastStopSeq":1,"inCongestion":false,"delay":-200,"latitude":45.5292496},{"tripID":4417865,"serviceDate":1395730800000,"direction":0,"garage":"POWELL","type":"bus","lastLocID":3189,"messageCode":768,"time":1395752645113,"expires":1395753064000,"signMessageLong":"72  Killingsworth/82nd to Swan Island-Shipyards","extraBlockID":null,"locationInScheduleDay":21640,"longitude":-122.6349061,"blockID":7238,"offRoute":false,"nextLocID":7328,"vehicleID":2527,"signMessage":"72 Swan Island","extraTripID":null,"nextStopSeq":80,"routeNumber":72,"vehicleLoad":"unknown","bearing":161,"lastStopSeq":79,"inCongestion":false,"delay":-204,"latitude":45.5626569},{"tripID":4417312,"serviceDate":1395730800000,"direction":1,"garage":"CENTER","type":"bus","lastLocID":6864,"messageCode":789,"time":1395752687008,"expires":1395753102000,"signMessageLong":"70  12th Ave to Milwaukie via 17th & Tacoma","extraBlockID":null,"locationInScheduleDay":21680,"longitude":-122.6483637,"blockID":7002,"offRoute":false,"nextLocID":6894,"vehicleID":2524,"signMessage":"70 To Milw via 17","extraTripID":null,"nextStopSeq":63,"routeNumber":70,"vehicleLoad":"unknown","bearing":180,"lastStopSeq":62,"inCongestion":false,"delay":-202,"latitude":45.4882241},{"tripID":4419087,"serviceDate":1395730800000,"direction":0,"garage":"CENTER","type":"bus","lastLocID":7112,"messageCode":809,"time":1395752674771,"expires":1395753093000,"signMessageLong":"77  Broadway/Halsey to Troutdale","extraBlockID":null,"locationInScheduleDay":21984,"longitude":-122.6942935,"blockID":7701,"offRoute":false,"nextLocID":1615,"vehicleID":2512,"signMessage":"77 To Troutdale","extraTripID":null,"nextStopSeq":11,"routeNumber":77,"vehicleLoad":"unknown","bearing":88,"lastStopSeq":10,"inCongestion":false,"delay":111,"latitude":45.524878},{"tripID":4418192,"serviceDate":1395730800000,"direction":1,"garage":"POWELL","type":"bus","lastLocID":8000,"messageCode":760,"time":1395752669009,"expires":1395753083000,"signMessageLong":"72  Killingsworth/82nd to Clackamas TC","extraBlockID":null,"locationInScheduleDay":21840,"longitude":-122.5791014,"blockID":7239,"offRoute":false,"nextLocID":7978,"vehicleID":2540,"signMessage":"72 Clackamas TC","extraTripID":null,"nextStopSeq":66,"routeNumber":72,"vehicleLoad":"unknown","bearing":180,"lastStopSeq":65,"inCongestion":false,"delay":-23,"latitude":45.5334929},{"tripID":4417866,"serviceDate":1395730800000,"direction":0,"garage":"POWELL","type":"bus","lastLocID":7999,"messageCode":766,"time":1395752669033,"expires":1395753083000,"signMessageLong":"72  Killingsworth/82nd to Swan Island-Anchor St","extraBlockID":null,"locationInScheduleDay":21663,"longitude":-122.5789616,"blockID":7240,"offRoute":false,"nextLocID":8042,"vehicleID":2533,"signMessage":"72 Swan Island","extraTripID":null,"nextStopSeq":49,"routeNumber":72,"vehicleLoad":"unknown","bearing":0,"lastStopSeq":48,"inCongestion":false,"delay":-200,"latitude":45.5338132},{"tripID":4417864,"serviceDate":1395730800000,"direction":0,"garage":"POWELL","type":"bus","lastLocID":3163,"messageCode":768,"time":1395752669126,"expires":1395753083000,"signMessageLong":"72  Killingsworth/82nd to Swan Island-Shipyards","extraBlockID":null,"locationInScheduleDay":21471,"longitude":-122.688383,"blockID":7236,"offRoute":false,"nextLocID":3180,"vehicleID":2552,"signMessage":"72 Swan Island","extraTripID":null,"nextStopSeq":102,"routeNumber":72,"vehicleLoad":"unknown","bearing":270,"lastStopSeq":101,"inCongestion":false,"delay":-392,"latitude":45.562715},{"tripID":4413874,"serviceDate":1395730800000,"direction":1,"garage":"POWELL","type":"bus","lastLocID":7797,"messageCode":467,"time":1395752662929,"expires":1395753080000,"signMessageLong":"31  Downtown Only","extraBlockID":null,"locationInScheduleDay":21893,"longitude":-122.6767373,"blockID":3134,"offRoute":false,"nextLocID":7751,"vehicleID":2555,"signMessage":"31 Downtown Only","extraTripID":null,"nextStopSeq":40,"routeNumber":31,"vehicleLoad":"unknown","bearing":20,"lastStopSeq":39,"inCongestion":false,"delay":33,"latitude":45.5225158},{"tripID":4417868,"serviceDate":1395730800000,"direction":0,"garage":"POWELL","type":"bus","lastLocID":13248,"messageCode":null,"time":1395752663000,"expires":1395753083000,"signMessageLong":null,"extraBlockID":null,"locationInScheduleDay":null,"longitude":-122.569214,"blockID":7242,"offRoute":false,"nextLocID":12922,"vehicleID":2548,"signMessage":null,"extraTripID":null,"nextStopSeq":null,"routeNumber":72,"vehicleLoad":"unknown","bearing":null,"lastStopSeq":null,"inCongestion":false,"delay":-91,"latitude":45.436621},{"tripID":4411311,"serviceDate":1395730800000,"direction":0,"garage":"POWELL","type":"bus","lastLocID":2620,"messageCode":266,"time":1395752659816,"expires":1395753079000,"signMessageLong":"14  Hawthorne to 94th & Foster","extraBlockID":null,"locationInScheduleDay":21905,"longitude":-122.6277864,"blockID":1435,"offRoute":false,"nextLocID":2623,"vehicleID":2316,"signMessage":"14 To 94-Foster","extraTripID":null,"nextStopSeq":17,"routeNumber":14,"vehicleLoad":"unknown","bearing":90,"lastStopSeq":16,"inCongestion":false,"delay":46,"latitude":45.5120541},{"tripID":4413876,"serviceDate":1395730800000,"direction":1,"garage":"CENTER","type":"bus","lastLocID":12922,"messageCode":462,"time":1395752617837,"expires":1395753036000,"signMessageLong":"31L Portland Limited","extraBlockID":null,"locationInScheduleDay":21729,"longitude":-122.5789224,"blockID":3101,"offRoute":false,"nextLocID":3228,"vehicleID":2714,"signMessage":"31L To Portland Limited","extraTripID":null,"nextStopSeq":2,"routeNumber":31,"vehicleLoad":"unknown","bearing":0,"lastStopSeq":1,"inCongestion":false,"delay":-87,"latitude":45.4434811},{"tripID":4417161,"serviceDate":1395730800000,"direction":0,"garage":"CENTER","type":"bus","lastLocID":13040,"messageCode":783,"time":1395752674733,"expires":1395753092000,"signMessageLong":"70  33rd Ave to NE Sunderland","extraBlockID":null,"locationInScheduleDay":21300,"longitude":-122.6357648,"blockID":7001,"offRoute":false,"nextLocID":9368,"vehicleID":2704,"signMessage":"70 To Sunderlnd","extraTripID":null,"nextStopSeq":83,"routeNumber":70,"vehicleLoad":"unknown","bearing":180,"lastStopSeq":82,"inCongestion":false,"delay":0,"latitude":45.5898735},{"tripID":4417162,"serviceDate":1395730800000,"direction":0,"garage":"CENTER","type":"bus","lastLocID":7138,"messageCode":783,"time":1395752674731,"expires":1395753094000,"signMessageLong":"70  33rd Ave to NE Sunderland","extraBlockID":null,"locationInScheduleDay":21929,"longitude":-122.6448414,"blockID":7003,"offRoute":false,"nextLocID":6237,"vehicleID":2705,"signMessage":"70 To Sunderlnd","extraTripID":null,"nextStopSeq":40,"routeNumber":70,"vehicleLoad":"unknown","bearing":359,"lastStopSeq":39,"inCongestion":false,"delay":55,"latitude":45.5342166},{"tripID":4417314,"serviceDate":1395730800000,"direction":1,"garage":"CENTER","type":"bus","lastLocID":7363,"messageCode":788,"time":1395752678933,"expires":1395753096000,"signMessageLong":"70  12th/NE 33rd Ave to Milwaukie","extraBlockID":null,"locationInScheduleDay":21842,"longitude":-122.6307021,"blockID":7004,"offRoute":false,"nextLocID":7391,"vehicleID":2701,"signMessage":"70 To Milwaukie","extraTripID":null,"nextStopSeq":21,"routeNumber":70,"vehicleLoad":"unknown","bearing":180,"lastStopSeq":20,"inCongestion":false,"delay":-34,"latitude":45.5555949},{"tripID":4411558,"serviceDate":1395730800000,"direction":1,"garage":"CENTER","type":"bus","lastLocID":2611,"messageCode":268,"time":1395752632785,"expires":1395753050000,"signMessageLong":"14  Hawthorne to Portland","extraBlockID":null,"locationInScheduleDay":21889,"longitude":-122.6425924,"blockID":1401,"offRoute":false,"nextLocID":2609,"vehicleID":2608,"signMessage":"14 To Portland","extraTripID":null,"nextStopSeq":35,"routeNumber":14,"vehicleLoad":"unknown","bearing":270,"lastStopSeq":34,"inCongestion":false,"delay":59,"latitude":45.5120894},{"tripID":4419086,"serviceDate":1395730800000,"direction":0,"garage":"CENTER","type":"bus","lastLocID":11817,"messageCode":809,"time":1395752659768,"expires":1395753077000,"signMessageLong":"77  Broadway/Halsey to Troutdale","extraBlockID":null,"locationInScheduleDay":21360,"longitude":-122.6659959,"blockID":7703,"offRoute":false,"nextLocID":13708,"vehicleID":2630,"signMessage":"77 To Troutdale","extraTripID":null,"nextStopSeq":20,"routeNumber":77,"vehicleLoad":"unknown","bearing":86,"lastStopSeq":19,"inCongestion":false,"delay":-497,"latitude":45.5307959},{"tripID":4418191,"serviceDate":1395730800000,"direction":1,"garage":"POWELL","type":"bus","lastLocID":7996,"messageCode":760,"time":1395752686979,"expires":1395753102000,"signMessageLong":"72  Killingsworth/82nd to Clackamas TC","extraBlockID":null,"locationInScheduleDay":21739,"longitude":-122.5790892,"blockID":7237,"offRoute":false,"nextLocID":7988,"vehicleID":3004,"signMessage":"72 Clackamas TC","extraTripID":null,"nextStopSeq":103,"routeNumber":72,"vehicleLoad":"unknown","bearing":180,"lastStopSeq":102,"inCongestion":false,"delay":-143,"latitude":45.458501},{"tripID":4418193,"serviceDate":1395730800000,"direction":1,"garage":"POWELL","type":"bus","lastLocID":3199,"messageCode":760,"time":1395752680751,"expires":1395753099000,"signMessageLong":"72  Killingsworth/82nd to Clackamas TC","extraBlockID":null,"locationInScheduleDay":21871,"longitude":-122.617607,"blockID":7241,"offRoute":false,"nextLocID":3144,"vehicleID":3048,"signMessage":"72 Clackamas TC","extraTripID":null,"nextStopSeq":41,"routeNumber":72,"vehicleLoad":"unknown","bearing":90,"lastStopSeq":40,"inCongestion":false,"delay":-8,"latitude":45.5628006},{"tripID":4417867,"serviceDate":1395730800000,"direction":0,"garage":"POWELL","type":"bus","lastLocID":8027,"messageCode":768,"time":1395752659622,"expires":1395753076000,"signMessageLong":"72  Killingsworth/82nd to Swan Island-Shipyards","extraBlockID":null,"locationInScheduleDay":21841,"longitude":-122.5789992,"blockID":7235,"offRoute":false,"nextLocID":7964,"vehicleID":3053,"signMessage":"72 Swan Island","extraTripID":null,"nextStopSeq":22,"routeNumber":72,"vehicleLoad":"unknown","bearing":0,"lastStopSeq":21,"inCongestion":false,"delay":-15,"latitude":45.4811395},{"tripID":4418194,"serviceDate":1395730800000,"direction":1,"garage":"POWELL","type":"bus","lastLocID":3160,"messageCode":760,"time":1395752662871,"expires":1395753081000,"signMessageLong":"72  Killingsworth/82nd to Clackamas TC","extraBlockID":null,"locationInScheduleDay":21893,"longitude":-122.6922089,"blockID":7234,"offRoute":false,"nextLocID":3179,"vehicleID":3054,"signMessage":"72 Clackamas TC","extraTripID":null,"nextStopSeq":9,"routeNumber":72,"vehicleLoad":"unknown","bearing":90,"lastStopSeq":8,"inCongestion":false,"delay":32,"latitude":45.5627457},{"tripID":4419222,"serviceDate":1395730800000,"direction":1,"garage":"POWELL","type":"bus","lastLocID":10846,"messageCode":813,"time":1395752659649,"expires":1395753079000,"signMessageLong":"77  Broadway/Halsey to Montgomery Park","extraBlockID":null,"locationInScheduleDay":21425,"longitude":-122.579099,"blockID":7734,"offRoute":false,"nextLocID":7916,"vehicleID":3046,"signMessage":"77 Montgomry Pk","extraTripID":null,"nextStopSeq":53,"routeNumber":77,"vehicleLoad":"unknown","bearing":181,"lastStopSeq":52,"inCongestion":false,"delay":-434,"latitude":45.5338806},{"tripID":4411310,"serviceDate":1395730800000,"direction":0,"garage":"POWELL","type":"bus","lastLocID":6398,"messageCode":null,"time":1395752661000,"expires":1395753081000,"signMessageLong":null,"extraBlockID":null,"locationInScheduleDay":null,"longitude":-122.566183,"blockID":1434,"offRoute":false,"nextLocID":8134,"vehicleID":3027,"signMessage":null,"extraTripID":null,"nextStopSeq":null,"routeNumber":14,"vehicleLoad":"unknown","bearing":null,"lastStopSeq":null,"inCongestion":false,"delay":55,"latitude":45.47915},{"tripID":4419085,"serviceDate":1395730800000,"direction":0,"garage":"CENTER","type":"bus","lastLocID":2358,"messageCode":809,"time":1395752679095,"expires":1395753096000,"signMessageLong":"77  Broadway/Halsey to Troutdale","extraBlockID":null,"locationInScheduleDay":21944,"longitude":-122.5491927,"blockID":7702,"offRoute":false,"nextLocID":2360,"vehicleID":2005,"signMessage":"77 To Troutdale","extraTripID":null,"nextStopSeq":60,"routeNumber":77,"vehicleLoad":"unknown","bearing":90,"lastStopSeq":59,"inCongestion":false,"delay":68,"latitude":45.5334997}],"queryTime":1395752688730}}
