{"resultSet":{"vehicle":[{"tripID":4419232,"serviceDate":1395730800000,"direction":1,"garage":"POWELL","type":"bus","lastLocID":2411,"messageCode":813,"time":1395761082740,"expires":1395761498000,"signMessageLong":"77  Broadway/Halsey to Montgomery Park","extraBlockID":null,"locationInScheduleDay":30251,"longitude":-122.4572381,"blockID":7735,"offRoute":false,"nextLocID":8825,"vehicleID":2222,"signMessage":"77 Montgomry Pk","extraTripID":null,"nextStopSeq":18,"routeNumber":77,"vehicleLoad":"unknown","bearing":275,"lastStopSeq":17,"inCongestion":false,"delay":-27,"latitude":45.5335767},{"tripID":4419092,"serviceDate":1395730800000,"direction":0,"garage":"POWELL","type":"bus","lastLocID":2353,"messageCode":809,"time":1395761047995,"expires":1395761462000,"signMessageLong":"77  Broadway/Halsey to Troutdale","extraBlockID":null,"locationInScheduleDay":30349,"longitude":-122.4570233,"blockID":7736,"offRoute":false,"nextLocID":2410,"vehicleID":2221,"signMessage":"77 To Troutdale","extraTripID":null,"nextStopSeq":84,"routeNumber":77,"vehicleLoad":"unknown","bearing":95,"lastStopSeq":83,"inCongestion":false,"delay":107,"latitude":45.5335623},{"tripID":4411318,"serviceDate":1395730800000,"direction":0,"garage":"POWELL","type":"bus","lastLocID":8134,"messageCode":266,"time":1395761075881,"expires":1395761493000,"signMessageLong":"14  Hawthorne to 94th & Foster","extraBlockID":null,"locationInScheduleDay":30314,"longitude":-122.5634746,"blockID":1438,"offRoute":false,"nextLocID":1831,"vehicleID":2220,"signMessage":"14 To 94-Foster","extraTripID":null,"nextStopSeq":49,"routeNumber":14,"vehicleLoad":"unknown","bearing":359,"lastStopSeq":48,"inCongestion":false,"delay":0,"latitude":45.4781758},{"tripID":4418202,"serviceDate":1395730800000,"direction":1,"garage":"POWELL","type":"bus","lastLocID":7996,"messageCode":760,"time":1395761030781,"expires":1395761449000,"signMessageLong":"72  Killingsworth/82nd to Clackamas TC","extraBlockID":null,"locationInScheduleDay":30107,"longitude":-122.5791015,"blockID":7248,"offRoute":false,"nextLocID":7988,"vehicleID":2215,"signMessage":"72 Clackamas TC","extraTripID":null,"nextStopSeq":103,"routeNumber":72,"vehicleLoad":"unknown","bearing":180,"lastStopSeq":102,"inCongestion":false,"delay":-122,"latitude":45.4577814},{"tripID":4411575,"serviceDate":1395730800000,"direction":1,"garage":"POWELL","type":"bus","lastLocID":1778,"messageCode":268,"time":1395761075916,"expires":1395761492000,"signMessageLong":"14  Hawthorne to Portland","extraBlockID":null,"locationInScheduleDay":30443,"longitude":-122.5979504,"blockID":1437,"offRoute":false,"nextLocID":12904,"vehicleID":2270,"signMessage":"14 To Portland","extraTripID":null,"nextStopSeq":14,"routeNumber":14,"vehicleLoad":"unknown","bearing":300,"lastStopSeq":13,"inCongestion":false,"delay":171,"latitude":45.4901422},{"tripID":4417876,"serviceDate":1395730800000,"direction":0,"garage":"POWELL","type":"bus","lastLocID":51,"messageCode":766,"time":1395761063751,"expires":1395761480000,"signMessageLong":"72  Killingsworth/82nd to Swan Island-Anchor St","extraBlockID":null,"locationInScheduleDay":30332,"longitude":-122.6534183,"blockID":7250,"offRoute":false,"nextLocID":49,"vehicleID":2242,"signMessage":"72 Swan Island","extraTripID":null,"nextStopSeq":89,"routeNumber":72,"vehicleLoad":"unknown","bearing":270,"lastStopSeq":88,"inCongestion":false,"delay":72,"latitude":45.5591047},{"tripID":4417882,"serviceDate":1395730800000,"direction":0,"garage":"POWELL","type":"bus","lastLocID":7993,"messageCode":766,"time":1395761075904,"expires":1395761491000,"signMessageLong":"72  Killingsworth/82nd to Swan Island-Anchor St","extraBlockID":null,"locationInScheduleDay":30356,"longitude":-122.579052,"blockID":7246,"offRoute":false,"nextLocID":7962,"vehicleID":2296,"signMessage":"72 Swan Island","extraTripID":null,"nextStopSeq":15,"routeNumber":72,"vehicleLoad":"unknown","bearing":0,"lastStopSeq":14,"inCongestion":false,"delay":85,"latitude":45.4682339},{"tripID":4419093,"serviceDate":1395730800000,"direction":0,"garage":"POWELL","type":"bus","lastLocID":2454,"messageCode":809,"time":1395761054928,"expires":1395761471000,"signMessageLong":"77  Broadway/Halsey to Troutdale","extraBlockID":null,"locationInScheduleDay":30291,"longitude":-122.5808528,"blockID":7737,"offRoute":false,"nextLocID":9217,"vehicleID":2285,"signMessage":"77 To Troutdale","extraTripID":null,"nextStopSeq":51,"routeNumber":77,"vehicleLoad":"unknown","bearing":89,"lastStopSeq":50,"inCongestion":false,"delay":40,"latitude":45.5335672},{"tripID":4418205,"serviceDate":1395730800000,"direction":1,"garage":"POWELL","type":"bus","lastLocID":8045,"messageCode":760,"time":1395761075926,"expires":1395761492000,"signMessageLong":"72  Killingsworth/82nd to Clackamas TC","extraBlockID":null,"locationInScheduleDay":30295,"longitude":-122.5788388,"blockID":7252,"offRoute":false,"nextLocID":8002,"vehicleID":2283,"signMessage":"72 Clackamas TC","extraTripID":null,"nextStopSeq":60,"routeNumber":72,"vehicleLoad":"unknown","bearing":180,"lastStopSeq":59,"inCongestion":false,"delay":23,"latitude":45.5446907},{"tripID":4418204,"serviceDate":1395730800000,"direction":1,"garage":"POWELL","type":"bus","lastLocID":8008,"messageCode":760,"time":1395761036669,"expires":1395761454000,"signMessageLong":"72  Killingsworth/82nd to Clackamas TC","extraBlockID":null,"locationInScheduleDay":30307,"longitude":-122.5786959,"blockID":7244,"offRoute":false,"nextLocID":7923,"vehicleID":2276,"signMessage":"72 Clackamas TC","extraTripID":null,"nextStopSeq":78,"routeNumber":72,"vehicleLoad":"unknown","bearing":179,"lastStopSeq":77,"inCongestion":false,"delay":73,"latitude":45.5098061},{"tripID":4411319,"serviceDate":1395730800000,"direction":0,"garage":"POWELL","type":"bus","lastLocID":7653,"messageCode":266,"time":1395761070029,"expires":1395761488000,"signMessageLong":"14  Hawthorne to 94th & Foster","extraBlockID":null,"locationInScheduleDay":30281,"longitude":-122.611076,"blockID":1439,"offRoute":false,"nextLocID":8241,"vehicleID":2275,"signMessage":"14 To 94-Foster","extraTripID":null,"nextStopSeq":27,"routeNumber":14,"vehicleLoad":"unknown","bearing":194,"lastStopSeq":26,"inCongestion":false,"delay":13,"latitude":45.5015291},{"tripID":4413883,"serviceDate":1395730800000,"direction":1,"garage":"CENTER","type":"bus","lastLocID":2570,"messageCode":464,"time":1395761033884,"expires":1395761452000,"signMessageLong":"31  To Portland via Milwaukie","extraBlockID":null,"locationInScheduleDay":30175,"longitude":-122.6380408,"blockID":3003,"offRoute":false,"nextLocID":13339,"vehicleID":2119,"signMessage":"31 To Portland","extraTripID":null,"nextStopSeq":23,"routeNumber":31,"vehicleLoad":"unknown","bearing":268,"lastStopSeq":22,"inCongestion":false,"delay":-57,"latitude":45.4464117},{"tripID":4417322,"serviceDate":1395730800000,"direction":1,"garage":"CENTER","type":"bus","lastLocID":639,"messageCode":788,"time":1395761081815,"expires":1395761498000,"signMessageLong":"70  12th/NE 33rd Ave to Milwaukie","extraBlockID":null,"locationInScheduleDay":30058,"longitude":-122.6379065,"blockID":7006,"offRoute":false,"nextLocID":637,"vehicleID":2150,"signMessage":"70 To Milwaukie","extraTripID":null,"nextStopSeq":36,"routeNumber":70,"vehicleLoad":"unknown","bearing":269,"lastStopSeq":35,"inCongestion":false,"delay":-220,"latitude":45.5351626},{"tripID":4417170,"serviceDate":1395730800000,"direction":0,"garage":"CENTER","type":"bus","lastLocID":8513,"messageCode":783,"time":1395761051676,"expires":1395761470000,"signMessageLong":"70  33rd Ave to NE Sunderland","extraBlockID":null,"locationInScheduleDay":30207,"longitude":-122.654609,"blockID":7008,"offRoute":false,"nextLocID":8938,"vehicleID":2506,"signMessage":"70 To Sunderlnd","extraTripID":null,"nextStopSeq":34,"routeNumber":70,"vehicleLoad":"unknown","bearing":359,"lastStopSeq":33,"inCongestion":false,"delay":-43,"latitude":45.5311629},{"tripID":4417881,"serviceDate":1395730800000,"direction":0,"garage":"POWELL","type":"bus","lastLocID":7935,"messageCode":766,"time":1395761084946,"expires":1395761501000,"signMessageLong":"72  Killingsworth/82nd to Swan Island-Anchor St","extraBlockID":null,"locationInScheduleDay":30244,"longitude":-122.5787859,"blockID":7238,"offRoute":false,"nextLocID":7943,"vehicleID":2527,"signMessage":"72 Swan Island","extraTripID":null,"nextStopSeq":27,"routeNumber":72,"vehicleLoad":"unknown","bearing":0,"lastStopSeq":26,"inCongestion":false,"delay":-37,"latitude":45.4937864},{"tripID":4417321,"serviceDate":1395730800000,"direction":1,"garage":"CENTER","type":"bus","lastLocID":3916,"messageCode":789,"time":1395761061082,"expires":1395761479000,"signMessageLong":"70  12th Ave to Milwaukie via 17th & Tacoma","extraBlockID":null,"locationInScheduleDay":30394,"longitude":-122.6538724,"blockID":7002,"offRoute":false,"nextLocID":3941,"vehicleID":2524,"signMessage":"70 To Milw via 17","extraTripID":null,"nextStopSeq":59,"routeNumber":70,"vehicleLoad":"unknown","bearing":168,"lastStopSeq":58,"inCongestion":false,"delay":135,"latitude":45.4975989},{"tripID":4411571,"serviceDate":1395730800000,"direction":1,"garage":"CENTER","type":"bus","lastLocID":2632,"messageCode":268,"time":1395761021986,"expires":1395761440000,"signMessageLong":"14  Hawthorne to Portland","extraBlockID":null,"locationInScheduleDay":29448,"longitude":-122.6190131,"blockID":1405,"offRoute":false,"nextLocID":2629,"vehicleID":2520,"signMessage":"14 To Portland","extraTripID":null,"nextStopSeq":27,"routeNumber":14,"vehicleLoad":"unknown","bearing":270,"lastStopSeq":26,"inCongestion":false,"delay":-772,"latitude":45.5120383},{"tripID":4419230,"serviceDate":1395730800000,"direction":1,"garage":"CENTER","type":"bus","lastLocID":10869,"messageCode":813,"time":1395761075839,"expires":1395761491000,"signMessageLong":"77  Broadway/Halsey to Montgomery Park","extraBlockID":null,"locationInScheduleDay":30240,"longitude":-122.6206252,"blockID":7701,"offRoute":false,"nextLocID":7484,"vehicleID":2512,"signMessage":"77 Montgomry Pk","extraTripID":null,"nextStopSeq":69,"routeNumber":77,"vehicleLoad":"unknown","bearing":89,"lastStopSeq":68,"inCongestion":false,"delay":-31,"latitude":45.5332523},{"tripID":4417883,"serviceDate":1395730800000,"direction":0,"garage":"POWELL","type":"bus","lastLocID":13248,"messageCode":766,"time":1395761075860,"expires":1395761493000,"signMessageLong":"72  Killingsworth/82nd to Swan Island-Anchor St","extraBlockID":null,"locationInScheduleDay":30275,"longitude":-122.5691365,"blockID":7240,"offRoute":false,"nextLocID":12922,"vehicleID":2533,"signMessage":"72 Swan Island","extraTripID":null,"nextStopSeq":2,"routeNumber":72,"vehicleLoad":"unknown","bearing":353,"lastStopSeq":1,"inCongestion":false,"delay":2,"latitude":45.4361506},{"tripID":4417874,"serviceDate":1395730800000,"direction":0,"garage":"POWELL","type":"bus","lastLocID":3317,"messageCode":768,"time":1395761082879,"expires":1395761499000,"signMessageLong":"72  Killingsworth/82nd to Swan Island-Shipyards","extraBlockID":null,"locationInScheduleDay":30398,"longitude":-122.7120974,"blockID":7249,"offRoute":false,"nextLocID":3319,"vehicleID":2558,"signMessage":"72 Swan Island","extraTripID":null,"nextStopSeq":111,"routeNumber":72,"vehicleLoad":"unknown","bearing":307,"lastStopSeq":110,"inCongestion":false,"delay":119,"latitude":45.5626915},{"tripID":4417880,"serviceDate":1395730800000,"direction":0,"garage":"POWELL","type":"bus","lastLocID":7936,"messageCode":766,"time":1395761079246,"expires":1395761497000,"signMessageLong":"72  Killingsworth/82nd to Swan Island-Anchor St","extraBlockID":null,"locationInScheduleDay":30243,"longitude":-122.5790768,"blockID":7236,"offRoute":false,"nextLocID":7955,"vehicleID":2552,"signMessage":"72 Swan Island","extraTripID":null,"nextStopSeq":43,"routeNumber":72,"vehicleLoad":"unknown","bearing":0,"lastStopSeq":42,"inCongestion":false,"delay":-34,"latitude":45.5226576},{"tripID":4418203,"serviceDate":1395730800000,"direction":1,"garage":"POWELL","type":"bus","lastLocID":8030,"messageCode":760,"time":1395761003943,"expires":1395761422000,"signMessageLong":"72  Killingsworth/82nd to Clackamas TC","extraBlockID":null,"locationInScheduleDay":30180,"longitude":-122.5789324,"blockID":7242,"offRoute":false,"nextLocID":8009,"vehicleID":2548,"signMessage":"72 Clackamas TC","extraTripID":null,"nextStopSeq":89,"routeNumber":72,"vehicleLoad":"unknown","bearing":180,"lastStopSeq":88,"inCongestion":false,"delay":-22,"latitude":45.4851871},{"tripID":4411320,"serviceDate":1395730800000,"direction":0,"garage":"POWELL","type":"bus","lastLocID":3635,"messageCode":266,"time":1395761082871,"expires":1395761499000,"signMessageLong":"14  Hawthorne to 94th & Foster","extraBlockID":null,"locationInScheduleDay":30113,"longitude":-122.6755218,"blockID":1440,"offRoute":false,"nextLocID":2641,"vehicleID":2308,"signMessage":"14 To 94-Foster","extraTripID":null,"nextStopSeq":3,"routeNumber":14,"vehicleLoad":"unknown","bearing":109,"lastStopSeq":2,"inCongestion":false,"delay":-166,"latitude":45.5144395},{"tripID":4417879,"serviceDate":1395730800000,"direction":0,"garage":"POWELL","type":"bus","lastLocID":8026,"messageCode":766,"time":1395761036718,"expires":1395761453000,"signMessageLong":"72  Killingsworth/82nd to Swan Island-Anchor St","extraBlockID":null,"locationInScheduleDay":30359,"longitude":-122.5786347,"blockID":7253,"offRoute":false,"nextLocID":8063,"vehicleID":2318,"signMessage":"72 Swan Island","extraTripID":null,"nextStopSeq":60,"routeNumber":72,"vehicleLoad":"unknown","bearing":0,"lastStopSeq":59,"inCongestion":false,"delay":126,"latitude":45.5553404},{"tripID":4411572,"serviceDate":1395730800000,"direction":1,"garage":"POWELL","type":"bus","lastLocID":2609,"messageCode":268,"time":1395761075954,"expires":1395761493000,"signMessageLong":"14  Hawthorne to Portland","extraBlockID":null,"locationInScheduleDay":30276,"longitude":-122.6468343,"blockID":1435,"offRoute":false,"nextLocID":2606,"vehicleID":2316,"signMessage":"14 To Portland","extraTripID":null,"nextStopSeq":36,"routeNumber":14,"vehicleLoad":"unknown","bearing":270,"lastStopSeq":35,"inCongestion":false,"delay":3,"latitude":45.5121962},{"tripID":4411573,"serviceDate":1395730800000,"direction":1,"garage":"CENTER","type":"bus","lastLocID":2629,"messageCode":268,"time":1395761079083,"expires":1395761495000,"signMessageLong":"14  Hawthorne to Portland","extraBlockID":null,"locationInScheduleDay":30287,"longitude":-122.6224572,"blockID":1403,"offRoute":false,"nextLocID":2626,"vehicleID":2725,"signMessage":"14 To Portland","extraTripID":null,"nextStopSeq":28,"routeNumber":14,"vehicleLoad":"unknown","bearing":269,"lastStopSeq":27,"inCongestion":false,"delay":12,"latitude":45.5120449},{"tripID":4419231,"serviceDate":1395730800000,"direction":1,"garage":"CENTER","type":"bus","lastLocID":10746,"messageCode":813,"time":1395761051702,"expires":1395761468000,"signMessageLong":"77  Broadway/Halsey to Montgomery Park","extraBlockID":null,"locationInScheduleDay":30145,"longitude":-122.5582699,"blockID":7705,"offRoute":false,"nextLocID":10973,"vehicleID":2720,"signMessage":"77 Montgomry Pk","extraTripID":null,"nextStopSeq":47,"routeNumber":77,"vehicleLoad":"unknown","bearing":248,"lastStopSeq":46,"inCongestion":false,"delay":-103,"latitude":45.5340852},{"tripID":4411574,"serviceDate":1395730800000,"direction":1,"garage":"CENTER","type":"bus","lastLocID":1793,"messageCode":268,"time":1395761072589,"expires":1395761491000,"signMessageLong":"14  Hawthorne to Portland","extraBlockID":null,"locationInScheduleDay":30232,"longitude":-122.6113725,"blockID":1404,"offRoute":false,"nextLocID":7656,"vehicleID":2718,"signMessage":"14 To Portland","extraTripID":null,"nextStopSeq":18,"routeNumber":14,"vehicleLoad":"unknown","bearing":0,"lastStopSeq":17,"inCongestion":false,"delay":-39,"latitude":45.4976479},{"tripID":4417320,"serviceDate":1395730800000,"direction":1,"garage":"CENTER","type":"bus","lastLocID":6862,"messageCode":790,"time":1395760979933,"expires":1395761395000,"signMessageLong":"70  12th Ave to Milwaukie via 13th & Tacoma","extraBlockID":null,"locationInScheduleDay":29883,"longitude":-122.6483803,"blockID":7007,"offRoute":false,"nextLocID":6868,"vehicleID":2709,"signMessage":"70 To Milw via 13","extraTripID":null,"nextStopSeq":66,"routeNumber":70,"vehicleLoad":"unknown","bearing":180,"lastStopSeq":65,"inCongestion":false,"delay":-292,"latitude":45.4832005},{"tripID":4417168,"serviceDate":1395730800000,"direction":0,"garage":"CENTER","type":"bus","lastLocID":13040,"messageCode":783,"time":1395761072581,"expires":1395761491000,"signMessageLong":"70  33rd Ave to NE Sunderland","extraBlockID":null,"locationInScheduleDay":29940,"longitude":-122.6357648,"blockID":7001,"offRoute":false,"nextLocID":9368,"vehicleID":2704,"signMessage":"70 To Sunderlnd","extraTripID":null,"nextStopSeq":80,"routeNumber":70,"vehicleLoad":"unknown","bearing":180,"lastStopSeq":79,"inCongestion":false,"delay":0,"latitude":45.5898735},{"tripID":4417171,"serviceDate":1395730800000,"direction":0,"garage":"CENTER","type":"bus","lastLocID":6849,"messageCode":780,"time":1395761082613,"expires":1395761499000,"signMessageLong":"70  12th/NE 33rd Ave to NE Sunderland","extraBlockID":null,"locationInScheduleDay":30306,"longitude":-122.6483456,"blockID":7003,"offRoute":false,"nextLocID":13693,"vehicleID":2705,"signMessage":"70 To Sunderlnd","extraTripID":null,"nextStopSeq":25,"routeNumber":70,"vehicleLoad":"unknown","bearing":0,"lastStopSeq":24,"inCongestion":false,"delay":27,"latitude":45.4940971},{"tripID":4417323,"serviceDate":1395730800000,"direction":1,"garage":"CENTER","type":"bus","lastLocID":7370,"messageCode":788,"time":1395761057968,"expires":1395761476000,"signMessageLong":"70  12th/NE 33rd Ave to Milwaukie","extraBlockID":null,"locationInScheduleDay":30258,"longitude":-122.630666,"blockID":7004,"offRoute":false,"nextLocID":7388,"vehicleID":2701,"signMessage":"70 To Milwaukie","extraTripID":null,"nextStopSeq":14,"routeNumber":70,"vehicleLoad":"unknown","bearing":180,"lastStopSeq":13,"inCongestion":false,"delay":2,"latitude":45.5708166},{"tripID":4419094,"serviceDate":1395730800000,"direction":0,"garage":"CENTER","type":"bus","lastLocID":638,"messageCode":809,"time":1395761063815,"expires":1395761480000,"signMessageLong":"77  Broadway/Halsey to Troutdale","extraBlockID":null,"locationInScheduleDay":30334,"longitude":-122.6363799,"blockID":7704,"offRoute":false,"nextLocID":642,"vehicleID":2614,"signMessage":"77 To Troutdale","extraTripID":null,"nextStopSeq":31,"routeNumber":77,"vehicleLoad":"unknown","bearing":89,"lastStopSeq":30,"inCongestion":false,"delay":74,"latitude":45.5351625},{"tripID":4411576,"serviceDate":1395730800000,"direction":1,"garage":"CENTER","type":"bus","lastLocID":1831,"messageCode":268,"time":1395761034036,"expires":1395761450000,"signMessageLong":"14  Hawthorne to Portland","extraBlockID":null,"locationInScheduleDay":30315,"longitude":-122.5671382,"blockID":1401,"offRoute":false,"nextLocID":13236,"vehicleID":2608,"signMessage":"14 To Portland","extraTripID":null,"nextStopSeq":2,"routeNumber":14,"vehicleLoad":"unknown","bearing":292,"lastStopSeq":1,"inCongestion":false,"delay":85,"latitude":45.4794111},{"tripID":4417169,"serviceDate":1395730800000,"direction":0,"garage":"CENTER","type":"bus","lastLocID":7371,"messageCode":783,"time":1395761061124,"expires":1395761478000,"signMessageLong":"70  33rd Ave to NE Sunderland","extraBlockID":null,"locationInScheduleDay":30299,"longitude":-122.6306817,"blockID":7010,"offRoute":false,"nextLocID":7383,"vehicleID":2623,"signMessage":"70 To Sunderlnd","extraTripID":null,"nextStopSeq":62,"routeNumber":70,"vehicleLoad":"unknown","bearing":0,"lastStopSeq":61,"inCongestion":false,"delay":41,"latitude":45.5625415},{"tripID":4419229,"serviceDate":1395730800000,"direction":1,"garage":"CENTER","type":"bus","lastLocID":2592,"messageCode":813,"time":1395761066923,"expires":1395761484000,"signMessageLong":"77  Broadway/Halsey to Montgomery Park","extraBlockID":null,"locationInScheduleDay":30300,"longitude":-122.66644,"blockID":7707,"offRoute":false,"nextLocID":9311,"vehicleID":2653,"signMessage":"77 Montgomry Pk","extraTripID":null,"nextStopSeq":87,"routeNumber":77,"vehicleLoad":"unknown","bearing":218,"lastStopSeq":86,"inCongestion":false,"delay":36,"latitude":45.5299851},{"tripID":4417172,"serviceDate":1395730800000,"direction":0,"garage":"CENTER","type":"bus","lastLocID":13477,"messageCode":781,"time":1395761079195,"expires":1395761497000,"signMessageLong":"70  12th/NE 33rd Ave to NE Sunderland via 17th & Tacoma","extraBlockID":null,"locationInScheduleDay":30277,"longitude":-122.6407309,"blockID":7009,"offRoute":false,"nextLocID":8225,"vehicleID":2626,"signMessage":"70 To Sunderland via 17th","extraTripID":null,"nextStopSeq":2,"routeNumber":70,"vehicleLoad":"unknown","bearing":81,"lastStopSeq":1,"inCongestion":false,"delay":0,"latitude":45.4448667},{"tripID":4419228,"serviceDate":1395730800000,"direction":1,"garage":"CENTER","type":"bus","lastLocID":7122,"messageCode":813,"time":1395761057998,"expires":1395761476000,"signMessageLong":"77  Broadway/Halsey to Montgomery Park","extraBlockID":null,"locationInScheduleDay":29787,"longitude":-122.6946046,"blockID":7703,"offRoute":false,"nextLocID":7128,"vehicleID":2630,"signMessage":"77 Montgomry Pk","extraTripID":null,"nextStopSeq":97,"routeNumber":77,"vehicleLoad":"unknown","bearing":358,"lastStopSeq":96,"inCongestion":false,"delay":-469,"latitude":45.5311083},{"tripID":4419233,"serviceDate":1395730800000,"direction":1,"garage":"CENTER","type":"bus","lastLocID":9481,"messageCode":813,"time":1395761058012,"expires":1395761476000,"signMessageLong":"77  Broadway/Halsey to Montgomery Park","extraBlockID":null,"locationInScheduleDay":30256,"longitude":-122.3982117,"blockID":7706,"offRoute":false,"nextLocID":9471,"vehicleID":2632,"signMessage":"77 Montgomry Pk","extraTripID":null,"nextStopSeq":2,"routeNumber":77,"vehicleLoad":"unknown","bearing":85,"lastStopSeq":1,"inCongestion":false,"delay":0,"latitude":45.5443612},{"tripID":4418206,"serviceDate":1395730800000,"direction":1,"garage":"POWELL","type":"bus","lastLocID":3198,"messageCode":760,"time":1395761024583,"expires":1395761441000,"signMessageLong":"72  Killingsworth/82nd to Clackamas TC","extraBlockID":null,"locationInScheduleDay":30303,"longitude":-122.6208215,"blockID":7237,"offRoute":false,"nextLocID":3199,"vehicleID":3004,"signMessage":"72 Clackamas TC","extraTripID":null,"nextStopSeq":40,"routeNumber":72,"vehicleLoad":"unknown","bearing":89,"lastStopSeq":39,"inCongestion":false,"delay":82,"latitude":45.5628092},{"tripID":4413882,"serviceDate":1395730800000,"direction":1,"garage":"POWELL","type":"bus","lastLocID":7800,"messageCode":467,"time":1395761081803,"expires":1395761499000,"signMessageLong":"31  Downtown Only","extraBlockID":null,"locationInScheduleDay":30162,"longitude":-122.6786532,"blockID":3136,"offRoute":false,"nextLocID":7797,"vehicleID":3007,"signMessage":"31 Downtown Only","extraTripID":null,"nextStopSeq":39,"routeNumber":31,"vehicleLoad":"unknown","bearing":21,"lastStopSeq":38,"inCongestion":false,"delay":-117,"latitude":45.5190741},{"tripID":4417878,"serviceDate":1395730800000,"direction":0,"garage":"POWELL","type":"bus","lastLocID":3189,"messageCode":766,"time":1395761069996,"expires":1395761488000,"signMessageLong":"72  Killingsworth/82nd to Swan Island-Anchor St","extraBlockID":null,"locationInScheduleDay":30300,"longitude":-122.6348961,"blockID":7251,"offRoute":false,"nextLocID":7328,"vehicleID":3003,"signMessage":"72 Swan Island","extraTripID":null,"nextStopSeq":80,"routeNumber":72,"vehicleLoad":"unknown","bearing":179,"lastStopSeq":79,"inCongestion":false,"delay":32,"latitude":45.5621139},{"tripID":4418209,"serviceDate":1395730800000,"direction":1,"garage":"POWELL","type":"bus","lastLocID":115,"messageCode":760,"time":1395761066857,"expires":1395761485000,"signMessageLong":"72  Killingsworth/82nd to Clackamas TC","extraBlockID":null,"locationInScheduleDay":30265,"longitude":-122.703865,"blockID":7241,"offRoute":false,"nextLocID":8681,"vehicleID":3048,"signMessage":"72 Clackamas TC","extraTripID":null,"nextStopSeq":2,"routeNumber":72,"vehicleLoad":"unknown","bearing":159,"lastStopSeq":1,"inCongestion":false,"delay":0,"latitude":45.5567629},{"tripID":4418201,"serviceDate":1395730800000,"direction":1,"garage":"POWELL","type":"bus","lastLocID":12921,"messageCode":760,"time":1395760820427,"expires":1395761239000,"signMessageLong":"72  Killingsworth/82nd to Clackamas TC","extraBlockID":null,"locationInScheduleDay":30068,"longitude":-122.5691691,"blockID":7235,"offRoute":false,"nextLocID":13247,"vehicleID":3053,"signMessage":"72 Clackamas TC","extraTripID":null,"nextStopSeq":111,"routeNumber":72,"vehicleLoad":"unknown","bearing":173,"lastStopSeq":110,"inCongestion":false,"delay":0,"latitude":45.4363448},{"tripID":4418207,"serviceDate":1395730800000,"direction":1,"garage":"POWELL","type":"bus","lastLocID":5927,"messageCode":760,"time":1395761075821,"expires":1395761492000,"signMessageLong":"72  Killingsworth/82nd to Clackamas TC","extraBlockID":null,"locationInScheduleDay":30354,"longitude":-122.6615093,"blockID":7245,"offRoute":false,"nextLocID":46,"vehicleID":3052,"signMessage":"72 Clackamas TC","extraTripID":null,"nextStopSeq":21,"routeNumber":72,"vehicleLoad":"unknown","bearing":180,"lastStopSeq":20,"inCongestion":false,"delay":82,"latitude":45.562344},{"tripID":4417875,"serviceDate":1395730800000,"direction":0,"garage":"POWELL","type":"bus","lastLocID":3170,"messageCode":766,"time":1395761061069,"expires":1395761477000,"signMessageLong":"72  Killingsworth/82nd to Swan Island-Anchor St","extraBlockID":null,"locationInScheduleDay":30337,"longitude":-122.681948,"blockID":7234,"offRoute":false,"nextLocID":3159,"vehicleID":3054,"signMessage":"72 Swan Island","extraTripID":null,"nextStopSeq":100,"routeNumber":72,"vehicleLoad":"unknown","bearing":270,"lastStopSeq":99,"inCongestion":false,"delay":80,"latitude":45.5626672},{"tripID":4419234,"serviceDate":1395730800000,"direction":1,"garage":"POWELL","type":"bus","lastLocID":9481,"messageCode":813,"time":1395761075850,"expires":1395761491000,"signMessageLong":"77  Broadway/Halsey to Montgomery Park","extraBlockID":null,"locationInScheduleDay":30271,"longitude":-122.3982117,"blockID":7734,"offRoute":false,"nextLocID":9471,"vehicleID":3046,"signMessage":"77 Montgomry Pk","extraTripID":null,"nextStopSeq":2,"routeNumber":77,"vehicleLoad":"unknown","bearing":85,"lastStopSeq":1,"inCongestion":false,"delay":0,"latitude":45.5443612},{"tripID":4419095,"serviceDate":1395730800000,"direction":0,"garage":"POWELL","type":"bus","lastLocID":7121,"messageCode":809,"time":1395761066853,"expires":1395761483000,"signMessageLong":"77  Broadway/Halsey to Troutdale","extraBlockID":null,"locationInScheduleDay":30027,"longitude":-122.6945288,"blockID":7738,"offRoute":false,"nextLocID":7114,"vehicleID":3035,"signMessage":"77 To Troutdale","extraTripID":null,"nextStopSeq":9,"routeNumber":77,"vehicleLoad":"unknown","bearing":178,"lastStopSeq":8,"inCongestion":false,"delay":-236,"latitude":45.5290046},{"tripID":4417877,"serviceDate":1395730800000,"direction":0,"garage":"POWELL","type":"bus","lastLocID":3205,"messageCode":766,"time":1395761063711,"expires":1395761480000,"signMessageLong":"72  Killingsworth/82nd to Swan Island-Anchor St","extraBlockID":null,"locationInScheduleDay":30329,"longitude":-122.6113011,"blockID":7243,"offRoute":false,"nextLocID":3203,"vehicleID":3025,"signMessage":"72 Swan Island","extraTripID":null,"nextStopSeq":72,"routeNumber":72,"vehicleLoad":"unknown","bearing":270,"lastStopSeq":71,"inCongestion":false,"delay":69,"latitude":45.5627618},{"tripID":4419227,"serviceDate":1395730800000,"direction":1,"garage":"CENTER","type":"bus","lastLocID":8483,"messageCode":813,"time":1395761082690,"expires":1395761499000,"signMessageLong":"77  Broadway/Halsey to Montgomery Park","extraBlockID":null,"locationInScheduleDay":29320,"longitude":-122.7069345,"blockID":7702,"offRoute":false,"nextLocID":8484,"vehicleID":2005,"signMessage":"77 Montgomry Pk","extraTripID":null,"nextStopSeq":109,"routeNumber":77,"vehicleLoad":"unknown","bearing":178,"lastStopSeq":108,"inCongestion":false,"delay":0,"latitude":45.5377966}],"queryTime":1395761089035}}
