{"resultSet":{"vehicle":[{"tripID":4411566,"serviceDate":1395730800000,"direction":1,"garage":"POWELL","type":"bus","lastLocID":1831,"messageCode":268,"time":1395756472830,"expires":1395756890000,"signMessageLong":"14  Hawthorne to Portland","extraBlockID":null,"locationInScheduleDay":25670,"longitude":-122.5662917,"blockID":1436,"offRoute":false,"nextLocID":13236,"vehicleID":2206,"signMessage":"14 To Portland","extraTripID":null,"nextStopSeq":2,"routeNumber":14,"vehicleLoad":"unknown","bearing":291,"lastStopSeq":1,"inCongestion":false,"delay":0,"latitude":45.4791765},{"tripID":4419089,"serviceDate":1395730800000,"direction":0,"garage":"POWELL","type":"bus","lastLocID":10870,"messageCode":809,"time":1395756502883,"expires":1395756921000,"signMessageLong":"77  Broadway/Halsey to Troutdale","extraBlockID":null,"locationInScheduleDay":25582,"longitude":-122.6203102,"blockID":7735,"offRoute":false,"nextLocID":7509,"vehicleID":2222,"signMessage":"77 To Troutdale","extraTripID":null,"nextStopSeq":36,"routeNumber":77,"vehicleLoad":"unknown","bearing":359,"lastStopSeq":35,"inCongestion":false,"delay":-119,"latitude":45.5343696},{"tripID":4419092,"serviceDate":1395730800000,"direction":0,"garage":"POWELL","type":"bus","lastLocID":8484,"messageCode":809,"time":1395756469995,"expires":1395756888000,"signMessageLong":"77  Broadway/Halsey to Troutdale","extraBlockID":null,"locationInScheduleDay":25668,"longitude":-122.7069049,"blockID":7736,"offRoute":false,"nextLocID":8385,"vehicleID":2221,"signMessage":"77 To Troutdale","extraTripID":null,"nextStopSeq":2,"routeNumber":77,"vehicleLoad":"unknown","bearing":178,"lastStopSeq":1,"inCongestion":false,"delay":0,"latitude":45.5370429},{"tripID":4411562,"serviceDate":1395730800000,"direction":1,"garage":"POWELL","type":"bus","lastLocID":2613,"messageCode":268,"time":1395756476112,"expires":1395756893000,"signMessageLong":"14  Hawthorne to Portland","extraBlockID":null,"locationInScheduleDay":25748,"longitude":-122.6380008,"blockID":1437,"offRoute":false,"nextLocID":2611,"vehicleID":2264,"signMessage":"14 To Portland","extraTripID":null,"nextStopSeq":34,"routeNumber":14,"vehicleLoad":"unknown","bearing":271,"lastStopSeq":33,"inCongestion":false,"delay":75,"latitude":45.512083},{"tripID":4418200,"serviceDate":1395730800000,"direction":1,"garage":"POWELL","type":"bus","lastLocID":3153,"messageCode":760,"time":1395756523097,"expires":1395756940000,"signMessageLong":"72  Killingsworth/82nd to Clackamas TC","extraBlockID":null,"locationInScheduleDay":25749,"longitude":-122.6751271,"blockID":7247,"offRoute":false,"nextLocID":3171,"vehicleID":2250,"signMessage":"72 Clackamas TC","extraTripID":null,"nextStopSeq":15,"routeNumber":72,"vehicleLoad":"unknown","bearing":89,"lastStopSeq":14,"inCongestion":false,"delay":29,"latitude":45.5626892},{"tripID":4418198,"serviceDate":1395730800000,"direction":1,"garage":"POWELL","type":"bus","lastLocID":3208,"messageCode":760,"time":1395756500117,"expires":1395756916000,"signMessageLong":"72  Killingsworth/82nd to Clackamas TC","extraBlockID":null,"locationInScheduleDay":25681,"longitude":-122.6055117,"blockID":7246,"offRoute":false,"nextLocID":3145,"vehicleID":2296,"signMessage":"72 Clackamas TC","extraTripID":null,"nextStopSeq":45,"routeNumber":72,"vehicleLoad":"unknown","bearing":89,"lastStopSeq":44,"inCongestion":false,"delay":-15,"latitude":45.5627584},{"tripID":4419224,"serviceDate":1395730800000,"direction":1,"garage":"POWELL","type":"bus","lastLocID":1997,"messageCode":813,"time":1395756518048,"expires":1395756935000,"signMessageLong":"77  Broadway/Halsey to Montgomery Park","extraBlockID":null,"locationInScheduleDay":25513,"longitude":-122.6805946,"blockID":7737,"offRoute":false,"nextLocID":2011,"vehicleID":2285,"signMessage":"77 Montgomry Pk","extraTripID":null,"nextStopSeq":89,"routeNumber":77,"vehicleLoad":"unknown","bearing":268,"lastStopSeq":88,"inCongestion":false,"delay":-202,"latitude":45.526555},{"tripID":4417869,"serviceDate":1395730800000,"direction":0,"garage":"POWELL","type":"bus","lastLocID":10184,"messageCode":766,"time":1395756500125,"expires":1395756917000,"signMessageLong":"72  Killingsworth/82nd to Swan Island-Anchor St","extraBlockID":null,"locationInScheduleDay":25602,"longitude":-122.6607752,"blockID":7244,"offRoute":false,"nextLocID":5890,"vehicleID":2276,"signMessage":"72 Swan Island","extraTripID":null,"nextStopSeq":92,"routeNumber":72,"vehicleLoad":"unknown","bearing":270,"lastStopSeq":91,"inCongestion":false,"delay":-95,"latitude":45.5591217},{"tripID":4417318,"serviceDate":1395730800000,"direction":1,"garage":"CENTER","type":"bus","lastLocID":8304,"messageCode":788,"time":1395756499972,"expires":1395756916000,"signMessageLong":"70  12th/NE 33rd Ave to Milwaukie","extraBlockID":null,"locationInScheduleDay":25681,"longitude":-122.6439571,"blockID":7005,"offRoute":false,"nextLocID":8507,"vehicleID":2132,"signMessage":"70 To Milwaukie","extraTripID":null,"nextStopSeq":10,"routeNumber":70,"vehicleLoad":"unknown","bearing":180,"lastStopSeq":9,"inCongestion":false,"delay":-15,"latitude":45.5770149},{"tripID":4413878,"serviceDate":1395730800000,"direction":1,"garage":"CENTER","type":"bus","lastLocID":11956,"messageCode":467,"time":1395756502763,"expires":1395756921000,"signMessageLong":"31  Downtown Only","extraBlockID":null,"locationInScheduleDay":25147,"longitude":-122.6795879,"blockID":3001,"offRoute":false,"nextLocID":7800,"vehicleID":2123,"signMessage":"31 Downtown Only","extraTripID":null,"nextStopSeq":10,"routeNumber":31,"vehicleLoad":"unknown","bearing":20,"lastStopSeq":9,"inCongestion":false,"delay":-554,"latitude":45.5173412},{"tripID":4417166,"serviceDate":1395730800000,"direction":0,"garage":"CENTER","type":"bus","lastLocID":6849,"messageCode":780,"time":1395756514815,"expires":1395756933000,"signMessageLong":"70  12th/NE 33rd Ave to NE Sunderland","extraBlockID":null,"locationInScheduleDay":25389,"longitude":-122.6483436,"blockID":7006,"offRoute":false,"nextLocID":13693,"vehicleID":2150,"signMessage":"70 To Sunderlnd","extraTripID":null,"nextStopSeq":22,"routeNumber":70,"vehicleLoad":"unknown","bearing":0,"lastStopSeq":21,"inCongestion":false,"delay":-324,"latitude":45.4942421},{"tripID":4417316,"serviceDate":1395730800000,"direction":1,"garage":"CENTER","type":"bus","lastLocID":6544,"messageCode":738,"time":1395756514982,"expires":1395756932000,"signMessageLong":"70  12th Ave to Milwaukie via 13th & Tacoma","extraBlockID":null,"locationInScheduleDay":25778,"longitude":-122.654227,"blockID":7008,"offRoute":false,"nextLocID":10472,"vehicleID":2506,"signMessage":"70 To Milwaukie","extraTripID":null,"nextStopSeq":14,"routeNumber":70,"vehicleLoad":"unknown","bearing":179,"lastStopSeq":13,"inCongestion":false,"delay":66,"latitude":45.5015512},{"tripID":4418197,"serviceDate":1395730800000,"direction":1,"garage":"POWELL","type":"bus","lastLocID":3185,"messageCode":760,"time":1395756356268,"expires":1395756774000,"signMessageLong":"72  Killingsworth/82nd to Clackamas TC","extraBlockID":null,"locationInScheduleDay":25575,"longitude":-122.57858,"blockID":7238,"offRoute":false,"nextLocID":8889,"vehicleID":2527,"signMessage":"72 Clackamas TC","extraTripID":null,"nextStopSeq":52,"routeNumber":72,"vehicleLoad":"unknown","bearing":89,"lastStopSeq":51,"inCongestion":false,"delay":21,"latitude":45.5626759},{"tripID":4417165,"serviceDate":1395730800000,"direction":0,"garage":"CENTER","type":"bus","lastLocID":6237,"messageCode":783,"time":1395756472806,"expires":1395756891000,"signMessageLong":"70  33rd Ave to NE Sunderland","extraBlockID":null,"locationInScheduleDay":25608,"longitude":-122.6416873,"blockID":7002,"offRoute":false,"nextLocID":6239,"vehicleID":2524,"signMessage":"70 To Sunderlnd","extraTripID":null,"nextStopSeq":44,"routeNumber":70,"vehicleLoad":"unknown","bearing":90,"lastStopSeq":43,"inCongestion":false,"delay":-63,"latitude":45.5343},{"tripID":4419087,"serviceDate":1395730800000,"direction":0,"garage":"CENTER","type":"bus","lastLocID":10598,"messageCode":809,"time":1395756500058,"expires":1395756916000,"signMessageLong":"77  Broadway/Halsey to Troutdale","extraBlockID":null,"locationInScheduleDay":25871,"longitude":-122.3975742,"blockID":7701,"offRoute":false,"nextLocID":2345,"vehicleID":2512,"signMessage":"77 To Troutdale","extraTripID":null,"nextStopSeq":97,"routeNumber":77,"vehicleLoad":"unknown","bearing":87,"lastStopSeq":96,"inCongestion":false,"delay":175,"latitude":45.5391016},{"tripID":4417872,"serviceDate":1395730800000,"direction":0,"garage":"POWELL","type":"bus","lastLocID":8027,"messageCode":768,"time":1395756476057,"expires":1395756893000,"signMessageLong":"72  Killingsworth/82nd to Swan Island-Shipyards","extraBlockID":null,"locationInScheduleDay":25426,"longitude":-122.5789673,"blockID":7239,"offRoute":false,"nextLocID":7964,"vehicleID":2540,"signMessage":"72 Swan Island","extraTripID":null,"nextStopSeq":22,"routeNumber":72,"vehicleLoad":"unknown","bearing":0,"lastStopSeq":21,"inCongestion":false,"delay":-247,"latitude":45.482586},{"tripID":4418199,"serviceDate":1395730800000,"direction":1,"garage":"POWELL","type":"bus","lastLocID":60,"messageCode":760,"time":1395756523882,"expires":1395756941000,"signMessageLong":"72  Killingsworth/82nd to Clackamas TC","extraBlockID":null,"locationInScheduleDay":25764,"longitude":-122.6404951,"blockID":7240,"offRoute":false,"nextLocID":63,"vehicleID":2533,"signMessage":"72 Clackamas TC","extraTripID":null,"nextStopSeq":30,"routeNumber":72,"vehicleLoad":"unknown","bearing":90,"lastStopSeq":29,"inCongestion":false,"delay":43,"latitude":45.5590647},{"tripID":4418196,"serviceDate":1395730800000,"direction":1,"garage":"POWELL","type":"bus","lastLocID":8000,"messageCode":760,"time":1395756523351,"expires":1395756937000,"signMessageLong":"72  Killingsworth/82nd to Clackamas TC","extraBlockID":null,"locationInScheduleDay":25717,"longitude":-122.5791014,"blockID":7236,"offRoute":false,"nextLocID":7978,"vehicleID":2552,"signMessage":"72 Clackamas TC","extraTripID":null,"nextStopSeq":66,"routeNumber":72,"vehicleLoad":"unknown","bearing":180,"lastStopSeq":65,"inCongestion":false,"delay":0,"latitude":45.5334929},{"tripID":4417868,"serviceDate":1395730800000,"direction":0,"garage":"POWELL","type":"bus","lastLocID":2202,"messageCode":768,"time":1395756518096,"expires":1395756935000,"signMessageLong":"72  Killingsworth/82nd to Swan Island-Shipyards","extraBlockID":null,"locationInScheduleDay":25434,"longitude":-122.6973499,"blockID":7242,"offRoute":false,"nextLocID":2161,"vehicleID":2548,"signMessage":"72 Swan Island","extraTripID":null,"nextStopSeq":107,"routeNumber":72,"vehicleLoad":"unknown","bearing":275,"lastStopSeq":106,"inCongestion":false,"delay":-281,"latitude":45.5560314},{"tripID":4411561,"serviceDate":1395730800000,"direction":1,"garage":"POWELL","type":"bus","lastLocID":11956,"messageCode":266,"time":1395756523330,"expires":1395756937000,"signMessageLong":"14  Hawthorne to 94th & Foster","extraBlockID":null,"locationInScheduleDay":25663,"longitude":-122.6772305,"blockID":1435,"offRoute":false,"nextLocID":13169,"vehicleID":2316,"signMessage":"14 To 94-Foster","extraTripID":null,"nextStopSeq":44,"routeNumber":14,"vehicleLoad":"unknown","bearing":290,"lastStopSeq":43,"inCongestion":false,"delay":-54,"latitude":45.5156561},{"tripID":4413879,"serviceDate":1395730800000,"direction":1,"garage":"CENTER","type":"bus","lastLocID":3797,"messageCode":466,"time":1395756522960,"expires":1395756938000,"signMessageLong":"31  Portland","extraBlockID":null,"locationInScheduleDay":25524,"longitude":-122.6393358,"blockID":1403,"offRoute":false,"nextLocID":3785,"vehicleID":2725,"signMessage":"31 To Portland","extraTripID":null,"nextStopSeq":32,"routeNumber":31,"vehicleLoad":"unknown","bearing":268,"lastStopSeq":31,"inCongestion":false,"delay":-194,"latitude":45.4587301},{"tripID":4419088,"serviceDate":1395730800000,"direction":0,"garage":"CENTER","type":"bus","lastLocID":2380,"messageCode":809,"time":1395756461013,"expires":1395756878000,"signMessageLong":"77  Broadway/Halsey to Troutdale","extraBlockID":null,"locationInScheduleDay":25817,"longitude":-122.5177249,"blockID":7705,"offRoute":false,"nextLocID":2383,"vehicleID":2720,"signMessage":"77 To Troutdale","extraTripID":null,"nextStopSeq":68,"routeNumber":77,"vehicleLoad":"unknown","bearing":88,"lastStopSeq":67,"inCongestion":false,"delay":159,"latitude":45.5336791},{"tripID":4411563,"serviceDate":1395730800000,"direction":1,"garage":"CENTER","type":"bus","lastLocID":1793,"messageCode":268,"time":1395756476047,"expires":1395756893000,"signMessageLong":"14  Hawthorne to Portland","extraBlockID":null,"locationInScheduleDay":25630,"longitude":-122.6095261,"blockID":1404,"offRoute":false,"nextLocID":7656,"vehicleID":2718,"signMessage":"14 To Portland","extraTripID":null,"nextStopSeq":18,"routeNumber":14,"vehicleLoad":"unknown","bearing":313,"lastStopSeq":17,"inCongestion":false,"delay":-43,"latitude":45.4960288},{"tripID":4417164,"serviceDate":1395730800000,"direction":0,"garage":"CENTER","type":"bus","lastLocID":13040,"messageCode":783,"time":1395756400871,"expires":1395756819000,"signMessageLong":"70  33rd Ave to NE Sunderland","extraBlockID":null,"locationInScheduleDay":25615,"longitude":-122.6357628,"blockID":7007,"offRoute":false,"nextLocID":9368,"vehicleID":2709,"signMessage":"70 To Sunderlnd","extraTripID":null,"nextStopSeq":80,"routeNumber":70,"vehicleLoad":"unknown","bearing":179,"lastStopSeq":79,"inCongestion":false,"delay":0,"latitude":45.5903449},{"tripID":4417168,"serviceDate":1395730800000,"direction":0,"garage":"CENTER","type":"bus","lastLocID":13477,"messageCode":781,"time":1395756469927,"expires":1395756889000,"signMessageLong":"70  12th/NE 33rd Ave to NE Sunderland via 17th & Tacoma","extraBlockID":null,"locationInScheduleDay":25669,"longitude":-122.6407309,"blockID":7001,"offRoute":false,"nextLocID":8225,"vehicleID":2704,"signMessage":"70 To Sunderland via 17th","extraTripID":null,"nextStopSeq":2,"routeNumber":70,"vehicleLoad":"unknown","bearing":81,"lastStopSeq":1,"inCongestion":false,"delay":0,"latitude":45.4448667},{"tripID":4417317,"serviceDate":1395730800000,"direction":1,"garage":"CENTER","type":"bus","lastLocID":635,"messageCode":788,"time":1395756460987,"expires":1395756878000,"signMessageLong":"70  12th/NE 33rd Ave to Milwaukie","extraBlockID":null,"locationInScheduleDay":25806,"longitude":-122.6448378,"blockID":7003,"offRoute":false,"nextLocID":7139,"vehicleID":2705,"signMessage":"70 To Milwaukie","extraTripID":null,"nextStopSeq":38,"routeNumber":70,"vehicleLoad":"unknown","bearing":180,"lastStopSeq":37,"inCongestion":false,"delay":148,"latitude":45.5347332},{"tripID":4417167,"serviceDate":1395730800000,"direction":0,"garage":"CENTER","type":"bus","lastLocID":6885,"messageCode":782,"time":1395756469925,"expires":1395756888000,"signMessageLong":"70  12th/NE 33rd Ave to NE Sunderland via 13th & Tacoma","extraBlockID":null,"locationInScheduleDay":25590,"longitude":-122.6482166,"blockID":7004,"offRoute":false,"nextLocID":3421,"vehicleID":2701,"signMessage":"70 To Sunderland via 13th","extraTripID":null,"nextStopSeq":6,"routeNumber":70,"vehicleLoad":"unknown","bearing":269,"lastStopSeq":5,"inCongestion":false,"delay":-78,"latitude":45.45933},{"tripID":4419225,"serviceDate":1395730800000,"direction":1,"garage":"CENTER","type":"bus","lastLocID":639,"messageCode":813,"time":1395756493814,"expires":1395756911000,"signMessageLong":"77  Broadway/Halsey to Montgomery Park","extraBlockID":null,"locationInScheduleDay":25613,"longitude":-122.6369863,"blockID":7704,"offRoute":false,"nextLocID":637,"vehicleID":2614,"signMessage":"77 Montgomry Pk","extraTripID":null,"nextStopSeq":76,"routeNumber":77,"vehicleLoad":"unknown","bearing":269,"lastStopSeq":75,"inCongestion":false,"delay":-78,"latitude":45.5351633},{"tripID":4411564,"serviceDate":1395730800000,"direction":1,"garage":"CENTER","type":"bus","lastLocID":1815,"messageCode":268,"time":1395756518066,"expires":1395756935000,"signMessageLong":"14  Hawthorne to Portland","extraBlockID":null,"locationInScheduleDay":25716,"longitude":-122.5858076,"blockID":1401,"offRoute":false,"nextLocID":12948,"vehicleID":2608,"signMessage":"14 To Portland","extraTripID":null,"nextStopSeq":8,"routeNumber":14,"vehicleLoad":"unknown","bearing":295,"lastStopSeq":7,"inCongestion":false,"delay":1,"latitude":45.4853594},{"tripID":4419228,"serviceDate":1395730800000,"direction":1,"garage":"CENTER","type":"bus","lastLocID":9471,"messageCode":813,"time":1395756500135,"expires":1395756916000,"signMessageLong":"77  Broadway/Halsey to Montgomery Park","extraBlockID":null,"locationInScheduleDay":25562,"longitude":-122.3910902,"blockID":7703,"offRoute":false,"nextLocID":8746,"vehicleID":2630,"signMessage":"77 Montgomry Pk","extraTripID":null,"nextStopSeq":3,"routeNumber":77,"vehicleLoad":"unknown","bearing":270,"lastStopSeq":2,"inCongestion":false,"delay":-134,"latitude":45.5407691},{"tripID":4419090,"serviceDate":1395730800000,"direction":0,"garage":"CENTER","type":"bus","lastLocID":11817,"messageCode":809,"time":1395756506055,"expires":1395756924000,"signMessageLong":"77  Broadway/Halsey to Troutdale","extraBlockID":null,"locationInScheduleDay":25722,"longitude":-122.6636893,"blockID":7706,"offRoute":false,"nextLocID":13708,"vehicleID":2632,"signMessage":"77 To Troutdale","extraTripID":null,"nextStopSeq":20,"routeNumber":77,"vehicleLoad":"unknown","bearing":80,"lastStopSeq":19,"inCongestion":false,"delay":18,"latitude":45.5308074},{"tripID":4417870,"serviceDate":1395730800000,"direction":0,"garage":"POWELL","type":"bus","lastLocID":7927,"messageCode":768,"time":1395756499982,"expires":1395756916000,"signMessageLong":"72  Killingsworth/82nd to Swan Island-Shipyards","extraBlockID":null,"locationInScheduleDay":25427,"longitude":-122.5785149,"blockID":7237,"offRoute":false,"nextLocID":3216,"vehicleID":3004,"signMessage":"72 Swan Island","extraTripID":null,"nextStopSeq":62,"routeNumber":72,"vehicleLoad":"unknown","bearing":0,"lastStopSeq":61,"inCongestion":false,"delay":-269,"latitude":45.5618494},{"tripID":4417873,"serviceDate":1395730800000,"direction":0,"garage":"POWELL","type":"bus","lastLocID":8017,"messageCode":766,"time":1395756476037,"expires":1395756893000,"signMessageLong":"72  Killingsworth/82nd to Swan Island-Anchor St","extraBlockID":null,"locationInScheduleDay":25639,"longitude":-122.5791038,"blockID":7241,"offRoute":false,"nextLocID":7983,"vehicleID":3048,"signMessage":"72 Swan Island","extraTripID":null,"nextStopSeq":9,"routeNumber":72,"vehicleLoad":"unknown","bearing":0,"lastStopSeq":8,"inCongestion":false,"delay":-34,"latitude":45.4567915},{"tripID":4418201,"serviceDate":1395730800000,"direction":1,"garage":"POWELL","type":"bus","lastLocID":9399,"messageCode":null,"time":1395756473000,"expires":1395756893000,"signMessageLong":null,"extraBlockID":null,"locationInScheduleDay":null,"longitude":-122.695939,"blockID":7235,"offRoute":false,"nextLocID":2195,"vehicleID":3053,"signMessage":null,"extraTripID":null,"nextStopSeq":null,"routeNumber":72,"vehicleLoad":"unknown","bearing":null,"lastStopSeq":null,"inCongestion":false,"delay":107,"latitude":45.556},{"tripID":4417871,"serviceDate":1395730800000,"direction":0,"garage":"POWELL","type":"bus","lastLocID":7999,"messageCode":766,"time":1395756514995,"expires":1395756934000,"signMessageLong":"72  Killingsworth/82nd to Swan Island-Anchor St","extraBlockID":null,"locationInScheduleDay":25714,"longitude":-122.578962,"blockID":7245,"offRoute":false,"nextLocID":8042,"vehicleID":3052,"signMessage":"72 Swan Island","extraTripID":null,"nextStopSeq":49,"routeNumber":72,"vehicleLoad":"unknown","bearing":0,"lastStopSeq":48,"inCongestion":false,"delay":0,"latitude":45.533614},{"tripID":4418194,"serviceDate":1395730800000,"direction":1,"garage":"POWELL","type":"bus","lastLocID":12921,"messageCode":760,"time":1395756230562,"expires":1395756649000,"signMessageLong":"72  Killingsworth/82nd to Clackamas TC","extraBlockID":null,"locationInScheduleDay":25472,"longitude":-122.5690545,"blockID":7234,"offRoute":false,"nextLocID":13247,"vehicleID":3054,"signMessage":"72 Clackamas TC","extraTripID":null,"nextStopSeq":111,"routeNumber":72,"vehicleLoad":"unknown","bearing":173,"lastStopSeq":110,"inCongestion":false,"delay":0,"latitude":45.4356606},{"tripID":4419091,"serviceDate":1395730800000,"direction":0,"garage":"POWELL","type":"bus","lastLocID":6013,"messageCode":809,"time":1395756517950,"expires":1395756935000,"signMessageLong":"77  Broadway/Halsey to Troutdale","extraBlockID":null,"locationInScheduleDay":25686,"longitude":-122.6993984,"blockID":7734,"offRoute":false,"nextLocID":7168,"vehicleID":3046,"signMessage":"77 To Troutdale","extraTripID":null,"nextStopSeq":4,"routeNumber":77,"vehicleLoad":"unknown","bearing":88,"lastStopSeq":3,"inCongestion":false,"delay":-29,"latitude":45.5369165},{"tripID":4419226,"serviceDate":1395730800000,"direction":1,"garage":"POWELL","type":"bus","lastLocID":10846,"messageCode":813,"time":1395756469912,"expires":1395756889000,"signMessageLong":"77  Broadway/Halsey to Montgomery Park","extraBlockID":null,"locationInScheduleDay":25419,"longitude":-122.5799535,"blockID":7738,"offRoute":false,"nextLocID":7916,"vehicleID":3035,"signMessage":"77 Montgomry Pk","extraTripID":null,"nextStopSeq":53,"routeNumber":77,"vehicleLoad":"unknown","bearing":307,"lastStopSeq":52,"inCongestion":false,"delay":-250,"latitude":45.5324454},{"tripID":4411314,"serviceDate":1395730800000,"direction":0,"garage":"POWELL","type":"bus","lastLocID":2633,"messageCode":266,"time":1395756517891,"expires":1395756936000,"signMessageLong":"14  Hawthorne to 94th & Foster","extraBlockID":null,"locationInScheduleDay":25698,"longitude":-122.6124452,"blockID":1434,"offRoute":false,"nextLocID":7651,"vehicleID":3027,"signMessage":"14 To 94-Foster","extraTripID":null,"nextStopSeq":22,"routeNumber":14,"vehicleLoad":"unknown","bearing":90,"lastStopSeq":21,"inCongestion":false,"delay":-18,"latitude":45.5120235},{"tripID":4418195,"serviceDate":1395730800000,"direction":1,"garage":"POWELL","type":"bus","lastLocID":7965,"messageCode":760,"time":1395756517899,"expires":1395756936000,"signMessageLong":"72  Killingsworth/82nd to Clackamas TC","extraBlockID":null,"locationInScheduleDay":25523,"longitude":-122.5789564,"blockID":7243,"offRoute":false,"nextLocID":8028,"vehicleID":3025,"signMessage":"72 Clackamas TC","extraTripID":null,"nextStopSeq":91,"routeNumber":72,"vehicleLoad":"unknown","bearing":181,"lastStopSeq":90,"inCongestion":false,"delay":-193,"latitude":45.4836186},{"tripID":4419227,"serviceDate":1395730800000,"direction":1,"garage":"CENTER","type":"bus","lastLocID":2392,"messageCode":813,"time":1395756476067,"expires":1395756894000,"signMessageLong":"77  Broadway/Halsey to Montgomery Park","extraBlockID":null,"locationInScheduleDay":25643,"longitude":-122.5035515,"blockID":7702,"offRoute":false,"nextLocID":2390,"vehicleID":2005,"signMessage":"77 Montgomry Pk","extraTripID":null,"nextStopSeq":29,"routeNumber":77,"vehicleLoad":"unknown","bearing":269,"lastStopSeq":28,"inCongestion":false,"delay":-31,"latitude":45.5336662}],"queryTime":1395756528874}}
