{"resultSet":{"vehicle":[{"tripID":4417863,"serviceDate":1395730800000,"direction":0,"garage":"POWELL","type":"bus","lastLocID":8031,"messageCode":768,"time":1395748714587,"expires":1395749119000,"signMessageLong":"72  Killingsworth/82nd to Swan Island-Shipyards","extraBlockID":null,"locationInScheduleDay":17935,"longitude":-122.5787365,"blockID":7234,"offRoute":false,"nextLocID":8023,"vehicleID":3054,"signMessage":"72 Swan Island","extraTripID":null,"nextStopSeq":29,"routeNumber":72,"vehicleLoad":"unknown","bearing":0,"lastStopSeq":28,"inCongestion":false,"delay":36,"latitude":45.4975734},{"tripID":4411556,"serviceDate":1395730800000,"direction":1,"garage":"POWELL","type":"bus","lastLocID":1818,"messageCode":268,"time":1395748714566,"expires":1395749133000,"signMessageLong":"14  Hawthorne to Portland","extraBlockID":null,"locationInScheduleDay":17940,"longitude":-122.5796973,"blockID":1434,"offRoute":false,"nextLocID":1815,"vehicleID":3027,"signMessage":"14 To Portland","extraTripID":null,"nextStopSeq":7,"routeNumber":14,"vehicleLoad":"unknown","bearing":299,"lastStopSeq":6,"inCongestion":false,"delay":27,"latitude":45.4831103}],"queryTime":1395748728551}}
