{"resultSet":{"vehicle":[{"tripID":4411559,"serviceDate":1395730800000,"direction":1,"garage":"POWELL","type":"bus","lastLocID":7656,"messageCode":268,"time":1395753024277,"expires":1395753442000,"signMessageLong":"14  Hawthorne to Portland","extraBlockID":null,"locationInScheduleDay":22210,"longitude":-122.611371,"blockID":1436,"offRoute":false,"nextLocID":7665,"vehicleID":2206,"signMessage":"14 To Portland","extraTripID":null,"nextStopSeq":19,"routeNumber":14,"vehicleLoad":"unknown","bearing":0,"lastStopSeq":18,"inCongestion":false,"delay":-12,"latitude":45.4985427},{"tripID":4419221,"serviceDate":1395730800000,"direction":1,"garage":"POWELL","type":"bus","lastLocID":8414,"messageCode":813,"time":1395753011179,"expires":1395753428000,"signMessageLong":"77  Broadway/Halsey to Montgomery Park","extraBlockID":null,"locationInScheduleDay":22110,"longitude":-122.7063733,"blockID":7735,"offRoute":false,"nextLocID":8802,"vehicleID":2222,"signMessage":"77 Montgomry Pk","extraTripID":null,"nextStopSeq":58,"routeNumber":77,"vehicleLoad":"unknown","bearing":267,"lastStopSeq":57,"inCongestion":false,"delay":-98,"latitude":45.5367959},{"tripID":4419223,"serviceDate":1395730800000,"direction":1,"garage":"POWELL","type":"bus","lastLocID":2390,"messageCode":813,"time":1395753034776,"expires":1395753452000,"signMessageLong":"77  Broadway/Halsey to Montgomery Park","extraBlockID":null,"locationInScheduleDay":22018,"longitude":-122.5078968,"blockID":7736,"offRoute":false,"nextLocID":2386,"vehicleID":2221,"signMessage":"77 Montgomry Pk","extraTripID":null,"nextStopSeq":30,"routeNumber":77,"vehicleLoad":"unknown","bearing":270,"lastStopSeq":29,"inCongestion":false,"delay":-214,"latitude":45.533674},{"tripID":4413875,"serviceDate":1395730800000,"direction":1,"garage":"POWELL","type":"bus","lastLocID":3858,"messageCode":466,"time":1395753024314,"expires":1395753441000,"signMessageLong":"31  Portland","extraBlockID":null,"locationInScheduleDay":22140,"longitude":-122.6489537,"blockID":3137,"offRoute":false,"nextLocID":3837,"vehicleID":2258,"signMessage":"31 To Portland","extraTripID":null,"nextStopSeq":34,"routeNumber":31,"vehicleLoad":"unknown","bearing":305,"lastStopSeq":33,"inCongestion":false,"delay":-81,"latitude":45.486629},{"tripID":4419224,"serviceDate":1395730800000,"direction":1,"garage":"POWELL","type":"bus","lastLocID":2342,"messageCode":813,"time":1395753031651,"expires":1395753451000,"signMessageLong":"77  Broadway/Halsey to Montgomery Park","extraBlockID":null,"locationInScheduleDay":22320,"longitude":-122.4340101,"blockID":7737,"offRoute":false,"nextLocID":2437,"vehicleID":2285,"signMessage":"77 Montgomry Pk","extraTripID":null,"nextStopSeq":14,"routeNumber":77,"vehicleLoad":"unknown","bearing":252,"lastStopSeq":13,"inCongestion":false,"delay":89,"latitude":45.5350001},{"tripID":4417163,"serviceDate":1395730800000,"direction":0,"garage":"CENTER","type":"bus","lastLocID":4539,"messageCode":780,"time":1395753019815,"expires":1395753439000,"signMessageLong":"70  12th/NE 33rd Ave to NE Sunderland","extraBlockID":null,"locationInScheduleDay":22243,"longitude":-122.6541803,"blockID":7005,"offRoute":false,"nextLocID":6578,"vehicleID":2132,"signMessage":"70 To Sunderlnd","extraTripID":null,"nextStopSeq":27,"routeNumber":70,"vehicleLoad":"unknown","bearing":15,"lastStopSeq":26,"inCongestion":false,"delay":24,"latitude":45.50285},{"tripID":4417313,"serviceDate":1395730800000,"direction":1,"garage":"CENTER","type":"bus","lastLocID":6543,"messageCode":738,"time":1395753016803,"expires":1395753436000,"signMessageLong":"70  12th Ave to Milwaukie via 13th & Tacoma","extraBlockID":null,"locationInScheduleDay":22171,"longitude":-122.6547046,"blockID":7006,"offRoute":false,"nextLocID":6555,"vehicleID":2150,"signMessage":"70 To Milwaukie","extraTripID":null,"nextStopSeq":10,"routeNumber":70,"vehicleLoad":"unknown","bearing":180,"lastStopSeq":9,"inCongestion":false,"delay":-45,"latitude":45.5111732},{"tripID":4417865,"serviceDate":1395730800000,"direction":0,"garage":"POWELL","type":"bus","lastLocID":5890,"messageCode":768,"time":1395753034761,"expires":1395753454000,"signMessageLong":"72  Killingsworth/82nd to Swan Island-Shipyards","extraBlockID":null,"locationInScheduleDay":22068,"longitude":-122.6613742,"blockID":7238,"offRoute":false,"nextLocID":10957,"vehicleID":2527,"signMessage":"72 Swan Island","extraTripID":null,"nextStopSeq":93,"routeNumber":72,"vehicleLoad":"unknown","bearing":0,"lastStopSeq":92,"inCongestion":false,"delay":-166,"latitude":45.5625958},{"tripID":4417312,"serviceDate":1395730800000,"direction":1,"garage":"CENTER","type":"bus","lastLocID":6896,"messageCode":791,"time":1395753041144,"expires":1395753457000,"signMessageLong":"70  To Milwaukie","extraBlockID":null,"locationInScheduleDay":22080,"longitude":-122.6470529,"blockID":7002,"offRoute":false,"nextLocID":6900,"vehicleID":2524,"signMessage":"70 To Milwaukie","extraTripID":null,"nextStopSeq":73,"routeNumber":70,"vehicleLoad":"unknown","bearing":179,"lastStopSeq":72,"inCongestion":false,"delay":-157,"latitude":45.4644562},{"tripID":4419087,"serviceDate":1395730800000,"direction":0,"garage":"CENTER","type":"bus","lastLocID":1612,"messageCode":809,"time":1395753034743,"expires":1395753453000,"signMessageLong":"77  Broadway/Halsey to Troutdale","extraBlockID":null,"locationInScheduleDay":22595,"longitude":-122.6657573,"blockID":7701,"offRoute":false,"nextLocID":11817,"vehicleID":2512,"signMessage":"77 To Troutdale","extraTripID":null,"nextStopSeq":19,"routeNumber":77,"vehicleLoad":"unknown","bearing":359,"lastStopSeq":18,"inCongestion":false,"delay":362,"latitude":45.5286741},{"tripID":4418192,"serviceDate":1395730800000,"direction":1,"garage":"POWELL","type":"bus","lastLocID":7929,"messageCode":760,"time":1395753026041,"expires":1395753443000,"signMessageLong":"72  Killingsworth/82nd to Clackamas TC","extraBlockID":null,"locationInScheduleDay":22076,"longitude":-122.5789515,"blockID":7239,"offRoute":false,"nextLocID":8066,"vehicleID":2540,"signMessage":"72 Clackamas TC","extraTripID":null,"nextStopSeq":74,"routeNumber":72,"vehicleLoad":"unknown","bearing":177,"lastStopSeq":73,"inCongestion":false,"delay":-147,"latitude":45.5166517},{"tripID":4417866,"serviceDate":1395730800000,"direction":0,"garage":"POWELL","type":"bus","lastLocID":8039,"messageCode":766,"time":1395752967085,"expires":1395753383000,"signMessageLong":"72  Killingsworth/82nd to Swan Island-Anchor St","extraBlockID":null,"locationInScheduleDay":21968,"longitude":-122.5786555,"blockID":7240,"offRoute":false,"nextLocID":8026,"vehicleID":2533,"signMessage":"72 Swan Island","extraTripID":null,"nextStopSeq":59,"routeNumber":72,"vehicleLoad":"unknown","bearing":0,"lastStopSeq":58,"inCongestion":false,"delay":-195,"latitude":45.5540933},{"tripID":4417864,"serviceDate":1395730800000,"direction":0,"garage":"POWELL","type":"bus","lastLocID":3317,"messageCode":768,"time":1395753024502,"expires":1395753442000,"signMessageLong":"72  Killingsworth/82nd to Swan Island-Shipyards","extraBlockID":null,"locationInScheduleDay":21915,"longitude":-122.7098894,"blockID":7236,"offRoute":false,"nextLocID":3319,"vehicleID":2552,"signMessage":"72 Swan Island","extraTripID":null,"nextStopSeq":111,"routeNumber":72,"vehicleLoad":"unknown","bearing":307,"lastStopSeq":110,"inCongestion":false,"delay":-307,"latitude":45.5615011},{"tripID":4417868,"serviceDate":1395730800000,"direction":0,"garage":"POWELL","type":"bus","lastLocID":8017,"messageCode":768,"time":1395753020089,"expires":1395753438000,"signMessageLong":"72  Killingsworth/82nd to Swan Island-Shipyards","extraBlockID":null,"locationInScheduleDay":22230,"longitude":-122.5791051,"blockID":7242,"offRoute":false,"nextLocID":7983,"vehicleID":2548,"signMessage":"72 Swan Island","extraTripID":null,"nextStopSeq":9,"routeNumber":72,"vehicleLoad":"unknown","bearing":0,"lastStopSeq":8,"inCongestion":false,"delay":12,"latitude":45.4575823},{"tripID":4411311,"serviceDate":1395730800000,"direction":0,"garage":"POWELL","type":"bus","lastLocID":7655,"messageCode":266,"time":1395753041224,"expires":1395753459000,"signMessageLong":"14  Hawthorne to 94th & Foster","extraBlockID":null,"locationInScheduleDay":22206,"longitude":-122.6110223,"blockID":1435,"offRoute":false,"nextLocID":7653,"vehicleID":2316,"signMessage":"14 To 94-Foster","extraTripID":null,"nextStopSeq":26,"routeNumber":14,"vehicleLoad":"unknown","bearing":180,"lastStopSeq":25,"inCongestion":false,"delay":-33,"latitude":45.5044717},{"tripID":4413876,"serviceDate":1395730800000,"direction":1,"garage":"CENTER","type":"bus","lastLocID":7524,"messageCode":462,"time":1395753041131,"expires":1395753457000,"signMessageLong":"31L Portland Limited","extraBlockID":null,"locationInScheduleDay":22060,"longitude":-122.6212342,"blockID":3101,"offRoute":false,"nextLocID":2574,"vehicleID":2714,"signMessage":"31L To Portland Limited","extraTripID":null,"nextStopSeq":5,"routeNumber":31,"vehicleLoad":"unknown","bearing":270,"lastStopSeq":4,"inCongestion":false,"delay":-177,"latitude":45.4466225},{"tripID":4417315,"serviceDate":1395730800000,"direction":1,"garage":"CENTER","type":"bus","lastLocID":9368,"messageCode":788,"time":1395753034730,"expires":1395753452000,"signMessageLong":"70  12th/NE 33rd Ave to Milwaukie","extraBlockID":null,"locationInScheduleDay":22232,"longitude":-122.6357648,"blockID":7001,"offRoute":false,"nextLocID":9414,"vehicleID":2704,"signMessage":"70 To Milwaukie","extraTripID":null,"nextStopSeq":2,"routeNumber":70,"vehicleLoad":"unknown","bearing":180,"lastStopSeq":1,"inCongestion":false,"delay":0,"latitude":45.5898735},{"tripID":4417162,"serviceDate":1395730800000,"direction":0,"garage":"CENTER","type":"bus","lastLocID":7385,"messageCode":783,"time":1395752974835,"expires":1395753393000,"signMessageLong":"70  33rd Ave to NE Sunderland","extraBlockID":null,"locationInScheduleDay":22237,"longitude":-122.6307063,"blockID":7003,"offRoute":false,"nextLocID":7399,"vehicleID":2705,"signMessage":"70 To Sunderlnd","extraTripID":null,"nextStopSeq":49,"routeNumber":70,"vehicleLoad":"unknown","bearing":359,"lastStopSeq":48,"inCongestion":false,"delay":64,"latitude":45.5427683},{"tripID":4417314,"serviceDate":1395730800000,"direction":1,"garage":"CENTER","type":"bus","lastLocID":639,"messageCode":788,"time":1395753037967,"expires":1395753455000,"signMessageLong":"70  12th/NE 33rd Ave to Milwaukie","extraBlockID":null,"locationInScheduleDay":22227,"longitude":-122.6382438,"blockID":7004,"offRoute":false,"nextLocID":637,"vehicleID":2701,"signMessage":"70 To Milwaukie","extraTripID":null,"nextStopSeq":36,"routeNumber":70,"vehicleLoad":"unknown","bearing":270,"lastStopSeq":35,"inCongestion":false,"delay":-8,"latitude":45.5351624},{"tripID":4411558,"serviceDate":1395730800000,"direction":1,"garage":"CENTER","type":"bus","lastLocID":2642,"messageCode":266,"time":1395753041201,"expires":1395753459000,"signMessageLong":"14  Hawthorne to 94th & Foster","extraBlockID":null,"locationInScheduleDay":22389,"longitude":-122.6745745,"blockID":1401,"offRoute":false,"nextLocID":11956,"vehicleID":2608,"signMessage":"14 To 94-Foster","extraTripID":null,"nextStopSeq":43,"routeNumber":14,"vehicleLoad":"unknown","bearing":339,"lastStopSeq":42,"inCongestion":false,"delay":150,"latitude":45.5144677},{"tripID":4419086,"serviceDate":1395730800000,"direction":0,"garage":"CENTER","type":"bus","lastLocID":642,"messageCode":809,"time":1395753034869,"expires":1395753454000,"signMessageLong":"77  Broadway/Halsey to Troutdale","extraBlockID":null,"locationInScheduleDay":22012,"longitude":-122.6334392,"blockID":7703,"offRoute":false,"nextLocID":645,"vehicleID":2630,"signMessage":"77 To Troutdale","extraTripID":null,"nextStopSeq":32,"routeNumber":77,"vehicleLoad":"unknown","bearing":89,"lastStopSeq":31,"inCongestion":false,"delay":-222,"latitude":45.5351602},{"tripID":4418191,"serviceDate":1395730800000,"direction":1,"garage":"POWELL","type":"bus","lastLocID":7942,"messageCode":760,"time":1395753041103,"expires":1395753459000,"signMessageLong":"72  Killingsworth/82nd to Clackamas TC","extraBlockID":null,"locationInScheduleDay":22059,"longitude":-122.57551,"blockID":7237,"offRoute":false,"nextLocID":12921,"vehicleID":3004,"signMessage":"72 Clackamas TC","extraTripID":null,"nextStopSeq":110,"routeNumber":72,"vehicleLoad":"unknown","bearing":91,"lastStopSeq":109,"inCongestion":false,"delay":-180,"latitude":45.4372605},{"tripID":4418193,"serviceDate":1395730800000,"direction":1,"garage":"POWELL","type":"bus","lastLocID":3185,"messageCode":760,"time":1395753037959,"expires":1395753456000,"signMessageLong":"72  Killingsworth/82nd to Clackamas TC","extraBlockID":null,"locationInScheduleDay":22257,"longitude":-122.5786811,"blockID":7241,"offRoute":false,"nextLocID":8889,"vehicleID":3048,"signMessage":"72 Clackamas TC","extraTripID":null,"nextStopSeq":52,"routeNumber":72,"vehicleLoad":"unknown","bearing":89,"lastStopSeq":51,"inCongestion":false,"delay":21,"latitude":45.5626756},{"tripID":4417867,"serviceDate":1395730800000,"direction":0,"garage":"POWELL","type":"bus","lastLocID":8052,"messageCode":768,"time":1395753019864,"expires":1395753437000,"signMessageLong":"72  Killingsworth/82nd to Swan Island-Shipyards","extraBlockID":null,"locationInScheduleDay":22164,"longitude":-122.5787244,"blockID":7235,"offRoute":false,"nextLocID":8061,"vehicleID":3053,"signMessage":"72 Swan Island","extraTripID":null,"nextStopSeq":31,"routeNumber":72,"vehicleLoad":"unknown","bearing":0,"lastStopSeq":30,"inCongestion":false,"delay":-53,"latitude":45.4999528},{"tripID":4418194,"serviceDate":1395730800000,"direction":1,"garage":"POWELL","type":"bus","lastLocID":3188,"messageCode":760,"time":1395753024215,"expires":1395753441000,"signMessageLong":"72  Killingsworth/82nd to Clackamas TC","extraBlockID":null,"locationInScheduleDay":22167,"longitude":-122.6650075,"blockID":7234,"offRoute":false,"nextLocID":3165,"vehicleID":3054,"signMessage":"72 Clackamas TC","extraTripID":null,"nextStopSeq":19,"routeNumber":72,"vehicleLoad":"unknown","bearing":89,"lastStopSeq":18,"inCongestion":false,"delay":-54,"latitude":45.5627342},{"tripID":4419222,"serviceDate":1395730800000,"direction":1,"garage":"POWELL","type":"bus","lastLocID":2428,"messageCode":813,"time":1395753034750,"expires":1395753454000,"signMessageLong":"77  Broadway/Halsey to Montgomery Park","extraBlockID":null,"locationInScheduleDay":21929,"longitude":-122.612232,"blockID":7734,"offRoute":false,"nextLocID":2425,"vehicleID":3046,"signMessage":"77 Montgomry Pk","extraTripID":null,"nextStopSeq":64,"routeNumber":77,"vehicleLoad":"unknown","bearing":270,"lastStopSeq":63,"inCongestion":false,"delay":-305,"latitude":45.5337496},{"tripID":4411560,"serviceDate":1395730800000,"direction":1,"garage":"POWELL","type":"bus","lastLocID":1831,"messageCode":268,"time":1395753024194,"expires":1395753441000,"signMessageLong":"14  Hawthorne to Portland","extraBlockID":null,"locationInScheduleDay":22221,"longitude":-122.5662917,"blockID":1434,"offRoute":false,"nextLocID":13236,"vehicleID":3027,"signMessage":"14 To Portland","extraTripID":null,"nextStopSeq":2,"routeNumber":14,"vehicleLoad":"unknown","bearing":291,"lastStopSeq":1,"inCongestion":false,"delay":0,"latitude":45.4791765},{"tripID":4419085,"serviceDate":1395730800000,"direction":0,"garage":"CENTER","type":"bus","lastLocID":2385,"messageCode":809,"time":1395753034766,"expires":1395753454000,"signMessageLong":"77  Broadway/Halsey to Troutdale","extraBlockID":null,"locationInScheduleDay":22257,"longitude":-122.5121069,"blockID":7702,"offRoute":false,"nextLocID":2320,"vehicleID":2005,"signMessage":"77 To Troutdale","extraTripID":null,"nextStopSeq":70,"routeNumber":77,"vehicleLoad":"unknown","bearing":90,"lastStopSeq":69,"inCongestion":false,"delay":23,"latitude":45.5336684}],"queryTime":1395753048723}}
