{"resultSet":{"vehicle":[{"tripID":4411313,"serviceDate":1395730800000,"direction":0,"garage":"POWELL","type":"bus","lastLocID":7651,"messageCode":266,"time":1395755183462,"expires":1395755600000,"signMessageLong":"14  Hawthorne to 94th & Foster","extraBlockID":null,"locationInScheduleDay":24561,"longitude":-122.6115159,"blockID":1436,"offRoute":false,"nextLocID":7662,"vehicleID":2206,"signMessage":"14 To 94-Foster","extraTripID":null,"nextStopSeq":23,"routeNumber":14,"vehicleLoad":"unknown","bearing":177,"lastStopSeq":22,"inCongestion":false,"delay":181,"latitude":45.5110786},{"tripID":4419089,"serviceDate":1395730800000,"direction":0,"garage":"POWELL","type":"bus","lastLocID":1607,"messageCode":809,"time":1395755183509,"expires":1395755601000,"signMessageLong":"77  Broadway/Halsey to Troutdale","extraBlockID":null,"locationInScheduleDay":24279,"longitude":-122.6797874,"blockID":7735,"offRoute":false,"nextLocID":8402,"vehicleID":2222,"signMessage":"77 To Troutdale","extraTripID":null,"nextStopSeq":15,"routeNumber":77,"vehicleLoad":"unknown","bearing":88,"lastStopSeq":14,"inCongestion":false,"delay":-102,"latitude":45.5251429},{"tripID":4419223,"serviceDate":1395730800000,"direction":1,"garage":"POWELL","type":"bus","lastLocID":2592,"messageCode":813,"time":1395755186218,"expires":1395755604000,"signMessageLong":"77  Broadway/Halsey to Montgomery Park","extraBlockID":null,"locationInScheduleDay":24380,"longitude":-122.6671383,"blockID":7736,"offRoute":false,"nextLocID":9311,"vehicleID":2221,"signMessage":"77 Montgomry Pk","extraTripID":null,"nextStopSeq":87,"routeNumber":77,"vehicleLoad":"unknown","bearing":193,"lastStopSeq":86,"inCongestion":false,"delay":-4,"latitude":45.5289262},{"tripID":4411562,"serviceDate":1395730800000,"direction":1,"garage":"POWELL","type":"bus","lastLocID":1829,"messageCode":268,"time":1395755186248,"expires":1395755603000,"signMessageLong":"14  Hawthorne to Portland","extraBlockID":null,"locationInScheduleDay":24412,"longitude":-122.570153,"blockID":1437,"offRoute":false,"nextLocID":1826,"vehicleID":2264,"signMessage":"14 To Portland","extraTripID":null,"nextStopSeq":4,"routeNumber":14,"vehicleLoad":"unknown","bearing":296,"lastStopSeq":3,"inCongestion":false,"delay":29,"latitude":45.4803001},{"tripID":4418198,"serviceDate":1395730800000,"direction":1,"garage":"POWELL","type":"bus","lastLocID":2195,"messageCode":760,"time":1395755207316,"expires":1395755626000,"signMessageLong":"72  Killingsworth/82nd to Clackamas TC","extraBlockID":null,"locationInScheduleDay":24422,"longitude":-122.6932104,"blockID":7246,"offRoute":false,"nextLocID":2201,"vehicleID":2296,"signMessage":"72 Clackamas TC","extraTripID":null,"nextStopSeq":5,"routeNumber":72,"vehicleLoad":"unknown","bearing":350,"lastStopSeq":4,"inCongestion":false,"delay":16,"latitude":45.5566583},{"tripID":4419224,"serviceDate":1395730800000,"direction":1,"garage":"POWELL","type":"bus","lastLocID":7510,"messageCode":813,"time":1395755195578,"expires":1395755611000,"signMessageLong":"77  Broadway/Halsey to Montgomery Park","extraBlockID":null,"locationInScheduleDay":24374,"longitude":-122.6203093,"blockID":7737,"offRoute":false,"nextLocID":10869,"vehicleID":2285,"signMessage":"77 Montgomry Pk","extraTripID":null,"nextStopSeq":68,"routeNumber":77,"vehicleLoad":"unknown","bearing":179,"lastStopSeq":67,"inCongestion":false,"delay":-17,"latitude":45.5340242},{"tripID":4417869,"serviceDate":1395730800000,"direction":0,"garage":"POWELL","type":"bus","lastLocID":7967,"messageCode":766,"time":1395755183559,"expires":1395755600000,"signMessageLong":"72  Killingsworth/82nd to Swan Island-Anchor St","extraBlockID":null,"locationInScheduleDay":24463,"longitude":-122.5787649,"blockID":7244,"offRoute":false,"nextLocID":7933,"vehicleID":2276,"signMessage":"72 Swan Island","extraTripID":null,"nextStopSeq":57,"routeNumber":72,"vehicleLoad":"unknown","bearing":0,"lastStopSeq":56,"inCongestion":false,"delay":83,"latitude":45.5484777},{"tripID":4417163,"serviceDate":1395730800000,"direction":0,"garage":"CENTER","type":"bus","lastLocID":9339,"messageCode":783,"time":1395755183368,"expires":1395755601000,"signMessageLong":"70  33rd Ave to NE Sunderland","extraBlockID":null,"locationInScheduleDay":24224,"longitude":-122.6321424,"blockID":7005,"offRoute":false,"nextLocID":11171,"vehicleID":2132,"signMessage":"70 To Sunderlnd","extraTripID":null,"nextStopSeq":80,"routeNumber":70,"vehicleLoad":"unknown","bearing":344,"lastStopSeq":79,"inCongestion":false,"delay":-157,"latitude":45.5895611},{"tripID":4413878,"serviceDate":1395730800000,"direction":1,"garage":"CENTER","type":"bus","lastLocID":2574,"messageCode":462,"time":1395755183384,"expires":1395755600000,"signMessageLong":"31L Portland Limited","extraBlockID":null,"locationInScheduleDay":24024,"longitude":-122.631985,"blockID":3001,"offRoute":false,"nextLocID":3858,"vehicleID":2123,"signMessage":"31L To Portland Limited","extraTripID":null,"nextStopSeq":6,"routeNumber":31,"vehicleLoad":"unknown","bearing":268,"lastStopSeq":5,"inCongestion":false,"delay":-356,"latitude":45.4465409},{"tripID":4417166,"serviceDate":1395730800000,"direction":0,"garage":"CENTER","type":"bus","lastLocID":13477,"messageCode":781,"time":1395755195394,"expires":1395755614000,"signMessageLong":"70  12th/NE 33rd Ave to NE Sunderland via 17th & Tacoma","extraBlockID":null,"locationInScheduleDay":24394,"longitude":-122.6407309,"blockID":7006,"offRoute":false,"nextLocID":8225,"vehicleID":2150,"signMessage":"70 To Sunderland via 17th","extraTripID":null,"nextStopSeq":2,"routeNumber":70,"vehicleLoad":"unknown","bearing":81,"lastStopSeq":1,"inCongestion":false,"delay":0,"latitude":45.4448667},{"tripID":4418197,"serviceDate":1395730800000,"direction":1,"garage":"POWELL","type":"bus","lastLocID":3156,"messageCode":760,"time":1395755204167,"expires":1395755621000,"signMessageLong":"72  Killingsworth/82nd to Clackamas TC","extraBlockID":null,"locationInScheduleDay":24454,"longitude":-122.6690665,"blockID":7238,"offRoute":false,"nextLocID":3183,"vehicleID":2527,"signMessage":"72 Clackamas TC","extraTripID":null,"nextStopSeq":17,"routeNumber":72,"vehicleLoad":"unknown","bearing":89,"lastStopSeq":16,"inCongestion":false,"delay":53,"latitude":45.562713},{"tripID":4417165,"serviceDate":1395730800000,"direction":0,"garage":"CENTER","type":"bus","lastLocID":6849,"messageCode":780,"time":1395755201425,"expires":1395755618000,"signMessageLong":"70  12th/NE 33rd Ave to NE Sunderland","extraBlockID":null,"locationInScheduleDay":24360,"longitude":-122.6483462,"blockID":7002,"offRoute":false,"nextLocID":13693,"vehicleID":2524,"signMessage":"70 To Sunderlnd","extraTripID":null,"nextStopSeq":25,"routeNumber":70,"vehicleLoad":"unknown","bearing":359,"lastStopSeq":24,"inCongestion":false,"delay":-38,"latitude":45.493876},{"tripID":4419087,"serviceDate":1395730800000,"direction":0,"garage":"CENTER","type":"bus","lastLocID":10747,"messageCode":809,"time":1395755207305,"expires":1395755626000,"signMessageLong":"77  Broadway/Halsey to Troutdale","extraBlockID":null,"locationInScheduleDay":24521,"longitude":-122.5548718,"blockID":7701,"offRoute":false,"nextLocID":2356,"vehicleID":2512,"signMessage":"77 To Troutdale","extraTripID":null,"nextStopSeq":57,"routeNumber":77,"vehicleLoad":"unknown","bearing":90,"lastStopSeq":56,"inCongestion":false,"delay":115,"latitude":45.5335263},{"tripID":4417866,"serviceDate":1395730800000,"direction":0,"garage":"POWELL","type":"bus","lastLocID":2161,"messageCode":766,"time":1395755180259,"expires":1395755597000,"signMessageLong":"72  Killingsworth/82nd to Swan Island-Anchor St","extraBlockID":null,"locationInScheduleDay":23819,"longitude":-122.7038915,"blockID":7240,"offRoute":false,"nextLocID":115,"vehicleID":2533,"signMessage":"72 Swan Island","extraTripID":null,"nextStopSeq":108,"routeNumber":72,"vehicleLoad":"unknown","bearing":162,"lastStopSeq":107,"inCongestion":false,"delay":0,"latitude":45.5568157},{"tripID":4418196,"serviceDate":1395730800000,"direction":1,"garage":"POWELL","type":"bus","lastLocID":60,"messageCode":760,"time":1395755201548,"expires":1395755619000,"signMessageLong":"72  Killingsworth/82nd to Clackamas TC","extraBlockID":null,"locationInScheduleDay":24366,"longitude":-122.6403649,"blockID":7236,"offRoute":false,"nextLocID":63,"vehicleID":2552,"signMessage":"72 Clackamas TC","extraTripID":null,"nextStopSeq":30,"routeNumber":72,"vehicleLoad":"unknown","bearing":90,"lastStopSeq":29,"inCongestion":false,"delay":-33,"latitude":45.5590641},{"tripID":4413798,"serviceDate":1395730800000,"direction":0,"garage":"POWELL","type":"bus","lastLocID":3226,"messageCode":457,"time":1395755180327,"expires":1395755599000,"signMessageLong":"31  Clackamas Town Center, continuing to Estacada","extraBlockID":null,"locationInScheduleDay":24500,"longitude":-122.5797477,"blockID":3134,"offRoute":false,"nextLocID":7990,"vehicleID":2555,"signMessage":"31 To Estacada via Clackamas","extraTripID":null,"nextStopSeq":20,"routeNumber":31,"vehicleLoad":"unknown","bearing":90,"lastStopSeq":19,"inCongestion":false,"delay":121,"latitude":45.4470299},{"tripID":4417868,"serviceDate":1395730800000,"direction":0,"garage":"POWELL","type":"bus","lastLocID":3201,"messageCode":768,"time":1395755198358,"expires":1395755615000,"signMessageLong":"72  Killingsworth/82nd to Swan Island-Shipyards","extraBlockID":null,"locationInScheduleDay":24177,"longitude":-122.6194171,"blockID":7242,"offRoute":false,"nextLocID":3200,"vehicleID":2548,"signMessage":"72 Swan Island","extraTripID":null,"nextStopSeq":74,"routeNumber":72,"vehicleLoad":"unknown","bearing":270,"lastStopSeq":73,"inCongestion":false,"delay":-218,"latitude":45.5628085},{"tripID":4411561,"serviceDate":1395730800000,"direction":1,"garage":"POWELL","type":"bus","lastLocID":1793,"messageCode":268,"time":1395755171512,"expires":1395755588000,"signMessageLong":"14  Hawthorne to Portland","extraBlockID":null,"locationInScheduleDay":24279,"longitude":-122.6110304,"blockID":1435,"offRoute":false,"nextLocID":7656,"vehicleID":2316,"signMessage":"14 To Portland","extraTripID":null,"nextStopSeq":18,"routeNumber":14,"vehicleLoad":"unknown","bearing":315,"lastStopSeq":17,"inCongestion":false,"delay":-89,"latitude":45.4970291},{"tripID":4413879,"serviceDate":1395730800000,"direction":1,"garage":"CENTER","type":"bus","lastLocID":12922,"messageCode":464,"time":1395755201422,"expires":1395755619000,"signMessageLong":"31  To Portland via Milwaukie","extraBlockID":null,"locationInScheduleDay":24260,"longitude":-122.5790255,"blockID":1403,"offRoute":false,"nextLocID":7941,"vehicleID":2725,"signMessage":"31 To Portland","extraTripID":null,"nextStopSeq":3,"routeNumber":31,"vehicleLoad":"unknown","bearing":1,"lastStopSeq":2,"inCongestion":false,"delay":-139,"latitude":45.4376972},{"tripID":4419088,"serviceDate":1395730800000,"direction":0,"garage":"CENTER","type":"bus","lastLocID":648,"messageCode":809,"time":1395755198175,"expires":1395755615000,"signMessageLong":"77  Broadway/Halsey to Troutdale","extraBlockID":null,"locationInScheduleDay":24443,"longitude":-122.6250211,"blockID":7705,"offRoute":false,"nextLocID":10870,"vehicleID":2720,"signMessage":"77 To Troutdale","extraTripID":null,"nextStopSeq":35,"routeNumber":77,"vehicleLoad":"unknown","bearing":179,"lastStopSeq":34,"inCongestion":false,"delay":48,"latitude":45.5346483},{"tripID":4417164,"serviceDate":1395730800000,"direction":0,"garage":"CENTER","type":"bus","lastLocID":4050,"messageCode":783,"time":1395755186175,"expires":1395755602000,"signMessageLong":"70  33rd Ave to NE Sunderland","extraBlockID":null,"locationInScheduleDay":24295,"longitude":-122.6452192,"blockID":7007,"offRoute":false,"nextLocID":7107,"vehicleID":2709,"signMessage":"70 To Sunderlnd","extraTripID":null,"nextStopSeq":38,"routeNumber":70,"vehicleLoad":"unknown","bearing":90,"lastStopSeq":37,"inCongestion":false,"delay":-87,"latitude":45.531457},{"tripID":4417315,"serviceDate":1395730800000,"direction":1,"garage":"CENTER","type":"bus","lastLocID":6555,"messageCode":789,"time":1395755201401,"expires":1395755619000,"signMessageLong":"70  12th Ave to Milwaukie via 17th & Tacoma","extraBlockID":null,"locationInScheduleDay":24381,"longitude":-122.6547167,"blockID":7001,"offRoute":false,"nextLocID":6553,"vehicleID":2704,"signMessage":"70 To Milw via 17","extraTripID":null,"nextStopSeq":54,"routeNumber":70,"vehicleLoad":"unknown","bearing":180,"lastStopSeq":53,"inCongestion":false,"delay":-18,"latitude":45.5094702},{"tripID":4417317,"serviceDate":1395730800000,"direction":1,"garage":"CENTER","type":"bus","lastLocID":9414,"messageCode":788,"time":1395755195428,"expires":1395755611000,"signMessageLong":"70  12th/NE 33rd Ave to Milwaukie","extraBlockID":null,"locationInScheduleDay":24425,"longitude":-122.6319711,"blockID":7003,"offRoute":false,"nextLocID":10450,"vehicleID":2705,"signMessage":"70 To Milwaukie","extraTripID":null,"nextStopSeq":3,"routeNumber":70,"vehicleLoad":"unknown","bearing":180,"lastStopSeq":2,"inCongestion":false,"delay":34,"latitude":45.5873531},{"tripID":4417167,"serviceDate":1395730800000,"direction":0,"garage":"CENTER","type":"bus","lastLocID":13477,"messageCode":782,"time":1395755180220,"expires":1395755597000,"signMessageLong":"70  12th/NE 33rd Ave to NE Sunderland via 13th & Tacoma","extraBlockID":null,"locationInScheduleDay":24377,"longitude":-122.6407309,"blockID":7004,"offRoute":false,"nextLocID":8225,"vehicleID":2701,"signMessage":"70 To Sunderland via 13th","extraTripID":null,"nextStopSeq":2,"routeNumber":70,"vehicleLoad":"unknown","bearing":81,"lastStopSeq":1,"inCongestion":false,"delay":0,"latitude":45.4448667},{"tripID":4419225,"serviceDate":1395730800000,"direction":1,"garage":"CENTER","type":"bus","lastLocID":6223,"messageCode":813,"time":1395755201539,"expires":1395755618000,"signMessageLong":"77  Broadway/Halsey to Montgomery Park","extraBlockID":null,"locationInScheduleDay":24214,"longitude":-122.5557962,"blockID":7704,"offRoute":false,"nextLocID":10746,"vehicleID":2614,"signMessage":"77 Montgomry Pk","extraTripID":null,"nextStopSeq":46,"routeNumber":77,"vehicleLoad":"unknown","bearing":269,"lastStopSeq":45,"inCongestion":false,"delay":-184,"latitude":45.5341762},{"tripID":4411564,"serviceDate":1395730800000,"direction":1,"garage":"CENTER","type":"bus","lastLocID":1831,"messageCode":268,"time":1395755198288,"expires":1395755615000,"signMessageLong":"14  Hawthorne to Portland","extraBlockID":null,"locationInScheduleDay":24395,"longitude":-122.5662917,"blockID":1401,"offRoute":false,"nextLocID":13236,"vehicleID":2608,"signMessage":"14 To Portland","extraTripID":null,"nextStopSeq":2,"routeNumber":14,"vehicleLoad":"unknown","bearing":291,"lastStopSeq":1,"inCongestion":false,"delay":0,"latitude":45.4791765},{"tripID":4419086,"serviceDate":1395730800000,"direction":0,"garage":"CENTER","type":"bus","lastLocID":2345,"messageCode":809,"time":1395755207327,"expires":1395755626000,"signMessageLong":"77  Broadway/Halsey to Troutdale","extraBlockID":null,"locationInScheduleDay":24584,"longitude":-122.394392,"blockID":7703,"offRoute":false,"nextLocID":13532,"vehicleID":2630,"signMessage":"77 To Troutdale","extraTripID":null,"nextStopSeq":98,"routeNumber":77,"vehicleLoad":"unknown","bearing":67,"lastStopSeq":97,"inCongestion":false,"delay":178,"latitude":45.5393766},{"tripID":4417870,"serviceDate":1395730800000,"direction":0,"garage":"POWELL","type":"bus","lastLocID":8027,"messageCode":768,"time":1395755183385,"expires":1395755600000,"signMessageLong":"72  Killingsworth/82nd to Swan Island-Shipyards","extraBlockID":null,"locationInScheduleDay":24019,"longitude":-122.5789722,"blockID":7237,"offRoute":false,"nextLocID":7964,"vehicleID":3004,"signMessage":"72 Swan Island","extraTripID":null,"nextStopSeq":22,"routeNumber":72,"vehicleLoad":"unknown","bearing":0,"lastStopSeq":21,"inCongestion":false,"delay":-361,"latitude":45.4823843},{"tripID":4418193,"serviceDate":1395730800000,"direction":1,"garage":"POWELL","type":"bus","lastLocID":7969,"messageCode":760,"time":1395755186170,"expires":1395755602000,"signMessageLong":"72  Killingsworth/82nd to Clackamas TC","extraBlockID":null,"locationInScheduleDay":24018,"longitude":-122.5789463,"blockID":7241,"offRoute":false,"nextLocID":7990,"vehicleID":3048,"signMessage":"72 Clackamas TC","extraTripID":null,"nextStopSeq":107,"routeNumber":72,"vehicleLoad":"unknown","bearing":177,"lastStopSeq":106,"inCongestion":false,"delay":-364,"latitude":45.4477769},{"tripID":4417867,"serviceDate":1395730800000,"direction":0,"garage":"POWELL","type":"bus","lastLocID":3159,"messageCode":768,"time":1395755195446,"expires":1395755611000,"signMessageLong":"72  Killingsworth/82nd to Swan Island-Shipyards","extraBlockID":null,"locationInScheduleDay":24338,"longitude":-122.6872238,"blockID":7235,"offRoute":false,"nextLocID":3163,"vehicleID":3053,"signMessage":"72 Swan Island","extraTripID":null,"nextStopSeq":101,"routeNumber":72,"vehicleLoad":"unknown","bearing":270,"lastStopSeq":100,"inCongestion":false,"delay":-53,"latitude":45.5627042},{"tripID":4417871,"serviceDate":1395730800000,"direction":0,"garage":"POWELL","type":"bus","lastLocID":7995,"messageCode":766,"time":1395755195441,"expires":1395755614000,"signMessageLong":"72  Killingsworth/82nd to Swan Island-Anchor St","extraBlockID":null,"locationInScheduleDay":24406,"longitude":-122.5790857,"blockID":7245,"offRoute":false,"nextLocID":7951,"vehicleID":3052,"signMessage":"72 Swan Island","extraTripID":null,"nextStopSeq":11,"routeNumber":72,"vehicleLoad":"unknown","bearing":0,"lastStopSeq":10,"inCongestion":false,"delay":12,"latitude":45.4587388},{"tripID":4418194,"serviceDate":1395730800000,"direction":1,"garage":"POWELL","type":"bus","lastLocID":8030,"messageCode":760,"time":1395755201412,"expires":1395755619000,"signMessageLong":"72  Killingsworth/82nd to Clackamas TC","extraBlockID":null,"locationInScheduleDay":24497,"longitude":-122.5789102,"blockID":7234,"offRoute":false,"nextLocID":8009,"vehicleID":3054,"signMessage":"72 Clackamas TC","extraTripID":null,"nextStopSeq":89,"routeNumber":72,"vehicleLoad":"unknown","bearing":181,"lastStopSeq":88,"inCongestion":false,"delay":98,"latitude":45.4862187},{"tripID":4419222,"serviceDate":1395730800000,"direction":1,"garage":"POWELL","type":"bus","lastLocID":8483,"messageCode":813,"time":1395755183430,"expires":1395755600000,"signMessageLong":"77  Broadway/Halsey to Montgomery Park","extraBlockID":null,"locationInScheduleDay":24042,"longitude":-122.7069345,"blockID":7734,"offRoute":false,"nextLocID":8484,"vehicleID":3046,"signMessage":"77 Montgomry Pk","extraTripID":null,"nextStopSeq":109,"routeNumber":77,"vehicleLoad":"unknown","bearing":178,"lastStopSeq":108,"inCongestion":false,"delay":0,"latitude":45.5377966},{"tripID":4419226,"serviceDate":1395730800000,"direction":1,"garage":"POWELL","type":"bus","lastLocID":2326,"messageCode":813,"time":1395755186164,"expires":1395755603000,"signMessageLong":"77  Broadway/Halsey to Montgomery Park","extraBlockID":null,"locationInScheduleDay":24420,"longitude":-122.4658313,"blockID":7738,"offRoute":false,"nextLocID":2407,"vehicleID":3035,"signMessage":"77 Montgomry Pk","extraTripID":null,"nextStopSeq":20,"routeNumber":77,"vehicleLoad":"unknown","bearing":270,"lastStopSeq":19,"inCongestion":false,"delay":37,"latitude":45.5336619},{"tripID":4411560,"serviceDate":1395730800000,"direction":1,"garage":"POWELL","type":"bus","lastLocID":2626,"messageCode":268,"time":1395755183404,"expires":1395755600000,"signMessageLong":"14  Hawthorne to Portland","extraBlockID":null,"locationInScheduleDay":23654,"longitude":-122.6240392,"blockID":1434,"offRoute":false,"nextLocID":2624,"vehicleID":3027,"signMessage":"14 To Portland","extraTripID":null,"nextStopSeq":29,"routeNumber":14,"vehicleLoad":"unknown","bearing":270,"lastStopSeq":28,"inCongestion":false,"delay":-726,"latitude":45.5120461},{"tripID":4418195,"serviceDate":1395730800000,"direction":1,"garage":"POWELL","type":"bus","lastLocID":3185,"messageCode":760,"time":1395755138302,"expires":1395755555000,"signMessageLong":"72  Killingsworth/82nd to Clackamas TC","extraBlockID":null,"locationInScheduleDay":24081,"longitude":-122.5785165,"blockID":7243,"offRoute":false,"nextLocID":8889,"vehicleID":3025,"signMessage":"72 Clackamas TC","extraTripID":null,"nextStopSeq":52,"routeNumber":72,"vehicleLoad":"unknown","bearing":180,"lastStopSeq":51,"inCongestion":false,"delay":-254,"latitude":45.5613649},{"tripID":4419227,"serviceDate":1395730800000,"direction":1,"garage":"CENTER","type":"bus","lastLocID":9481,"messageCode":813,"time":1395755195494,"expires":1395755611000,"signMessageLong":"77  Broadway/Halsey to Montgomery Park","extraBlockID":null,"locationInScheduleDay":24391,"longitude":-122.3982117,"blockID":7702,"offRoute":false,"nextLocID":9471,"vehicleID":2005,"signMessage":"77 Montgomry Pk","extraTripID":null,"nextStopSeq":2,"routeNumber":77,"vehicleLoad":"unknown","bearing":85,"lastStopSeq":1,"inCongestion":false,"delay":0,"latitude":45.5443612},{"tripID":4413877,"serviceDate":1395730800000,"direction":1,"garage":"CENTER","type":"bus","lastLocID":3858,"messageCode":466,"time":1395755135134,"expires":1395755552000,"signMessageLong":"31  Portland","extraBlockID":null,"locationInScheduleDay":23961,"longitude":-122.6502155,"blockID":1402,"offRoute":false,"nextLocID":3837,"vehicleID":2014,"signMessage":"31 To Portland","extraTripID":null,"nextStopSeq":34,"routeNumber":31,"vehicleLoad":"unknown","bearing":310,"lastStopSeq":33,"inCongestion":false,"delay":-371,"latitude":45.4872879}],"queryTime":1395755208805}}
