{"resultSet":{"vehicle":[{"tripID":4411566,"serviceDate":1395730800000,"direction":1,"garage":"POWELL","type":"bus","lastLocID":1807,"messageCode":268,"time":1395757583071,"expires":1395757999000,"signMessageLong":"14  Hawthorne to Portland","extraBlockID":null,"locationInScheduleDay":26796,"longitude":-122.5933764,"blockID":1436,"offRoute":false,"nextLocID":1805,"vehicleID":2206,"signMessage":"14 To Portland","extraTripID":null,"nextStopSeq":11,"routeNumber":14,"vehicleLoad":"unknown","bearing":301,"lastStopSeq":10,"inCongestion":false,"delay":17,"latitude":45.4882338},{"tripID":4419089,"serviceDate":1395730800000,"direction":0,"garage":"POWELL","type":"bus","lastLocID":2374,"messageCode":809,"time":1395757598487,"expires":1395758016000,"signMessageLong":"77  Broadway/Halsey to Troutdale","extraBlockID":null,"locationInScheduleDay":26769,"longitude":-122.5274017,"blockID":7735,"offRoute":false,"nextLocID":2378,"vehicleID":2222,"signMessage":"77 To Troutdale","extraTripID":null,"nextStopSeq":66,"routeNumber":77,"vehicleLoad":"unknown","bearing":90,"lastStopSeq":65,"inCongestion":false,"delay":-27,"latitude":45.5335195},{"tripID":4419092,"serviceDate":1395730800000,"direction":0,"garage":"POWELL","type":"bus","lastLocID":10693,"messageCode":809,"time":1395757580277,"expires":1395757999000,"signMessageLong":"77  Broadway/Halsey to Troutdale","extraBlockID":null,"locationInScheduleDay":26831,"longitude":-122.6947414,"blockID":7736,"offRoute":false,"nextLocID":7132,"vehicleID":2221,"signMessage":"77 To Troutdale","extraTripID":null,"nextStopSeq":6,"routeNumber":77,"vehicleLoad":"unknown","bearing":178,"lastStopSeq":5,"inCongestion":false,"delay":52,"latitude":45.5347452},{"tripID":4411565,"serviceDate":1395730800000,"direction":1,"garage":"POWELL","type":"bus","lastLocID":8242,"messageCode":268,"time":1395757598432,"expires":1395758016000,"signMessageLong":"14  Hawthorne to Portland","extraBlockID":null,"locationInScheduleDay":26836,"longitude":-122.6110248,"blockID":1438,"offRoute":false,"nextLocID":7654,"vehicleID":2220,"signMessage":"14 To Portland","extraTripID":null,"nextStopSeq":21,"routeNumber":14,"vehicleLoad":"unknown","bearing":0,"lastStopSeq":20,"inCongestion":false,"delay":40,"latitude":45.5035617},{"tripID":4418202,"serviceDate":1395730800000,"direction":1,"garage":"POWELL","type":"bus","lastLocID":3171,"messageCode":760,"time":1395757592012,"expires":1395758009000,"signMessageLong":"72  Killingsworth/82nd to Clackamas TC","extraBlockID":null,"locationInScheduleDay":26737,"longitude":-122.671589,"blockID":7248,"offRoute":false,"nextLocID":3156,"vehicleID":2215,"signMessage":"72 Clackamas TC","extraTripID":null,"nextStopSeq":16,"routeNumber":72,"vehicleLoad":"unknown","bearing":89,"lastStopSeq":15,"inCongestion":false,"delay":-52,"latitude":45.5627039},{"tripID":4411316,"serviceDate":1395730800000,"direction":0,"garage":"POWELL","type":"bus","lastLocID":2594,"messageCode":266,"time":1395757595302,"expires":1395758013000,"signMessageLong":"14  Hawthorne to 94th & Foster","extraBlockID":null,"locationInScheduleDay":26911,"longitude":-122.6592773,"blockID":1437,"offRoute":false,"nextLocID":2597,"vehicleID":2264,"signMessage":"14 To 94-Foster","extraTripID":null,"nextStopSeq":5,"routeNumber":14,"vehicleLoad":"unknown","bearing":90,"lastStopSeq":4,"inCongestion":false,"delay":118,"latitude":45.5122396},{"tripID":4413799,"serviceDate":1395730800000,"direction":0,"garage":"POWELL","type":"bus","lastLocID":3226,"messageCode":457,"time":1395757585787,"expires":1395758002000,"signMessageLong":"31  Clackamas Town Center, continuing to Estacada","extraBlockID":null,"locationInScheduleDay":26786,"longitude":-122.5792846,"blockID":3137,"offRoute":false,"nextLocID":7990,"vehicleID":2258,"signMessage":"31 To Estacada via Clackamas","extraTripID":null,"nextStopSeq":20,"routeNumber":31,"vehicleLoad":"unknown","bearing":90,"lastStopSeq":19,"inCongestion":false,"delay":4,"latitude":45.447028},{"tripID":4418200,"serviceDate":1395730800000,"direction":1,"garage":"POWELL","type":"bus","lastLocID":3148,"messageCode":760,"time":1395757574054,"expires":1395757990000,"signMessageLong":"72  Killingsworth/82nd to Clackamas TC","extraBlockID":null,"locationInScheduleDay":26852,"longitude":-122.5964033,"blockID":7247,"offRoute":false,"nextLocID":10600,"vehicleID":2250,"signMessage":"72 Clackamas TC","extraTripID":null,"nextStopSeq":48,"routeNumber":72,"vehicleLoad":"unknown","bearing":90,"lastStopSeq":47,"inCongestion":false,"delay":82,"latitude":45.5627411},{"tripID":4418198,"serviceDate":1395730800000,"direction":1,"garage":"POWELL","type":"bus","lastLocID":7973,"messageCode":760,"time":1395757592069,"expires":1395758010000,"signMessageLong":"72  Killingsworth/82nd to Clackamas TC","extraBlockID":null,"locationInScheduleDay":26761,"longitude":-122.5790573,"blockID":7246,"offRoute":false,"nextLocID":7956,"vehicleID":2296,"signMessage":"72 Clackamas TC","extraTripID":null,"nextStopSeq":69,"routeNumber":72,"vehicleLoad":"unknown","bearing":180,"lastStopSeq":68,"inCongestion":false,"delay":-29,"latitude":45.5267627},{"tripID":4419093,"serviceDate":1395730800000,"direction":0,"garage":"POWELL","type":"bus","lastLocID":8484,"messageCode":809,"time":1395757598534,"expires":1395758015000,"signMessageLong":"77  Broadway/Halsey to Troutdale","extraBlockID":null,"locationInScheduleDay":26795,"longitude":-122.7069049,"blockID":7737,"offRoute":false,"nextLocID":8385,"vehicleID":2285,"signMessage":"77 To Troutdale","extraTripID":null,"nextStopSeq":2,"routeNumber":77,"vehicleLoad":"unknown","bearing":178,"lastStopSeq":1,"inCongestion":false,"delay":0,"latitude":45.5370429},{"tripID":4417869,"serviceDate":1395730800000,"direction":0,"garage":"POWELL","type":"bus","lastLocID":2161,"messageCode":766,"time":1395757580406,"expires":1395757998000,"signMessageLong":"72  Killingsworth/82nd to Swan Island-Anchor St","extraBlockID":null,"locationInScheduleDay":26479,"longitude":-122.7021093,"blockID":7244,"offRoute":false,"nextLocID":115,"vehicleID":2276,"signMessage":"72 Swan Island","extraTripID":null,"nextStopSeq":108,"routeNumber":72,"vehicleLoad":"unknown","bearing":307,"lastStopSeq":107,"inCongestion":false,"delay":0,"latitude":45.5573054},{"tripID":4411567,"serviceDate":1395730800000,"direction":1,"garage":"POWELL","type":"bus","lastLocID":1826,"messageCode":268,"time":1395757583172,"expires":1395758000000,"signMessageLong":"14  Hawthorne to Portland","extraBlockID":null,"locationInScheduleDay":26767,"longitude":-122.5734044,"blockID":1439,"offRoute":false,"nextLocID":1824,"vehicleID":2275,"signMessage":"14 To Portland","extraTripID":null,"nextStopSeq":5,"routeNumber":14,"vehicleLoad":"unknown","bearing":289,"lastStopSeq":4,"inCongestion":false,"delay":-13,"latitude":45.481258},{"tripID":4417318,"serviceDate":1395730800000,"direction":1,"garage":"CENTER","type":"bus","lastLocID":635,"messageCode":788,"time":1395757571226,"expires":1395757987000,"signMessageLong":"70  12th/NE 33rd Ave to Milwaukie","extraBlockID":null,"locationInScheduleDay":26813,"longitude":-122.6444981,"blockID":7005,"offRoute":false,"nextLocID":7139,"vehicleID":2132,"signMessage":"70 To Milwaukie","extraTripID":null,"nextStopSeq":38,"routeNumber":70,"vehicleLoad":"unknown","bearing":270,"lastStopSeq":37,"inCongestion":false,"delay":46,"latitude":45.5350204},{"tripID":4413880,"serviceDate":1395730800000,"direction":1,"garage":"CENTER","type":"bus","lastLocID":8223,"messageCode":454,"time":1395757595207,"expires":1395758014000,"signMessageLong":"31E Portland Express","extraBlockID":null,"locationInScheduleDay":26458,"longitude":-122.6385231,"blockID":3002,"offRoute":false,"nextLocID":3858,"vehicleID":2134,"signMessage":"31E Portland Express","extraTripID":null,"nextStopSeq":2,"routeNumber":31,"vehicleLoad":"unknown","bearing":350,"lastStopSeq":1,"inCongestion":false,"delay":-336,"latitude":45.4663427},{"tripID":4417166,"serviceDate":1395730800000,"direction":0,"garage":"CENTER","type":"bus","lastLocID":4048,"messageCode":783,"time":1395757598315,"expires":1395758014000,"signMessageLong":"70  33rd Ave to NE Sunderland","extraBlockID":null,"locationInScheduleDay":26536,"longitude":-122.6478191,"blockID":7006,"offRoute":false,"nextLocID":4050,"vehicleID":2150,"signMessage":"70 To Sunderlnd","extraTripID":null,"nextStopSeq":37,"routeNumber":70,"vehicleLoad":"unknown","bearing":89,"lastStopSeq":36,"inCongestion":false,"delay":-258,"latitude":45.5314589},{"tripID":4417316,"serviceDate":1395730800000,"direction":1,"garage":"CENTER","type":"bus","lastLocID":6886,"messageCode":738,"time":1395757580197,"expires":1395757998000,"signMessageLong":"70  12th Ave to Milwaukie via 13th & Tacoma","extraBlockID":null,"locationInScheduleDay":26734,"longitude":-122.6464505,"blockID":7008,"offRoute":false,"nextLocID":6902,"vehicleID":2506,"signMessage":"70 To Milwaukie","extraTripID":null,"nextStopSeq":37,"routeNumber":70,"vehicleLoad":"unknown","bearing":175,"lastStopSeq":36,"inCongestion":false,"delay":-44,"latitude":45.4552093},{"tripID":4418197,"serviceDate":1395730800000,"direction":1,"garage":"POWELL","type":"bus","lastLocID":8062,"messageCode":760,"time":1395757600802,"expires":1395758017000,"signMessageLong":"72  Killingsworth/82nd to Clackamas TC","extraBlockID":null,"locationInScheduleDay":26820,"longitude":-122.5787215,"blockID":7238,"offRoute":false,"nextLocID":8053,"vehicleID":2527,"signMessage":"72 Clackamas TC","extraTripID":null,"nextStopSeq":82,"routeNumber":72,"vehicleLoad":"unknown","bearing":180,"lastStopSeq":81,"inCongestion":false,"delay":23,"latitude":45.5003436},{"tripID":4417165,"serviceDate":1395730800000,"direction":0,"garage":"CENTER","type":"bus","lastLocID":13040,"messageCode":783,"time":1395757571314,"expires":1395757989000,"signMessageLong":"70  33rd Ave to NE Sunderland","extraBlockID":null,"locationInScheduleDay":26816,"longitude":-122.6357632,"blockID":7002,"offRoute":false,"nextLocID":9368,"vehicleID":2524,"signMessage":"70 To Sunderlnd","extraTripID":null,"nextStopSeq":83,"routeNumber":70,"vehicleLoad":"unknown","bearing":180,"lastStopSeq":82,"inCongestion":false,"delay":0,"latitude":45.5902506},{"tripID":4419230,"serviceDate":1395730800000,"direction":1,"garage":"CENTER","type":"bus","lastLocID":9481,"messageCode":813,"time":1395757580243,"expires":1395757996000,"signMessageLong":"77  Broadway/Halsey to Montgomery Park","extraBlockID":null,"locationInScheduleDay":26776,"longitude":-122.3982117,"blockID":7701,"offRoute":false,"nextLocID":9471,"vehicleID":2512,"signMessage":"77 Montgomry Pk","extraTripID":null,"nextStopSeq":2,"routeNumber":77,"vehicleLoad":"unknown","bearing":85,"lastStopSeq":1,"inCongestion":false,"delay":0,"latitude":45.5443612},{"tripID":4417872,"serviceDate":1395730800000,"direction":0,"garage":"POWELL","type":"bus","lastLocID":8033,"messageCode":768,"time":1395757585765,"expires":1395758002000,"signMessageLong":"72  Killingsworth/82nd to Swan Island-Shipyards","extraBlockID":null,"locationInScheduleDay":26651,"longitude":-122.5789002,"blockID":7239,"offRoute":false,"nextLocID":8001,"vehicleID":2540,"signMessage":"72 Swan Island","extraTripID":null,"nextStopSeq":53,"routeNumber":72,"vehicleLoad":"unknown","bearing":0,"lastStopSeq":52,"inCongestion":false,"delay":-131,"latitude":45.5415412},{"tripID":4418199,"serviceDate":1395730800000,"direction":1,"garage":"POWELL","type":"bus","lastLocID":7966,"messageCode":760,"time":1395757583063,"expires":1395758001000,"signMessageLong":"72  Killingsworth/82nd to Clackamas TC","extraBlockID":null,"locationInScheduleDay":26803,"longitude":-122.5787765,"blockID":7240,"offRoute":false,"nextLocID":7992,"vehicleID":2533,"signMessage":"72 Clackamas TC","extraTripID":null,"nextStopSeq":58,"routeNumber":72,"vehicleLoad":"unknown","bearing":180,"lastStopSeq":57,"inCongestion":false,"delay":22,"latitude":45.5477961},{"tripID":4417874,"serviceDate":1395730800000,"direction":0,"garage":"POWELL","type":"bus","lastLocID":8040,"messageCode":768,"time":1395757595458,"expires":1395758013000,"signMessageLong":"72  Killingsworth/82nd to Swan Island-Shipyards","extraBlockID":null,"locationInScheduleDay":26763,"longitude":-122.5788396,"blockID":7249,"offRoute":false,"nextLocID":7984,"vehicleID":2558,"signMessage":"72 Swan Island","extraTripID":null,"nextStopSeq":25,"routeNumber":72,"vehicleLoad":"unknown","bearing":0,"lastStopSeq":24,"inCongestion":false,"delay":-30,"latitude":45.4888226},{"tripID":4418196,"serviceDate":1395730800000,"direction":1,"garage":"POWELL","type":"bus","lastLocID":7961,"messageCode":760,"time":1395757598589,"expires":1395758016000,"signMessageLong":"72  Killingsworth/82nd to Clackamas TC","extraBlockID":null,"locationInScheduleDay":26775,"longitude":-122.5790937,"blockID":7236,"offRoute":false,"nextLocID":7950,"vehicleID":2552,"signMessage":"72 Clackamas TC","extraTripID":null,"nextStopSeq":95,"routeNumber":72,"vehicleLoad":"unknown","bearing":180,"lastStopSeq":94,"inCongestion":false,"delay":-21,"latitude":45.4760135},{"tripID":4417868,"serviceDate":1395730800000,"direction":0,"garage":"POWELL","type":"bus","lastLocID":1042,"messageCode":768,"time":1395757595467,"expires":1395758011000,"signMessageLong":"72  Killingsworth/82nd to Swan Island-Shipyards","extraBlockID":null,"locationInScheduleDay":25798,"longitude":-122.7041941,"blockID":7242,"offRoute":false,"nextLocID":1041,"vehicleID":2548,"signMessage":"72 Swan Island","extraTripID":null,"nextStopSeq":117,"routeNumber":72,"vehicleLoad":"unknown","bearing":94,"lastStopSeq":116,"inCongestion":false,"delay":-213,"latitude":45.5566863},{"tripID":4411315,"serviceDate":1395730800000,"direction":0,"garage":"POWELL","type":"bus","lastLocID":2633,"messageCode":266,"time":1395757601044,"expires":1395758019000,"signMessageLong":"14  Hawthorne to 94th & Foster","extraBlockID":null,"locationInScheduleDay":26783,"longitude":-122.6120599,"blockID":1435,"offRoute":false,"nextLocID":7651,"vehicleID":2316,"signMessage":"14 To 94-Foster","extraTripID":null,"nextStopSeq":22,"routeNumber":14,"vehicleLoad":"unknown","bearing":90,"lastStopSeq":21,"inCongestion":false,"delay":-16,"latitude":45.5120188},{"tripID":4413879,"serviceDate":1395730800000,"direction":1,"garage":"CENTER","type":"bus","lastLocID":11956,"messageCode":467,"time":1395757583052,"expires":1395758000000,"signMessageLong":"31  Downtown Only","extraBlockID":null,"locationInScheduleDay":26686,"longitude":-122.6758088,"blockID":1403,"offRoute":false,"nextLocID":7800,"vehicleID":2725,"signMessage":"31 Downtown Only","extraTripID":null,"nextStopSeq":39,"routeNumber":31,"vehicleLoad":"unknown","bearing":290,"lastStopSeq":38,"inCongestion":false,"delay":-94,"latitude":45.5152554},{"tripID":4419088,"serviceDate":1395730800000,"direction":0,"garage":"CENTER","type":"bus","lastLocID":2339,"messageCode":809,"time":1395757591968,"expires":1395758010000,"signMessageLong":"77  Broadway/Halsey to Troutdale","extraBlockID":null,"locationInScheduleDay":26790,"longitude":-122.4015342,"blockID":7705,"offRoute":false,"nextLocID":10598,"vehicleID":2720,"signMessage":"77 To Troutdale","extraTripID":null,"nextStopSeq":96,"routeNumber":77,"vehicleLoad":"unknown","bearing":86,"lastStopSeq":95,"inCongestion":false,"delay":0,"latitude":45.538934},{"tripID":4411563,"serviceDate":1395730800000,"direction":1,"garage":"CENTER","type":"bus","lastLocID":2606,"messageCode":268,"time":1395757595269,"expires":1395758014000,"signMessageLong":"14  Hawthorne to Portland","extraBlockID":null,"locationInScheduleDay":26641,"longitude":-122.6483048,"blockID":1404,"offRoute":false,"nextLocID":2604,"vehicleID":2718,"signMessage":"14 To Portland","extraTripID":null,"nextStopSeq":37,"routeNumber":14,"vehicleLoad":"unknown","bearing":270,"lastStopSeq":36,"inCongestion":false,"delay":-153,"latitude":45.5121964},{"tripID":4413881,"serviceDate":1395730800000,"direction":1,"garage":"CENTER","type":"bus","lastLocID":3243,"messageCode":464,"time":1395757598376,"expires":1395758015000,"signMessageLong":"31  To Portland via Milwaukie","extraBlockID":null,"locationInScheduleDay":26903,"longitude":-122.6143555,"blockID":3101,"offRoute":false,"nextLocID":7524,"vehicleID":2714,"signMessage":"31 To Portland","extraTripID":null,"nextStopSeq":16,"routeNumber":31,"vehicleLoad":"unknown","bearing":270,"lastStopSeq":15,"inCongestion":false,"delay":108,"latitude":45.4480205},{"tripID":4417320,"serviceDate":1395730800000,"direction":1,"garage":"CENTER","type":"bus","lastLocID":9368,"messageCode":788,"time":1395757595252,"expires":1395758011000,"signMessageLong":"70  12th/NE 33rd Ave to Milwaukie","extraBlockID":null,"locationInScheduleDay":26791,"longitude":-122.6357648,"blockID":7007,"offRoute":false,"nextLocID":9414,"vehicleID":2709,"signMessage":"70 To Milwaukie","extraTripID":null,"nextStopSeq":2,"routeNumber":70,"vehicleLoad":"unknown","bearing":180,"lastStopSeq":1,"inCongestion":false,"delay":0,"latitude":45.5898735},{"tripID":4417168,"serviceDate":1395730800000,"direction":0,"garage":"CENTER","type":"bus","lastLocID":6853,"messageCode":781,"time":1395757580184,"expires":1395757999000,"signMessageLong":"70  12th/NE 33rd Ave to NE Sunderland via 17th & Tacoma","extraBlockID":null,"locationInScheduleDay":26773,"longitude":-122.6470542,"blockID":7001,"offRoute":false,"nextLocID":6860,"vehicleID":2704,"signMessage":"70 To Sunderland via 17th","extraTripID":null,"nextStopSeq":7,"routeNumber":70,"vehicleLoad":"unknown","bearing":359,"lastStopSeq":6,"inCongestion":false,"delay":-6,"latitude":45.4619708},{"tripID":4417317,"serviceDate":1395730800000,"direction":1,"garage":"CENTER","type":"bus","lastLocID":6545,"messageCode":789,"time":1395757591906,"expires":1395758009000,"signMessageLong":"70  12th Ave to Milwaukie via 17th & Tacoma","extraBlockID":null,"locationInScheduleDay":26893,"longitude":-122.6547486,"blockID":7003,"offRoute":false,"nextLocID":6544,"vehicleID":2705,"signMessage":"70 To Milw via 17","extraTripID":null,"nextStopSeq":56,"routeNumber":70,"vehicleLoad":"unknown","bearing":180,"lastStopSeq":55,"inCongestion":false,"delay":104,"latitude":45.5049482},{"tripID":4417167,"serviceDate":1395730800000,"direction":0,"garage":"CENTER","type":"bus","lastLocID":6578,"messageCode":780,"time":1395757568909,"expires":1395757985000,"signMessageLong":"70  12th/NE 33rd Ave to NE Sunderland","extraBlockID":null,"locationInScheduleDay":26840,"longitude":-122.6537138,"blockID":7004,"offRoute":false,"nextLocID":6581,"vehicleID":2701,"signMessage":"70 To Sunderlnd","extraTripID":null,"nextStopSeq":28,"routeNumber":70,"vehicleLoad":"unknown","bearing":0,"lastStopSeq":27,"inCongestion":false,"delay":75,"latitude":45.5072346},{"tripID":4419225,"serviceDate":1395730800000,"direction":1,"garage":"CENTER","type":"bus","lastLocID":7113,"messageCode":813,"time":1395757592125,"expires":1395758009000,"signMessageLong":"77  Broadway/Halsey to Montgomery Park","extraBlockID":null,"locationInScheduleDay":26663,"longitude":-122.6944961,"blockID":7704,"offRoute":false,"nextLocID":7122,"vehicleID":2614,"signMessage":"77 Montgomry Pk","extraTripID":null,"nextStopSeq":96,"routeNumber":77,"vehicleLoad":"unknown","bearing":358,"lastStopSeq":95,"inCongestion":false,"delay":-126,"latitude":45.5281727},{"tripID":4411564,"serviceDate":1395730800000,"direction":1,"garage":"CENTER","type":"bus","lastLocID":12892,"messageCode":268,"time":1395757601012,"expires":1395758017000,"signMessageLong":"14  Hawthorne to Portland","extraBlockID":null,"locationInScheduleDay":26838,"longitude":-122.6314623,"blockID":1401,"offRoute":false,"nextLocID":2619,"vehicleID":2608,"signMessage":"14 To Portland","extraTripID":null,"nextStopSeq":31,"routeNumber":14,"vehicleLoad":"unknown","bearing":270,"lastStopSeq":30,"inCongestion":false,"delay":41,"latitude":45.5120617},{"tripID":4417169,"serviceDate":1395730800000,"direction":0,"garage":"CENTER","type":"bus","lastLocID":8225,"messageCode":782,"time":1395757595333,"expires":1395758013000,"signMessageLong":"70  12th/NE 33rd Ave to NE Sunderland via 13th & Tacoma","extraBlockID":null,"locationInScheduleDay":27123,"longitude":-122.6405049,"blockID":7010,"offRoute":false,"nextLocID":6871,"vehicleID":2623,"signMessage":"70 To Sunderland via 13th","extraTripID":null,"nextStopSeq":3,"routeNumber":70,"vehicleLoad":"unknown","bearing":81,"lastStopSeq":2,"inCongestion":false,"delay":330,"latitude":45.4448916},{"tripID":4419229,"serviceDate":1395730800000,"direction":1,"garage":"CENTER","type":"bus","lastLocID":2419,"messageCode":813,"time":1395757595336,"expires":1395758011000,"signMessageLong":"77  Broadway/Halsey to Montgomery Park","extraBlockID":null,"locationInScheduleDay":26804,"longitude":-122.4261279,"blockID":7707,"offRoute":false,"nextLocID":2417,"vehicleID":2653,"signMessage":"77 Montgomry Pk","extraTripID":null,"nextStopSeq":12,"routeNumber":77,"vehicleLoad":"unknown","bearing":259,"lastStopSeq":11,"inCongestion":false,"delay":13,"latitude":45.5361033},{"tripID":4417319,"serviceDate":1395730800000,"direction":1,"garage":"CENTER","type":"bus","lastLocID":7381,"messageCode":788,"time":1395757565037,"expires":1395757984000,"signMessageLong":"70  12th/NE 33rd Ave to Milwaukie","extraBlockID":null,"locationInScheduleDay":26738,"longitude":-122.6306831,"blockID":7009,"offRoute":false,"nextLocID":7382,"vehicleID":2626,"signMessage":"70 To Milwaukie","extraTripID":null,"nextStopSeq":18,"routeNumber":70,"vehicleLoad":"unknown","bearing":180,"lastStopSeq":17,"inCongestion":false,"delay":-26,"latitude":45.5645449},{"tripID":4419228,"serviceDate":1395730800000,"direction":1,"garage":"CENTER","type":"bus","lastLocID":2398,"messageCode":813,"time":1395757580407,"expires":1395757999000,"signMessageLong":"77  Broadway/Halsey to Montgomery Park","extraBlockID":null,"locationInScheduleDay":26533,"longitude":-122.4930707,"blockID":7703,"offRoute":false,"nextLocID":2395,"vehicleID":2630,"signMessage":"77 Montgomry Pk","extraTripID":null,"nextStopSeq":26,"routeNumber":77,"vehicleLoad":"unknown","bearing":270,"lastStopSeq":25,"inCongestion":false,"delay":-246,"latitude":45.53431},{"tripID":4419090,"serviceDate":1395730800000,"direction":0,"garage":"CENTER","type":"bus","lastLocID":651,"messageCode":809,"time":1395757592078,"expires":1395758009000,"signMessageLong":"77  Broadway/Halsey to Troutdale","extraBlockID":null,"locationInScheduleDay":26677,"longitude":-122.6155711,"blockID":7706,"offRoute":false,"nextLocID":653,"vehicleID":2632,"signMessage":"77 To Troutdale","extraTripID":null,"nextStopSeq":38,"routeNumber":77,"vehicleLoad":"unknown","bearing":89,"lastStopSeq":37,"inCongestion":false,"delay":-112,"latitude":45.5351283},{"tripID":4417870,"serviceDate":1395730800000,"direction":0,"garage":"POWELL","type":"bus","lastLocID":3157,"messageCode":768,"time":1395757591859,"expires":1395758009000,"signMessageLong":"72  Killingsworth/82nd to Swan Island-Shipyards","extraBlockID":null,"locationInScheduleDay":26739,"longitude":-122.6725745,"blockID":7237,"offRoute":false,"nextLocID":3154,"vehicleID":3004,"signMessage":"72 Swan Island","extraTripID":null,"nextStopSeq":97,"routeNumber":72,"vehicleLoad":"unknown","bearing":269,"lastStopSeq":96,"inCongestion":false,"delay":-50,"latitude":45.5627008},{"tripID":4417873,"serviceDate":1395730800000,"direction":0,"garage":"POWELL","type":"bus","lastLocID":8010,"messageCode":766,"time":1395757585755,"expires":1395758002000,"signMessageLong":"72  Killingsworth/82nd to Swan Island-Anchor St","extraBlockID":null,"locationInScheduleDay":26975,"longitude":-122.5790316,"blockID":7241,"offRoute":false,"nextLocID":7999,"vehicleID":3048,"signMessage":"72 Swan Island","extraTripID":null,"nextStopSeq":48,"routeNumber":72,"vehicleLoad":"unknown","bearing":358,"lastStopSeq":47,"inCongestion":false,"delay":193,"latitude":45.5323608},{"tripID":4418201,"serviceDate":1395730800000,"direction":1,"garage":"POWELL","type":"bus","lastLocID":7327,"messageCode":760,"time":1395757583036,"expires":1395758000000,"signMessageLong":"72  Killingsworth/82nd to Clackamas TC","extraBlockID":null,"locationInScheduleDay":26887,"longitude":-122.6348967,"blockID":7235,"offRoute":false,"nextLocID":7329,"vehicleID":3053,"signMessage":"72 Clackamas TC","extraTripID":null,"nextStopSeq":34,"routeNumber":72,"vehicleLoad":"unknown","bearing":359,"lastStopSeq":33,"inCongestion":false,"delay":107,"latitude":45.5625177},{"tripID":4417871,"serviceDate":1395730800000,"direction":0,"garage":"POWELL","type":"bus","lastLocID":3189,"messageCode":766,"time":1395757595252,"expires":1395758013000,"signMessageLong":"72  Killingsworth/82nd to Swan Island-Anchor St","extraBlockID":null,"locationInScheduleDay":26821,"longitude":-122.6337401,"blockID":7245,"offRoute":false,"nextLocID":7328,"vehicleID":3052,"signMessage":"72 Swan Island","extraTripID":null,"nextStopSeq":80,"routeNumber":72,"vehicleLoad":"unknown","bearing":270,"lastStopSeq":79,"inCongestion":false,"delay":28,"latitude":45.5627192},{"tripID":4417875,"serviceDate":1395730800000,"direction":0,"garage":"POWELL","type":"bus","lastLocID":7953,"messageCode":766,"time":1395757580211,"expires":1395757999000,"signMessageLong":"72  Killingsworth/82nd to Swan Island-Anchor St","extraBlockID":null,"locationInScheduleDay":26882,"longitude":-122.5790506,"blockID":7234,"offRoute":false,"nextLocID":7993,"vehicleID":3054,"signMessage":"72 Swan Island","extraTripID":null,"nextStopSeq":14,"routeNumber":72,"vehicleLoad":"unknown","bearing":0,"lastStopSeq":13,"inCongestion":false,"delay":103,"latitude":45.4647464},{"tripID":4419091,"serviceDate":1395730800000,"direction":0,"garage":"POWELL","type":"bus","lastLocID":11817,"messageCode":809,"time":1395757568937,"expires":1395757985000,"signMessageLong":"77  Broadway/Halsey to Troutdale","extraBlockID":null,"locationInScheduleDay":26700,"longitude":-122.6659959,"blockID":7734,"offRoute":false,"nextLocID":13708,"vehicleID":3046,"signMessage":"77 To Troutdale","extraTripID":null,"nextStopSeq":20,"routeNumber":77,"vehicleLoad":"unknown","bearing":86,"lastStopSeq":19,"inCongestion":false,"delay":-65,"latitude":45.5307959},{"tripID":4419226,"serviceDate":1395730800000,"direction":1,"garage":"POWELL","type":"bus","lastLocID":635,"messageCode":813,"time":1395757591877,"expires":1395758009000,"signMessageLong":"77  Broadway/Halsey to Montgomery Park","extraBlockID":null,"locationInScheduleDay":26683,"longitude":-122.6415803,"blockID":7738,"offRoute":false,"nextLocID":634,"vehicleID":3035,"signMessage":"77 Montgomry Pk","extraTripID":null,"nextStopSeq":78,"routeNumber":77,"vehicleLoad":"unknown","bearing":256,"lastStopSeq":77,"inCongestion":false,"delay":-106,"latitude":45.535051},{"tripID":4411570,"serviceDate":1395730800000,"direction":1,"garage":"POWELL","type":"bus","lastLocID":1831,"messageCode":268,"time":1395757598351,"expires":1395758016000,"signMessageLong":"14  Hawthorne to Portland","extraBlockID":null,"locationInScheduleDay":26796,"longitude":-122.5662917,"blockID":1434,"offRoute":false,"nextLocID":13236,"vehicleID":3027,"signMessage":"14 To Portland","extraTripID":null,"nextStopSeq":2,"routeNumber":14,"vehicleLoad":"unknown","bearing":291,"lastStopSeq":1,"inCongestion":false,"delay":0,"latitude":45.4791765},{"tripID":4418195,"serviceDate":1395730800000,"direction":1,"garage":"POWELL","type":"bus","lastLocID":12921,"messageCode":760,"time":1395757478616,"expires":1395757896000,"signMessageLong":"72  Killingsworth/82nd to Clackamas TC","extraBlockID":null,"locationInScheduleDay":26496,"longitude":-122.5690354,"blockID":7243,"offRoute":false,"nextLocID":13247,"vehicleID":3025,"signMessage":"72 Clackamas TC","extraTripID":null,"nextStopSeq":111,"routeNumber":72,"vehicleLoad":"unknown","bearing":173,"lastStopSeq":110,"inCongestion":false,"delay":0,"latitude":45.4355465},{"tripID":4419227,"serviceDate":1395730800000,"direction":1,"garage":"CENTER","type":"bus","lastLocID":2438,"messageCode":813,"time":1395757568996,"expires":1395757986000,"signMessageLong":"77  Broadway/Halsey to Montgomery Park","extraBlockID":null,"locationInScheduleDay":26635,"longitude":-122.6041016,"blockID":7702,"offRoute":false,"nextLocID":2432,"vehicleID":2005,"signMessage":"77 Montgomry Pk","extraTripID":null,"nextStopSeq":61,"routeNumber":77,"vehicleLoad":"unknown","bearing":270,"lastStopSeq":60,"inCongestion":false,"delay":-131,"latitude":45.5337177},{"tripID":4411568,"serviceDate":1395730800000,"direction":1,"garage":"CENTER","type":"bus","lastLocID":1831,"messageCode":268,"time":1395757598434,"expires":1395758014000,"signMessageLong":"14  Hawthorne to Portland","extraBlockID":null,"locationInScheduleDay":26794,"longitude":-122.5662917,"blockID":1402,"offRoute":false,"nextLocID":13236,"vehicleID":2014,"signMessage":"14 To Portland","extraTripID":null,"nextStopSeq":2,"routeNumber":14,"vehicleLoad":"unknown","bearing":291,"lastStopSeq":1,"inCongestion":false,"delay":0,"latitude":45.4791765}],"queryTime":1395757608900}}
