{"resultSet":{"vehicle":[{"tripID":4411566,"serviceDate":1395730800000,"direction":1,"garage":"POWELL","type":"bus","lastLocID":3637,"messageCode":268,"time":1395759080269,"expires":1395759496000,"signMessageLong":"14  Hawthorne to Portland","extraBlockID":null,"locationInScheduleDay":28267,"longitude":-122.6581938,"blockID":1436,"offRoute":false,"nextLocID":3641,"vehicleID":2206,"signMessage":"14 To Portland","extraTripID":null,"nextStopSeq":40,"routeNumber":14,"vehicleLoad":"unknown","bearing":270,"lastStopSeq":39,"inCongestion":false,"delay":-9,"latitude":45.5129213},{"tripID":4419089,"serviceDate":1395730800000,"direction":0,"garage":"POWELL","type":"bus","lastLocID":9472,"messageCode":809,"time":1395759094899,"expires":1395759511000,"signMessageLong":"77  Broadway/Halsey to Troutdale","extraBlockID":null,"locationInScheduleDay":28128,"longitude":-122.3993762,"blockID":7735,"offRoute":false,"nextLocID":9481,"vehicleID":2222,"signMessage":"77 To Troutdale","extraTripID":null,"nextStopSeq":102,"routeNumber":77,"vehicleLoad":"unknown","bearing":79,"lastStopSeq":101,"inCongestion":false,"delay":0,"latitude":45.5442656},{"tripID":4419092,"serviceDate":1395730800000,"direction":0,"garage":"POWELL","type":"bus","lastLocID":6239,"messageCode":809,"time":1395759080296,"expires":1395759498000,"signMessageLong":"77  Broadway/Halsey to Troutdale","extraBlockID":null,"locationInScheduleDay":28241,"longitude":-122.6411723,"blockID":7736,"offRoute":false,"nextLocID":636,"vehicleID":2221,"signMessage":"77 To Troutdale","extraTripID":null,"nextStopSeq":29,"routeNumber":77,"vehicleLoad":"unknown","bearing":38,"lastStopSeq":28,"inCongestion":false,"delay":-37,"latitude":45.5349071},{"tripID":4411565,"serviceDate":1395730800000,"direction":1,"garage":"POWELL","type":"bus","lastLocID":13169,"messageCode":266,"time":1395759094865,"expires":1395759514000,"signMessageLong":"14  Hawthorne to 94th & Foster","extraBlockID":null,"locationInScheduleDay":28304,"longitude":-122.681066,"blockID":1438,"offRoute":false,"nextLocID":3639,"vehicleID":2220,"signMessage":"14 To 94-Foster","extraTripID":null,"nextStopSeq":45,"routeNumber":14,"vehicleLoad":"unknown","bearing":201,"lastStopSeq":44,"inCongestion":false,"delay":10,"latitude":45.5166733},{"tripID":4418202,"serviceDate":1395730800000,"direction":1,"garage":"POWELL","type":"bus","lastLocID":8043,"messageCode":760,"time":1395759080299,"expires":1395759498000,"signMessageLong":"72  Killingsworth/82nd to Clackamas TC","extraBlockID":null,"locationInScheduleDay":28589,"longitude":-122.5790053,"blockID":7248,"offRoute":false,"nextLocID":8000,"vehicleID":2215,"signMessage":"72 Clackamas TC","extraTripID":null,"nextStopSeq":65,"routeNumber":72,"vehicleLoad":"unknown","bearing":180,"lastStopSeq":64,"inCongestion":false,"delay":311,"latitude":45.5352177},{"tripID":4411316,"serviceDate":1395730800000,"direction":0,"garage":"POWELL","type":"bus","lastLocID":1819,"messageCode":266,"time":1395759085948,"expires":1395759504000,"signMessageLong":"14  Hawthorne to 94th & Foster","extraBlockID":null,"locationInScheduleDay":28283,"longitude":-122.5778752,"blockID":1437,"offRoute":false,"nextLocID":1821,"vehicleID":2264,"signMessage":"14 To 94-Foster","extraTripID":null,"nextStopSeq":43,"routeNumber":14,"vehicleLoad":"unknown","bearing":118,"lastStopSeq":42,"inCongestion":false,"delay":-1,"latitude":45.4824006},{"tripID":4418200,"serviceDate":1395730800000,"direction":1,"garage":"POWELL","type":"bus","lastLocID":7958,"messageCode":760,"time":1395759098264,"expires":1395759515000,"signMessageLong":"72  Killingsworth/82nd to Clackamas TC","extraBlockID":null,"locationInScheduleDay":28233,"longitude":-122.5786978,"blockID":7247,"offRoute":false,"nextLocID":7948,"vehicleID":2250,"signMessage":"72 Clackamas TC","extraTripID":null,"nextStopSeq":80,"routeNumber":72,"vehicleLoad":"unknown","bearing":180,"lastStopSeq":79,"inCongestion":false,"delay":-62,"latitude":45.5050686},{"tripID":4417876,"serviceDate":1395730800000,"direction":0,"garage":"POWELL","type":"bus","lastLocID":12755,"messageCode":766,"time":1395759090593,"expires":1395759506000,"signMessageLong":"72  Killingsworth/82nd to Swan Island-Anchor St","extraBlockID":null,"locationInScheduleDay":28222,"longitude":-122.5786957,"blockID":7250,"offRoute":false,"nextLocID":8007,"vehicleID":2242,"signMessage":"72 Swan Island","extraTripID":null,"nextStopSeq":35,"routeNumber":72,"vehicleLoad":"unknown","bearing":359,"lastStopSeq":34,"inCongestion":false,"delay":-64,"latitude":45.5097041},{"tripID":4418198,"serviceDate":1395730800000,"direction":1,"garage":"POWELL","type":"bus","lastLocID":12921,"messageCode":760,"time":1395759094909,"expires":1395759511000,"signMessageLong":"72  Killingsworth/82nd to Clackamas TC","extraBlockID":null,"locationInScheduleDay":28380,"longitude":-122.57331,"blockID":7246,"offRoute":false,"nextLocID":13247,"vehicleID":2296,"signMessage":"72 Clackamas TC","extraTripID":null,"nextStopSeq":111,"routeNumber":72,"vehicleLoad":"unknown","bearing":91,"lastStopSeq":110,"inCongestion":false,"delay":0,"latitude":45.4374017},{"tripID":4419093,"serviceDate":1395730800000,"direction":0,"garage":"POWELL","type":"bus","lastLocID":8402,"messageCode":809,"time":1395759094956,"expires":1395759514000,"signMessageLong":"77  Broadway/Halsey to Troutdale","extraBlockID":null,"locationInScheduleDay":28386,"longitude":-122.6783177,"blockID":7737,"offRoute":false,"nextLocID":1606,"vehicleID":2285,"signMessage":"77 To Troutdale","extraTripID":null,"nextStopSeq":16,"routeNumber":77,"vehicleLoad":"unknown","bearing":88,"lastStopSeq":15,"inCongestion":false,"delay":92,"latitude":45.5251722},{"tripID":4418205,"serviceDate":1395730800000,"direction":1,"garage":"POWELL","type":"bus","lastLocID":2226,"messageCode":760,"time":1395759083212,"expires":1395759501000,"signMessageLong":"72  Killingsworth/82nd to Clackamas TC","extraBlockID":null,"locationInScheduleDay":28405,"longitude":-122.6956408,"blockID":7252,"offRoute":false,"nextLocID":9403,"vehicleID":2283,"signMessage":"72 Clackamas TC","extraTripID":null,"nextStopSeq":7,"routeNumber":72,"vehicleLoad":"unknown","bearing":0,"lastStopSeq":6,"inCongestion":false,"delay":124,"latitude":45.5625143},{"tripID":4418204,"serviceDate":1395730800000,"direction":1,"garage":"POWELL","type":"bus","lastLocID":52,"messageCode":760,"time":1395759080378,"expires":1395759497000,"signMessageLong":"72  Killingsworth/82nd to Clackamas TC","extraBlockID":null,"locationInScheduleDay":28299,"longitude":-122.6494417,"blockID":7244,"offRoute":false,"nextLocID":54,"vehicleID":2276,"signMessage":"72 Clackamas TC","extraTripID":null,"nextStopSeq":27,"routeNumber":72,"vehicleLoad":"unknown","bearing":90,"lastStopSeq":26,"inCongestion":false,"delay":22,"latitude":45.5590984},{"tripID":4411567,"serviceDate":1395730800000,"direction":1,"garage":"POWELL","type":"bus","lastLocID":2611,"messageCode":268,"time":1395759056681,"expires":1395759474000,"signMessageLong":"14  Hawthorne to Portland","extraBlockID":null,"locationInScheduleDay":28250,"longitude":-122.640516,"blockID":1439,"offRoute":false,"nextLocID":2609,"vehicleID":2275,"signMessage":"14 To Portland","extraTripID":null,"nextStopSeq":35,"routeNumber":14,"vehicleLoad":"unknown","bearing":270,"lastStopSeq":34,"inCongestion":false,"delay":-4,"latitude":45.5120866},{"tripID":4417318,"serviceDate":1395730800000,"direction":1,"garage":"CENTER","type":"bus","lastLocID":6864,"messageCode":790,"time":1395759094769,"expires":1395759511000,"signMessageLong":"70  12th Ave to Milwaukie via 13th & Tacoma","extraBlockID":null,"locationInScheduleDay":28224,"longitude":-122.6483631,"blockID":7005,"offRoute":false,"nextLocID":6894,"vehicleID":2132,"signMessage":"70 To Milw via 13","extraTripID":null,"nextStopSeq":63,"routeNumber":70,"vehicleLoad":"unknown","bearing":180,"lastStopSeq":62,"inCongestion":false,"delay":-67,"latitude":45.4885275},{"tripID":4417166,"serviceDate":1395730800000,"direction":0,"garage":"CENTER","type":"bus","lastLocID":13040,"messageCode":783,"time":1395759080126,"expires":1395759497000,"signMessageLong":"70  33rd Ave to NE Sunderland","extraBlockID":null,"locationInScheduleDay":27900,"longitude":-122.6357648,"blockID":7006,"offRoute":false,"nextLocID":9368,"vehicleID":2150,"signMessage":"70 To Sunderlnd","extraTripID":null,"nextStopSeq":80,"routeNumber":70,"vehicleLoad":"unknown","bearing":180,"lastStopSeq":79,"inCongestion":false,"delay":0,"latitude":45.5898735},{"tripID":4417170,"serviceDate":1395730800000,"direction":0,"garage":"CENTER","type":"bus","lastLocID":13477,"messageCode":781,"time":1395759080222,"expires":1395759498000,"signMessageLong":"70  12th/NE 33rd Ave to NE Sunderland via 17th & Tacoma","extraBlockID":null,"locationInScheduleDay":28200,"longitude":-122.6407309,"blockID":7008,"offRoute":false,"nextLocID":8225,"vehicleID":2506,"signMessage":"70 To Sunderland via 17th","extraTripID":null,"nextStopSeq":2,"routeNumber":70,"vehicleLoad":"unknown","bearing":81,"lastStopSeq":1,"inCongestion":false,"delay":-78,"latitude":45.4448667},{"tripID":4418197,"serviceDate":1395730800000,"direction":1,"garage":"POWELL","type":"bus","lastLocID":12921,"messageCode":760,"time":1395758921713,"expires":1395759337000,"signMessageLong":"72  Killingsworth/82nd to Clackamas TC","extraBlockID":null,"locationInScheduleDay":28140,"longitude":-122.5681434,"blockID":7238,"offRoute":false,"nextLocID":13247,"vehicleID":2527,"signMessage":"72 Clackamas TC","extraTripID":null,"nextStopSeq":111,"routeNumber":72,"vehicleLoad":"unknown","bearing":82,"lastStopSeq":110,"inCongestion":false,"delay":0,"latitude":45.4356014},{"tripID":4417321,"serviceDate":1395730800000,"direction":1,"garage":"CENTER","type":"bus","lastLocID":8499,"messageCode":788,"time":1395759085881,"expires":1395759504000,"signMessageLong":"70  12th/NE 33rd Ave to Milwaukie","extraBlockID":null,"locationInScheduleDay":28182,"longitude":-122.6306623,"blockID":7002,"offRoute":false,"nextLocID":7370,"vehicleID":2524,"signMessage":"70 To Milwaukie","extraTripID":null,"nextStopSeq":13,"routeNumber":70,"vehicleLoad":"unknown","bearing":179,"lastStopSeq":12,"inCongestion":false,"delay":-102,"latitude":45.5725927},{"tripID":4419230,"serviceDate":1395730800000,"direction":1,"garage":"CENTER","type":"bus","lastLocID":8860,"messageCode":813,"time":1395759094822,"expires":1395759511000,"signMessageLong":"77  Broadway/Halsey to Montgomery Park","extraBlockID":null,"locationInScheduleDay":28380,"longitude":-122.4783056,"blockID":7701,"offRoute":false,"nextLocID":2349,"vehicleID":2512,"signMessage":"77 Montgomry Pk","extraTripID":null,"nextStopSeq":23,"routeNumber":77,"vehicleLoad":"unknown","bearing":269,"lastStopSeq":22,"inCongestion":false,"delay":89,"latitude":45.5347035},{"tripID":4417872,"serviceDate":1395730800000,"direction":0,"garage":"POWELL","type":"bus","lastLocID":3184,"messageCode":768,"time":1395759094846,"expires":1395759511000,"signMessageLong":"72  Killingsworth/82nd to Swan Island-Shipyards","extraBlockID":null,"locationInScheduleDay":28300,"longitude":-122.6683611,"blockID":7239,"offRoute":false,"nextLocID":3157,"vehicleID":2540,"signMessage":"72 Swan Island","extraTripID":null,"nextStopSeq":96,"routeNumber":72,"vehicleLoad":"unknown","bearing":269,"lastStopSeq":95,"inCongestion":false,"delay":9,"latitude":45.562715},{"tripID":4418199,"serviceDate":1395730800000,"direction":1,"garage":"POWELL","type":"bus","lastLocID":7950,"messageCode":760,"time":1395759094856,"expires":1395759514000,"signMessageLong":"72  Killingsworth/82nd to Clackamas TC","extraBlockID":null,"locationInScheduleDay":28254,"longitude":-122.5790876,"blockID":7240,"offRoute":false,"nextLocID":8013,"vehicleID":2533,"signMessage":"72 Clackamas TC","extraTripID":null,"nextStopSeq":96,"routeNumber":72,"vehicleLoad":"unknown","bearing":179,"lastStopSeq":95,"inCongestion":false,"delay":-40,"latitude":45.4733791},{"tripID":4417874,"serviceDate":1395730800000,"direction":0,"garage":"POWELL","type":"bus","lastLocID":7927,"messageCode":768,"time":1395759101525,"expires":1395759518000,"signMessageLong":"72  Killingsworth/82nd to Swan Island-Shipyards","extraBlockID":null,"locationInScheduleDay":28255,"longitude":-122.5785117,"blockID":7249,"offRoute":false,"nextLocID":3216,"vehicleID":2558,"signMessage":"72 Swan Island","extraTripID":null,"nextStopSeq":62,"routeNumber":72,"vehicleLoad":"unknown","bearing":0,"lastStopSeq":61,"inCongestion":false,"delay":-43,"latitude":45.5623294},{"tripID":4418203,"serviceDate":1395730800000,"direction":1,"garage":"POWELL","type":"bus","lastLocID":10600,"messageCode":760,"time":1395759107245,"expires":1395759526000,"signMessageLong":"72  Killingsworth/82nd to Clackamas TC","extraBlockID":null,"locationInScheduleDay":28380,"longitude":-122.5938935,"blockID":7242,"offRoute":false,"nextLocID":3211,"vehicleID":2548,"signMessage":"72 Clackamas TC","extraTripID":null,"nextStopSeq":49,"routeNumber":72,"vehicleLoad":"unknown","bearing":90,"lastStopSeq":48,"inCongestion":false,"delay":74,"latitude":45.5627145},{"tripID":4411569,"serviceDate":1395730800000,"direction":1,"garage":"POWELL","type":"bus","lastLocID":1793,"messageCode":268,"time":1395759083254,"expires":1395759500000,"signMessageLong":"14  Hawthorne to Portland","extraBlockID":null,"locationInScheduleDay":28350,"longitude":-122.6107224,"blockID":1440,"offRoute":false,"nextLocID":7656,"vehicleID":2308,"signMessage":"14 To Portland","extraTripID":null,"nextStopSeq":18,"routeNumber":14,"vehicleLoad":"unknown","bearing":313,"lastStopSeq":17,"inCongestion":false,"delay":70,"latitude":45.4968198},{"tripID":4417879,"serviceDate":1395730800000,"direction":0,"garage":"POWELL","type":"bus","lastLocID":8015,"messageCode":766,"time":1395759107249,"expires":1395759526000,"signMessageLong":"72  Killingsworth/82nd to Swan Island-Anchor St","extraBlockID":null,"locationInScheduleDay":28338,"longitude":-122.5791392,"blockID":7253,"offRoute":false,"nextLocID":8017,"vehicleID":2318,"signMessage":"72 Swan Island","extraTripID":null,"nextStopSeq":8,"routeNumber":72,"vehicleLoad":"unknown","bearing":359,"lastStopSeq":7,"inCongestion":false,"delay":32,"latitude":45.454177},{"tripID":4411572,"serviceDate":1395730800000,"direction":1,"garage":"POWELL","type":"bus","lastLocID":1831,"messageCode":268,"time":1395759095006,"expires":1395759511000,"signMessageLong":"14  Hawthorne to Portland","extraBlockID":null,"locationInScheduleDay":28291,"longitude":-122.5662917,"blockID":1435,"offRoute":false,"nextLocID":13236,"vehicleID":2316,"signMessage":"14 To Portland","extraTripID":null,"nextStopSeq":2,"routeNumber":14,"vehicleLoad":"unknown","bearing":291,"lastStopSeq":1,"inCongestion":false,"delay":0,"latitude":45.4791765},{"tripID":4411573,"serviceDate":1395730800000,"direction":1,"garage":"CENTER","type":"bus","lastLocID":1831,"messageCode":268,"time":1395759080254,"expires":1395759497000,"signMessageLong":"14  Hawthorne to Portland","extraBlockID":null,"locationInScheduleDay":28277,"longitude":-122.5662917,"blockID":1403,"offRoute":false,"nextLocID":13236,"vehicleID":2725,"signMessage":"14 To Portland","extraTripID":null,"nextStopSeq":2,"routeNumber":14,"vehicleLoad":"unknown","bearing":291,"lastStopSeq":1,"inCongestion":false,"delay":0,"latitude":45.4791765},{"tripID":4419231,"serviceDate":1395730800000,"direction":1,"garage":"CENTER","type":"bus","lastLocID":9481,"messageCode":813,"time":1395759094830,"expires":1395759511000,"signMessageLong":"77  Broadway/Halsey to Montgomery Park","extraBlockID":null,"locationInScheduleDay":28291,"longitude":-122.3982117,"blockID":7705,"offRoute":false,"nextLocID":9471,"vehicleID":2720,"signMessage":"77 Montgomry Pk","extraTripID":null,"nextStopSeq":2,"routeNumber":77,"vehicleLoad":"unknown","bearing":85,"lastStopSeq":1,"inCongestion":false,"delay":0,"latitude":45.5443612},{"tripID":4413881,"serviceDate":1395730800000,"direction":1,"garage":"CENTER","type":"bus","lastLocID":2171,"messageCode":466,"time":1395759101185,"expires":1395759520000,"signMessageLong":"31  Portland","extraBlockID":null,"locationInScheduleDay":28407,"longitude":-122.6607948,"blockID":3101,"offRoute":false,"nextLocID":2642,"vehicleID":2714,"signMessage":"31 To Portland","extraTripID":null,"nextStopSeq":37,"routeNumber":31,"vehicleLoad":"unknown","bearing":0,"lastStopSeq":36,"inCongestion":false,"delay":107,"latitude":45.5107945},{"tripID":4417320,"serviceDate":1395730800000,"direction":1,"garage":"CENTER","type":"bus","lastLocID":635,"messageCode":788,"time":1395759091739,"expires":1395759510000,"signMessageLong":"70  12th/NE 33rd Ave to Milwaukie","extraBlockID":null,"locationInScheduleDay":28371,"longitude":-122.6443835,"blockID":7007,"offRoute":false,"nextLocID":7139,"vehicleID":2709,"signMessage":"70 To Milwaukie","extraTripID":null,"nextStopSeq":38,"routeNumber":70,"vehicleLoad":"unknown","bearing":270,"lastStopSeq":37,"inCongestion":false,"delay":81,"latitude":45.5350194},{"tripID":4417168,"serviceDate":1395730800000,"direction":0,"garage":"CENTER","type":"bus","lastLocID":8513,"messageCode":783,"time":1395759104069,"expires":1395759523000,"signMessageLong":"70  33rd Ave to NE Sunderland","extraBlockID":null,"locationInScheduleDay":28440,"longitude":-122.6545979,"blockID":7001,"offRoute":false,"nextLocID":8938,"vehicleID":2704,"signMessage":"70 To Sunderlnd","extraTripID":null,"nextStopSeq":34,"routeNumber":70,"vehicleLoad":"unknown","bearing":0,"lastStopSeq":33,"inCongestion":false,"delay":137,"latitude":45.5298956},{"tripID":4417171,"serviceDate":1395730800000,"direction":0,"garage":"CENTER","type":"bus","lastLocID":13477,"messageCode":782,"time":1395759101144,"expires":1395759518000,"signMessageLong":"70  12th/NE 33rd Ave to NE Sunderland via 13th & Tacoma","extraBlockID":null,"locationInScheduleDay":28298,"longitude":-122.6407309,"blockID":7003,"offRoute":false,"nextLocID":8225,"vehicleID":2705,"signMessage":"70 To Sunderland via 13th","extraTripID":null,"nextStopSeq":2,"routeNumber":70,"vehicleLoad":"unknown","bearing":81,"lastStopSeq":1,"inCongestion":false,"delay":0,"latitude":45.4448667},{"tripID":4417167,"serviceDate":1395730800000,"direction":0,"garage":"CENTER","type":"bus","lastLocID":7383,"messageCode":783,"time":1395759085825,"expires":1395759504000,"signMessageLong":"70  33rd Ave to NE Sunderland","extraBlockID":null,"locationInScheduleDay":28380,"longitude":-122.6306815,"blockID":7004,"offRoute":false,"nextLocID":7380,"vehicleID":2701,"signMessage":"70 To Sunderlnd","extraTripID":null,"nextStopSeq":63,"routeNumber":70,"vehicleLoad":"unknown","bearing":0,"lastStopSeq":62,"inCongestion":false,"delay":96,"latitude":45.5625998},{"tripID":4419225,"serviceDate":1395730800000,"direction":1,"garage":"CENTER","type":"bus","lastLocID":8483,"messageCode":813,"time":1395759083237,"expires":1395759499000,"signMessageLong":"77  Broadway/Halsey to Montgomery Park","extraBlockID":null,"locationInScheduleDay":27340,"longitude":-122.7069345,"blockID":7704,"offRoute":false,"nextLocID":8484,"vehicleID":2614,"signMessage":"77 Montgomry Pk","extraTripID":null,"nextStopSeq":109,"routeNumber":77,"vehicleLoad":"unknown","bearing":178,"lastStopSeq":108,"inCongestion":false,"delay":0,"latitude":45.5377966},{"tripID":4411317,"serviceDate":1395730800000,"direction":0,"garage":"CENTER","type":"bus","lastLocID":2596,"messageCode":266,"time":1395759094960,"expires":1395759511000,"signMessageLong":"14  Hawthorne to 94th & Foster","extraBlockID":null,"locationInScheduleDay":28310,"longitude":-122.645821,"blockID":1401,"offRoute":false,"nextLocID":2607,"vehicleID":2608,"signMessage":"14 To 94-Foster","extraTripID":null,"nextStopSeq":10,"routeNumber":14,"vehicleLoad":"unknown","bearing":90,"lastStopSeq":9,"inCongestion":false,"delay":19,"latitude":45.5121938},{"tripID":4417169,"serviceDate":1395730800000,"direction":0,"garage":"CENTER","type":"bus","lastLocID":6863,"messageCode":780,"time":1395759094913,"expires":1395759512000,"signMessageLong":"70  12th/NE 33rd Ave to NE Sunderland","extraBlockID":null,"locationInScheduleDay":28257,"longitude":-122.6483566,"blockID":7010,"offRoute":false,"nextLocID":6876,"vehicleID":2623,"signMessage":"70 To Sunderlnd","extraTripID":null,"nextStopSeq":23,"routeNumber":70,"vehicleLoad":"unknown","bearing":0,"lastStopSeq":22,"inCongestion":false,"delay":-35,"latitude":45.4910033},{"tripID":4419229,"serviceDate":1395730800000,"direction":1,"garage":"CENTER","type":"bus","lastLocID":2343,"messageCode":813,"time":1395759083176,"expires":1395759499000,"signMessageLong":"77  Broadway/Halsey to Montgomery Park","extraBlockID":null,"locationInScheduleDay":28137,"longitude":-122.5612803,"blockID":7707,"offRoute":false,"nextLocID":2334,"vehicleID":2653,"signMessage":"77 Montgomry Pk","extraTripID":null,"nextStopSeq":49,"routeNumber":77,"vehicleLoad":"unknown","bearing":281,"lastStopSeq":48,"inCongestion":false,"delay":-142,"latitude":45.5335958},{"tripID":4417319,"serviceDate":1395730800000,"direction":1,"garage":"CENTER","type":"bus","lastLocID":6554,"messageCode":789,"time":1395759083194,"expires":1395759499000,"signMessageLong":"70  12th Ave to Milwaukie via 17th & Tacoma","extraBlockID":null,"locationInScheduleDay":28316,"longitude":-122.6546522,"blockID":7009,"offRoute":false,"nextLocID":6542,"vehicleID":2626,"signMessage":"70 To Milw via 17","extraTripID":null,"nextStopSeq":50,"routeNumber":70,"vehicleLoad":"unknown","bearing":180,"lastStopSeq":49,"inCongestion":false,"delay":37,"latitude":45.519464},{"tripID":4419228,"serviceDate":1395730800000,"direction":1,"garage":"CENTER","type":"bus","lastLocID":650,"messageCode":813,"time":1395759086007,"expires":1395759504000,"signMessageLong":"77  Broadway/Halsey to Montgomery Park","extraBlockID":null,"locationInScheduleDay":28156,"longitude":-122.6195915,"blockID":7703,"offRoute":false,"nextLocID":7510,"vehicleID":2630,"signMessage":"77 Montgomry Pk","extraTripID":null,"nextStopSeq":67,"routeNumber":77,"vehicleLoad":"unknown","bearing":270,"lastStopSeq":66,"inCongestion":false,"delay":-128,"latitude":45.5351277},{"tripID":4419090,"serviceDate":1395730800000,"direction":0,"garage":"CENTER","type":"bus","lastLocID":2401,"messageCode":809,"time":1395759094925,"expires":1395759511000,"signMessageLong":"77  Broadway/Halsey to Troutdale","extraBlockID":null,"locationInScheduleDay":28140,"longitude":-122.4780597,"blockID":7706,"offRoute":false,"nextLocID":2405,"vehicleID":2632,"signMessage":"77 To Troutdale","extraTripID":null,"nextStopSeq":79,"routeNumber":77,"vehicleLoad":"unknown","bearing":89,"lastStopSeq":78,"inCongestion":false,"delay":-151,"latitude":45.5347036},{"tripID":4417870,"serviceDate":1395730800000,"direction":0,"garage":"POWELL","type":"bus","lastLocID":1042,"messageCode":768,"time":1395759101101,"expires":1395759519000,"signMessageLong":"72  Killingsworth/82nd to Swan Island-Shipyards","extraBlockID":null,"locationInScheduleDay":27719,"longitude":-122.7040459,"blockID":7237,"offRoute":false,"nextLocID":1041,"vehicleID":3004,"signMessage":"72 Swan Island","extraTripID":null,"nextStopSeq":117,"routeNumber":72,"vehicleLoad":"unknown","bearing":94,"lastStopSeq":116,"inCongestion":false,"delay":0,"latitude":45.5566778},{"tripID":4413882,"serviceDate":1395730800000,"direction":1,"garage":"POWELL","type":"bus","lastLocID":3246,"messageCode":464,"time":1395759098066,"expires":1395759516000,"signMessageLong":"31  To Portland via Milwaukie","extraBlockID":null,"locationInScheduleDay":28217,"longitude":-122.6092771,"blockID":3136,"offRoute":false,"nextLocID":10303,"vehicleID":3007,"signMessage":"31 To Portland","extraTripID":null,"nextStopSeq":13,"routeNumber":31,"vehicleLoad":"unknown","bearing":270,"lastStopSeq":12,"inCongestion":false,"delay":-79,"latitude":45.4479966},{"tripID":4417878,"serviceDate":1395730800000,"direction":0,"garage":"POWELL","type":"bus","lastLocID":8061,"messageCode":766,"time":1395759080114,"expires":1395759497000,"signMessageLong":"72  Killingsworth/82nd to Swan Island-Anchor St","extraBlockID":null,"locationInScheduleDay":28419,"longitude":-122.5787184,"blockID":7251,"offRoute":false,"nextLocID":7947,"vehicleID":3003,"signMessage":"72 Swan Island","extraTripID":null,"nextStopSeq":32,"routeNumber":72,"vehicleLoad":"unknown","bearing":0,"lastStopSeq":31,"inCongestion":false,"delay":142,"latitude":45.5013134},{"tripID":4417873,"serviceDate":1395730800000,"direction":0,"garage":"POWELL","type":"bus","lastLocID":55,"messageCode":766,"time":1395759090458,"expires":1395759506000,"signMessageLong":"72  Killingsworth/82nd to Swan Island-Anchor St","extraBlockID":null,"locationInScheduleDay":28507,"longitude":-122.648458,"blockID":7241,"offRoute":false,"nextLocID":53,"vehicleID":3048,"signMessage":"72 Swan Island","extraTripID":null,"nextStopSeq":87,"routeNumber":72,"vehicleLoad":"unknown","bearing":270,"lastStopSeq":86,"inCongestion":false,"delay":221,"latitude":45.5590939},{"tripID":4418201,"serviceDate":1395730800000,"direction":1,"garage":"POWELL","type":"bus","lastLocID":7973,"messageCode":760,"time":1395759083020,"expires":1395759499000,"signMessageLong":"72  Killingsworth/82nd to Clackamas TC","extraBlockID":null,"locationInScheduleDay":28321,"longitude":-122.5790573,"blockID":7235,"offRoute":false,"nextLocID":7956,"vehicleID":3053,"signMessage":"72 Clackamas TC","extraTripID":null,"nextStopSeq":69,"routeNumber":72,"vehicleLoad":"unknown","bearing":180,"lastStopSeq":68,"inCongestion":false,"delay":42,"latitude":45.5267627},{"tripID":4417871,"serviceDate":1395730800000,"direction":0,"garage":"POWELL","type":"bus","lastLocID":2161,"messageCode":766,"time":1395759094820,"expires":1395759512000,"signMessageLong":"72  Killingsworth/82nd to Swan Island-Anchor St","extraBlockID":null,"locationInScheduleDay":28292,"longitude":-122.6997861,"blockID":7245,"offRoute":false,"nextLocID":115,"vehicleID":3052,"signMessage":"72 Swan Island","extraTripID":null,"nextStopSeq":108,"routeNumber":72,"vehicleLoad":"unknown","bearing":281,"lastStopSeq":107,"inCongestion":false,"delay":0,"latitude":45.556315},{"tripID":4417875,"serviceDate":1395730800000,"direction":0,"garage":"POWELL","type":"bus","lastLocID":7999,"messageCode":766,"time":1395759085830,"expires":1395759504000,"signMessageLong":"72  Killingsworth/82nd to Swan Island-Anchor St","extraBlockID":null,"locationInScheduleDay":28284,"longitude":-122.578962,"blockID":7234,"offRoute":false,"nextLocID":8042,"vehicleID":3054,"signMessage":"72 Swan Island","extraTripID":null,"nextStopSeq":49,"routeNumber":72,"vehicleLoad":"unknown","bearing":0,"lastStopSeq":48,"inCongestion":false,"delay":0,"latitude":45.533614},{"tripID":4419091,"serviceDate":1395730800000,"direction":0,"garage":"POWELL","type":"bus","lastLocID":9217,"messageCode":809,"time":1395759068487,"expires":1395759485000,"signMessageLong":"77  Broadway/Halsey to Troutdale","extraBlockID":null,"locationInScheduleDay":28234,"longitude":-122.579215,"blockID":7734,"offRoute":false,"nextLocID":7999,"vehicleID":3046,"signMessage":"77 To Troutdale","extraTripID":null,"nextStopSeq":52,"routeNumber":77,"vehicleLoad":"unknown","bearing":89,"lastStopSeq":51,"inCongestion":false,"delay":-31,"latitude":45.5324201},{"tripID":4419226,"serviceDate":1395730800000,"direction":1,"garage":"POWELL","type":"bus","lastLocID":8414,"messageCode":813,"time":1395759059275,"expires":1395759476000,"signMessageLong":"77  Broadway/Halsey to Montgomery Park","extraBlockID":null,"locationInScheduleDay":28116,"longitude":-122.7059999,"blockID":7738,"offRoute":false,"nextLocID":8802,"vehicleID":3035,"signMessage":"77 Montgomry Pk","extraTripID":null,"nextStopSeq":104,"routeNumber":77,"vehicleLoad":"unknown","bearing":267,"lastStopSeq":103,"inCongestion":false,"delay":-140,"latitude":45.5368073},{"tripID":4411570,"serviceDate":1395730800000,"direction":1,"garage":"POWELL","type":"bus","lastLocID":12904,"messageCode":268,"time":1395759098082,"expires":1395759516000,"signMessageLong":"14  Hawthorne to Portland","extraBlockID":null,"locationInScheduleDay":28494,"longitude":-122.602699,"blockID":1434,"offRoute":false,"nextLocID":1799,"vehicleID":3027,"signMessage":"14 To Portland","extraTripID":null,"nextStopSeq":15,"routeNumber":14,"vehicleLoad":"unknown","bearing":308,"lastStopSeq":14,"inCongestion":false,"delay":198,"latitude":45.492585},{"tripID":4417877,"serviceDate":1395730800000,"direction":0,"garage":"POWELL","type":"bus","lastLocID":8059,"messageCode":766,"time":1395759098088,"expires":1395759516000,"signMessageLong":"72  Killingsworth/82nd to Swan Island-Anchor St","extraBlockID":null,"locationInScheduleDay":28300,"longitude":-122.5790046,"blockID":7243,"offRoute":false,"nextLocID":8027,"vehicleID":3025,"signMessage":"72 Swan Island","extraTripID":null,"nextStopSeq":21,"routeNumber":72,"vehicleLoad":"unknown","bearing":0,"lastStopSeq":20,"inCongestion":false,"delay":4,"latitude":45.4808297},{"tripID":4419227,"serviceDate":1395730800000,"direction":1,"garage":"CENTER","type":"bus","lastLocID":9311,"messageCode":813,"time":1395759090572,"expires":1395759506000,"signMessageLong":"77  Broadway/Halsey to Montgomery Park","extraBlockID":null,"locationInScheduleDay":28359,"longitude":-122.6760809,"blockID":7702,"offRoute":false,"nextLocID":1997,"vehicleID":2005,"signMessage":"77 Montgomry Pk","extraTripID":null,"nextStopSeq":88,"routeNumber":77,"vehicleLoad":"unknown","bearing":268,"lastStopSeq":87,"inCongestion":false,"delay":73,"latitude":45.5266373},{"tripID":4411568,"serviceDate":1395730800000,"direction":1,"garage":"CENTER","type":"bus","lastLocID":2629,"messageCode":268,"time":1395759098202,"expires":1395759517000,"signMessageLong":"14  Hawthorne to Portland","extraBlockID":null,"locationInScheduleDay":28356,"longitude":-122.6218176,"blockID":1402,"offRoute":false,"nextLocID":2626,"vehicleID":2014,"signMessage":"14 To Portland","extraTripID":null,"nextStopSeq":28,"routeNumber":14,"vehicleLoad":"unknown","bearing":269,"lastStopSeq":27,"inCongestion":false,"delay":59,"latitude":45.5120453}],"queryTime":1395759108955}}
