{"resultSet":{"vehicle":[{"tripID":4419232,"serviceDate":1395730800000,"direction":1,"garage":"POWELL","type":"bus","lastLocID":2326,"messageCode":813,"time":1395761141884,"expires":1395761557000,"signMessageLong":"77  Broadway/Halsey to Montgomery Park","extraBlockID":null,"locationInScheduleDay":30335,"longitude":-122.4650808,"blockID":7735,"offRoute":false,"nextLocID":2407,"vehicleID":2222,"signMessage":"77 Montgomry Pk","extraTripID":null,"nextStopSeq":20,"routeNumber":77,"vehicleLoad":"unknown","bearing":270,"lastStopSeq":19,"inCongestion":false,"delay":-2,"latitude":45.5336574},{"tripID":4419092,"serviceDate":1395730800000,"direction":0,"garage":"POWELL","type":"bus","lastLocID":2353,"messageCode":809,"time":1395761047995,"expires":1395761462000,"signMessageLong":"77  Broadway/Halsey to Troutdale","extraBlockID":null,"locationInScheduleDay":30349,"longitude":-122.4570233,"blockID":7736,"offRoute":false,"nextLocID":2410,"vehicleID":2221,"signMessage":"77 To Troutdale","extraTripID":null,"nextStopSeq":84,"routeNumber":77,"vehicleLoad":"unknown","bearing":95,"lastStopSeq":83,"inCongestion":false,"delay":107,"latitude":45.5335623},{"tripID":4411318,"serviceDate":1395730800000,"direction":0,"garage":"POWELL","type":"bus","lastLocID":8134,"messageCode":266,"time":1395761075881,"expires":1395761493000,"signMessageLong":"14  Hawthorne to 94th & Foster","extraBlockID":null,"locationInScheduleDay":30314,"longitude":-122.5634746,"blockID":1438,"offRoute":false,"nextLocID":1831,"vehicleID":2220,"signMessage":"14 To 94-Foster","extraTripID":null,"nextStopSeq":49,"routeNumber":14,"vehicleLoad":"unknown","bearing":359,"lastStopSeq":48,"inCongestion":false,"delay":0,"latitude":45.4781758},{"tripID":4418202,"serviceDate":1395730800000,"direction":1,"garage":"POWELL","type":"bus","lastLocID":8018,"messageCode":760,"time":1395761121152,"expires":1395761538000,"signMessageLong":"72  Killingsworth/82nd to Clackamas TC","extraBlockID":null,"locationInScheduleDay":30163,"longitude":-122.5791387,"blockID":7248,"offRoute":false,"nextLocID":8016,"vehicleID":2215,"signMessage":"72 Clackamas TC","extraTripID":null,"nextStopSeq":105,"routeNumber":72,"vehicleLoad":"unknown","bearing":179,"lastStopSeq":104,"inCongestion":false,"delay":-155,"latitude":45.4540638},{"tripID":4411575,"serviceDate":1395730800000,"direction":1,"garage":"POWELL","type":"bus","lastLocID":12904,"messageCode":268,"time":1395761135877,"expires":1395761552000,"signMessageLong":"14  Hawthorne to Portland","extraBlockID":null,"locationInScheduleDay":30525,"longitude":-122.6022327,"blockID":1437,"offRoute":false,"nextLocID":1799,"vehicleID":2270,"signMessage":"14 To Portland","extraTripID":null,"nextStopSeq":15,"routeNumber":14,"vehicleLoad":"unknown","bearing":306,"lastStopSeq":14,"inCongestion":false,"delay":193,"latitude":45.4923296},{"tripID":4417876,"serviceDate":1395730800000,"direction":0,"garage":"POWELL","type":"bus","lastLocID":10184,"messageCode":766,"time":1395761123909,"expires":1395761540000,"signMessageLong":"72  Killingsworth/82nd to Swan Island-Anchor St","extraBlockID":null,"locationInScheduleDay":30417,"longitude":-122.6583849,"blockID":7250,"offRoute":false,"nextLocID":5890,"vehicleID":2242,"signMessage":"72 Swan Island","extraTripID":null,"nextStopSeq":92,"routeNumber":72,"vehicleLoad":"unknown","bearing":269,"lastStopSeq":91,"inCongestion":false,"delay":97,"latitude":45.5591204},{"tripID":4417882,"serviceDate":1395730800000,"direction":0,"garage":"POWELL","type":"bus","lastLocID":7962,"messageCode":766,"time":1395761135850,"expires":1395761551000,"signMessageLong":"72  Killingsworth/82nd to Swan Island-Anchor St","extraBlockID":null,"locationInScheduleDay":30376,"longitude":-122.5790564,"blockID":7246,"offRoute":false,"nextLocID":7982,"vehicleID":2296,"signMessage":"72 Swan Island","extraTripID":null,"nextStopSeq":16,"routeNumber":72,"vehicleLoad":"unknown","bearing":359,"lastStopSeq":15,"inCongestion":false,"delay":45,"latitude":45.4693942},{"tripID":4419093,"serviceDate":1395730800000,"direction":0,"garage":"POWELL","type":"bus","lastLocID":9217,"messageCode":809,"time":1395761135887,"expires":1395761552000,"signMessageLong":"77  Broadway/Halsey to Troutdale","extraBlockID":null,"locationInScheduleDay":30334,"longitude":-122.579215,"blockID":7737,"offRoute":false,"nextLocID":7999,"vehicleID":2285,"signMessage":"77 To Troutdale","extraTripID":null,"nextStopSeq":52,"routeNumber":77,"vehicleLoad":"unknown","bearing":89,"lastStopSeq":51,"inCongestion":false,"delay":2,"latitude":45.5324201},{"tripID":4418205,"serviceDate":1395730800000,"direction":1,"garage":"POWELL","type":"bus","lastLocID":8034,"messageCode":760,"time":1395761135873,"expires":1395761552000,"signMessageLong":"72  Killingsworth/82nd to Clackamas TC","extraBlockID":null,"locationInScheduleDay":30364,"longitude":-122.5789182,"blockID":7252,"offRoute":false,"nextLocID":8035,"vehicleID":2283,"signMessage":"72 Clackamas TC","extraTripID":null,"nextStopSeq":62,"routeNumber":72,"vehicleLoad":"unknown","bearing":180,"lastStopSeq":61,"inCongestion":false,"delay":32,"latitude":45.540541},{"tripID":4418204,"serviceDate":1395730800000,"direction":1,"garage":"POWELL","type":"bus","lastLocID":7958,"messageCode":760,"time":1395761127548,"expires":1395761544000,"signMessageLong":"72  Killingsworth/82nd to Clackamas TC","extraBlockID":null,"locationInScheduleDay":30393,"longitude":-122.5786978,"blockID":7244,"offRoute":false,"nextLocID":7948,"vehicleID":2276,"signMessage":"72 Clackamas TC","extraTripID":null,"nextStopSeq":80,"routeNumber":72,"vehicleLoad":"unknown","bearing":180,"lastStopSeq":79,"inCongestion":false,"delay":69,"latitude":45.5050686},{"tripID":4411319,"serviceDate":1395730800000,"direction":0,"garage":"POWELL","type":"bus","lastLocID":7666,"messageCode":266,"time":1395761129638,"expires":1395761548000,"signMessageLong":"14  Hawthorne to 94th & Foster","extraBlockID":null,"locationInScheduleDay":30349,"longitude":-122.6113721,"blockID":1439,"offRoute":false,"nextLocID":1792,"vehicleID":2275,"signMessage":"14 To 94-Foster","extraTripID":null,"nextStopSeq":29,"routeNumber":14,"vehicleLoad":"unknown","bearing":180,"lastStopSeq":28,"inCongestion":false,"delay":21,"latitude":45.497865},{"tripID":4413883,"serviceDate":1395730800000,"direction":1,"garage":"CENTER","type":"bus","lastLocID":13339,"messageCode":466,"time":1395761123787,"expires":1395761542000,"signMessageLong":"31  Portland","extraBlockID":null,"locationInScheduleDay":30234,"longitude":-122.6407907,"blockID":3003,"offRoute":false,"nextLocID":8223,"vehicleID":2119,"signMessage":"31 To Portland","extraTripID":null,"nextStopSeq":24,"routeNumber":31,"vehicleLoad":"unknown","bearing":261,"lastStopSeq":23,"inCongestion":false,"delay":-88,"latitude":45.4448601},{"tripID":4417322,"serviceDate":1395730800000,"direction":1,"garage":"CENTER","type":"bus","lastLocID":635,"messageCode":788,"time":1395761141769,"expires":1395761557000,"signMessageLong":"70  12th/NE 33rd Ave to Milwaukie","extraBlockID":null,"locationInScheduleDay":30122,"longitude":-122.6415803,"blockID":7006,"offRoute":false,"nextLocID":7139,"vehicleID":2150,"signMessage":"70 To Milwaukie","extraTripID":null,"nextStopSeq":38,"routeNumber":70,"vehicleLoad":"unknown","bearing":256,"lastStopSeq":37,"inCongestion":false,"delay":-215,"latitude":45.535051},{"tripID":4417170,"serviceDate":1395730800000,"direction":0,"garage":"CENTER","type":"bus","lastLocID":8938,"messageCode":783,"time":1395761123845,"expires":1395761542000,"signMessageLong":"70  33rd Ave to NE Sunderland","extraBlockID":null,"locationInScheduleDay":30236,"longitude":-122.6531394,"blockID":7008,"offRoute":false,"nextLocID":4047,"vehicleID":2506,"signMessage":"70 To Sunderlnd","extraTripID":null,"nextStopSeq":35,"routeNumber":70,"vehicleLoad":"unknown","bearing":90,"lastStopSeq":34,"inCongestion":false,"delay":-86,"latitude":45.5314895},{"tripID":4417881,"serviceDate":1395730800000,"direction":0,"garage":"POWELL","type":"bus","lastLocID":8023,"messageCode":766,"time":1395761145014,"expires":1395761561000,"signMessageLong":"72  Killingsworth/82nd to Swan Island-Anchor St","extraBlockID":null,"locationInScheduleDay":30360,"longitude":-122.578735,"blockID":7238,"offRoute":false,"nextLocID":8052,"vehicleID":2527,"signMessage":"72 Swan Island","extraTripID":null,"nextStopSeq":30,"routeNumber":72,"vehicleLoad":"unknown","bearing":0,"lastStopSeq":29,"inCongestion":false,"delay":19,"latitude":45.4978227},{"tripID":4417321,"serviceDate":1395730800000,"direction":1,"garage":"CENTER","type":"bus","lastLocID":3909,"messageCode":789,"time":1395761121131,"expires":1395761539000,"signMessageLong":"70  12th Ave to Milwaukie via 17th & Tacoma","extraBlockID":null,"locationInScheduleDay":30437,"longitude":-122.6524669,"blockID":7002,"offRoute":false,"nextLocID":13658,"vehicleID":2524,"signMessage":"70 To Milw via 17","extraTripID":null,"nextStopSeq":61,"routeNumber":70,"vehicleLoad":"unknown","bearing":89,"lastStopSeq":60,"inCongestion":false,"delay":118,"latitude":45.49399},{"tripID":4411571,"serviceDate":1395730800000,"direction":1,"garage":"CENTER","type":"bus","lastLocID":2632,"messageCode":268,"time":1395761021986,"expires":1395761440000,"signMessageLong":"14  Hawthorne to Portland","extraBlockID":null,"locationInScheduleDay":29448,"longitude":-122.6190131,"blockID":1405,"offRoute":false,"nextLocID":2629,"vehicleID":2520,"signMessage":"14 To Portland","extraTripID":null,"nextStopSeq":27,"routeNumber":14,"vehicleLoad":"unknown","bearing":270,"lastStopSeq":26,"inCongestion":false,"delay":-772,"latitude":45.5120383},{"tripID":4419230,"serviceDate":1395730800000,"direction":1,"garage":"CENTER","type":"bus","lastLocID":10869,"messageCode":813,"time":1395761135780,"expires":1395761551000,"signMessageLong":"77  Broadway/Halsey to Montgomery Park","extraBlockID":null,"locationInScheduleDay":30302,"longitude":-122.6227096,"blockID":7701,"offRoute":false,"nextLocID":7484,"vehicleID":2512,"signMessage":"77 Montgomry Pk","extraTripID":null,"nextStopSeq":69,"routeNumber":77,"vehicleLoad":"unknown","bearing":277,"lastStopSeq":68,"inCongestion":false,"delay":-29,"latitude":45.5338587},{"tripID":4418208,"serviceDate":1395730800000,"direction":1,"garage":"POWELL","type":"bus","lastLocID":8681,"messageCode":760,"time":1395761127498,"expires":1395761542000,"signMessageLong":"72  Killingsworth/82nd to Clackamas TC","extraBlockID":null,"locationInScheduleDay":30365,"longitude":-122.6990125,"blockID":7239,"offRoute":false,"nextLocID":9399,"vehicleID":2540,"signMessage":"72 Clackamas TC","extraTripID":null,"nextStopSeq":3,"routeNumber":72,"vehicleLoad":"unknown","bearing":101,"lastStopSeq":2,"inCongestion":false,"delay":43,"latitude":45.5562052},{"tripID":4417883,"serviceDate":1395730800000,"direction":0,"garage":"POWELL","type":"bus","lastLocID":13248,"messageCode":766,"time":1395761135798,"expires":1395761553000,"signMessageLong":"72  Killingsworth/82nd to Swan Island-Anchor St","extraBlockID":null,"locationInScheduleDay":30384,"longitude":-122.5724865,"blockID":7240,"offRoute":false,"nextLocID":12922,"vehicleID":2533,"signMessage":"72 Swan Island","extraTripID":null,"nextStopSeq":2,"routeNumber":72,"vehicleLoad":"unknown","bearing":289,"lastStopSeq":1,"inCongestion":false,"delay":51,"latitude":45.4373129},{"tripID":4417874,"serviceDate":1395730800000,"direction":0,"garage":"POWELL","type":"bus","lastLocID":3318,"messageCode":768,"time":1395761141958,"expires":1395761558000,"signMessageLong":"72  Killingsworth/82nd to Swan Island-Shipyards","extraBlockID":null,"locationInScheduleDay":30454,"longitude":-122.7171884,"blockID":7249,"offRoute":false,"nextLocID":8496,"vehicleID":2558,"signMessage":"72 Swan Island","extraTripID":null,"nextStopSeq":113,"routeNumber":72,"vehicleLoad":"unknown","bearing":284,"lastStopSeq":112,"inCongestion":false,"delay":116,"latitude":45.5627657},{"tripID":4417880,"serviceDate":1395730800000,"direction":0,"garage":"POWELL","type":"bus","lastLocID":7936,"messageCode":766,"time":1395761141957,"expires":1395761557000,"signMessageLong":"72  Killingsworth/82nd to Swan Island-Anchor St","extraBlockID":null,"locationInScheduleDay":30279,"longitude":-122.5790755,"blockID":7236,"offRoute":false,"nextLocID":7955,"vehicleID":2552,"signMessage":"72 Swan Island","extraTripID":null,"nextStopSeq":43,"routeNumber":72,"vehicleLoad":"unknown","bearing":0,"lastStopSeq":42,"inCongestion":false,"delay":-58,"latitude":45.524337},{"tripID":4418203,"serviceDate":1395730800000,"direction":1,"garage":"POWELL","type":"bus","lastLocID":7965,"messageCode":760,"time":1395761091433,"expires":1395761509000,"signMessageLong":"72  Killingsworth/82nd to Clackamas TC","extraBlockID":null,"locationInScheduleDay":30223,"longitude":-122.5789764,"blockID":7242,"offRoute":false,"nextLocID":8028,"vehicleID":2548,"signMessage":"72 Clackamas TC","extraTripID":null,"nextStopSeq":91,"routeNumber":72,"vehicleLoad":"unknown","bearing":181,"lastStopSeq":90,"inCongestion":false,"delay":-66,"latitude":45.4822707},{"tripID":4411320,"serviceDate":1395730800000,"direction":0,"garage":"POWELL","type":"bus","lastLocID":3635,"messageCode":266,"time":1395761141954,"expires":1395761560000,"signMessageLong":"14  Hawthorne to 94th & Foster","extraBlockID":null,"locationInScheduleDay":30236,"longitude":-122.6685774,"blockID":1440,"offRoute":false,"nextLocID":2641,"vehicleID":2308,"signMessage":"14 To 94-Foster","extraTripID":null,"nextStopSeq":3,"routeNumber":14,"vehicleLoad":"unknown","bearing":110,"lastStopSeq":2,"inCongestion":false,"delay":-104,"latitude":45.5125564},{"tripID":4417879,"serviceDate":1395730800000,"direction":0,"garage":"POWELL","type":"bus","lastLocID":8026,"messageCode":766,"time":1395761036718,"expires":1395761453000,"signMessageLong":"72  Killingsworth/82nd to Swan Island-Anchor St","extraBlockID":null,"locationInScheduleDay":30359,"longitude":-122.5786347,"blockID":7253,"offRoute":false,"nextLocID":8063,"vehicleID":2318,"signMessage":"72 Swan Island","extraTripID":null,"nextStopSeq":60,"routeNumber":72,"vehicleLoad":"unknown","bearing":0,"lastStopSeq":59,"inCongestion":false,"delay":126,"latitude":45.5553404},{"tripID":4411572,"serviceDate":1395730800000,"direction":1,"garage":"POWELL","type":"bus","lastLocID":2602,"messageCode":268,"time":1395761135905,"expires":1395761552000,"signMessageLong":"14  Hawthorne to Portland","extraBlockID":null,"locationInScheduleDay":30362,"longitude":-122.6519122,"blockID":1435,"offRoute":false,"nextLocID":3637,"vehicleID":2316,"signMessage":"14 To Portland","extraTripID":null,"nextStopSeq":39,"routeNumber":14,"vehicleLoad":"unknown","bearing":270,"lastStopSeq":38,"inCongestion":false,"delay":30,"latitude":45.5122071},{"tripID":4411573,"serviceDate":1395730800000,"direction":1,"garage":"CENTER","type":"bus","lastLocID":2624,"messageCode":268,"time":1395761138994,"expires":1395761555000,"signMessageLong":"14  Hawthorne to Portland","extraBlockID":null,"locationInScheduleDay":30341,"longitude":-122.6256325,"blockID":1403,"offRoute":false,"nextLocID":12892,"vehicleID":2725,"signMessage":"14 To Portland","extraTripID":null,"nextStopSeq":30,"routeNumber":14,"vehicleLoad":"unknown","bearing":270,"lastStopSeq":29,"inCongestion":false,"delay":6,"latitude":45.5120514},{"tripID":4419231,"serviceDate":1395730800000,"direction":1,"garage":"CENTER","type":"bus","lastLocID":2343,"messageCode":813,"time":1395761141841,"expires":1395761557000,"signMessageLong":"77  Broadway/Halsey to Montgomery Park","extraBlockID":null,"locationInScheduleDay":30217,"longitude":-122.5651203,"blockID":7705,"offRoute":false,"nextLocID":2334,"vehicleID":2720,"signMessage":"77 Montgomry Pk","extraTripID":null,"nextStopSeq":49,"routeNumber":77,"vehicleLoad":"unknown","bearing":260,"lastStopSeq":48,"inCongestion":false,"delay":-120,"latitude":45.5341328},{"tripID":4411574,"serviceDate":1395730800000,"direction":1,"garage":"CENTER","type":"bus","lastLocID":7665,"messageCode":268,"time":1395761135773,"expires":1395761551000,"signMessageLong":"14  Hawthorne to Portland","extraBlockID":null,"locationInScheduleDay":30320,"longitude":-122.6111679,"blockID":1404,"offRoute":false,"nextLocID":8242,"vehicleID":2718,"signMessage":"14 To Portland","extraTripID":null,"nextStopSeq":20,"routeNumber":14,"vehicleLoad":"unknown","bearing":14,"lastStopSeq":19,"inCongestion":false,"delay":-11,"latitude":45.5012821},{"tripID":4417320,"serviceDate":1395730800000,"direction":1,"garage":"CENTER","type":"bus","lastLocID":6847,"messageCode":790,"time":1395761123843,"expires":1395761542000,"signMessageLong":"70  12th Ave to Milwaukie via 13th & Tacoma","extraBlockID":null,"locationInScheduleDay":30058,"longitude":-122.6477483,"blockID":7007,"offRoute":false,"nextLocID":838,"vehicleID":2709,"signMessage":"70 To Milw via 13","extraTripID":null,"nextStopSeq":70,"routeNumber":70,"vehicleLoad":"unknown","bearing":175,"lastStopSeq":69,"inCongestion":false,"delay":-264,"latitude":45.4739006},{"tripID":4417168,"serviceDate":1395730800000,"direction":0,"garage":"CENTER","type":"bus","lastLocID":13040,"messageCode":783,"time":1395761135754,"expires":1395761551000,"signMessageLong":"70  33rd Ave to NE Sunderland","extraBlockID":null,"locationInScheduleDay":29940,"longitude":-122.6357648,"blockID":7001,"offRoute":false,"nextLocID":9368,"vehicleID":2704,"signMessage":"70 To Sunderlnd","extraTripID":null,"nextStopSeq":80,"routeNumber":70,"vehicleLoad":"unknown","bearing":180,"lastStopSeq":79,"inCongestion":false,"delay":0,"latitude":45.5898735},{"tripID":4417171,"serviceDate":1395730800000,"direction":0,"garage":"CENTER","type":"bus","lastLocID":6849,"messageCode":780,"time":1395761112065,"expires":1395761528000,"signMessageLong":"70  12th/NE 33rd Ave to NE Sunderland","extraBlockID":null,"locationInScheduleDay":30365,"longitude":-122.6483101,"blockID":7003,"offRoute":false,"nextLocID":13693,"vehicleID":2705,"signMessage":"70 To Sunderlnd","extraTripID":null,"nextStopSeq":25,"routeNumber":70,"vehicleLoad":"unknown","bearing":0,"lastStopSeq":24,"inCongestion":false,"delay":57,"latitude":45.4962709},{"tripID":4417323,"serviceDate":1395730800000,"direction":1,"garage":"CENTER","type":"bus","lastLocID":7381,"messageCode":788,"time":1395761135741,"expires":1395761551000,"signMessageLong":"70  12th/NE 33rd Ave to Milwaukie","extraBlockID":null,"locationInScheduleDay":30350,"longitude":-122.6306807,"blockID":7004,"offRoute":false,"nextLocID":7382,"vehicleID":2701,"signMessage":"70 To Milwaukie","extraTripID":null,"nextStopSeq":18,"routeNumber":70,"vehicleLoad":"unknown","bearing":180,"lastStopSeq":17,"inCongestion":false,"delay":19,"latitude":45.5637724},{"tripID":4419094,"serviceDate":1395730800000,"direction":0,"garage":"CENTER","type":"bus","lastLocID":642,"messageCode":809,"time":1395761123951,"expires":1395761540000,"signMessageLong":"77  Broadway/Halsey to Troutdale","extraBlockID":null,"locationInScheduleDay":30388,"longitude":-122.6334392,"blockID":7704,"offRoute":false,"nextLocID":645,"vehicleID":2614,"signMessage":"77 To Troutdale","extraTripID":null,"nextStopSeq":32,"routeNumber":77,"vehicleLoad":"unknown","bearing":89,"lastStopSeq":31,"inCongestion":false,"delay":68,"latitude":45.5351602},{"tripID":4411576,"serviceDate":1395730800000,"direction":1,"garage":"CENTER","type":"bus","lastLocID":1829,"messageCode":268,"time":1395761123949,"expires":1395761540000,"signMessageLong":"14  Hawthorne to Portland","extraBlockID":null,"locationInScheduleDay":30369,"longitude":-122.570153,"blockID":1401,"offRoute":false,"nextLocID":1826,"vehicleID":2608,"signMessage":"14 To Portland","extraTripID":null,"nextStopSeq":4,"routeNumber":14,"vehicleLoad":"unknown","bearing":296,"lastStopSeq":3,"inCongestion":false,"delay":49,"latitude":45.4803001},{"tripID":4417169,"serviceDate":1395730800000,"direction":0,"garage":"CENTER","type":"bus","lastLocID":7380,"messageCode":783,"time":1395761121209,"expires":1395761538000,"signMessageLong":"70  33rd Ave to NE Sunderland","extraBlockID":null,"locationInScheduleDay":30336,"longitude":-122.6306789,"blockID":7010,"offRoute":false,"nextLocID":7362,"vehicleID":2623,"signMessage":"70 To Sunderlnd","extraTripID":null,"nextStopSeq":64,"routeNumber":70,"vehicleLoad":"unknown","bearing":0,"lastStopSeq":63,"inCongestion":false,"delay":18,"latitude":45.5660197},{"tripID":4419229,"serviceDate":1395730800000,"direction":1,"garage":"CENTER","type":"bus","lastLocID":2592,"messageCode":813,"time":1395761127536,"expires":1395761544000,"signMessageLong":"77  Broadway/Halsey to Montgomery Park","extraBlockID":null,"locationInScheduleDay":30300,"longitude":-122.66644,"blockID":7707,"offRoute":false,"nextLocID":9311,"vehicleID":2653,"signMessage":"77 Montgomry Pk","extraTripID":null,"nextStopSeq":87,"routeNumber":77,"vehicleLoad":"unknown","bearing":218,"lastStopSeq":86,"inCongestion":false,"delay":-24,"latitude":45.5299851},{"tripID":4417172,"serviceDate":1395730800000,"direction":0,"garage":"CENTER","type":"bus","lastLocID":13477,"messageCode":781,"time":1395761139174,"expires":1395761556000,"signMessageLong":"70  12th/NE 33rd Ave to NE Sunderland via 17th & Tacoma","extraBlockID":null,"locationInScheduleDay":30336,"longitude":-122.6407309,"blockID":7009,"offRoute":false,"nextLocID":8225,"vehicleID":2626,"signMessage":"70 To Sunderland via 17th","extraTripID":null,"nextStopSeq":2,"routeNumber":70,"vehicleLoad":"unknown","bearing":81,"lastStopSeq":1,"inCongestion":false,"delay":0,"latitude":45.4448667},{"tripID":4419228,"serviceDate":1395730800000,"direction":1,"garage":"CENTER","type":"bus","lastLocID":7130,"messageCode":813,"time":1395761118052,"expires":1395761536000,"signMessageLong":"77  Broadway/Halsey to Montgomery Park","extraBlockID":null,"locationInScheduleDay":29863,"longitude":-122.6947121,"blockID":7703,"offRoute":false,"nextLocID":10694,"vehicleID":2630,"signMessage":"77 Montgomry Pk","extraTripID":null,"nextStopSeq":99,"routeNumber":77,"vehicleLoad":"unknown","bearing":358,"lastStopSeq":98,"inCongestion":false,"delay":-453,"latitude":45.5339436},{"tripID":4419233,"serviceDate":1395730800000,"direction":1,"garage":"CENTER","type":"bus","lastLocID":9481,"messageCode":813,"time":1395761118061,"expires":1395761536000,"signMessageLong":"77  Broadway/Halsey to Montgomery Park","extraBlockID":null,"locationInScheduleDay":30316,"longitude":-122.3982117,"blockID":7706,"offRoute":false,"nextLocID":9471,"vehicleID":2632,"signMessage":"77 Montgomry Pk","extraTripID":null,"nextStopSeq":2,"routeNumber":77,"vehicleLoad":"unknown","bearing":85,"lastStopSeq":1,"inCongestion":false,"delay":0,"latitude":45.5443612},{"tripID":4418206,"serviceDate":1395730800000,"direction":1,"garage":"POWELL","type":"bus","lastLocID":3199,"messageCode":760,"time":1395761091093,"expires":1395761507000,"signMessageLong":"72  Killingsworth/82nd to Clackamas TC","extraBlockID":null,"locationInScheduleDay":30348,"longitude":-122.6167769,"blockID":7237,"offRoute":false,"nextLocID":3144,"vehicleID":3004,"signMessage":"72 Clackamas TC","extraTripID":null,"nextStopSeq":41,"routeNumber":72,"vehicleLoad":"unknown","bearing":90,"lastStopSeq":40,"inCongestion":false,"delay":61,"latitude":45.5627928},{"tripID":4413882,"serviceDate":1395730800000,"direction":1,"garage":"POWELL","type":"bus","lastLocID":7800,"messageCode":467,"time":1395761141765,"expires":1395761558000,"signMessageLong":"31  Downtown Only","extraBlockID":null,"locationInScheduleDay":30187,"longitude":-122.6779873,"blockID":3136,"offRoute":false,"nextLocID":7797,"vehicleID":3007,"signMessage":"31 Downtown Only","extraTripID":null,"nextStopSeq":39,"routeNumber":31,"vehicleLoad":"unknown","bearing":21,"lastStopSeq":38,"inCongestion":false,"delay":-151,"latitude":45.5203171},{"tripID":4417878,"serviceDate":1395730800000,"direction":0,"garage":"POWELL","type":"bus","lastLocID":7326,"messageCode":766,"time":1395761129591,"expires":1395761548000,"signMessageLong":"72  Killingsworth/82nd to Swan Island-Anchor St","extraBlockID":null,"locationInScheduleDay":30379,"longitude":-122.6351378,"blockID":7251,"offRoute":false,"nextLocID":64,"vehicleID":3003,"signMessage":"72 Swan Island","extraTripID":null,"nextStopSeq":83,"routeNumber":72,"vehicleLoad":"unknown","bearing":270,"lastStopSeq":82,"inCongestion":false,"delay":51,"latitude":45.559045},{"tripID":4418209,"serviceDate":1395730800000,"direction":1,"garage":"POWELL","type":"bus","lastLocID":115,"messageCode":760,"time":1395761129594,"expires":1395761547000,"signMessageLong":"72  Killingsworth/82nd to Clackamas TC","extraBlockID":null,"locationInScheduleDay":30327,"longitude":-122.703865,"blockID":7241,"offRoute":false,"nextLocID":8681,"vehicleID":3048,"signMessage":"72 Clackamas TC","extraTripID":null,"nextStopSeq":2,"routeNumber":72,"vehicleLoad":"unknown","bearing":159,"lastStopSeq":1,"inCongestion":false,"delay":0,"latitude":45.5567629},{"tripID":4418201,"serviceDate":1395730800000,"direction":1,"garage":"POWELL","type":"bus","lastLocID":12921,"messageCode":760,"time":1395760820427,"expires":1395761239000,"signMessageLong":"72  Killingsworth/82nd to Clackamas TC","extraBlockID":null,"locationInScheduleDay":30068,"longitude":-122.5691691,"blockID":7235,"offRoute":false,"nextLocID":13247,"vehicleID":3053,"signMessage":"72 Clackamas TC","extraTripID":null,"nextStopSeq":111,"routeNumber":72,"vehicleLoad":"unknown","bearing":173,"lastStopSeq":110,"inCongestion":false,"delay":0,"latitude":45.4363448},{"tripID":4418207,"serviceDate":1395730800000,"direction":1,"garage":"POWELL","type":"bus","lastLocID":5927,"messageCode":760,"time":1395761135755,"expires":1395761552000,"signMessageLong":"72  Killingsworth/82nd to Clackamas TC","extraBlockID":null,"locationInScheduleDay":30413,"longitude":-122.6615692,"blockID":7245,"offRoute":false,"nextLocID":46,"vehicleID":3052,"signMessage":"72 Clackamas TC","extraTripID":null,"nextStopSeq":21,"routeNumber":72,"vehicleLoad":"unknown","bearing":181,"lastStopSeq":20,"inCongestion":false,"delay":81,"latitude":45.559149},{"tripID":4417875,"serviceDate":1395730800000,"direction":0,"garage":"POWELL","type":"bus","lastLocID":3170,"messageCode":766,"time":1395761118041,"expires":1395761536000,"signMessageLong":"72  Killingsworth/82nd to Swan Island-Anchor St","extraBlockID":null,"locationInScheduleDay":30337,"longitude":-122.681948,"blockID":7234,"offRoute":false,"nextLocID":3159,"vehicleID":3054,"signMessage":"72 Swan Island","extraTripID":null,"nextStopSeq":100,"routeNumber":72,"vehicleLoad":"unknown","bearing":270,"lastStopSeq":99,"inCongestion":false,"delay":21,"latitude":45.5626672},{"tripID":4419234,"serviceDate":1395730800000,"direction":1,"garage":"POWELL","type":"bus","lastLocID":9481,"messageCode":813,"time":1395761135780,"expires":1395761551000,"signMessageLong":"77  Broadway/Halsey to Montgomery Park","extraBlockID":null,"locationInScheduleDay":30331,"longitude":-122.3982117,"blockID":7734,"offRoute":false,"nextLocID":9471,"vehicleID":3046,"signMessage":"77 Montgomry Pk","extraTripID":null,"nextStopSeq":2,"routeNumber":77,"vehicleLoad":"unknown","bearing":85,"lastStopSeq":1,"inCongestion":false,"delay":0,"latitude":45.5443612},{"tripID":4419095,"serviceDate":1395730800000,"direction":0,"garage":"POWELL","type":"bus","lastLocID":7112,"messageCode":809,"time":1395761127009,"expires":1395761543000,"signMessageLong":"77  Broadway/Halsey to Troutdale","extraBlockID":null,"locationInScheduleDay":30125,"longitude":-122.6943943,"blockID":7738,"offRoute":false,"nextLocID":1615,"vehicleID":3035,"signMessage":"77 To Troutdale","extraTripID":null,"nextStopSeq":11,"routeNumber":77,"vehicleLoad":"unknown","bearing":178,"lastStopSeq":10,"inCongestion":false,"delay":-198,"latitude":45.5255077},{"tripID":4417877,"serviceDate":1395730800000,"direction":0,"garage":"POWELL","type":"bus","lastLocID":3201,"messageCode":766,"time":1395761123817,"expires":1395761540000,"signMessageLong":"72  Killingsworth/82nd to Swan Island-Anchor St","extraBlockID":null,"locationInScheduleDay":30382,"longitude":-122.6175779,"blockID":7243,"offRoute":false,"nextLocID":3200,"vehicleID":3025,"signMessage":"72 Swan Island","extraTripID":null,"nextStopSeq":74,"routeNumber":72,"vehicleLoad":"unknown","bearing":270,"lastStopSeq":73,"inCongestion":false,"delay":62,"latitude":45.5628005},{"tripID":4419227,"serviceDate":1395730800000,"direction":1,"garage":"CENTER","type":"bus","lastLocID":8483,"messageCode":813,"time":1395761141854,"expires":1395761558000,"signMessageLong":"77  Broadway/Halsey to Montgomery Park","extraBlockID":null,"locationInScheduleDay":29320,"longitude":-122.7069345,"blockID":7702,"offRoute":false,"nextLocID":8484,"vehicleID":2005,"signMessage":"77 Montgomry Pk","extraTripID":null,"nextStopSeq":109,"routeNumber":77,"vehicleLoad":"unknown","bearing":178,"lastStopSeq":108,"inCongestion":false,"delay":0,"latitude":45.5377966}],"queryTime":1395761149046}}
