{"resultSet":{"vehicle":[{"tripID":4411642,"serviceDate":1395644400000,"direction":1,"garage":"CENTER","type":"bus","lastLocID":2602,"messageCode":268,"time":1395735921260,"expires":1395736338000,"signMessageLong":"14  Hawthorne to Portland","extraBlockID":null,"locationInScheduleDay":91658,"longitude":-122.653425,"blockID":1406,"offRoute":false,"nextLocID":3637,"vehicleID":3128,"signMessage":"14 To Portland","extraTripID":null,"nextStopSeq":39,"routeNumber":14,"vehicleLoad":"unknown","bearing":285,"lastStopSeq":38,"inCongestion":false,"delay":140,"latitude":45.512252},{"tripID":4418298,"serviceDate":1395644400000,"direction":1,"garage":"POWELL","type":"bus","lastLocID":7986,"messageCode":760,"time":1395735921243,"expires":1395736339000,"signMessageLong":"72  Killingsworth/82nd to Clackamas TC","extraBlockID":null,"locationInScheduleDay":91642,"longitude":-122.5788217,"blockID":7236,"offRoute":false,"nextLocID":8041,"vehicleID":3022,"signMessage":"72 Clackamas TC","extraTripID":null,"nextStopSeq":87,"routeNumber":72,"vehicleLoad":"unknown","bearing":179,"lastStopSeq":86,"inCongestion":false,"delay":123,"latitude":45.490472},{"tripID":4417969,"serviceDate":1395644400000,"direction":0,"garage":"POWELL","type":"bus","lastLocID":5890,"messageCode":null,"time":1395735916000,"expires":1395736336000,"signMessageLong":null,"extraBlockID":null,"locationInScheduleDay":null,"longitude":-122.650983,"blockID":7238,"offRoute":false,"nextLocID":10957,"vehicleID":3035,"signMessage":null,"extraTripID":null,"nextStopSeq":null,"routeNumber":72,"vehicleLoad":"unknown","bearing":null,"lastStopSeq":null,"inCongestion":false,"delay":15,"latitude":45.56275}],"queryTime":1395735947722}}
