{"resultSet":{"vehicle":[{"tripID":4419220,"serviceDate":1395730800000,"direction":1,"garage":"CENTER","type":"bus","lastLocID":7571,"messageCode":813,"time":1395749431400,"expires":1395749851000,"signMessageLong":"77  Broadway/Halsey to Montgomery Park","extraBlockID":null,"locationInScheduleDay":18813,"longitude":-122.6150005,"blockID":7701,"offRoute":false,"nextLocID":650,"vehicleID":2512,"signMessage":"77 Montgomry Pk","extraTripID":null,"nextStopSeq":20,"routeNumber":77,"vehicleLoad":"unknown","bearing":0,"lastStopSeq":19,"inCongestion":false,"delay":182,"latitude":45.5340512},{"tripID":4417864,"serviceDate":1395730800000,"direction":0,"garage":"POWELL","type":"bus","lastLocID":7920,"messageCode":768,"time":1395749437619,"expires":1395749855000,"signMessageLong":"72  Killingsworth/82nd to Swan Island-Shipyards","extraBlockID":null,"locationInScheduleDay":18601,"longitude":-122.5789213,"blockID":7236,"offRoute":false,"nextLocID":7918,"vehicleID":2552,"signMessage":"72 Swan Island","extraTripID":null,"nextStopSeq":5,"routeNumber":72,"vehicleLoad":"unknown","bearing":0,"lastStopSeq":4,"inCongestion":false,"delay":-34,"latitude":45.4436484},{"tripID":4417161,"serviceDate":1395730800000,"direction":0,"garage":"CENTER","type":"bus","lastLocID":839,"messageCode":782,"time":1395749434429,"expires":1395749852000,"signMessageLong":"70  12th/NE 33rd Ave to NE Sunderland via 13th & Tacoma","extraBlockID":null,"locationInScheduleDay":18675,"longitude":-122.6489187,"blockID":7001,"offRoute":false,"nextLocID":6856,"vehicleID":2704,"signMessage":"70 To Sunderland via 13th","extraTripID":null,"nextStopSeq":16,"routeNumber":70,"vehicleLoad":"unknown","bearing":88,"lastStopSeq":15,"inCongestion":false,"delay":43,"latitude":45.4737142},{"tripID":4418190,"serviceDate":1395730800000,"direction":1,"garage":"POWELL","type":"bus","lastLocID":7934,"messageCode":760,"time":1395749389807,"expires":1395749807000,"signMessageLong":"72  Killingsworth/82nd to Clackamas TC","extraBlockID":null,"locationInScheduleDay":18532,"longitude":-122.5787487,"blockID":7235,"offRoute":false,"nextLocID":7966,"vehicleID":3053,"signMessage":"72 Clackamas TC","extraTripID":null,"nextStopSeq":3,"routeNumber":72,"vehicleLoad":"unknown","bearing":180,"lastStopSeq":2,"inCongestion":false,"delay":-55,"latitude":45.5493542},{"tripID":4417863,"serviceDate":1395730800000,"direction":0,"garage":"POWELL","type":"bus","lastLocID":8033,"messageCode":768,"time":1395749422756,"expires":1395749839000,"signMessageLong":"72  Killingsworth/82nd to Swan Island-Shipyards","extraBlockID":null,"locationInScheduleDay":18588,"longitude":-122.5789136,"blockID":7234,"offRoute":false,"nextLocID":8001,"vehicleID":3054,"signMessage":"72 Swan Island","extraTripID":null,"nextStopSeq":53,"routeNumber":72,"vehicleLoad":"unknown","bearing":0,"lastStopSeq":52,"inCongestion":false,"delay":-31,"latitude":45.5407728},{"tripID":4411556,"serviceDate":1395730800000,"direction":1,"garage":"POWELL","type":"bus","lastLocID":13734,"messageCode":268,"time":1395749437529,"expires":1395749854000,"signMessageLong":"14  Hawthorne to Portland","extraBlockID":null,"locationInScheduleDay":18699,"longitude":-122.6161234,"blockID":1434,"offRoute":false,"nextLocID":2632,"vehicleID":3027,"signMessage":"14 To Portland","extraTripID":null,"nextStopSeq":26,"routeNumber":14,"vehicleLoad":"unknown","bearing":270,"lastStopSeq":25,"inCongestion":false,"delay":65,"latitude":45.5120301}],"queryTime":1395749448581}}
