{"resultSet":{"vehicle":[{"tripID":4411559,"serviceDate":1395730800000,"direction":1,"garage":"POWELL","type":"bus","lastLocID":7658,"messageCode":268,"time":1395753202815,"expires":1395753622000,"signMessageLong":"14  Hawthorne to Portland","extraBlockID":null,"locationInScheduleDay":22462,"longitude":-122.6115671,"blockID":1436,"offRoute":false,"nextLocID":13734,"vehicleID":2206,"signMessage":"14 To Portland","extraTripID":null,"nextStopSeq":25,"routeNumber":14,"vehicleLoad":"unknown","bearing":356,"lastStopSeq":24,"inCongestion":false,"delay":60,"latitude":45.5117721},{"tripID":4419089,"serviceDate":1395730800000,"direction":0,"garage":"POWELL","type":"bus","lastLocID":8484,"messageCode":809,"time":1395753277813,"expires":1395753696000,"signMessageLong":"77  Broadway/Halsey to Troutdale","extraBlockID":null,"locationInScheduleDay":22476,"longitude":-122.7069049,"blockID":7735,"offRoute":false,"nextLocID":8385,"vehicleID":2222,"signMessage":"77 To Troutdale","extraTripID":null,"nextStopSeq":2,"routeNumber":77,"vehicleLoad":"unknown","bearing":178,"lastStopSeq":1,"inCongestion":false,"delay":0,"latitude":45.5370429},{"tripID":4419223,"serviceDate":1395730800000,"direction":1,"garage":"POWELL","type":"bus","lastLocID":2352,"messageCode":813,"time":1395753277784,"expires":1395753697000,"signMessageLong":"77  Broadway/Halsey to Montgomery Park","extraBlockID":null,"locationInScheduleDay":22252,"longitude":-122.5372682,"blockID":7736,"offRoute":false,"nextLocID":2367,"vehicleID":2221,"signMessage":"77 Montgomry Pk","extraTripID":null,"nextStopSeq":39,"routeNumber":77,"vehicleLoad":"unknown","bearing":270,"lastStopSeq":38,"inCongestion":false,"delay":-225,"latitude":45.5335711},{"tripID":4413875,"serviceDate":1395730800000,"direction":1,"garage":"POWELL","type":"bus","lastLocID":2171,"messageCode":466,"time":1395753262698,"expires":1395753682000,"signMessageLong":"31  Portland","extraBlockID":null,"locationInScheduleDay":22622,"longitude":-122.6610023,"blockID":3137,"offRoute":false,"nextLocID":2642,"vehicleID":2258,"signMessage":"31 To Portland","extraTripID":null,"nextStopSeq":37,"routeNumber":31,"vehicleLoad":"unknown","bearing":270,"lastStopSeq":36,"inCongestion":false,"delay":160,"latitude":45.5129395},{"tripID":4419224,"serviceDate":1395730800000,"direction":1,"garage":"POWELL","type":"bus","lastLocID":13505,"messageCode":813,"time":1395753275119,"expires":1395753691000,"signMessageLong":"77  Broadway/Halsey to Montgomery Park","extraBlockID":null,"locationInScheduleDay":22459,"longitude":-122.451099,"blockID":7737,"offRoute":false,"nextLocID":2411,"vehicleID":2285,"signMessage":"77 Montgomry Pk","extraTripID":null,"nextStopSeq":17,"routeNumber":77,"vehicleLoad":"unknown","bearing":270,"lastStopSeq":16,"inCongestion":false,"delay":-12,"latitude":45.533404},{"tripID":4417869,"serviceDate":1395730800000,"direction":0,"garage":"POWELL","type":"bus","lastLocID":13248,"messageCode":766,"time":1395753277832,"expires":1395753696000,"signMessageLong":"72  Killingsworth/82nd to Swan Island-Anchor St","extraBlockID":null,"locationInScheduleDay":22599,"longitude":-122.5731089,"blockID":7244,"offRoute":false,"nextLocID":12922,"vehicleID":2276,"signMessage":"72 Swan Island","extraTripID":null,"nextStopSeq":2,"routeNumber":72,"vehicleLoad":"unknown","bearing":270,"lastStopSeq":1,"inCongestion":false,"delay":123,"latitude":45.4373994},{"tripID":4417163,"serviceDate":1395730800000,"direction":0,"garage":"CENTER","type":"bus","lastLocID":6578,"messageCode":780,"time":1395753139857,"expires":1395753559000,"signMessageLong":"70  12th/NE 33rd Ave to NE Sunderland","extraBlockID":null,"locationInScheduleDay":22313,"longitude":-122.6537169,"blockID":7005,"offRoute":false,"nextLocID":6581,"vehicleID":2132,"signMessage":"70 To Sunderlnd","extraTripID":null,"nextStopSeq":28,"routeNumber":70,"vehicleLoad":"unknown","bearing":0,"lastStopSeq":27,"inCongestion":false,"delay":-26,"latitude":45.5064295},{"tripID":4413797,"serviceDate":1395730800000,"direction":0,"garage":"CENTER","type":"bus","lastLocID":2582,"messageCode":457,"time":1395753265833,"expires":1395753683000,"signMessageLong":"31  Clackamas Town Center, continuing to Estacada","extraBlockID":null,"locationInScheduleDay":22442,"longitude":-122.6197796,"blockID":3003,"offRoute":false,"nextLocID":7523,"vehicleID":2119,"signMessage":"31 To Estacada via Clackamas","extraTripID":null,"nextStopSeq":8,"routeNumber":31,"vehicleLoad":"unknown","bearing":90,"lastStopSeq":7,"inCongestion":false,"delay":-21,"latitude":45.4466151},{"tripID":4417313,"serviceDate":1395730800000,"direction":1,"garage":"CENTER","type":"bus","lastLocID":10472,"messageCode":738,"time":1395753256698,"expires":1395753676000,"signMessageLong":"70  12th Ave to Milwaukie via 13th & Tacoma","extraBlockID":null,"locationInScheduleDay":22386,"longitude":-122.6542228,"blockID":7006,"offRoute":false,"nextLocID":3916,"vehicleID":2150,"signMessage":"70 To Milwaukie","extraTripID":null,"nextStopSeq":15,"routeNumber":70,"vehicleLoad":"unknown","bearing":179,"lastStopSeq":14,"inCongestion":false,"delay":-70,"latitude":45.5001143},{"tripID":4417865,"serviceDate":1395730800000,"direction":0,"garage":"POWELL","type":"bus","lastLocID":3154,"messageCode":768,"time":1395753274955,"expires":1395753694000,"signMessageLong":"72  Killingsworth/82nd to Swan Island-Shipyards","extraBlockID":null,"locationInScheduleDay":22240,"longitude":-122.6766174,"blockID":7238,"offRoute":false,"nextLocID":3174,"vehicleID":2527,"signMessage":"72 Swan Island","extraTripID":null,"nextStopSeq":98,"routeNumber":72,"vehicleLoad":"unknown","bearing":269,"lastStopSeq":97,"inCongestion":false,"delay":-234,"latitude":45.5626787},{"tripID":4417312,"serviceDate":1395730800000,"direction":1,"garage":"CENTER","type":"bus","lastLocID":6872,"messageCode":791,"time":1395753280951,"expires":1395753697000,"signMessageLong":"70  To Milwaukie","extraBlockID":null,"locationInScheduleDay":22294,"longitude":-122.643189,"blockID":7002,"offRoute":false,"nextLocID":13477,"vehicleID":2524,"signMessage":"70 To Milwaukie","extraTripID":null,"nextStopSeq":79,"routeNumber":70,"vehicleLoad":"unknown","bearing":111,"lastStopSeq":78,"inCongestion":false,"delay":0,"latitude":45.4453862},{"tripID":4419087,"serviceDate":1395730800000,"direction":0,"garage":"CENTER","type":"bus","lastLocID":11817,"messageCode":809,"time":1395753274918,"expires":1395753692000,"signMessageLong":"77  Broadway/Halsey to Troutdale","extraBlockID":null,"locationInScheduleDay":22680,"longitude":-122.6659959,"blockID":7701,"offRoute":false,"nextLocID":13708,"vehicleID":2512,"signMessage":"77 To Troutdale","extraTripID":null,"nextStopSeq":20,"routeNumber":77,"vehicleLoad":"unknown","bearing":86,"lastStopSeq":19,"inCongestion":false,"delay":208,"latitude":45.5307959},{"tripID":4418192,"serviceDate":1395730800000,"direction":1,"garage":"POWELL","type":"bus","lastLocID":8024,"messageCode":760,"time":1395753265865,"expires":1395753683000,"signMessageLong":"72  Killingsworth/82nd to Clackamas TC","extraBlockID":null,"locationInScheduleDay":22380,"longitude":-122.5787393,"blockID":7239,"offRoute":false,"nextLocID":13707,"vehicleID":2540,"signMessage":"72 Clackamas TC","extraTripID":null,"nextStopSeq":84,"routeNumber":72,"vehicleLoad":"unknown","bearing":180,"lastStopSeq":83,"inCongestion":false,"delay":-83,"latitude":45.4971097},{"tripID":4417866,"serviceDate":1395730800000,"direction":0,"garage":"POWELL","type":"bus","lastLocID":10601,"messageCode":766,"time":1395753235700,"expires":1395753655000,"signMessageLong":"72  Killingsworth/82nd to Swan Island-Anchor St","extraBlockID":null,"locationInScheduleDay":22260,"longitude":-122.5938595,"blockID":7240,"offRoute":false,"nextLocID":3147,"vehicleID":2533,"signMessage":"72 Swan Island","extraTripID":null,"nextStopSeq":67,"routeNumber":72,"vehicleLoad":"unknown","bearing":270,"lastStopSeq":66,"inCongestion":false,"delay":-175,"latitude":45.5627143},{"tripID":4417864,"serviceDate":1395730800000,"direction":0,"garage":"POWELL","type":"bus","lastLocID":1042,"messageCode":768,"time":1395753259968,"expires":1395753679000,"signMessageLong":"72  Killingsworth/82nd to Swan Island-Shipyards","extraBlockID":null,"locationInScheduleDay":22111,"longitude":-122.7075893,"blockID":7236,"offRoute":false,"nextLocID":1041,"vehicleID":2552,"signMessage":"72 Swan Island","extraTripID":null,"nextStopSeq":117,"routeNumber":72,"vehicleLoad":"unknown","bearing":128,"lastStopSeq":116,"inCongestion":false,"delay":0,"latitude":45.5580573},{"tripID":4417868,"serviceDate":1395730800000,"direction":0,"garage":"POWELL","type":"bus","lastLocID":7982,"messageCode":768,"time":1395753259987,"expires":1395753678000,"signMessageLong":"72  Killingsworth/82nd to Swan Island-Shipyards","extraBlockID":null,"locationInScheduleDay":22417,"longitude":-122.5790619,"blockID":7242,"offRoute":false,"nextLocID":7970,"vehicleID":2548,"signMessage":"72 Swan Island","extraTripID":null,"nextStopSeq":17,"routeNumber":72,"vehicleLoad":"unknown","bearing":359,"lastStopSeq":16,"inCongestion":false,"delay":-41,"latitude":45.4710929},{"tripID":4411311,"serviceDate":1395730800000,"direction":0,"garage":"POWELL","type":"bus","lastLocID":12947,"messageCode":266,"time":1395753251165,"expires":1395753668000,"signMessageLong":"14  Hawthorne to 94th & Foster","extraBlockID":null,"locationInScheduleDay":22475,"longitude":-122.598313,"blockID":1435,"offRoute":false,"nextLocID":10196,"vehicleID":2316,"signMessage":"14 To 94-Foster","extraTripID":null,"nextStopSeq":34,"routeNumber":14,"vehicleLoad":"unknown","bearing":120,"lastStopSeq":33,"inCongestion":false,"delay":27,"latitude":45.4902931},{"tripID":4413876,"serviceDate":1395730800000,"direction":1,"garage":"CENTER","type":"bus","lastLocID":2574,"messageCode":462,"time":1395753277734,"expires":1395753697000,"signMessageLong":"31L Portland Limited","extraBlockID":null,"locationInScheduleDay":22207,"longitude":-122.639606,"blockID":3101,"offRoute":false,"nextLocID":3858,"vehicleID":2714,"signMessage":"31L To Portland Limited","extraTripID":null,"nextStopSeq":6,"routeNumber":31,"vehicleLoad":"unknown","bearing":10,"lastStopSeq":5,"inCongestion":false,"delay":-270,"latitude":45.4590965},{"tripID":4417315,"serviceDate":1395730800000,"direction":1,"garage":"CENTER","type":"bus","lastLocID":9369,"messageCode":788,"time":1395753277717,"expires":1395753696000,"signMessageLong":"70  12th/NE 33rd Ave to Milwaukie","extraBlockID":null,"locationInScheduleDay":22494,"longitude":-122.634748,"blockID":7001,"offRoute":false,"nextLocID":9549,"vehicleID":2704,"signMessage":"70 To Milwaukie","extraTripID":null,"nextStopSeq":5,"routeNumber":70,"vehicleLoad":"unknown","bearing":270,"lastStopSeq":4,"inCongestion":false,"delay":18,"latitude":45.5800844},{"tripID":4417162,"serviceDate":1395730800000,"direction":0,"garage":"CENTER","type":"bus","lastLocID":7383,"messageCode":783,"time":1395753259785,"expires":1395753679000,"signMessageLong":"70  33rd Ave to NE Sunderland","extraBlockID":null,"locationInScheduleDay":22509,"longitude":-122.6306815,"blockID":7003,"offRoute":false,"nextLocID":7380,"vehicleID":2705,"signMessage":"70 To Sunderlnd","extraTripID":null,"nextStopSeq":60,"routeNumber":70,"vehicleLoad":"unknown","bearing":0,"lastStopSeq":59,"inCongestion":false,"delay":50,"latitude":45.5634452},{"tripID":4417314,"serviceDate":1395730800000,"direction":1,"garage":"CENTER","type":"bus","lastLocID":7126,"messageCode":788,"time":1395753274838,"expires":1395753694000,"signMessageLong":"70  12th/NE 33rd Ave to Milwaukie","extraBlockID":null,"locationInScheduleDay":22419,"longitude":-122.6489311,"blockID":7004,"offRoute":false,"nextLocID":4049,"vehicleID":2701,"signMessage":"70 To Milwaukie","extraTripID":null,"nextStopSeq":41,"routeNumber":70,"vehicleLoad":"unknown","bearing":270,"lastStopSeq":40,"inCongestion":false,"delay":-55,"latitude":45.5314765},{"tripID":4411558,"serviceDate":1395730800000,"direction":1,"garage":"CENTER","type":"bus","lastLocID":13169,"messageCode":266,"time":1395753281064,"expires":1395753698000,"signMessageLong":"14  Hawthorne to 94th & Foster","extraBlockID":null,"locationInScheduleDay":22522,"longitude":-122.680931,"blockID":1401,"offRoute":false,"nextLocID":3639,"vehicleID":2608,"signMessage":"14 To 94-Foster","extraTripID":null,"nextStopSeq":45,"routeNumber":14,"vehicleLoad":"unknown","bearing":111,"lastStopSeq":44,"inCongestion":false,"delay":44,"latitude":45.515879},{"tripID":4419086,"serviceDate":1395730800000,"direction":0,"garage":"CENTER","type":"bus","lastLocID":653,"messageCode":809,"time":1395753275104,"expires":1395753694000,"signMessageLong":"77  Broadway/Halsey to Troutdale","extraBlockID":null,"locationInScheduleDay":22376,"longitude":-122.614999,"blockID":7703,"offRoute":false,"nextLocID":2426,"vehicleID":2630,"signMessage":"77 To Troutdale","extraTripID":null,"nextStopSeq":39,"routeNumber":77,"vehicleLoad":"unknown","bearing":180,"lastStopSeq":38,"inCongestion":false,"delay":-98,"latitude":45.5344971},{"tripID":4418191,"serviceDate":1395730800000,"direction":1,"garage":"POWELL","type":"bus","lastLocID":12921,"messageCode":760,"time":1395753280914,"expires":1395753699000,"signMessageLong":"72  Killingsworth/82nd to Clackamas TC","extraBlockID":null,"locationInScheduleDay":22250,"longitude":-122.5685478,"blockID":7237,"offRoute":false,"nextLocID":13247,"vehicleID":3004,"signMessage":"72 Clackamas TC","extraTripID":null,"nextStopSeq":111,"routeNumber":72,"vehicleLoad":"unknown","bearing":86,"lastStopSeq":110,"inCongestion":false,"delay":0,"latitude":45.4355653},{"tripID":4418193,"serviceDate":1395730800000,"direction":1,"garage":"POWELL","type":"bus","lastLocID":8038,"messageCode":760,"time":1395753256701,"expires":1395753676000,"signMessageLong":"72  Killingsworth/82nd to Clackamas TC","extraBlockID":null,"locationInScheduleDay":22428,"longitude":-122.5786881,"blockID":7241,"offRoute":false,"nextLocID":7934,"vehicleID":3048,"signMessage":"72 Clackamas TC","extraTripID":null,"nextStopSeq":56,"routeNumber":72,"vehicleLoad":"unknown","bearing":180,"lastStopSeq":55,"inCongestion":false,"delay":-28,"latitude":45.552452},{"tripID":4417867,"serviceDate":1395730800000,"direction":0,"garage":"POWELL","type":"bus","lastLocID":8065,"messageCode":768,"time":1395753259793,"expires":1395753677000,"signMessageLong":"72  Killingsworth/82nd to Swan Island-Shipyards","extraBlockID":null,"locationInScheduleDay":22430,"longitude":-122.5790156,"blockID":7235,"offRoute":false,"nextLocID":7928,"vehicleID":3053,"signMessage":"72 Swan Island","extraTripID":null,"nextStopSeq":39,"routeNumber":72,"vehicleLoad":"unknown","bearing":357,"lastStopSeq":38,"inCongestion":false,"delay":-27,"latitude":45.5177582},{"tripID":4418194,"serviceDate":1395730800000,"direction":1,"garage":"POWELL","type":"bus","lastLocID":5927,"messageCode":760,"time":1395753262619,"expires":1395753682000,"signMessageLong":"72  Killingsworth/82nd to Clackamas TC","extraBlockID":null,"locationInScheduleDay":22256,"longitude":-122.6614577,"blockID":7234,"offRoute":false,"nextLocID":46,"vehicleID":3054,"signMessage":"72 Clackamas TC","extraTripID":null,"nextStopSeq":21,"routeNumber":72,"vehicleLoad":"unknown","bearing":90,"lastStopSeq":20,"inCongestion":false,"delay":-206,"latitude":45.559123},{"tripID":4419222,"serviceDate":1395730800000,"direction":1,"garage":"POWELL","type":"bus","lastLocID":10869,"messageCode":813,"time":1395753274936,"expires":1395753694000,"signMessageLong":"77  Broadway/Halsey to Montgomery Park","extraBlockID":null,"locationInScheduleDay":22200,"longitude":-122.6206252,"blockID":7734,"offRoute":false,"nextLocID":7484,"vehicleID":3046,"signMessage":"77 Montgomry Pk","extraTripID":null,"nextStopSeq":69,"routeNumber":77,"vehicleLoad":"unknown","bearing":89,"lastStopSeq":68,"inCongestion":false,"delay":-274,"latitude":45.5332523},{"tripID":4411560,"serviceDate":1395730800000,"direction":1,"garage":"POWELL","type":"bus","lastLocID":13236,"messageCode":268,"time":1395753262600,"expires":1395753682000,"signMessageLong":"14  Hawthorne to Portland","extraBlockID":null,"locationInScheduleDay":22516,"longitude":-122.5675341,"blockID":1434,"offRoute":false,"nextLocID":1829,"vehicleID":3027,"signMessage":"14 To Portland","extraTripID":null,"nextStopSeq":3,"routeNumber":14,"vehicleLoad":"unknown","bearing":291,"lastStopSeq":2,"inCongestion":false,"delay":54,"latitude":45.4795188},{"tripID":4419085,"serviceDate":1395730800000,"direction":0,"garage":"CENTER","type":"bus","lastLocID":2400,"messageCode":809,"time":1395753274996,"expires":1395753692000,"signMessageLong":"77  Broadway/Halsey to Troutdale","extraBlockID":null,"locationInScheduleDay":22462,"longitude":-122.4834017,"blockID":7702,"offRoute":false,"nextLocID":2322,"vehicleID":2005,"signMessage":"77 To Troutdale","extraTripID":null,"nextStopSeq":77,"routeNumber":77,"vehicleLoad":"unknown","bearing":90,"lastStopSeq":76,"inCongestion":false,"delay":-10,"latitude":45.5346994},{"tripID":4413877,"serviceDate":1395730800000,"direction":1,"garage":"CENTER","type":"bus","lastLocID":13248,"messageCode":464,"time":1395753275009,"expires":1395753694000,"signMessageLong":"31  To Portland via Milwaukie","extraBlockID":null,"locationInScheduleDay":22367,"longitude":-122.5709238,"blockID":1402,"offRoute":false,"nextLocID":12922,"vehicleID":2014,"signMessage":"31 To Portland","extraTripID":null,"nextStopSeq":2,"routeNumber":31,"vehicleLoad":"unknown","bearing":271,"lastStopSeq":1,"inCongestion":false,"delay":-107,"latitude":45.437205}],"queryTime":1395753288732}}
