{"resultSet":{"vehicle":[{"tripID":4411313,"serviceDate":1395730800000,"direction":0,"garage":"POWELL","type":"bus","lastLocID":1827,"messageCode":266,"time":1395756143574,"expires":1395756559000,"signMessageLong":"14  Hawthorne to 94th & Foster","extraBlockID":null,"locationInScheduleDay":25339,"longitude":-122.570441,"blockID":1436,"offRoute":false,"nextLocID":6427,"vehicleID":2206,"signMessage":"14 To 94-Foster","extraTripID":null,"nextStopSeq":46,"routeNumber":14,"vehicleLoad":"unknown","bearing":157,"lastStopSeq":45,"inCongestion":false,"delay":0,"latitude":45.4798425},{"tripID":4419089,"serviceDate":1395730800000,"direction":0,"garage":"POWELL","type":"bus","lastLocID":642,"messageCode":809,"time":1395756143631,"expires":1395756562000,"signMessageLong":"77  Broadway/Halsey to Troutdale","extraBlockID":null,"locationInScheduleDay":25341,"longitude":-122.6316897,"blockID":7735,"offRoute":false,"nextLocID":645,"vehicleID":2222,"signMessage":"77 To Troutdale","extraTripID":null,"nextStopSeq":32,"routeNumber":77,"vehicleLoad":"unknown","bearing":90,"lastStopSeq":31,"inCongestion":false,"delay":-1,"latitude":45.5351599},{"tripID":4419223,"serviceDate":1395730800000,"direction":1,"garage":"POWELL","type":"bus","lastLocID":8483,"messageCode":813,"time":1395756146356,"expires":1395756564000,"signMessageLong":"77  Broadway/Halsey to Montgomery Park","extraBlockID":null,"locationInScheduleDay":25369,"longitude":-122.7069249,"blockID":7736,"offRoute":false,"nextLocID":8484,"vehicleID":2221,"signMessage":"77 Montgomry Pk","extraTripID":null,"nextStopSeq":109,"routeNumber":77,"vehicleLoad":"unknown","bearing":178,"lastStopSeq":108,"inCongestion":false,"delay":0,"latitude":45.5375035},{"tripID":4411562,"serviceDate":1395730800000,"direction":1,"garage":"POWELL","type":"bus","lastLocID":7658,"messageCode":268,"time":1395756116179,"expires":1395756532000,"signMessageLong":"14  Hawthorne to Portland","extraBlockID":null,"locationInScheduleDay":25384,"longitude":-122.6145026,"blockID":1437,"offRoute":false,"nextLocID":13734,"vehicleID":2264,"signMessage":"14 To Portland","extraTripID":null,"nextStopSeq":25,"routeNumber":14,"vehicleLoad":"unknown","bearing":269,"lastStopSeq":24,"inCongestion":false,"delay":72,"latitude":45.5120275},{"tripID":4418200,"serviceDate":1395730800000,"direction":1,"garage":"POWELL","type":"bus","lastLocID":2201,"messageCode":760,"time":1395756161446,"expires":1395756580000,"signMessageLong":"72  Killingsworth/82nd to Clackamas TC","extraBlockID":null,"locationInScheduleDay":25440,"longitude":-122.6939877,"blockID":7247,"offRoute":false,"nextLocID":2226,"vehicleID":2250,"signMessage":"72 Clackamas TC","extraTripID":null,"nextStopSeq":6,"routeNumber":72,"vehicleLoad":"unknown","bearing":325,"lastStopSeq":5,"inCongestion":false,"delay":80,"latitude":45.5591169},{"tripID":4418198,"serviceDate":1395730800000,"direction":1,"garage":"POWELL","type":"bus","lastLocID":7327,"messageCode":760,"time":1395756167160,"expires":1395756586000,"signMessageLong":"72  Killingsworth/82nd to Clackamas TC","extraBlockID":null,"locationInScheduleDay":25351,"longitude":-122.634896,"blockID":7246,"offRoute":false,"nextLocID":7329,"vehicleID":2296,"signMessage":"72 Clackamas TC","extraTripID":null,"nextStopSeq":34,"routeNumber":72,"vehicleLoad":"unknown","bearing":359,"lastStopSeq":33,"inCongestion":false,"delay":-15,"latitude":45.5620739},{"tripID":4419224,"serviceDate":1395730800000,"direction":1,"garage":"POWELL","type":"bus","lastLocID":2592,"messageCode":813,"time":1395756158746,"expires":1395756575000,"signMessageLong":"77  Broadway/Halsey to Montgomery Park","extraBlockID":null,"locationInScheduleDay":25320,"longitude":-122.66644,"blockID":7737,"offRoute":false,"nextLocID":9311,"vehicleID":2285,"signMessage":"77 Montgomry Pk","extraTripID":null,"nextStopSeq":87,"routeNumber":77,"vehicleLoad":"unknown","bearing":218,"lastStopSeq":86,"inCongestion":false,"delay":-35,"latitude":45.5299851},{"tripID":4417869,"serviceDate":1395730800000,"direction":0,"garage":"POWELL","type":"bus","lastLocID":3189,"messageCode":766,"time":1395756140337,"expires":1395756557000,"signMessageLong":"72  Killingsworth/82nd to Swan Island-Anchor St","extraBlockID":null,"locationInScheduleDay":25185,"longitude":-122.6348958,"blockID":7244,"offRoute":false,"nextLocID":7328,"vehicleID":2276,"signMessage":"72 Swan Island","extraTripID":null,"nextStopSeq":80,"routeNumber":72,"vehicleLoad":"unknown","bearing":179,"lastStopSeq":79,"inCongestion":false,"delay":-152,"latitude":45.561933},{"tripID":4417318,"serviceDate":1395730800000,"direction":1,"garage":"CENTER","type":"bus","lastLocID":9368,"messageCode":788,"time":1395756167135,"expires":1395756586000,"signMessageLong":"70  12th/NE 33rd Ave to Milwaukie","extraBlockID":null,"locationInScheduleDay":25320,"longitude":-122.6357648,"blockID":7005,"offRoute":false,"nextLocID":9414,"vehicleID":2132,"signMessage":"70 To Milwaukie","extraTripID":null,"nextStopSeq":2,"routeNumber":70,"vehicleLoad":"unknown","bearing":180,"lastStopSeq":1,"inCongestion":false,"delay":-46,"latitude":45.5898735},{"tripID":4413878,"serviceDate":1395730800000,"direction":1,"garage":"CENTER","type":"bus","lastLocID":2171,"messageCode":462,"time":1395756146255,"expires":1395756563000,"signMessageLong":"31L Portland Limited","extraBlockID":null,"locationInScheduleDay":24792,"longitude":-122.6607954,"blockID":3001,"offRoute":false,"nextLocID":2642,"vehicleID":2123,"signMessage":"31L To Portland Limited","extraTripID":null,"nextStopSeq":8,"routeNumber":31,"vehicleLoad":"unknown","bearing":0,"lastStopSeq":7,"inCongestion":false,"delay":-551,"latitude":45.5100033},{"tripID":4417166,"serviceDate":1395730800000,"direction":0,"garage":"CENTER","type":"bus","lastLocID":6856,"messageCode":780,"time":1395756155206,"expires":1395756573000,"signMessageLong":"70  12th/NE 33rd Ave to NE Sunderland","extraBlockID":null,"locationInScheduleDay":25076,"longitude":-122.6479405,"blockID":7006,"offRoute":false,"nextLocID":6898,"vehicleID":2150,"signMessage":"70 To Sunderlnd","extraTripID":null,"nextStopSeq":14,"routeNumber":70,"vehicleLoad":"unknown","bearing":355,"lastStopSeq":13,"inCongestion":false,"delay":-277,"latitude":45.4755068},{"tripID":4417316,"serviceDate":1395730800000,"direction":1,"garage":"CENTER","type":"bus","lastLocID":6554,"messageCode":738,"time":1395756155236,"expires":1395756572000,"signMessageLong":"70  12th Ave to Milwaukie via 13th & Tacoma","extraBlockID":null,"locationInScheduleDay":25347,"longitude":-122.6546569,"blockID":7008,"offRoute":false,"nextLocID":6542,"vehicleID":2506,"signMessage":"70 To Milwaukie","extraTripID":null,"nextStopSeq":7,"routeNumber":70,"vehicleLoad":"unknown","bearing":180,"lastStopSeq":6,"inCongestion":false,"delay":-5,"latitude":45.5183362},{"tripID":4418197,"serviceDate":1395730800000,"direction":1,"garage":"POWELL","type":"bus","lastLocID":3148,"messageCode":760,"time":1395756146332,"expires":1395756564000,"signMessageLong":"72  Killingsworth/82nd to Clackamas TC","extraBlockID":null,"locationInScheduleDay":25348,"longitude":-122.5972101,"blockID":7238,"offRoute":false,"nextLocID":10600,"vehicleID":2527,"signMessage":"72 Clackamas TC","extraTripID":null,"nextStopSeq":48,"routeNumber":72,"vehicleLoad":"unknown","bearing":90,"lastStopSeq":47,"inCongestion":false,"delay":4,"latitude":45.5627451},{"tripID":4417165,"serviceDate":1395730800000,"direction":0,"garage":"CENTER","type":"bus","lastLocID":8513,"messageCode":783,"time":1395756155285,"expires":1395756573000,"signMessageLong":"70  33rd Ave to NE Sunderland","extraBlockID":null,"locationInScheduleDay":25320,"longitude":-122.6545979,"blockID":7002,"offRoute":false,"nextLocID":8938,"vehicleID":2524,"signMessage":"70 To Sunderlnd","extraTripID":null,"nextStopSeq":37,"routeNumber":70,"vehicleLoad":"unknown","bearing":0,"lastStopSeq":36,"inCongestion":false,"delay":-33,"latitude":45.5298956},{"tripID":4419087,"serviceDate":1395730800000,"direction":0,"garage":"CENTER","type":"bus","lastLocID":2325,"messageCode":809,"time":1395756140193,"expires":1395756557000,"signMessageLong":"77  Broadway/Halsey to Troutdale","extraBlockID":null,"locationInScheduleDay":25236,"longitude":-122.4663242,"blockID":7701,"offRoute":false,"nextLocID":2408,"vehicleID":2512,"signMessage":"77 To Troutdale","extraTripID":null,"nextStopSeq":81,"routeNumber":77,"vehicleLoad":"unknown","bearing":92,"lastStopSeq":80,"inCongestion":false,"delay":-101,"latitude":45.5336697},{"tripID":4417872,"serviceDate":1395730800000,"direction":0,"garage":"POWELL","type":"bus","lastLocID":7962,"messageCode":768,"time":1395756146346,"expires":1395756564000,"signMessageLong":"72  Killingsworth/82nd to Swan Island-Shipyards","extraBlockID":null,"locationInScheduleDay":25200,"longitude":-122.5790515,"blockID":7239,"offRoute":false,"nextLocID":7982,"vehicleID":2540,"signMessage":"72 Swan Island","extraTripID":null,"nextStopSeq":16,"routeNumber":72,"vehicleLoad":"unknown","bearing":0,"lastStopSeq":15,"inCongestion":false,"delay":-144,"latitude":45.4684883},{"tripID":4418199,"serviceDate":1395730800000,"direction":1,"garage":"POWELL","type":"bus","lastLocID":3183,"messageCode":760,"time":1395756164095,"expires":1395756581000,"signMessageLong":"72  Killingsworth/82nd to Clackamas TC","extraBlockID":null,"locationInScheduleDay":25354,"longitude":-122.6680268,"blockID":7240,"offRoute":false,"nextLocID":3188,"vehicleID":2533,"signMessage":"72 Clackamas TC","extraTripID":null,"nextStopSeq":18,"routeNumber":72,"vehicleLoad":"unknown","bearing":89,"lastStopSeq":17,"inCongestion":false,"delay":-7,"latitude":45.5627153},{"tripID":4418196,"serviceDate":1395730800000,"direction":1,"garage":"POWELL","type":"bus","lastLocID":7992,"messageCode":760,"time":1395756158773,"expires":1395756577000,"signMessageLong":"72  Killingsworth/82nd to Clackamas TC","extraBlockID":null,"locationInScheduleDay":25406,"longitude":-122.578824,"blockID":7236,"offRoute":false,"nextLocID":8045,"vehicleID":2552,"signMessage":"72 Clackamas TC","extraTripID":null,"nextStopSeq":59,"routeNumber":72,"vehicleLoad":"unknown","bearing":180,"lastStopSeq":58,"inCongestion":false,"delay":49,"latitude":45.5454169},{"tripID":4417868,"serviceDate":1395730800000,"direction":0,"garage":"POWELL","type":"bus","lastLocID":3170,"messageCode":768,"time":1395756158791,"expires":1395756575000,"signMessageLong":"72  Killingsworth/82nd to Swan Island-Shipyards","extraBlockID":null,"locationInScheduleDay":25059,"longitude":-122.681948,"blockID":7242,"offRoute":false,"nextLocID":3159,"vehicleID":2548,"signMessage":"72 Swan Island","extraTripID":null,"nextStopSeq":100,"routeNumber":72,"vehicleLoad":"unknown","bearing":270,"lastStopSeq":99,"inCongestion":false,"delay":-296,"latitude":45.5626672},{"tripID":4411561,"serviceDate":1395730800000,"direction":1,"garage":"POWELL","type":"bus","lastLocID":3641,"messageCode":268,"time":1395756158755,"expires":1395756577000,"signMessageLong":"14  Hawthorne to Portland","extraBlockID":null,"locationInScheduleDay":25351,"longitude":-122.6600079,"blockID":1435,"offRoute":false,"nextLocID":3633,"vehicleID":2316,"signMessage":"14 To Portland","extraTripID":null,"nextStopSeq":41,"routeNumber":14,"vehicleLoad":"unknown","bearing":270,"lastStopSeq":40,"inCongestion":false,"delay":-6,"latitude":45.5129311},{"tripID":4413879,"serviceDate":1395730800000,"direction":1,"garage":"CENTER","type":"bus","lastLocID":13339,"messageCode":466,"time":1395756161391,"expires":1395756578000,"signMessageLong":"31  Portland","extraBlockID":null,"locationInScheduleDay":25299,"longitude":-122.6404879,"blockID":1403,"offRoute":false,"nextLocID":8223,"vehicleID":2725,"signMessage":"31 To Portland","extraTripID":null,"nextStopSeq":25,"routeNumber":31,"vehicleLoad":"unknown","bearing":169,"lastStopSeq":24,"inCongestion":false,"delay":-59,"latitude":45.4454128},{"tripID":4419088,"serviceDate":1395730800000,"direction":0,"garage":"CENTER","type":"bus","lastLocID":10747,"messageCode":809,"time":1395756161391,"expires":1395756578000,"signMessageLong":"77  Broadway/Halsey to Troutdale","extraBlockID":null,"locationInScheduleDay":25439,"longitude":-122.5585797,"blockID":7705,"offRoute":false,"nextLocID":2356,"vehicleID":2720,"signMessage":"77 To Troutdale","extraTripID":null,"nextStopSeq":57,"routeNumber":77,"vehicleLoad":"unknown","bearing":89,"lastStopSeq":56,"inCongestion":false,"delay":81,"latitude":45.5335425},{"tripID":4411563,"serviceDate":1395730800000,"direction":1,"garage":"CENTER","type":"bus","lastLocID":12948,"messageCode":268,"time":1395756161384,"expires":1395756578000,"signMessageLong":"14  Hawthorne to Portland","extraBlockID":null,"locationInScheduleDay":25283,"longitude":-122.5888215,"blockID":1404,"offRoute":false,"nextLocID":1811,"vehicleID":2718,"signMessage":"14 To Portland","extraTripID":null,"nextStopSeq":9,"routeNumber":14,"vehicleLoad":"unknown","bearing":296,"lastStopSeq":8,"inCongestion":false,"delay":-75,"latitude":45.4863844},{"tripID":4417164,"serviceDate":1395730800000,"direction":0,"garage":"CENTER","type":"bus","lastLocID":8883,"messageCode":783,"time":1395756161377,"expires":1395756579000,"signMessageLong":"70  33rd Ave to NE Sunderland","extraBlockID":null,"locationInScheduleDay":25310,"longitude":-122.6428478,"blockID":7007,"offRoute":false,"nextLocID":8854,"vehicleID":2709,"signMessage":"70 To Sunderlnd","extraTripID":null,"nextStopSeq":71,"routeNumber":70,"vehicleLoad":"unknown","bearing":119,"lastStopSeq":70,"inCongestion":false,"delay":-49,"latitude":45.5819966},{"tripID":4417315,"serviceDate":1395730800000,"direction":1,"garage":"CENTER","type":"bus","lastLocID":6900,"messageCode":791,"time":1395756143489,"expires":1395756559000,"signMessageLong":"70  To Milwaukie","extraBlockID":null,"locationInScheduleDay":25229,"longitude":-122.6470567,"blockID":7001,"offRoute":false,"nextLocID":6852,"vehicleID":2704,"signMessage":"70 To Milwaukie","extraTripID":null,"nextStopSeq":74,"routeNumber":70,"vehicleLoad":"unknown","bearing":180,"lastStopSeq":73,"inCongestion":false,"delay":-110,"latitude":45.4623407},{"tripID":4417317,"serviceDate":1395730800000,"direction":1,"garage":"CENTER","type":"bus","lastLocID":7403,"messageCode":788,"time":1395756158537,"expires":1395756576000,"signMessageLong":"70  12th/NE 33rd Ave to Milwaukie","extraBlockID":null,"locationInScheduleDay":25493,"longitude":-122.6306909,"blockID":7003,"offRoute":false,"nextLocID":7377,"vehicleID":2705,"signMessage":"70 To Milwaukie","extraTripID":null,"nextStopSeq":31,"routeNumber":70,"vehicleLoad":"unknown","bearing":179,"lastStopSeq":30,"inCongestion":false,"delay":137,"latitude":45.5378711},{"tripID":4417167,"serviceDate":1395730800000,"direction":0,"garage":"CENTER","type":"bus","lastLocID":8225,"messageCode":782,"time":1395756140149,"expires":1395756557000,"signMessageLong":"70  12th/NE 33rd Ave to NE Sunderland via 13th & Tacoma","extraBlockID":null,"locationInScheduleDay":25263,"longitude":-122.6405049,"blockID":7004,"offRoute":false,"nextLocID":6871,"vehicleID":2701,"signMessage":"70 To Sunderland via 13th","extraTripID":null,"nextStopSeq":3,"routeNumber":70,"vehicleLoad":"unknown","bearing":81,"lastStopSeq":2,"inCongestion":false,"delay":-74,"latitude":45.4448916},{"tripID":4419225,"serviceDate":1395730800000,"direction":1,"garage":"CENTER","type":"bus","lastLocID":10869,"messageCode":813,"time":1395756164111,"expires":1395756582000,"signMessageLong":"77  Broadway/Halsey to Montgomery Park","extraBlockID":null,"locationInScheduleDay":25326,"longitude":-122.6203415,"blockID":7704,"offRoute":false,"nextLocID":7484,"vehicleID":2614,"signMessage":"77 Montgomry Pk","extraTripID":null,"nextStopSeq":69,"routeNumber":77,"vehicleLoad":"unknown","bearing":1,"lastStopSeq":68,"inCongestion":false,"delay":-36,"latitude":45.5333893},{"tripID":4411564,"serviceDate":1395730800000,"direction":1,"garage":"CENTER","type":"bus","lastLocID":1831,"messageCode":268,"time":1395756158745,"expires":1395756575000,"signMessageLong":"14  Hawthorne to Portland","extraBlockID":null,"locationInScheduleDay":25355,"longitude":-122.5662917,"blockID":1401,"offRoute":false,"nextLocID":13236,"vehicleID":2608,"signMessage":"14 To Portland","extraTripID":null,"nextStopSeq":2,"routeNumber":14,"vehicleLoad":"unknown","bearing":291,"lastStopSeq":1,"inCongestion":false,"delay":0,"latitude":45.4791765},{"tripID":4419228,"serviceDate":1395730800000,"direction":1,"garage":"CENTER","type":"bus","lastLocID":9481,"messageCode":813,"time":1395756167166,"expires":1395756586000,"signMessageLong":"77  Broadway/Halsey to Montgomery Park","extraBlockID":null,"locationInScheduleDay":25366,"longitude":-122.3982117,"blockID":7703,"offRoute":false,"nextLocID":9471,"vehicleID":2630,"signMessage":"77 Montgomry Pk","extraTripID":null,"nextStopSeq":2,"routeNumber":77,"vehicleLoad":"unknown","bearing":85,"lastStopSeq":1,"inCongestion":false,"delay":0,"latitude":45.5443612},{"tripID":4419090,"serviceDate":1395730800000,"direction":0,"garage":"CENTER","type":"bus","lastLocID":8402,"messageCode":809,"time":1395756146469,"expires":1395756564000,"signMessageLong":"77  Broadway/Halsey to Troutdale","extraBlockID":null,"locationInScheduleDay":25319,"longitude":-122.6786973,"blockID":7706,"offRoute":false,"nextLocID":1606,"vehicleID":2632,"signMessage":"77 To Troutdale","extraTripID":null,"nextStopSeq":16,"routeNumber":77,"vehicleLoad":"unknown","bearing":88,"lastStopSeq":15,"inCongestion":false,"delay":-25,"latitude":45.525165},{"tripID":4417870,"serviceDate":1395730800000,"direction":0,"garage":"POWELL","type":"bus","lastLocID":7999,"messageCode":768,"time":1395756143460,"expires":1395756559000,"signMessageLong":"72  Killingsworth/82nd to Swan Island-Shipyards","extraBlockID":null,"locationInScheduleDay":24960,"longitude":-122.578962,"blockID":7237,"offRoute":false,"nextLocID":8042,"vehicleID":3004,"signMessage":"72 Swan Island","extraTripID":null,"nextStopSeq":49,"routeNumber":72,"vehicleLoad":"unknown","bearing":0,"lastStopSeq":48,"inCongestion":false,"delay":-379,"latitude":45.533614},{"tripID":4417873,"serviceDate":1395730800000,"direction":0,"garage":"POWELL","type":"bus","lastLocID":13248,"messageCode":766,"time":1395756146313,"expires":1395756563000,"signMessageLong":"72  Killingsworth/82nd to Swan Island-Anchor St","extraBlockID":null,"locationInScheduleDay":25261,"longitude":-122.5715215,"blockID":7241,"offRoute":false,"nextLocID":12922,"vehicleID":3048,"signMessage":"72 Swan Island","extraTripID":null,"nextStopSeq":2,"routeNumber":72,"vehicleLoad":"unknown","bearing":271,"lastStopSeq":1,"inCongestion":false,"delay":-82,"latitude":45.437218},{"tripID":4418201,"serviceDate":1395730800000,"direction":1,"garage":"POWELL","type":"bus","lastLocID":8681,"messageCode":760,"time":1395756155248,"expires":1395756572000,"signMessageLong":"72  Killingsworth/82nd to Clackamas TC","extraBlockID":null,"locationInScheduleDay":25737,"longitude":-122.6992945,"blockID":7235,"offRoute":false,"nextLocID":9399,"vehicleID":3053,"signMessage":"72 Clackamas TC","extraTripID":null,"nextStopSeq":3,"routeNumber":72,"vehicleLoad":"unknown","bearing":101,"lastStopSeq":2,"inCongestion":false,"delay":385,"latitude":45.5562453},{"tripID":4417871,"serviceDate":1395730800000,"direction":0,"garage":"POWELL","type":"bus","lastLocID":7936,"messageCode":766,"time":1395756155245,"expires":1395756574000,"signMessageLong":"72  Killingsworth/82nd to Swan Island-Anchor St","extraBlockID":null,"locationInScheduleDay":25464,"longitude":-122.5790768,"blockID":7245,"offRoute":false,"nextLocID":7955,"vehicleID":3052,"signMessage":"72 Swan Island","extraTripID":null,"nextStopSeq":43,"routeNumber":72,"vehicleLoad":"unknown","bearing":0,"lastStopSeq":42,"inCongestion":false,"delay":110,"latitude":45.5226576},{"tripID":4418194,"serviceDate":1395730800000,"direction":1,"garage":"POWELL","type":"bus","lastLocID":12921,"messageCode":760,"time":1395756140172,"expires":1395756558000,"signMessageLong":"72  Killingsworth/82nd to Clackamas TC","extraBlockID":null,"locationInScheduleDay":25472,"longitude":-122.5690545,"blockID":7234,"offRoute":false,"nextLocID":13247,"vehicleID":3054,"signMessage":"72 Clackamas TC","extraTripID":null,"nextStopSeq":111,"routeNumber":72,"vehicleLoad":"unknown","bearing":173,"lastStopSeq":110,"inCongestion":false,"delay":0,"latitude":45.4356606},{"tripID":4419222,"serviceDate":1395730800000,"direction":1,"garage":"POWELL","type":"bus","lastLocID":8483,"messageCode":813,"time":1395756143532,"expires":1395756560000,"signMessageLong":"77  Broadway/Halsey to Montgomery Park","extraBlockID":null,"locationInScheduleDay":24042,"longitude":-122.7069345,"blockID":7734,"offRoute":false,"nextLocID":8484,"vehicleID":3046,"signMessage":"77 Montgomry Pk","extraTripID":null,"nextStopSeq":109,"routeNumber":77,"vehicleLoad":"unknown","bearing":178,"lastStopSeq":108,"inCongestion":false,"delay":0,"latitude":45.5377966},{"tripID":4419226,"serviceDate":1395730800000,"direction":1,"garage":"POWELL","type":"bus","lastLocID":6224,"messageCode":813,"time":1395756140133,"expires":1395756558000,"signMessageLong":"77  Broadway/Halsey to Montgomery Park","extraBlockID":null,"locationInScheduleDay":25136,"longitude":-122.5514482,"blockID":7738,"offRoute":false,"nextLocID":6223,"vehicleID":3035,"signMessage":"77 Montgomry Pk","extraTripID":null,"nextStopSeq":45,"routeNumber":77,"vehicleLoad":"unknown","bearing":270,"lastStopSeq":44,"inCongestion":false,"delay":-202,"latitude":45.5341553},{"tripID":4411314,"serviceDate":1395730800000,"direction":0,"garage":"POWELL","type":"bus","lastLocID":2596,"messageCode":266,"time":1395756140125,"expires":1395756558000,"signMessageLong":"14  Hawthorne to 94th & Foster","extraBlockID":null,"locationInScheduleDay":25251,"longitude":-122.6457483,"blockID":1434,"offRoute":false,"nextLocID":2607,"vehicleID":3027,"signMessage":"14 To 94-Foster","extraTripID":null,"nextStopSeq":10,"routeNumber":14,"vehicleLoad":"unknown","bearing":90,"lastStopSeq":9,"inCongestion":false,"delay":-87,"latitude":45.512193},{"tripID":4418195,"serviceDate":1395730800000,"direction":1,"garage":"POWELL","type":"bus","lastLocID":7923,"messageCode":760,"time":1395756158497,"expires":1395756576000,"signMessageLong":"72  Killingsworth/82nd to Clackamas TC","extraBlockID":null,"locationInScheduleDay":25082,"longitude":-122.5786959,"blockID":7243,"offRoute":false,"nextLocID":7958,"vehicleID":3025,"signMessage":"72 Clackamas TC","extraTripID":null,"nextStopSeq":79,"routeNumber":72,"vehicleLoad":"unknown","bearing":180,"lastStopSeq":78,"inCongestion":false,"delay":-274,"latitude":45.5071666},{"tripID":4419227,"serviceDate":1395730800000,"direction":1,"garage":"CENTER","type":"bus","lastLocID":2406,"messageCode":813,"time":1395756140215,"expires":1395756556000,"signMessageLong":"77  Broadway/Halsey to Montgomery Park","extraBlockID":null,"locationInScheduleDay":25426,"longitude":-122.4768127,"blockID":7702,"offRoute":false,"nextLocID":8860,"vehicleID":2005,"signMessage":"77 Montgomry Pk","extraTripID":null,"nextStopSeq":22,"routeNumber":77,"vehicleLoad":"unknown","bearing":271,"lastStopSeq":21,"inCongestion":false,"delay":90,"latitude":45.5347022}],"queryTime":1395756168843}}
