{"resultSet":{"vehicle":[{"tripID":4411559,"serviceDate":1395730800000,"direction":1,"garage":"POWELL","type":"bus","lastLocID":2604,"messageCode":268,"time":1395753800007,"expires":1395754219000,"signMessageLong":"14  Hawthorne to Portland","extraBlockID":null,"locationInScheduleDay":23046,"longitude":-122.651777,"blockID":1436,"offRoute":false,"nextLocID":2602,"vehicleID":2206,"signMessage":"14 To Portland","extraTripID":null,"nextStopSeq":38,"routeNumber":14,"vehicleLoad":"unknown","bearing":270,"lastStopSeq":37,"inCongestion":false,"delay":47,"latitude":45.512207},{"tripID":4419089,"serviceDate":1395730800000,"direction":0,"garage":"POWELL","type":"bus","lastLocID":8484,"messageCode":809,"time":1395753818088,"expires":1395754235000,"signMessageLong":"77  Broadway/Halsey to Troutdale","extraBlockID":null,"locationInScheduleDay":23015,"longitude":-122.7069049,"blockID":7735,"offRoute":false,"nextLocID":8385,"vehicleID":2222,"signMessage":"77 To Troutdale","extraTripID":null,"nextStopSeq":2,"routeNumber":77,"vehicleLoad":"unknown","bearing":178,"lastStopSeq":1,"inCongestion":false,"delay":0,"latitude":45.5370429},{"tripID":4419223,"serviceDate":1395730800000,"direction":1,"garage":"POWELL","type":"bus","lastLocID":7916,"messageCode":813,"time":1395753820710,"expires":1395754238000,"signMessageLong":"77  Broadway/Halsey to Montgomery Park","extraBlockID":null,"locationInScheduleDay":22668,"longitude":-122.5800156,"blockID":7736,"offRoute":false,"nextLocID":2455,"vehicleID":2221,"signMessage":"77 Montgomry Pk","extraTripID":null,"nextStopSeq":54,"routeNumber":77,"vehicleLoad":"unknown","bearing":0,"lastStopSeq":53,"inCongestion":false,"delay":-350,"latitude":45.5329947},{"tripID":4419224,"serviceDate":1395730800000,"direction":1,"garage":"POWELL","type":"bus","lastLocID":2384,"messageCode":813,"time":1395753814882,"expires":1395754232000,"signMessageLong":"77  Broadway/Halsey to Montgomery Park","extraBlockID":null,"locationInScheduleDay":22976,"longitude":-122.5151507,"blockID":7737,"offRoute":false,"nextLocID":2382,"vehicleID":2285,"signMessage":"77 Montgomry Pk","extraTripID":null,"nextStopSeq":32,"routeNumber":77,"vehicleLoad":"unknown","bearing":270,"lastStopSeq":31,"inCongestion":false,"delay":-36,"latitude":45.5336856},{"tripID":4417869,"serviceDate":1395730800000,"direction":0,"garage":"POWELL","type":"bus","lastLocID":7995,"messageCode":766,"time":1395753818105,"expires":1395754235000,"signMessageLong":"72  Killingsworth/82nd to Swan Island-Anchor St","extraBlockID":null,"locationInScheduleDay":22977,"longitude":-122.5790748,"blockID":7244,"offRoute":false,"nextLocID":7951,"vehicleID":2276,"signMessage":"72 Swan Island","extraTripID":null,"nextStopSeq":11,"routeNumber":72,"vehicleLoad":"unknown","bearing":0,"lastStopSeq":10,"inCongestion":false,"delay":-38,"latitude":45.4595518},{"tripID":4417163,"serviceDate":1395730800000,"direction":0,"garage":"CENTER","type":"bus","lastLocID":8938,"messageCode":783,"time":1395753805908,"expires":1395754224000,"signMessageLong":"70  33rd Ave to NE Sunderland","extraBlockID":null,"locationInScheduleDay":22976,"longitude":-122.6526023,"blockID":7005,"offRoute":false,"nextLocID":4047,"vehicleID":2132,"signMessage":"70 To Sunderlnd","extraTripID":null,"nextStopSeq":38,"routeNumber":70,"vehicleLoad":"unknown","bearing":90,"lastStopSeq":37,"inCongestion":false,"delay":-28,"latitude":45.5314891},{"tripID":4413797,"serviceDate":1395730800000,"direction":0,"garage":"CENTER","type":"bus","lastLocID":7942,"messageCode":457,"time":1395753805909,"expires":1395754223000,"signMessageLong":"31  Clackamas Town Center, continuing to Estacada","extraBlockID":null,"locationInScheduleDay":23079,"longitude":-122.577753,"blockID":3003,"offRoute":false,"nextLocID":4002,"vehicleID":2119,"signMessage":"31 To Estacada via Clackamas","extraTripID":null,"nextStopSeq":23,"routeNumber":31,"vehicleLoad":"unknown","bearing":89,"lastStopSeq":22,"inCongestion":false,"delay":76,"latitude":45.4382803},{"tripID":4417313,"serviceDate":1395730800000,"direction":1,"garage":"CENTER","type":"bus","lastLocID":6847,"messageCode":738,"time":1395753814721,"expires":1395754234000,"signMessageLong":"70  12th Ave to Milwaukie via 13th & Tacoma","extraBlockID":null,"locationInScheduleDay":22829,"longitude":-122.648138,"blockID":7006,"offRoute":false,"nextLocID":838,"vehicleID":2150,"signMessage":"70 To Milwaukie","extraTripID":null,"nextStopSeq":27,"routeNumber":70,"vehicleLoad":"unknown","bearing":265,"lastStopSeq":26,"inCongestion":false,"delay":-185,"latitude":45.4737543},{"tripID":4417865,"serviceDate":1395730800000,"direction":0,"garage":"POWELL","type":"bus","lastLocID":3317,"messageCode":768,"time":1395753788009,"expires":1395754205000,"signMessageLong":"72  Killingsworth/82nd to Swan Island-Shipyards","extraBlockID":null,"locationInScheduleDay":22815,"longitude":-122.7098894,"blockID":7238,"offRoute":false,"nextLocID":3319,"vehicleID":2527,"signMessage":"72 Swan Island","extraTripID":null,"nextStopSeq":111,"routeNumber":72,"vehicleLoad":"unknown","bearing":307,"lastStopSeq":110,"inCongestion":false,"delay":-170,"latitude":45.5615011},{"tripID":4417165,"serviceDate":1395730800000,"direction":0,"garage":"CENTER","type":"bus","lastLocID":13477,"messageCode":782,"time":1395753820698,"expires":1395754238000,"signMessageLong":"70  12th/NE 33rd Ave to NE Sunderland via 13th & Tacoma","extraBlockID":null,"locationInScheduleDay":23018,"longitude":-122.6407309,"blockID":7002,"offRoute":false,"nextLocID":8225,"vehicleID":2524,"signMessage":"70 To Sunderland via 13th","extraTripID":null,"nextStopSeq":2,"routeNumber":70,"vehicleLoad":"unknown","bearing":81,"lastStopSeq":1,"inCongestion":false,"delay":0,"latitude":45.4448667},{"tripID":4419087,"serviceDate":1395730800000,"direction":0,"garage":"CENTER","type":"bus","lastLocID":6227,"messageCode":809,"time":1395753784757,"expires":1395754203000,"signMessageLong":"77  Broadway/Halsey to Troutdale","extraBlockID":null,"locationInScheduleDay":23063,"longitude":-122.6486813,"blockID":7701,"offRoute":false,"nextLocID":6235,"vehicleID":2512,"signMessage":"77 To Troutdale","extraTripID":null,"nextStopSeq":26,"routeNumber":77,"vehicleLoad":"unknown","bearing":90,"lastStopSeq":25,"inCongestion":false,"delay":80,"latitude":45.5343183},{"tripID":4418192,"serviceDate":1395730800000,"direction":1,"garage":"POWELL","type":"bus","lastLocID":8018,"messageCode":760,"time":1395753805992,"expires":1395754223000,"signMessageLong":"72  Killingsworth/82nd to Clackamas TC","extraBlockID":null,"locationInScheduleDay":23018,"longitude":-122.5791434,"blockID":7239,"offRoute":false,"nextLocID":8016,"vehicleID":2540,"signMessage":"72 Clackamas TC","extraTripID":null,"nextStopSeq":105,"routeNumber":72,"vehicleLoad":"unknown","bearing":180,"lastStopSeq":104,"inCongestion":false,"delay":15,"latitude":45.4543951},{"tripID":4417866,"serviceDate":1395730800000,"direction":0,"garage":"POWELL","type":"bus","lastLocID":55,"messageCode":766,"time":1395753802774,"expires":1395754220000,"signMessageLong":"72  Killingsworth/82nd to Swan Island-Anchor St","extraBlockID":null,"locationInScheduleDay":22797,"longitude":-122.6478334,"blockID":7240,"offRoute":false,"nextLocID":53,"vehicleID":2533,"signMessage":"72 Swan Island","extraTripID":null,"nextStopSeq":87,"routeNumber":72,"vehicleLoad":"unknown","bearing":270,"lastStopSeq":86,"inCongestion":false,"delay":-203,"latitude":45.559089},{"tripID":4417868,"serviceDate":1395730800000,"direction":0,"garage":"POWELL","type":"bus","lastLocID":7957,"messageCode":768,"time":1395753800161,"expires":1395754218000,"signMessageLong":"72  Killingsworth/82nd to Swan Island-Shipyards","extraBlockID":null,"locationInScheduleDay":22997,"longitude":-122.5786942,"blockID":7242,"offRoute":false,"nextLocID":12755,"vehicleID":2548,"signMessage":"72 Swan Island","extraTripID":null,"nextStopSeq":34,"routeNumber":72,"vehicleLoad":"unknown","bearing":0,"lastStopSeq":33,"inCongestion":false,"delay":-1,"latitude":45.5080108},{"tripID":4411561,"serviceDate":1395730800000,"direction":1,"garage":"POWELL","type":"bus","lastLocID":1831,"messageCode":268,"time":1395753820871,"expires":1395754238000,"signMessageLong":"14  Hawthorne to Portland","extraBlockID":null,"locationInScheduleDay":23018,"longitude":-122.5662917,"blockID":1435,"offRoute":false,"nextLocID":13236,"vehicleID":2316,"signMessage":"14 To Portland","extraTripID":null,"nextStopSeq":2,"routeNumber":14,"vehicleLoad":"unknown","bearing":291,"lastStopSeq":1,"inCongestion":false,"delay":0,"latitude":45.4791765},{"tripID":4419088,"serviceDate":1395730800000,"direction":0,"garage":"CENTER","type":"bus","lastLocID":1615,"messageCode":809,"time":1395753814785,"expires":1395754234000,"signMessageLong":"77  Broadway/Halsey to Troutdale","extraBlockID":null,"locationInScheduleDay":23007,"longitude":-122.6911095,"blockID":7705,"offRoute":false,"nextLocID":1611,"vehicleID":2720,"signMessage":"77 To Troutdale","extraTripID":null,"nextStopSeq":12,"routeNumber":77,"vehicleLoad":"unknown","bearing":87,"lastStopSeq":11,"inCongestion":false,"delay":-7,"latitude":45.5249371},{"tripID":4413876,"serviceDate":1395730800000,"direction":1,"garage":"CENTER","type":"bus","lastLocID":2642,"messageCode":467,"time":1395753805961,"expires":1395754224000,"signMessageLong":"31  Downtown Only","extraBlockID":null,"locationInScheduleDay":22963,"longitude":-122.66943,"blockID":3101,"offRoute":false,"nextLocID":11956,"vehicleID":2714,"signMessage":"31 Downtown Only","extraTripID":null,"nextStopSeq":9,"routeNumber":31,"vehicleLoad":"unknown","bearing":290,"lastStopSeq":8,"inCongestion":false,"delay":-41,"latitude":45.5128968},{"tripID":4417164,"serviceDate":1395730800000,"direction":0,"garage":"CENTER","type":"bus","lastLocID":6873,"messageCode":781,"time":1395753799959,"expires":1395754219000,"signMessageLong":"70  12th/NE 33rd Ave to NE Sunderland via 17th & Tacoma","extraBlockID":null,"locationInScheduleDay":22854,"longitude":-122.6471231,"blockID":7007,"offRoute":false,"nextLocID":6889,"vehicleID":2709,"signMessage":"70 To Sunderland via 17th","extraTripID":null,"nextStopSeq":11,"routeNumber":70,"vehicleLoad":"unknown","bearing":355,"lastStopSeq":10,"inCongestion":false,"delay":-145,"latitude":45.4686122},{"tripID":4417315,"serviceDate":1395730800000,"direction":1,"garage":"CENTER","type":"bus","lastLocID":7363,"messageCode":788,"time":1395753814744,"expires":1395754234000,"signMessageLong":"70  12th/NE 33rd Ave to Milwaukie","extraBlockID":null,"locationInScheduleDay":22984,"longitude":-122.630692,"blockID":7001,"offRoute":false,"nextLocID":7391,"vehicleID":2704,"signMessage":"70 To Milwaukie","extraTripID":null,"nextStopSeq":21,"routeNumber":70,"vehicleLoad":"unknown","bearing":180,"lastStopSeq":20,"inCongestion":false,"delay":-30,"latitude":45.5591119},{"tripID":4417162,"serviceDate":1395730800000,"direction":0,"garage":"CENTER","type":"bus","lastLocID":9367,"messageCode":783,"time":1395753805945,"expires":1395754225000,"signMessageLong":"70  33rd Ave to NE Sunderland","extraBlockID":null,"locationInScheduleDay":23065,"longitude":-122.6357718,"blockID":7003,"offRoute":false,"nextLocID":13040,"vehicleID":2705,"signMessage":"70 To Sunderlnd","extraTripID":null,"nextStopSeq":79,"routeNumber":70,"vehicleLoad":"unknown","bearing":179,"lastStopSeq":78,"inCongestion":false,"delay":60,"latitude":45.5931833},{"tripID":4417314,"serviceDate":1395730800000,"direction":1,"garage":"CENTER","type":"bus","lastLocID":6554,"messageCode":790,"time":1395753805943,"expires":1395754225000,"signMessageLong":"70  12th Ave to Milwaukie via 13th & Tacoma","extraBlockID":null,"locationInScheduleDay":22983,"longitude":-122.6546704,"blockID":7004,"offRoute":false,"nextLocID":6542,"vehicleID":2701,"signMessage":"70 To Milw via 13","extraTripID":null,"nextStopSeq":50,"routeNumber":70,"vehicleLoad":"unknown","bearing":179,"lastStopSeq":49,"inCongestion":false,"delay":-22,"latitude":45.5170265},{"tripID":4419225,"serviceDate":1395730800000,"direction":1,"garage":"CENTER","type":"bus","lastLocID":2423,"messageCode":813,"time":1395753800122,"expires":1395754217000,"signMessageLong":"77  Broadway/Halsey to Montgomery Park","extraBlockID":null,"locationInScheduleDay":23038,"longitude":-122.4151492,"blockID":7704,"offRoute":false,"nextLocID":2333,"vehicleID":2614,"signMessage":"77 Montgomry Pk","extraTripID":null,"nextStopSeq":8,"routeNumber":77,"vehicleLoad":"unknown","bearing":258,"lastStopSeq":7,"inCongestion":false,"delay":41,"latitude":45.5375601},{"tripID":4411312,"serviceDate":1395730800000,"direction":0,"garage":"CENTER","type":"bus","lastLocID":2615,"messageCode":266,"time":1395753820843,"expires":1395754238000,"signMessageLong":"14  Hawthorne to 94th & Foster","extraBlockID":null,"locationInScheduleDay":23142,"longitude":-122.6349151,"blockID":1401,"offRoute":false,"nextLocID":2617,"vehicleID":2608,"signMessage":"14 To 94-Foster","extraTripID":null,"nextStopSeq":15,"routeNumber":14,"vehicleLoad":"unknown","bearing":89,"lastStopSeq":14,"inCongestion":false,"delay":124,"latitude":45.5120691},{"tripID":4419086,"serviceDate":1395730800000,"direction":0,"garage":"CENTER","type":"bus","lastLocID":2458,"messageCode":809,"time":1395753820810,"expires":1395754238000,"signMessageLong":"77  Broadway/Halsey to Troutdale","extraBlockID":null,"locationInScheduleDay":23027,"longitude":-122.5700464,"blockID":7703,"offRoute":false,"nextLocID":2460,"vehicleID":2630,"signMessage":"77 To Troutdale","extraTripID":null,"nextStopSeq":55,"routeNumber":77,"vehicleLoad":"unknown","bearing":90,"lastStopSeq":54,"inCongestion":false,"delay":9,"latitude":45.5334753},{"tripID":4418193,"serviceDate":1395730800000,"direction":1,"garage":"POWELL","type":"bus","lastLocID":8048,"messageCode":760,"time":1395753818020,"expires":1395754235000,"signMessageLong":"72  Killingsworth/82nd to Clackamas TC","extraBlockID":null,"locationInScheduleDay":22958,"longitude":-122.5790256,"blockID":7241,"offRoute":false,"nextLocID":7929,"vehicleID":3048,"signMessage":"72 Clackamas TC","extraTripID":null,"nextStopSeq":73,"routeNumber":72,"vehicleLoad":"unknown","bearing":177,"lastStopSeq":72,"inCongestion":false,"delay":-57,"latitude":45.5179355},{"tripID":4417867,"serviceDate":1395730800000,"direction":0,"garage":"POWELL","type":"bus","lastLocID":7933,"messageCode":768,"time":1395753799970,"expires":1395754217000,"signMessageLong":"72  Killingsworth/82nd to Swan Island-Shipyards","extraBlockID":null,"locationInScheduleDay":22956,"longitude":-122.5786987,"blockID":7235,"offRoute":false,"nextLocID":8039,"vehicleID":3053,"signMessage":"72 Swan Island","extraTripID":null,"nextStopSeq":58,"routeNumber":72,"vehicleLoad":"unknown","bearing":0,"lastStopSeq":57,"inCongestion":false,"delay":-41,"latitude":45.5519851},{"tripID":4418194,"serviceDate":1395730800000,"direction":1,"garage":"POWELL","type":"bus","lastLocID":3145,"messageCode":760,"time":1395753802747,"expires":1395754221000,"signMessageLong":"72  Killingsworth/82nd to Clackamas TC","extraBlockID":null,"locationInScheduleDay":22911,"longitude":-122.6017637,"blockID":7234,"offRoute":false,"nextLocID":3146,"vehicleID":3054,"signMessage":"72 Clackamas TC","extraTripID":null,"nextStopSeq":46,"routeNumber":72,"vehicleLoad":"unknown","bearing":90,"lastStopSeq":45,"inCongestion":false,"delay":-90,"latitude":45.5627589},{"tripID":4419222,"serviceDate":1395730800000,"direction":1,"garage":"POWELL","type":"bus","lastLocID":10876,"messageCode":813,"time":1395753814778,"expires":1395754234000,"signMessageLong":"77  Broadway/Halsey to Montgomery Park","extraBlockID":null,"locationInScheduleDay":22864,"longitude":-122.658141,"blockID":7734,"offRoute":false,"nextLocID":4043,"vehicleID":3046,"signMessage":"77 Montgomry Pk","extraTripID":null,"nextStopSeq":84,"routeNumber":77,"vehicleLoad":"unknown","bearing":270,"lastStopSeq":83,"inCongestion":false,"delay":-150,"latitude":45.5315055},{"tripID":4411560,"serviceDate":1395730800000,"direction":1,"garage":"POWELL","type":"bus","lastLocID":1793,"messageCode":268,"time":1395753802726,"expires":1395754221000,"signMessageLong":"14  Hawthorne to Portland","extraBlockID":null,"locationInScheduleDay":23157,"longitude":-122.6088324,"blockID":1434,"offRoute":false,"nextLocID":7656,"vehicleID":3027,"signMessage":"14 To Portland","extraTripID":null,"nextStopSeq":18,"routeNumber":14,"vehicleLoad":"unknown","bearing":307,"lastStopSeq":17,"inCongestion":false,"delay":156,"latitude":45.495596},{"tripID":4418195,"serviceDate":1395730800000,"direction":1,"garage":"POWELL","type":"bus","lastLocID":9403,"messageCode":760,"time":1395753811635,"expires":1395754231000,"signMessageLong":"72  Killingsworth/82nd to Clackamas TC","extraBlockID":null,"locationInScheduleDay":22718,"longitude":-122.6937135,"blockID":7243,"offRoute":false,"nextLocID":3160,"vehicleID":3025,"signMessage":"72 Clackamas TC","extraTripID":null,"nextStopSeq":8,"routeNumber":72,"vehicleLoad":"unknown","bearing":89,"lastStopSeq":7,"inCongestion":false,"delay":-293,"latitude":45.5627493},{"tripID":4419085,"serviceDate":1395730800000,"direction":0,"garage":"CENTER","type":"bus","lastLocID":2330,"messageCode":809,"time":1395753811640,"expires":1395754231000,"signMessageLong":"77  Broadway/Halsey to Troutdale","extraBlockID":null,"locationInScheduleDay":23009,"longitude":-122.4189266,"blockID":7702,"offRoute":false,"nextLocID":2421,"vehicleID":2005,"signMessage":"77 To Troutdale","extraTripID":null,"nextStopSeq":93,"routeNumber":77,"vehicleLoad":"unknown","bearing":78,"lastStopSeq":92,"inCongestion":false,"delay":-2,"latitude":45.5370412},{"tripID":4413877,"serviceDate":1395730800000,"direction":1,"garage":"CENTER","type":"bus","lastLocID":3249,"messageCode":464,"time":1395753818080,"expires":1395754235000,"signMessageLong":"31  To Portland via Milwaukie","extraBlockID":null,"locationInScheduleDay":22846,"longitude":-122.5974105,"blockID":1402,"offRoute":false,"nextLocID":3235,"vehicleID":2014,"signMessage":"31 To Portland","extraTripID":null,"nextStopSeq":10,"routeNumber":31,"vehicleLoad":"unknown","bearing":270,"lastStopSeq":9,"inCongestion":false,"delay":-169,"latitude":45.4479428}],"queryTime":1395753828754}}
