{"resultSet":{"vehicle":[{"tripID":4411559,"serviceDate":1395730800000,"direction":1,"garage":"POWELL","type":"bus","lastLocID":12904,"messageCode":268,"time":1395752783016,"expires":1395753202000,"signMessageLong":"14  Hawthorne to Portland","extraBlockID":null,"locationInScheduleDay":22052,"longitude":-122.6027679,"blockID":1436,"offRoute":false,"nextLocID":1799,"vehicleID":2206,"signMessage":"14 To Portland","extraTripID":null,"nextStopSeq":15,"routeNumber":14,"vehicleLoad":"unknown","bearing":308,"lastStopSeq":14,"inCongestion":false,"delay":70,"latitude":45.4926236},{"tripID":4419221,"serviceDate":1395730800000,"direction":1,"garage":"POWELL","type":"bus","lastLocID":10694,"messageCode":813,"time":1395752800970,"expires":1395753218000,"signMessageLong":"77  Broadway/Halsey to Montgomery Park","extraBlockID":null,"locationInScheduleDay":21892,"longitude":-122.6947597,"blockID":7735,"offRoute":false,"nextLocID":4788,"vehicleID":2222,"signMessage":"77 Montgomry Pk","extraTripID":null,"nextStopSeq":54,"routeNumber":77,"vehicleLoad":"unknown","bearing":358,"lastStopSeq":53,"inCongestion":false,"delay":-106,"latitude":45.5351865},{"tripID":4419223,"serviceDate":1395730800000,"direction":1,"garage":"POWELL","type":"bus","lastLocID":2395,"messageCode":813,"time":1395752794908,"expires":1395753212000,"signMessageLong":"77  Broadway/Halsey to Montgomery Park","extraBlockID":null,"locationInScheduleDay":21917,"longitude":-122.4954392,"blockID":7736,"offRoute":false,"nextLocID":13026,"vehicleID":2221,"signMessage":"77 Montgomry Pk","extraTripID":null,"nextStopSeq":27,"routeNumber":77,"vehicleLoad":"unknown","bearing":262,"lastStopSeq":26,"inCongestion":false,"delay":-75,"latitude":45.5343144},{"tripID":4413875,"serviceDate":1395730800000,"direction":1,"garage":"POWELL","type":"bus","lastLocID":3797,"messageCode":466,"time":1395752783040,"expires":1395753202000,"signMessageLong":"31  Portland","extraBlockID":null,"locationInScheduleDay":21843,"longitude":-122.6384379,"blockID":3137,"offRoute":false,"nextLocID":3785,"vehicleID":2258,"signMessage":"31 To Portland","extraTripID":null,"nextStopSeq":32,"routeNumber":31,"vehicleLoad":"unknown","bearing":7,"lastStopSeq":31,"inCongestion":false,"delay":-139,"latitude":45.4634201},{"tripID":4419224,"serviceDate":1395730800000,"direction":1,"garage":"POWELL","type":"bus","lastLocID":2340,"messageCode":813,"time":1395752795033,"expires":1395753212000,"signMessageLong":"77  Broadway/Halsey to Montgomery Park","extraBlockID":null,"locationInScheduleDay":22078,"longitude":-122.408881,"blockID":7737,"offRoute":false,"nextLocID":2423,"vehicleID":2285,"signMessage":"77 Montgomry Pk","extraTripID":null,"nextStopSeq":7,"routeNumber":77,"vehicleLoad":"unknown","bearing":258,"lastStopSeq":6,"inCongestion":false,"delay":86,"latitude":45.5384009},{"tripID":4417163,"serviceDate":1395730800000,"direction":0,"garage":"CENTER","type":"bus","lastLocID":6849,"messageCode":780,"time":1395752779692,"expires":1395753199000,"signMessageLong":"70  12th/NE 33rd Ave to NE Sunderland","extraBlockID":null,"locationInScheduleDay":22020,"longitude":-122.6483462,"blockID":7005,"offRoute":false,"nextLocID":13693,"vehicleID":2132,"signMessage":"70 To Sunderlnd","extraTripID":null,"nextStopSeq":25,"routeNumber":70,"vehicleLoad":"unknown","bearing":359,"lastStopSeq":24,"inCongestion":false,"delay":41,"latitude":45.493876},{"tripID":4417313,"serviceDate":1395730800000,"direction":1,"garage":"CENTER","type":"bus","lastLocID":6580,"messageCode":738,"time":1395752800937,"expires":1395753218000,"signMessageLong":"70  12th Ave to Milwaukie via 13th & Tacoma","extraBlockID":null,"locationInScheduleDay":21823,"longitude":-122.6535884,"blockID":7006,"offRoute":false,"nextLocID":6577,"vehicleID":2150,"signMessage":"70 To Milwaukie","extraTripID":null,"nextStopSeq":4,"routeNumber":70,"vehicleLoad":"unknown","bearing":180,"lastStopSeq":3,"inCongestion":false,"delay":-175,"latitude":45.5240683},{"tripID":4417865,"serviceDate":1395730800000,"direction":0,"garage":"POWELL","type":"bus","lastLocID":11472,"messageCode":768,"time":1395752794899,"expires":1395753214000,"signMessageLong":"72  Killingsworth/82nd to Swan Island-Shipyards","extraBlockID":null,"locationInScheduleDay":21825,"longitude":-122.6455062,"blockID":7238,"offRoute":false,"nextLocID":55,"vehicleID":2527,"signMessage":"72 Swan Island","extraTripID":null,"nextStopSeq":86,"routeNumber":72,"vehicleLoad":"unknown","bearing":270,"lastStopSeq":85,"inCongestion":false,"delay":-169,"latitude":45.5590832},{"tripID":4417312,"serviceDate":1395730800000,"direction":1,"garage":"CENTER","type":"bus","lastLocID":6868,"messageCode":789,"time":1395752800954,"expires":1395753218000,"signMessageLong":"70  12th Ave to Milwaukie via 17th & Tacoma","extraBlockID":null,"locationInScheduleDay":21827,"longitude":-122.6483826,"blockID":7002,"offRoute":false,"nextLocID":6899,"vehicleID":2524,"signMessage":"70 To Milw via 17","extraTripID":null,"nextStopSeq":67,"routeNumber":70,"vehicleLoad":"unknown","bearing":179,"lastStopSeq":66,"inCongestion":false,"delay":-171,"latitude":45.4794397},{"tripID":4419087,"serviceDate":1395730800000,"direction":0,"garage":"CENTER","type":"bus","lastLocID":1608,"messageCode":809,"time":1395752794890,"expires":1395753213000,"signMessageLong":"77  Broadway/Halsey to Troutdale","extraBlockID":null,"locationInScheduleDay":22186,"longitude":-122.6840355,"blockID":7701,"offRoute":false,"nextLocID":1607,"vehicleID":2512,"signMessage":"77 To Troutdale","extraTripID":null,"nextStopSeq":14,"routeNumber":77,"vehicleLoad":"unknown","bearing":88,"lastStopSeq":13,"inCongestion":false,"delay":193,"latitude":45.5250658},{"tripID":4418192,"serviceDate":1395730800000,"direction":1,"garage":"POWELL","type":"bus","lastLocID":7932,"messageCode":760,"time":1395752798202,"expires":1395753215000,"signMessageLong":"72  Killingsworth/82nd to Clackamas TC","extraBlockID":null,"locationInScheduleDay":21903,"longitude":-122.5790495,"blockID":7239,"offRoute":false,"nextLocID":7973,"vehicleID":2540,"signMessage":"72 Clackamas TC","extraTripID":null,"nextStopSeq":68,"routeNumber":72,"vehicleLoad":"unknown","bearing":180,"lastStopSeq":67,"inCongestion":false,"delay":-92,"latitude":45.5290347},{"tripID":4417866,"serviceDate":1395730800000,"direction":0,"garage":"POWELL","type":"bus","lastLocID":8036,"messageCode":766,"time":1395752785675,"expires":1395753203000,"signMessageLong":"72  Killingsworth/82nd to Swan Island-Anchor St","extraBlockID":null,"locationInScheduleDay":21766,"longitude":-122.5789163,"blockID":7240,"offRoute":false,"nextLocID":8033,"vehicleID":2533,"signMessage":"72 Swan Island","extraTripID":null,"nextStopSeq":52,"routeNumber":72,"vehicleLoad":"unknown","bearing":0,"lastStopSeq":51,"inCongestion":false,"delay":-217,"latitude":45.5406393},{"tripID":4417864,"serviceDate":1395730800000,"direction":0,"garage":"POWELL","type":"bus","lastLocID":2202,"messageCode":768,"time":1395752783134,"expires":1395753202000,"signMessageLong":"72  Killingsworth/82nd to Swan Island-Shipyards","extraBlockID":null,"locationInScheduleDay":21620,"longitude":-122.6936472,"blockID":7236,"offRoute":false,"nextLocID":2161,"vehicleID":2552,"signMessage":"72 Swan Island","extraTripID":null,"nextStopSeq":107,"routeNumber":72,"vehicleLoad":"unknown","bearing":158,"lastStopSeq":106,"inCongestion":false,"delay":-362,"latitude":45.5586947},{"tripID":4417868,"serviceDate":1395730800000,"direction":0,"garage":"POWELL","type":"bus","lastLocID":12922,"messageCode":768,"time":1395752779908,"expires":1395753199000,"signMessageLong":"72  Killingsworth/82nd to Swan Island-Shipyards","extraBlockID":null,"locationInScheduleDay":21939,"longitude":-122.5779974,"blockID":7242,"offRoute":false,"nextLocID":7941,"vehicleID":2548,"signMessage":"72 Swan Island","extraTripID":null,"nextStopSeq":3,"routeNumber":72,"vehicleLoad":"unknown","bearing":274,"lastStopSeq":2,"inCongestion":false,"delay":-40,"latitude":45.4371649},{"tripID":4411311,"serviceDate":1395730800000,"direction":0,"garage":"POWELL","type":"bus","lastLocID":2625,"messageCode":266,"time":1395752798402,"expires":1395753217000,"signMessageLong":"14  Hawthorne to 94th & Foster","extraBlockID":null,"locationInScheduleDay":21988,"longitude":-122.620529,"blockID":1435,"offRoute":false,"nextLocID":2628,"vehicleID":2316,"signMessage":"14 To 94-Foster","extraTripID":null,"nextStopSeq":19,"routeNumber":14,"vehicleLoad":"unknown","bearing":90,"lastStopSeq":18,"inCongestion":false,"delay":-9,"latitude":45.5120402},{"tripID":4413876,"serviceDate":1395730800000,"direction":1,"garage":"CENTER","type":"bus","lastLocID":3228,"messageCode":462,"time":1395752798144,"expires":1395753217000,"signMessageLong":"31L Portland Limited","extraBlockID":null,"locationInScheduleDay":21954,"longitude":-122.5980754,"blockID":3101,"offRoute":false,"nextLocID":3235,"vehicleID":2714,"signMessage":"31L To Portland Limited","extraTripID":null,"nextStopSeq":3,"routeNumber":31,"vehicleLoad":"unknown","bearing":270,"lastStopSeq":2,"inCongestion":false,"delay":-43,"latitude":45.4479461},{"tripID":4417161,"serviceDate":1395730800000,"direction":0,"garage":"CENTER","type":"bus","lastLocID":13040,"messageCode":783,"time":1395752794847,"expires":1395753212000,"signMessageLong":"70  33rd Ave to NE Sunderland","extraBlockID":null,"locationInScheduleDay":21300,"longitude":-122.6357648,"blockID":7001,"offRoute":false,"nextLocID":9368,"vehicleID":2704,"signMessage":"70 To Sunderlnd","extraTripID":null,"nextStopSeq":83,"routeNumber":70,"vehicleLoad":"unknown","bearing":180,"lastStopSeq":82,"inCongestion":false,"delay":0,"latitude":45.5898735},{"tripID":4417162,"serviceDate":1395730800000,"direction":0,"garage":"CENTER","type":"bus","lastLocID":638,"messageCode":783,"time":1395752794846,"expires":1395753214000,"signMessageLong":"70  33rd Ave to NE Sunderland","extraBlockID":null,"locationInScheduleDay":22055,"longitude":-122.6363799,"blockID":7003,"offRoute":false,"nextLocID":642,"vehicleID":2705,"signMessage":"70 To Sunderlnd","extraTripID":null,"nextStopSeq":44,"routeNumber":70,"vehicleLoad":"unknown","bearing":89,"lastStopSeq":43,"inCongestion":false,"delay":61,"latitude":45.5351625},{"tripID":4417314,"serviceDate":1395730800000,"direction":1,"garage":"CENTER","type":"bus","lastLocID":7374,"messageCode":788,"time":1395752798119,"expires":1395753215000,"signMessageLong":"70  12th/NE 33rd Ave to Milwaukie","extraBlockID":null,"locationInScheduleDay":21985,"longitude":-122.6307135,"blockID":7004,"offRoute":false,"nextLocID":7396,"vehicleID":2701,"signMessage":"70 To Milwaukie","extraTripID":null,"nextStopSeq":26,"routeNumber":70,"vehicleLoad":"unknown","bearing":179,"lastStopSeq":25,"inCongestion":false,"delay":-10,"latitude":45.5464982},{"tripID":4411558,"serviceDate":1395730800000,"direction":1,"garage":"CENTER","type":"bus","lastLocID":2602,"messageCode":268,"time":1395752783103,"expires":1395753200000,"signMessageLong":"14  Hawthorne to Portland","extraBlockID":null,"locationInScheduleDay":22063,"longitude":-122.6536842,"blockID":1401,"offRoute":false,"nextLocID":3637,"vehicleID":2608,"signMessage":"14 To Portland","extraTripID":null,"nextStopSeq":39,"routeNumber":14,"vehicleLoad":"unknown","bearing":359,"lastStopSeq":38,"inCongestion":false,"delay":83,"latitude":45.5127339},{"tripID":4419086,"serviceDate":1395730800000,"direction":0,"garage":"CENTER","type":"bus","lastLocID":4042,"messageCode":809,"time":1395752779848,"expires":1395753198000,"signMessageLong":"77  Broadway/Halsey to Troutdale","extraBlockID":null,"locationInScheduleDay":21521,"longitude":-122.6573547,"blockID":7703,"offRoute":false,"nextLocID":10866,"vehicleID":2630,"signMessage":"77 To Troutdale","extraTripID":null,"nextStopSeq":22,"routeNumber":77,"vehicleLoad":"unknown","bearing":90,"lastStopSeq":21,"inCongestion":false,"delay":-457,"latitude":45.5315008},{"tripID":4418191,"serviceDate":1395730800000,"direction":1,"garage":"POWELL","type":"bus","lastLocID":8018,"messageCode":760,"time":1395752800935,"expires":1395753220000,"signMessageLong":"72  Killingsworth/82nd to Clackamas TC","extraBlockID":null,"locationInScheduleDay":21805,"longitude":-122.5791311,"blockID":7237,"offRoute":false,"nextLocID":8016,"vehicleID":3004,"signMessage":"72 Clackamas TC","extraTripID":null,"nextStopSeq":105,"routeNumber":72,"vehicleLoad":"unknown","bearing":178,"lastStopSeq":104,"inCongestion":false,"delay":-195,"latitude":45.453569},{"tripID":4418193,"serviceDate":1395730800000,"direction":1,"garage":"POWELL","type":"bus","lastLocID":3208,"messageCode":760,"time":1395752798112,"expires":1395753216000,"signMessageLong":"72  Killingsworth/82nd to Clackamas TC","extraBlockID":null,"locationInScheduleDay":21974,"longitude":-122.6059116,"blockID":7241,"offRoute":false,"nextLocID":3145,"vehicleID":3048,"signMessage":"72 Clackamas TC","extraTripID":null,"nextStopSeq":45,"routeNumber":72,"vehicleLoad":"unknown","bearing":89,"lastStopSeq":44,"inCongestion":false,"delay":-22,"latitude":45.5627572},{"tripID":4417867,"serviceDate":1395730800000,"direction":0,"garage":"POWELL","type":"bus","lastLocID":8029,"messageCode":768,"time":1395752806576,"expires":1395753226000,"signMessageLong":"72  Killingsworth/82nd to Swan Island-Shipyards","extraBlockID":null,"locationInScheduleDay":21921,"longitude":-122.578896,"blockID":7235,"offRoute":false,"nextLocID":8040,"vehicleID":3053,"signMessage":"72 Swan Island","extraTripID":null,"nextStopSeq":24,"routeNumber":72,"vehicleLoad":"unknown","bearing":0,"lastStopSeq":23,"inCongestion":false,"delay":-85,"latitude":45.4867496},{"tripID":4418194,"serviceDate":1395730800000,"direction":1,"garage":"POWELL","type":"bus","lastLocID":3158,"messageCode":760,"time":1395752782984,"expires":1395753201000,"signMessageLong":"72  Killingsworth/82nd to Clackamas TC","extraBlockID":null,"locationInScheduleDay":21998,"longitude":-122.6817792,"blockID":7234,"offRoute":false,"nextLocID":3169,"vehicleID":3054,"signMessage":"72 Clackamas TC","extraTripID":null,"nextStopSeq":12,"routeNumber":72,"vehicleLoad":"unknown","bearing":90,"lastStopSeq":11,"inCongestion":false,"delay":17,"latitude":45.562667},{"tripID":4419222,"serviceDate":1395730800000,"direction":1,"garage":"POWELL","type":"bus","lastLocID":2451,"messageCode":813,"time":1395752779757,"expires":1395753199000,"signMessageLong":"77  Broadway/Halsey to Montgomery Park","extraBlockID":null,"locationInScheduleDay":21562,"longitude":-122.5877115,"blockID":7734,"offRoute":false,"nextLocID":2445,"vehicleID":3046,"signMessage":"77 Montgomry Pk","extraTripID":null,"nextStopSeq":57,"routeNumber":77,"vehicleLoad":"unknown","bearing":269,"lastStopSeq":56,"inCongestion":false,"delay":-417,"latitude":45.5336022},{"tripID":4411560,"serviceDate":1395730800000,"direction":1,"garage":"POWELL","type":"bus","lastLocID":1831,"messageCode":268,"time":1395752782976,"expires":1395753201000,"signMessageLong":"14  Hawthorne to Portland","extraBlockID":null,"locationInScheduleDay":21981,"longitude":-122.5662917,"blockID":1434,"offRoute":false,"nextLocID":13236,"vehicleID":3027,"signMessage":"14 To Portland","extraTripID":null,"nextStopSeq":2,"routeNumber":14,"vehicleLoad":"unknown","bearing":291,"lastStopSeq":1,"inCongestion":false,"delay":0,"latitude":45.4791765},{"tripID":4419085,"serviceDate":1395730800000,"direction":0,"garage":"CENTER","type":"bus","lastLocID":2364,"messageCode":809,"time":1395752798238,"expires":1395753215000,"signMessageLong":"77  Broadway/Halsey to Troutdale","extraBlockID":null,"locationInScheduleDay":22069,"longitude":-122.5380708,"blockID":7702,"offRoute":false,"nextLocID":2366,"vehicleID":2005,"signMessage":"77 To Troutdale","extraTripID":null,"nextStopSeq":62,"routeNumber":77,"vehicleLoad":"unknown","bearing":89,"lastStopSeq":61,"inCongestion":false,"delay":74,"latitude":45.5335698}],"queryTime":1395752808711}}
