{"resultSet":{"vehicle":[{"tripID":4411313,"serviceDate":1395730800000,"direction":0,"garage":"POWELL","type":"bus","lastLocID":7660,"messageCode":266,"time":1395755242927,"expires":1395755659000,"signMessageLong":"14  Hawthorne to 94th & Foster","extraBlockID":null,"locationInScheduleDay":24608,"longitude":-122.6112984,"blockID":1436,"offRoute":false,"nextLocID":7655,"vehicleID":2206,"signMessage":"14 To 94-Foster","extraTripID":null,"nextStopSeq":25,"routeNumber":14,"vehicleLoad":"unknown","bearing":177,"lastStopSeq":24,"inCongestion":false,"delay":169,"latitude":45.5081145},{"tripID":4419089,"serviceDate":1395730800000,"direction":0,"garage":"POWELL","type":"bus","lastLocID":1606,"messageCode":809,"time":1395755242968,"expires":1395755662000,"signMessageLong":"77  Broadway/Halsey to Troutdale","extraBlockID":null,"locationInScheduleDay":24337,"longitude":-122.6766176,"blockID":7735,"offRoute":false,"nextLocID":8886,"vehicleID":2222,"signMessage":"77 To Troutdale","extraTripID":null,"nextStopSeq":17,"routeNumber":77,"vehicleLoad":"unknown","bearing":88,"lastStopSeq":16,"inCongestion":false,"delay":-105,"latitude":45.5252054},{"tripID":4419223,"serviceDate":1395730800000,"direction":1,"garage":"POWELL","type":"bus","lastLocID":2592,"messageCode":813,"time":1395755246390,"expires":1395755665000,"signMessageLong":"77  Broadway/Halsey to Montgomery Park","extraBlockID":null,"locationInScheduleDay":24471,"longitude":-122.6737175,"blockID":7736,"offRoute":false,"nextLocID":9311,"vehicleID":2221,"signMessage":"77 Montgomry Pk","extraTripID":null,"nextStopSeq":87,"routeNumber":77,"vehicleLoad":"unknown","bearing":260,"lastStopSeq":86,"inCongestion":false,"delay":26,"latitude":45.5267919},{"tripID":4411562,"serviceDate":1395730800000,"direction":1,"garage":"POWELL","type":"bus","lastLocID":1826,"messageCode":268,"time":1395755246447,"expires":1395755663000,"signMessageLong":"14  Hawthorne to Portland","extraBlockID":null,"locationInScheduleDay":24482,"longitude":-122.5754546,"blockID":1437,"offRoute":false,"nextLocID":1824,"vehicleID":2264,"signMessage":"14 To Portland","extraTripID":null,"nextStopSeq":5,"routeNumber":14,"vehicleLoad":"unknown","bearing":289,"lastStopSeq":4,"inCongestion":false,"delay":39,"latitude":45.4817644},{"tripID":4418198,"serviceDate":1395730800000,"direction":1,"garage":"POWELL","type":"bus","lastLocID":2226,"messageCode":760,"time":1395755240192,"expires":1395755656000,"signMessageLong":"72  Killingsworth/82nd to Clackamas TC","extraBlockID":null,"locationInScheduleDay":24482,"longitude":-122.6947043,"blockID":7246,"offRoute":false,"nextLocID":9403,"vehicleID":2296,"signMessage":"72 Clackamas TC","extraTripID":null,"nextStopSeq":7,"routeNumber":72,"vehicleLoad":"unknown","bearing":341,"lastStopSeq":6,"inCongestion":false,"delay":46,"latitude":45.5603323},{"tripID":4419224,"serviceDate":1395730800000,"direction":1,"garage":"POWELL","type":"bus","lastLocID":10869,"messageCode":813,"time":1395755255454,"expires":1395755672000,"signMessageLong":"77  Broadway/Halsey to Montgomery Park","extraBlockID":null,"locationInScheduleDay":24420,"longitude":-122.6206252,"blockID":7737,"offRoute":false,"nextLocID":7484,"vehicleID":2285,"signMessage":"77 Montgomry Pk","extraTripID":null,"nextStopSeq":69,"routeNumber":77,"vehicleLoad":"unknown","bearing":89,"lastStopSeq":68,"inCongestion":false,"delay":-32,"latitude":45.5332523},{"tripID":4417869,"serviceDate":1395730800000,"direction":0,"garage":"POWELL","type":"bus","lastLocID":7933,"messageCode":766,"time":1395755243024,"expires":1395755659000,"signMessageLong":"72  Killingsworth/82nd to Swan Island-Anchor St","extraBlockID":null,"locationInScheduleDay":24518,"longitude":-122.5786959,"blockID":7244,"offRoute":false,"nextLocID":8039,"vehicleID":2276,"signMessage":"72 Swan Island","extraTripID":null,"nextStopSeq":58,"routeNumber":72,"vehicleLoad":"unknown","bearing":0,"lastStopSeq":57,"inCongestion":false,"delay":79,"latitude":45.5521173},{"tripID":4417163,"serviceDate":1395730800000,"direction":0,"garage":"CENTER","type":"bus","lastLocID":9339,"messageCode":783,"time":1395755242825,"expires":1395755661000,"signMessageLong":"70  33rd Ave to NE Sunderland","extraBlockID":null,"locationInScheduleDay":24301,"longitude":-122.6357722,"blockID":7005,"offRoute":false,"nextLocID":11171,"vehicleID":2132,"signMessage":"70 To Sunderlnd","extraTripID":null,"nextStopSeq":80,"routeNumber":70,"vehicleLoad":"unknown","bearing":185,"lastStopSeq":79,"inCongestion":false,"delay":-140,"latitude":45.5954831},{"tripID":4413878,"serviceDate":1395730800000,"direction":1,"garage":"CENTER","type":"bus","lastLocID":2574,"messageCode":462,"time":1395755242850,"expires":1395755659000,"signMessageLong":"31L Portland Limited","extraBlockID":null,"locationInScheduleDay":24058,"longitude":-122.638608,"blockID":3001,"offRoute":false,"nextLocID":3858,"vehicleID":2123,"signMessage":"31L To Portland Limited","extraTripID":null,"nextStopSeq":6,"routeNumber":31,"vehicleLoad":"unknown","bearing":270,"lastStopSeq":5,"inCongestion":false,"delay":-381,"latitude":45.4488553},{"tripID":4417166,"serviceDate":1395730800000,"direction":0,"garage":"CENTER","type":"bus","lastLocID":13477,"messageCode":781,"time":1395755255215,"expires":1395755674000,"signMessageLong":"70  12th/NE 33rd Ave to NE Sunderland via 17th & Tacoma","extraBlockID":null,"locationInScheduleDay":24454,"longitude":-122.6407309,"blockID":7006,"offRoute":false,"nextLocID":8225,"vehicleID":2150,"signMessage":"70 To Sunderland via 17th","extraTripID":null,"nextStopSeq":2,"routeNumber":70,"vehicleLoad":"unknown","bearing":81,"lastStopSeq":1,"inCongestion":false,"delay":0,"latitude":45.4448667},{"tripID":4418197,"serviceDate":1395730800000,"direction":1,"garage":"POWELL","type":"bus","lastLocID":3188,"messageCode":760,"time":1395755263761,"expires":1395755681000,"signMessageLong":"72  Killingsworth/82nd to Clackamas TC","extraBlockID":null,"locationInScheduleDay":24481,"longitude":-122.6666256,"blockID":7238,"offRoute":false,"nextLocID":3165,"vehicleID":2527,"signMessage":"72 Clackamas TC","extraTripID":null,"nextStopSeq":19,"routeNumber":72,"vehicleLoad":"unknown","bearing":89,"lastStopSeq":18,"inCongestion":false,"delay":20,"latitude":45.5627283},{"tripID":4417165,"serviceDate":1395730800000,"direction":0,"garage":"CENTER","type":"bus","lastLocID":6849,"messageCode":780,"time":1395755231251,"expires":1395755647000,"signMessageLong":"70  12th/NE 33rd Ave to NE Sunderland","extraBlockID":null,"locationInScheduleDay":24360,"longitude":-122.6483462,"blockID":7002,"offRoute":false,"nextLocID":13693,"vehicleID":2524,"signMessage":"70 To Sunderlnd","extraTripID":null,"nextStopSeq":25,"routeNumber":70,"vehicleLoad":"unknown","bearing":359,"lastStopSeq":24,"inCongestion":false,"delay":-67,"latitude":45.493876},{"tripID":4419087,"serviceDate":1395730800000,"direction":0,"garage":"CENTER","type":"bus","lastLocID":2356,"messageCode":809,"time":1395755240114,"expires":1395755656000,"signMessageLong":"77  Broadway/Halsey to Troutdale","extraBlockID":null,"locationInScheduleDay":24552,"longitude":-122.5520464,"blockID":7701,"offRoute":false,"nextLocID":2357,"vehicleID":2512,"signMessage":"77 To Troutdale","extraTripID":null,"nextStopSeq":58,"routeNumber":77,"vehicleLoad":"unknown","bearing":90,"lastStopSeq":57,"inCongestion":false,"delay":116,"latitude":45.5335113},{"tripID":4418199,"serviceDate":1395730800000,"direction":1,"garage":"POWELL","type":"bus","lastLocID":115,"messageCode":760,"time":1395755240141,"expires":1395755656000,"signMessageLong":"72  Killingsworth/82nd to Clackamas TC","extraBlockID":null,"locationInScheduleDay":24436,"longitude":-122.703865,"blockID":7240,"offRoute":false,"nextLocID":8681,"vehicleID":2533,"signMessage":"72 Clackamas TC","extraTripID":null,"nextStopSeq":2,"routeNumber":72,"vehicleLoad":"unknown","bearing":159,"lastStopSeq":1,"inCongestion":false,"delay":0,"latitude":45.5567629},{"tripID":4418196,"serviceDate":1395730800000,"direction":1,"garage":"POWELL","type":"bus","lastLocID":63,"messageCode":760,"time":1395755231393,"expires":1395755648000,"signMessageLong":"72  Killingsworth/82nd to Clackamas TC","extraBlockID":null,"locationInScheduleDay":24410,"longitude":-122.6366466,"blockID":7236,"offRoute":false,"nextLocID":11722,"vehicleID":2552,"signMessage":"72 Clackamas TC","extraTripID":null,"nextStopSeq":31,"routeNumber":72,"vehicleLoad":"unknown","bearing":90,"lastStopSeq":30,"inCongestion":false,"delay":-18,"latitude":45.5590513},{"tripID":4413798,"serviceDate":1395730800000,"direction":0,"garage":"POWELL","type":"bus","lastLocID":7921,"messageCode":457,"time":1395755240249,"expires":1395755659000,"signMessageLong":"31  Clackamas Town Center, continuing to Estacada","extraBlockID":null,"locationInScheduleDay":24571,"longitude":-122.5789206,"blockID":3134,"offRoute":false,"nextLocID":7942,"vehicleID":2555,"signMessage":"31 To Estacada via Clackamas","extraTripID":null,"nextStopSeq":22,"routeNumber":31,"vehicleLoad":"unknown","bearing":180,"lastStopSeq":21,"inCongestion":false,"delay":132,"latitude":45.4437846},{"tripID":4417868,"serviceDate":1395730800000,"direction":0,"garage":"POWELL","type":"bus","lastLocID":3200,"messageCode":768,"time":1395755258452,"expires":1395755675000,"signMessageLong":"72  Killingsworth/82nd to Swan Island-Shipyards","extraBlockID":null,"locationInScheduleDay":24202,"longitude":-122.623031,"blockID":7242,"offRoute":false,"nextLocID":3197,"vehicleID":2548,"signMessage":"72 Swan Island","extraTripID":null,"nextStopSeq":75,"routeNumber":72,"vehicleLoad":"unknown","bearing":269,"lastStopSeq":74,"inCongestion":false,"delay":-253,"latitude":45.5627895},{"tripID":4411561,"serviceDate":1395730800000,"direction":1,"garage":"POWELL","type":"bus","lastLocID":7656,"messageCode":268,"time":1395755258420,"expires":1395755677000,"signMessageLong":"14  Hawthorne to Portland","extraBlockID":null,"locationInScheduleDay":24300,"longitude":-122.6113718,"blockID":1435,"offRoute":false,"nextLocID":7665,"vehicleID":2316,"signMessage":"14 To Portland","extraTripID":null,"nextStopSeq":19,"routeNumber":14,"vehicleLoad":"unknown","bearing":0,"lastStopSeq":18,"inCongestion":false,"delay":-157,"latitude":45.4980094},{"tripID":4413879,"serviceDate":1395730800000,"direction":1,"garage":"CENTER","type":"bus","lastLocID":7941,"messageCode":464,"time":1395755261022,"expires":1395755678000,"signMessageLong":"31  To Portland via Milwaukie","extraBlockID":null,"locationInScheduleDay":24327,"longitude":-122.5789287,"blockID":1403,"offRoute":false,"nextLocID":7920,"vehicleID":2725,"signMessage":"31 To Portland","extraTripID":null,"nextStopSeq":4,"routeNumber":31,"vehicleLoad":"unknown","bearing":359,"lastStopSeq":3,"inCongestion":false,"delay":-131,"latitude":45.4411229},{"tripID":4419088,"serviceDate":1395730800000,"direction":0,"garage":"CENTER","type":"bus","lastLocID":648,"messageCode":809,"time":1395755255322,"expires":1395755674000,"signMessageLong":"77  Broadway/Halsey to Troutdale","extraBlockID":null,"locationInScheduleDay":24524,"longitude":-122.6209431,"blockID":7705,"offRoute":false,"nextLocID":10870,"vehicleID":2720,"signMessage":"77 To Troutdale","extraTripID":null,"nextStopSeq":35,"routeNumber":77,"vehicleLoad":"unknown","bearing":178,"lastStopSeq":34,"inCongestion":false,"delay":70,"latitude":45.5337955},{"tripID":4417164,"serviceDate":1395730800000,"direction":0,"garage":"CENTER","type":"bus","lastLocID":7107,"messageCode":783,"time":1395755246282,"expires":1395755663000,"signMessageLong":"70  33rd Ave to NE Sunderland","extraBlockID":null,"locationInScheduleDay":24348,"longitude":-122.6448406,"blockID":7007,"offRoute":false,"nextLocID":7138,"vehicleID":2709,"signMessage":"70 To Sunderlnd","extraTripID":null,"nextStopSeq":39,"routeNumber":70,"vehicleLoad":"unknown","bearing":359,"lastStopSeq":38,"inCongestion":false,"delay":-95,"latitude":45.5336976},{"tripID":4417315,"serviceDate":1395730800000,"direction":1,"garage":"CENTER","type":"bus","lastLocID":6553,"messageCode":789,"time":1395755261006,"expires":1395755679000,"signMessageLong":"70  12th Ave to Milwaukie via 17th & Tacoma","extraBlockID":null,"locationInScheduleDay":24483,"longitude":-122.6547455,"blockID":7001,"offRoute":false,"nextLocID":6545,"vehicleID":2704,"signMessage":"70 To Milw via 17","extraTripID":null,"nextStopSeq":55,"routeNumber":70,"vehicleLoad":"unknown","bearing":180,"lastStopSeq":54,"inCongestion":false,"delay":24,"latitude":45.505351},{"tripID":4417317,"serviceDate":1395730800000,"direction":1,"garage":"CENTER","type":"bus","lastLocID":9414,"messageCode":788,"time":1395755195428,"expires":1395755611000,"signMessageLong":"70  12th/NE 33rd Ave to Milwaukie","extraBlockID":null,"locationInScheduleDay":24425,"longitude":-122.6319711,"blockID":7003,"offRoute":false,"nextLocID":10450,"vehicleID":2705,"signMessage":"70 To Milwaukie","extraTripID":null,"nextStopSeq":3,"routeNumber":70,"vehicleLoad":"unknown","bearing":180,"lastStopSeq":2,"inCongestion":false,"delay":34,"latitude":45.5873531},{"tripID":4417167,"serviceDate":1395730800000,"direction":0,"garage":"CENTER","type":"bus","lastLocID":13477,"messageCode":782,"time":1395755240070,"expires":1395755657000,"signMessageLong":"70  12th/NE 33rd Ave to NE Sunderland via 13th & Tacoma","extraBlockID":null,"locationInScheduleDay":24437,"longitude":-122.6407309,"blockID":7004,"offRoute":false,"nextLocID":8225,"vehicleID":2701,"signMessage":"70 To Sunderland via 13th","extraTripID":null,"nextStopSeq":2,"routeNumber":70,"vehicleLoad":"unknown","bearing":81,"lastStopSeq":1,"inCongestion":false,"delay":0,"latitude":45.4448667},{"tripID":4419225,"serviceDate":1395730800000,"direction":1,"garage":"CENTER","type":"bus","lastLocID":10973,"messageCode":813,"time":1395755261103,"expires":1395755678000,"signMessageLong":"77  Broadway/Halsey to Montgomery Park","extraBlockID":null,"locationInScheduleDay":24237,"longitude":-122.5584488,"blockID":7704,"offRoute":false,"nextLocID":2343,"vehicleID":2614,"signMessage":"77 Montgomry Pk","extraTripID":null,"nextStopSeq":48,"routeNumber":77,"vehicleLoad":"unknown","bearing":248,"lastStopSeq":47,"inCongestion":false,"delay":-221,"latitude":45.5340351},{"tripID":4411564,"serviceDate":1395730800000,"direction":1,"garage":"CENTER","type":"bus","lastLocID":1831,"messageCode":268,"time":1395755258346,"expires":1395755675000,"signMessageLong":"14  Hawthorne to Portland","extraBlockID":null,"locationInScheduleDay":24455,"longitude":-122.5662917,"blockID":1401,"offRoute":false,"nextLocID":13236,"vehicleID":2608,"signMessage":"14 To Portland","extraTripID":null,"nextStopSeq":2,"routeNumber":14,"vehicleLoad":"unknown","bearing":291,"lastStopSeq":1,"inCongestion":false,"delay":0,"latitude":45.4791765},{"tripID":4419086,"serviceDate":1395730800000,"direction":0,"garage":"CENTER","type":"bus","lastLocID":2345,"messageCode":809,"time":1395755240219,"expires":1395755656000,"signMessageLong":"77  Broadway/Halsey to Troutdale","extraBlockID":null,"locationInScheduleDay":24628,"longitude":-122.3908275,"blockID":7703,"offRoute":false,"nextLocID":13532,"vehicleID":2630,"signMessage":"77 To Troutdale","extraTripID":null,"nextStopSeq":98,"routeNumber":77,"vehicleLoad":"unknown","bearing":90,"lastStopSeq":97,"inCongestion":false,"delay":192,"latitude":45.5407678},{"tripID":4417870,"serviceDate":1395730800000,"direction":0,"garage":"POWELL","type":"bus","lastLocID":7964,"messageCode":768,"time":1395755240015,"expires":1395755659000,"signMessageLong":"72  Killingsworth/82nd to Swan Island-Shipyards","extraBlockID":null,"locationInScheduleDay":24032,"longitude":-122.5789621,"blockID":7237,"offRoute":false,"nextLocID":8029,"vehicleID":3004,"signMessage":"72 Swan Island","extraTripID":null,"nextStopSeq":23,"routeNumber":72,"vehicleLoad":"unknown","bearing":0,"lastStopSeq":22,"inCongestion":false,"delay":-407,"latitude":45.4832833},{"tripID":4418193,"serviceDate":1395730800000,"direction":1,"garage":"POWELL","type":"bus","lastLocID":7921,"messageCode":760,"time":1395755246273,"expires":1395755663000,"signMessageLong":"72  Killingsworth/82nd to Clackamas TC","extraBlockID":null,"locationInScheduleDay":24071,"longitude":-122.5789182,"blockID":7241,"offRoute":false,"nextLocID":7942,"vehicleID":3048,"signMessage":"72 Clackamas TC","extraTripID":null,"nextStopSeq":109,"routeNumber":72,"vehicleLoad":"unknown","bearing":180,"lastStopSeq":108,"inCongestion":false,"delay":-372,"latitude":45.4442201},{"tripID":4417867,"serviceDate":1395730800000,"direction":0,"garage":"POWELL","type":"bus","lastLocID":3161,"messageCode":768,"time":1395755255288,"expires":1395755672000,"signMessageLong":"72  Killingsworth/82nd to Swan Island-Shipyards","extraBlockID":null,"locationInScheduleDay":24418,"longitude":-122.6944333,"blockID":7235,"offRoute":false,"nextLocID":3167,"vehicleID":3053,"signMessage":"72 Swan Island","extraTripID":null,"nextStopSeq":104,"routeNumber":72,"vehicleLoad":"unknown","bearing":269,"lastStopSeq":103,"inCongestion":false,"delay":-34,"latitude":45.5627472},{"tripID":4417871,"serviceDate":1395730800000,"direction":0,"garage":"POWELL","type":"bus","lastLocID":7946,"messageCode":766,"time":1395755255288,"expires":1395755674000,"signMessageLong":"72  Killingsworth/82nd to Swan Island-Anchor St","extraBlockID":null,"locationInScheduleDay":24469,"longitude":-122.5790488,"blockID":7245,"offRoute":false,"nextLocID":7953,"vehicleID":3052,"signMessage":"72 Swan Island","extraTripID":null,"nextStopSeq":13,"routeNumber":72,"vehicleLoad":"unknown","bearing":359,"lastStopSeq":12,"inCongestion":false,"delay":15,"latitude":45.4633295},{"tripID":4418194,"serviceDate":1395730800000,"direction":1,"garage":"POWELL","type":"bus","lastLocID":7965,"messageCode":760,"time":1395755261013,"expires":1395755679000,"signMessageLong":"72  Killingsworth/82nd to Clackamas TC","extraBlockID":null,"locationInScheduleDay":24530,"longitude":-122.5789564,"blockID":7234,"offRoute":false,"nextLocID":8028,"vehicleID":3054,"signMessage":"72 Clackamas TC","extraTripID":null,"nextStopSeq":91,"routeNumber":72,"vehicleLoad":"unknown","bearing":181,"lastStopSeq":90,"inCongestion":false,"delay":71,"latitude":45.4836186},{"tripID":4419222,"serviceDate":1395730800000,"direction":1,"garage":"POWELL","type":"bus","lastLocID":8483,"messageCode":813,"time":1395755242910,"expires":1395755661000,"signMessageLong":"77  Broadway/Halsey to Montgomery Park","extraBlockID":null,"locationInScheduleDay":24042,"longitude":-122.7069345,"blockID":7734,"offRoute":false,"nextLocID":8484,"vehicleID":3046,"signMessage":"77 Montgomry Pk","extraTripID":null,"nextStopSeq":109,"routeNumber":77,"vehicleLoad":"unknown","bearing":178,"lastStopSeq":108,"inCongestion":false,"delay":0,"latitude":45.5377966},{"tripID":4419226,"serviceDate":1395730800000,"direction":1,"garage":"POWELL","type":"bus","lastLocID":2407,"messageCode":813,"time":1395755246225,"expires":1395755663000,"signMessageLong":"77  Broadway/Halsey to Montgomery Park","extraBlockID":null,"locationInScheduleDay":24439,"longitude":-122.467872,"blockID":7738,"offRoute":false,"nextLocID":2406,"vehicleID":3035,"signMessage":"77 Montgomry Pk","extraTripID":null,"nextStopSeq":21,"routeNumber":77,"vehicleLoad":"unknown","bearing":269,"lastStopSeq":20,"inCongestion":false,"delay":-4,"latitude":45.5336725},{"tripID":4411560,"serviceDate":1395730800000,"direction":1,"garage":"POWELL","type":"bus","lastLocID":2616,"messageCode":268,"time":1395755242874,"expires":1395755661000,"signMessageLong":"14  Hawthorne to Portland","extraBlockID":null,"locationInScheduleDay":23831,"longitude":-122.634612,"blockID":1434,"offRoute":false,"nextLocID":2613,"vehicleID":3027,"signMessage":"14 To Portland","extraTripID":null,"nextStopSeq":33,"routeNumber":14,"vehicleLoad":"unknown","bearing":270,"lastStopSeq":32,"inCongestion":false,"delay":-610,"latitude":45.5120674},{"tripID":4418195,"serviceDate":1395730800000,"direction":1,"garage":"POWELL","type":"bus","lastLocID":8064,"messageCode":760,"time":1395755258041,"expires":1395755677000,"signMessageLong":"72  Killingsworth/82nd to Clackamas TC","extraBlockID":null,"locationInScheduleDay":24184,"longitude":-122.5786385,"blockID":7243,"offRoute":false,"nextLocID":8025,"vehicleID":3025,"signMessage":"72 Clackamas TC","extraTripID":null,"nextStopSeq":54,"routeNumber":72,"vehicleLoad":"unknown","bearing":180,"lastStopSeq":53,"inCongestion":false,"delay":-273,"latitude":45.5551158},{"tripID":4419227,"serviceDate":1395730800000,"direction":1,"garage":"CENTER","type":"bus","lastLocID":9481,"messageCode":813,"time":1395755255344,"expires":1395755672000,"signMessageLong":"77  Broadway/Halsey to Montgomery Park","extraBlockID":null,"locationInScheduleDay":24452,"longitude":-122.3982117,"blockID":7702,"offRoute":false,"nextLocID":9471,"vehicleID":2005,"signMessage":"77 Montgomry Pk","extraTripID":null,"nextStopSeq":2,"routeNumber":77,"vehicleLoad":"unknown","bearing":85,"lastStopSeq":1,"inCongestion":false,"delay":0,"latitude":45.5443612},{"tripID":4413877,"serviceDate":1395730800000,"direction":1,"garage":"CENTER","type":"bus","lastLocID":13488,"messageCode":466,"time":1395755242927,"expires":1395755661000,"signMessageLong":"31  Portland","extraBlockID":null,"locationInScheduleDay":24201,"longitude":-122.6593588,"blockID":1402,"offRoute":false,"nextLocID":2171,"vehicleID":2014,"signMessage":"31 To Portland","extraTripID":null,"nextStopSeq":36,"routeNumber":31,"vehicleLoad":"unknown","bearing":344,"lastStopSeq":35,"inCongestion":false,"delay":-240,"latitude":45.4979286}],"queryTime":1395755268807}}
