{"resultSet":{"vehicle":[{"tripID":4419221,"serviceDate":1395730800000,"direction":1,"garage":"POWELL","type":"bus","lastLocID":2459,"messageCode":813,"time":1395750502593,"expires":1395750921000,"signMessageLong":"77  Broadway/Halsey to Montgomery Park","extraBlockID":null,"locationInScheduleDay":19723,"longitude":-122.5723216,"blockID":7735,"offRoute":false,"nextLocID":2457,"vehicleID":2222,"signMessage":"77 Montgomry Pk","extraTripID":null,"nextStopSeq":5,"routeNumber":77,"vehicleLoad":"unknown","bearing":271,"lastStopSeq":4,"inCongestion":false,"delay":22,"latitude":45.5335085},{"tripID":4417865,"serviceDate":1395730800000,"direction":0,"garage":"POWELL","type":"bus","lastLocID":7953,"messageCode":768,"time":1395750517463,"expires":1395750935000,"signMessageLong":"72  Killingsworth/82nd to Swan Island-Shipyards","extraBlockID":null,"locationInScheduleDay":19755,"longitude":-122.5790506,"blockID":7238,"offRoute":false,"nextLocID":7993,"vehicleID":2527,"signMessage":"72 Swan Island","extraTripID":null,"nextStopSeq":14,"routeNumber":72,"vehicleLoad":"unknown","bearing":0,"lastStopSeq":13,"inCongestion":false,"delay":40,"latitude":45.4647464},{"tripID":4417312,"serviceDate":1395730800000,"direction":1,"garage":"CENTER","type":"bus","lastLocID":118,"messageCode":788,"time":1395750514795,"expires":1395750934000,"signMessageLong":"70  12th/NE 33rd Ave to Milwaukie","extraBlockID":null,"locationInScheduleDay":19638,"longitude":-122.6439503,"blockID":7002,"offRoute":false,"nextLocID":8304,"vehicleID":2524,"signMessage":"70 To Milwaukie","extraTripID":null,"nextStopSeq":9,"routeNumber":70,"vehicleLoad":"unknown","bearing":180,"lastStopSeq":8,"inCongestion":false,"delay":-76,"latitude":45.5777555},{"tripID":4419220,"serviceDate":1395730800000,"direction":1,"garage":"CENTER","type":"bus","lastLocID":4043,"messageCode":813,"time":1395750517454,"expires":1395750936000,"signMessageLong":"77  Broadway/Halsey to Montgomery Park","extraBlockID":null,"locationInScheduleDay":19687,"longitude":-122.6615005,"blockID":7701,"offRoute":false,"nextLocID":11492,"vehicleID":2512,"signMessage":"77 Montgomry Pk","extraTripID":null,"nextStopSeq":39,"routeNumber":77,"vehicleLoad":"unknown","bearing":270,"lastStopSeq":38,"inCongestion":false,"delay":-29,"latitude":45.5315186},{"tripID":4417864,"serviceDate":1395730800000,"direction":0,"garage":"POWELL","type":"bus","lastLocID":7979,"messageCode":768,"time":1395750517562,"expires":1395750935000,"signMessageLong":"72  Killingsworth/82nd to Swan Island-Shipyards","extraBlockID":null,"locationInScheduleDay":19554,"longitude":-122.5788153,"blockID":7236,"offRoute":false,"nextLocID":8037,"vehicleID":2552,"signMessage":"72 Swan Island","extraTripID":null,"nextStopSeq":37,"routeNumber":72,"vehicleLoad":"unknown","bearing":357,"lastStopSeq":36,"inCongestion":false,"delay":-161,"latitude":45.5141541},{"tripID":4413874,"serviceDate":1395730800000,"direction":1,"garage":"POWELL","type":"bus","lastLocID":12922,"messageCode":464,"time":1395750502667,"expires":1395750921000,"signMessageLong":"31  To Portland via Milwaukie","extraBlockID":null,"locationInScheduleDay":19584,"longitude":-122.5762128,"blockID":3134,"offRoute":false,"nextLocID":7941,"vehicleID":2555,"signMessage":"31 To Portland","extraTripID":null,"nextStopSeq":2,"routeNumber":31,"vehicleLoad":"unknown","bearing":262,"lastStopSeq":1,"inCongestion":false,"delay":-117,"latitude":45.4372495},{"tripID":4411557,"serviceDate":1395730800000,"direction":1,"garage":"POWELL","type":"bus","lastLocID":1805,"messageCode":268,"time":1395750499960,"expires":1395750918000,"signMessageLong":"14  Hawthorne to Portland","extraBlockID":null,"locationInScheduleDay":19662,"longitude":-122.5954503,"blockID":1435,"offRoute":false,"nextLocID":1803,"vehicleID":2316,"signMessage":"14 To Portland","extraTripID":null,"nextStopSeq":12,"routeNumber":14,"vehicleLoad":"unknown","bearing":300,"lastStopSeq":11,"inCongestion":false,"delay":-36,"latitude":45.4891011},{"tripID":4417161,"serviceDate":1395730800000,"direction":0,"garage":"CENTER","type":"bus","lastLocID":6582,"messageCode":780,"time":1395750517429,"expires":1395750936000,"signMessageLong":"70  12th/NE 33rd Ave to NE Sunderland","extraBlockID":null,"locationInScheduleDay":19843,"longitude":-122.6535901,"blockID":7001,"offRoute":false,"nextLocID":8513,"vehicleID":2704,"signMessage":"70 To Sunderlnd","extraTripID":null,"nextStopSeq":36,"routeNumber":70,"vehicleLoad":"unknown","bearing":0,"lastStopSeq":35,"inCongestion":false,"delay":127,"latitude":45.52745},{"tripID":4418191,"serviceDate":1395730800000,"direction":1,"garage":"POWELL","type":"bus","lastLocID":7330,"messageCode":760,"time":1395750502500,"expires":1395750919000,"signMessageLong":"72  Killingsworth/82nd to Clackamas TC","extraBlockID":null,"locationInScheduleDay":19583,"longitude":-122.6348949,"blockID":7237,"offRoute":false,"nextLocID":7327,"vehicleID":3004,"signMessage":"72 Clackamas TC","extraTripID":null,"nextStopSeq":33,"routeNumber":72,"vehicleLoad":"unknown","bearing":359,"lastStopSeq":32,"inCongestion":false,"delay":-116,"latitude":45.5612908},{"tripID":4418190,"serviceDate":1395730800000,"direction":1,"garage":"POWELL","type":"bus","lastLocID":7950,"messageCode":760,"time":1395750526596,"expires":1395750946000,"signMessageLong":"72  Killingsworth/82nd to Clackamas TC","extraBlockID":null,"locationInScheduleDay":19644,"longitude":-122.579084,"blockID":7235,"offRoute":false,"nextLocID":8013,"vehicleID":3053,"signMessage":"72 Clackamas TC","extraTripID":null,"nextStopSeq":42,"routeNumber":72,"vehicleLoad":"unknown","bearing":179,"lastStopSeq":41,"inCongestion":false,"delay":-82,"latitude":45.4720872},{"tripID":4417863,"serviceDate":1395730800000,"direction":0,"garage":"POWELL","type":"bus","lastLocID":49,"messageCode":768,"time":1395750517440,"expires":1395750935000,"signMessageLong":"72  Killingsworth/82nd to Swan Island-Shipyards","extraBlockID":null,"locationInScheduleDay":19658,"longitude":-122.6550784,"blockID":7234,"offRoute":false,"nextLocID":70,"vehicleID":3054,"signMessage":"72 Swan Island","extraTripID":null,"nextStopSeq":90,"routeNumber":72,"vehicleLoad":"unknown","bearing":270,"lastStopSeq":89,"inCongestion":false,"delay":-57,"latitude":45.5591106},{"tripID":4419222,"serviceDate":1395730800000,"direction":1,"garage":"POWELL","type":"bus","lastLocID":9481,"messageCode":813,"time":1395750514788,"expires":1395750932000,"signMessageLong":"77  Broadway/Halsey to Montgomery Park","extraBlockID":null,"locationInScheduleDay":19762,"longitude":-122.3958931,"blockID":7734,"offRoute":false,"nextLocID":9471,"vehicleID":3046,"signMessage":"77 Montgomry Pk","extraTripID":null,"nextStopSeq":2,"routeNumber":77,"vehicleLoad":"unknown","bearing":85,"lastStopSeq":1,"inCongestion":false,"delay":50,"latitude":45.5445012},{"tripID":4411310,"serviceDate":1395730800000,"direction":0,"garage":"POWELL","type":"bus","lastLocID":3635,"messageCode":266,"time":1395750499797,"expires":1395750917000,"signMessageLong":"14  Hawthorne to 94th & Foster","extraBlockID":null,"locationInScheduleDay":19728,"longitude":-122.674774,"blockID":1434,"offRoute":false,"nextLocID":2641,"vehicleID":3027,"signMessage":"14 To 94-Foster","extraTripID":null,"nextStopSeq":3,"routeNumber":14,"vehicleLoad":"unknown","bearing":113,"lastStopSeq":2,"inCongestion":false,"delay":31,"latitude":45.5142245},{"tripID":4419085,"serviceDate":1395730800000,"direction":0,"garage":"CENTER","type":"bus","lastLocID":1607,"messageCode":809,"time":1395750499872,"expires":1395750917000,"signMessageLong":"77  Broadway/Halsey to Troutdale","extraBlockID":null,"locationInScheduleDay":19621,"longitude":-122.6818721,"blockID":7702,"offRoute":false,"nextLocID":8402,"vehicleID":2005,"signMessage":"77 To Troutdale","extraTripID":null,"nextStopSeq":15,"routeNumber":77,"vehicleLoad":"unknown","bearing":88,"lastStopSeq":14,"inCongestion":false,"delay":-76,"latitude":45.5251062}],"queryTime":1395750528624}}
