{"resultSet":{"vehicle":[{"tripID":4419089,"serviceDate":1395730800000,"direction":0,"garage":"POWELL","type":"bus","lastLocID":9472,"messageCode":809,"time":1395759695166,"expires":1395760112000,"signMessageLong":"77  Broadway/Halsey to Troutdale","extraBlockID":null,"locationInScheduleDay":28136,"longitude":-122.3986014,"blockID":7735,"offRoute":false,"nextLocID":9481,"vehicleID":2222,"signMessage":"77 To Troutdale","extraTripID":null,"nextStopSeq":102,"routeNumber":77,"vehicleLoad":"unknown","bearing":85,"lastStopSeq":101,"inCongestion":false,"delay":0,"latitude":45.5443378},{"tripID":4419092,"serviceDate":1395730800000,"direction":0,"garage":"POWELL","type":"bus","lastLocID":2429,"messageCode":809,"time":1395759680496,"expires":1395760099000,"signMessageLong":"77  Broadway/Halsey to Troutdale","extraBlockID":null,"locationInScheduleDay":28850,"longitude":-122.6071066,"blockID":7736,"offRoute":false,"nextLocID":2430,"vehicleID":2221,"signMessage":"77 To Troutdale","extraTripID":null,"nextStopSeq":41,"routeNumber":77,"vehicleLoad":"unknown","bearing":90,"lastStopSeq":40,"inCongestion":false,"delay":-29,"latitude":45.5337265},{"tripID":4411318,"serviceDate":1395730800000,"direction":0,"garage":"POWELL","type":"bus","lastLocID":2607,"messageCode":266,"time":1395759695095,"expires":1395760114000,"signMessageLong":"14  Hawthorne to 94th & Foster","extraBlockID":null,"locationInScheduleDay":28945,"longitude":-122.6432847,"blockID":1438,"offRoute":false,"nextLocID":2608,"vehicleID":2220,"signMessage":"14 To 94-Foster","extraTripID":null,"nextStopSeq":11,"routeNumber":14,"vehicleLoad":"unknown","bearing":89,"lastStopSeq":10,"inCongestion":false,"delay":51,"latitude":45.5120925},{"tripID":4418202,"serviceDate":1395730800000,"direction":1,"garage":"POWELL","type":"bus","lastLocID":7956,"messageCode":760,"time":1395759680513,"expires":1395760099000,"signMessageLong":"72  Killingsworth/82nd to Clackamas TC","extraBlockID":null,"locationInScheduleDay":28928,"longitude":-122.5790781,"blockID":7248,"offRoute":false,"nextLocID":7937,"vehicleID":2215,"signMessage":"72 Clackamas TC","extraTripID":null,"nextStopSeq":70,"routeNumber":72,"vehicleLoad":"unknown","bearing":179,"lastStopSeq":69,"inCongestion":false,"delay":49,"latitude":45.5230838},{"tripID":4418200,"serviceDate":1395730800000,"direction":1,"garage":"POWELL","type":"bus","lastLocID":7950,"messageCode":760,"time":1395759698532,"expires":1395760116000,"signMessageLong":"72  Killingsworth/82nd to Clackamas TC","extraBlockID":null,"locationInScheduleDay":28823,"longitude":-122.579068,"blockID":7247,"offRoute":false,"nextLocID":8013,"vehicleID":2250,"signMessage":"72 Clackamas TC","extraTripID":null,"nextStopSeq":96,"routeNumber":72,"vehicleLoad":"unknown","bearing":179,"lastStopSeq":95,"inCongestion":false,"delay":-73,"latitude":45.4713635},{"tripID":4417876,"serviceDate":1395730800000,"direction":0,"garage":"POWELL","type":"bus","lastLocID":7999,"messageCode":766,"time":1395759680567,"expires":1395760099000,"signMessageLong":"72  Killingsworth/82nd to Swan Island-Anchor St","extraBlockID":null,"locationInScheduleDay":28870,"longitude":-122.5790313,"blockID":7250,"offRoute":false,"nextLocID":8042,"vehicleID":2242,"signMessage":"72 Swan Island","extraTripID":null,"nextStopSeq":49,"routeNumber":72,"vehicleLoad":"unknown","bearing":1,"lastStopSeq":48,"inCongestion":false,"delay":-9,"latitude":45.534213},{"tripID":4418198,"serviceDate":1395730800000,"direction":1,"garage":"POWELL","type":"bus","lastLocID":12921,"messageCode":760,"time":1395759395321,"expires":1395759811000,"signMessageLong":"72  Killingsworth/82nd to Clackamas TC","extraBlockID":null,"locationInScheduleDay":28557,"longitude":-122.5682645,"blockID":7246,"offRoute":false,"nextLocID":13247,"vehicleID":2296,"signMessage":"72 Clackamas TC","extraTripID":null,"nextStopSeq":111,"routeNumber":72,"vehicleLoad":"unknown","bearing":82,"lastStopSeq":110,"inCongestion":false,"delay":0,"latitude":45.4355895},{"tripID":4419093,"serviceDate":1395730800000,"direction":0,"garage":"POWELL","type":"bus","lastLocID":4042,"messageCode":809,"time":1395759695225,"expires":1395760114000,"signMessageLong":"77  Broadway/Halsey to Troutdale","extraBlockID":null,"locationInScheduleDay":28912,"longitude":-122.6567454,"blockID":7737,"offRoute":false,"nextLocID":10866,"vehicleID":2285,"signMessage":"77 To Troutdale","extraTripID":null,"nextStopSeq":22,"routeNumber":77,"vehicleLoad":"unknown","bearing":90,"lastStopSeq":21,"inCongestion":false,"delay":18,"latitude":45.5314949},{"tripID":4418205,"serviceDate":1395730800000,"direction":1,"garage":"POWELL","type":"bus","lastLocID":5927,"messageCode":760,"time":1395759683626,"expires":1395760102000,"signMessageLong":"72  Killingsworth/82nd to Clackamas TC","extraBlockID":null,"locationInScheduleDay":28907,"longitude":-122.6615615,"blockID":7252,"offRoute":false,"nextLocID":46,"vehicleID":2283,"signMessage":"72 Clackamas TC","extraTripID":null,"nextStopSeq":21,"routeNumber":72,"vehicleLoad":"unknown","bearing":180,"lastStopSeq":20,"inCongestion":false,"delay":25,"latitude":45.5594765},{"tripID":4418204,"serviceDate":1395730800000,"direction":1,"garage":"POWELL","type":"bus","lastLocID":3146,"messageCode":760,"time":1395759704531,"expires":1395760121000,"signMessageLong":"72  Killingsworth/82nd to Clackamas TC","extraBlockID":null,"locationInScheduleDay":29001,"longitude":-122.5973931,"blockID":7244,"offRoute":false,"nextLocID":3148,"vehicleID":2276,"signMessage":"72 Clackamas TC","extraTripID":null,"nextStopSeq":47,"routeNumber":72,"vehicleLoad":"unknown","bearing":90,"lastStopSeq":46,"inCongestion":false,"delay":100,"latitude":45.562746},{"tripID":4411567,"serviceDate":1395730800000,"direction":1,"garage":"POWELL","type":"bus","lastLocID":11956,"messageCode":266,"time":1395759683581,"expires":1395760102000,"signMessageLong":"14  Hawthorne to 94th & Foster","extraBlockID":null,"locationInScheduleDay":28915,"longitude":-122.6756,"blockID":1439,"offRoute":false,"nextLocID":13169,"vehicleID":2275,"signMessage":"14 To 94-Foster","extraTripID":null,"nextStopSeq":44,"routeNumber":14,"vehicleLoad":"unknown","bearing":290,"lastStopSeq":43,"inCongestion":false,"delay":33,"latitude":45.5151999},{"tripID":4417318,"serviceDate":1395730800000,"direction":1,"garage":"CENTER","type":"bus","lastLocID":6900,"messageCode":791,"time":1395759683238,"expires":1395760100000,"signMessageLong":"70  To Milwaukie","extraBlockID":null,"locationInScheduleDay":28857,"longitude":-122.6470487,"blockID":7005,"offRoute":false,"nextLocID":6852,"vehicleID":2132,"signMessage":"70 To Milwaukie","extraTripID":null,"nextStopSeq":78,"routeNumber":70,"vehicleLoad":"unknown","bearing":180,"lastStopSeq":77,"inCongestion":false,"delay":-23,"latitude":45.4611253},{"tripID":4417166,"serviceDate":1395730800000,"direction":0,"garage":"CENTER","type":"bus","lastLocID":13040,"messageCode":783,"time":1395759680283,"expires":1395760096000,"signMessageLong":"70  33rd Ave to NE Sunderland","extraBlockID":null,"locationInScheduleDay":27900,"longitude":-122.6357648,"blockID":7006,"offRoute":false,"nextLocID":9368,"vehicleID":2150,"signMessage":"70 To Sunderlnd","extraTripID":null,"nextStopSeq":80,"routeNumber":70,"vehicleLoad":"unknown","bearing":180,"lastStopSeq":79,"inCongestion":false,"delay":-196,"latitude":45.5898735},{"tripID":4417170,"serviceDate":1395730800000,"direction":0,"garage":"CENTER","type":"bus","lastLocID":6889,"messageCode":781,"time":1395759680394,"expires":1395760098000,"signMessageLong":"70  12th/NE 33rd Ave to NE Sunderland via 17th & Tacoma","extraBlockID":null,"locationInScheduleDay":28704,"longitude":-122.6475906,"blockID":7008,"offRoute":false,"nextLocID":6848,"vehicleID":2506,"signMessage":"70 To Sunderland via 17th","extraTripID":null,"nextStopSeq":12,"routeNumber":70,"vehicleLoad":"unknown","bearing":355,"lastStopSeq":11,"inCongestion":false,"delay":-174,"latitude":45.4725958},{"tripID":4413800,"serviceDate":1395730800000,"direction":0,"garage":"CENTER","type":"bus","lastLocID":2575,"messageCode":457,"time":1395759695060,"expires":1395760113000,"signMessageLong":"31  Clackamas Town Center, continuing to Estacada","extraBlockID":null,"locationInScheduleDay":28492,"longitude":-122.6262974,"blockID":3102,"offRoute":false,"nextLocID":2578,"vehicleID":2526,"signMessage":"31 To Estacada via Clackamas","extraTripID":null,"nextStopSeq":6,"routeNumber":31,"vehicleLoad":"unknown","bearing":88,"lastStopSeq":5,"inCongestion":false,"delay":-401,"latitude":45.4466543},{"tripID":4417321,"serviceDate":1395730800000,"direction":1,"garage":"CENTER","type":"bus","lastLocID":7366,"messageCode":788,"time":1395759686541,"expires":1395760104000,"signMessageLong":"70  12th/NE 33rd Ave to Milwaukie","extraBlockID":null,"locationInScheduleDay":28849,"longitude":-122.6306916,"blockID":7002,"offRoute":false,"nextLocID":7403,"vehicleID":2524,"signMessage":"70 To Milwaukie","extraTripID":null,"nextStopSeq":30,"routeNumber":70,"vehicleLoad":"unknown","bearing":179,"lastStopSeq":29,"inCongestion":false,"delay":-35,"latitude":45.5380509},{"tripID":4419230,"serviceDate":1395730800000,"direction":1,"garage":"CENTER","type":"bus","lastLocID":2365,"messageCode":813,"time":1395759695044,"expires":1395760114000,"signMessageLong":"77  Broadway/Halsey to Montgomery Park","extraBlockID":null,"locationInScheduleDay":28953,"longitude":-122.5414947,"blockID":7701,"offRoute":false,"nextLocID":2361,"vehicleID":2512,"signMessage":"77 Montgomry Pk","extraTripID":null,"nextStopSeq":41,"routeNumber":77,"vehicleLoad":"unknown","bearing":269,"lastStopSeq":40,"inCongestion":false,"delay":59,"latitude":45.5335378},{"tripID":4417872,"serviceDate":1395730800000,"direction":0,"garage":"POWELL","type":"bus","lastLocID":2202,"messageCode":768,"time":1395759695059,"expires":1395760112000,"signMessageLong":"72  Killingsworth/82nd to Swan Island-Shipyards","extraBlockID":null,"locationInScheduleDay":28891,"longitude":-122.6925355,"blockID":7239,"offRoute":false,"nextLocID":2161,"vehicleID":2540,"signMessage":"72 Swan Island","extraTripID":null,"nextStopSeq":107,"routeNumber":72,"vehicleLoad":"unknown","bearing":270,"lastStopSeq":106,"inCongestion":false,"delay":-1,"latitude":45.5559979},{"tripID":4418199,"serviceDate":1395730800000,"direction":1,"garage":"POWELL","type":"bus","lastLocID":7942,"messageCode":760,"time":1395759695066,"expires":1395760113000,"signMessageLong":"72  Killingsworth/82nd to Clackamas TC","extraBlockID":null,"locationInScheduleDay":28854,"longitude":-122.5788552,"blockID":7240,"offRoute":false,"nextLocID":12921,"vehicleID":2533,"signMessage":"72 Clackamas TC","extraTripID":null,"nextStopSeq":110,"routeNumber":72,"vehicleLoad":"unknown","bearing":90,"lastStopSeq":109,"inCongestion":false,"delay":-39,"latitude":45.4370756},{"tripID":4417874,"serviceDate":1395730800000,"direction":0,"garage":"POWELL","type":"bus","lastLocID":3189,"messageCode":768,"time":1395759701436,"expires":1395760118000,"signMessageLong":"72  Killingsworth/82nd to Swan Island-Shipyards","extraBlockID":null,"locationInScheduleDay":28825,"longitude":-122.6337401,"blockID":7249,"offRoute":false,"nextLocID":7328,"vehicleID":2558,"signMessage":"72 Swan Island","extraTripID":null,"nextStopSeq":80,"routeNumber":72,"vehicleLoad":"unknown","bearing":270,"lastStopSeq":79,"inCongestion":false,"delay":-73,"latitude":45.5627192},{"tripID":4417880,"serviceDate":1395730800000,"direction":0,"garage":"POWELL","type":"bus","lastLocID":8015,"messageCode":766,"time":1395759698683,"expires":1395760117000,"signMessageLong":"72  Killingsworth/82nd to Swan Island-Anchor St","extraBlockID":null,"locationInScheduleDay":28893,"longitude":-122.5790666,"blockID":7236,"offRoute":false,"nextLocID":8017,"vehicleID":2552,"signMessage":"72 Swan Island","extraTripID":null,"nextStopSeq":8,"routeNumber":72,"vehicleLoad":"unknown","bearing":358,"lastStopSeq":7,"inCongestion":false,"delay":-4,"latitude":45.4512325},{"tripID":4418203,"serviceDate":1395730800000,"direction":1,"garage":"POWELL","type":"bus","lastLocID":7992,"messageCode":760,"time":1395759683741,"expires":1395760102000,"signMessageLong":"72  Killingsworth/82nd to Clackamas TC","extraBlockID":null,"locationInScheduleDay":28884,"longitude":-122.5788217,"blockID":7242,"offRoute":false,"nextLocID":8045,"vehicleID":2548,"signMessage":"72 Clackamas TC","extraTripID":null,"nextStopSeq":59,"routeNumber":72,"vehicleLoad":"unknown","bearing":180,"lastStopSeq":58,"inCongestion":false,"delay":2,"latitude":45.5455286},{"tripID":4411569,"serviceDate":1395730800000,"direction":1,"garage":"POWELL","type":"bus","lastLocID":2626,"messageCode":268,"time":1395759680702,"expires":1395760096000,"signMessageLong":"14  Hawthorne to Portland","extraBlockID":null,"locationInScheduleDay":28920,"longitude":-122.623213,"blockID":1440,"offRoute":false,"nextLocID":2624,"vehicleID":2308,"signMessage":"14 To Portland","extraTripID":null,"nextStopSeq":29,"routeNumber":14,"vehicleLoad":"unknown","bearing":270,"lastStopSeq":28,"inCongestion":false,"delay":44,"latitude":45.5120449},{"tripID":4417879,"serviceDate":1395730800000,"direction":0,"garage":"POWELL","type":"bus","lastLocID":7984,"messageCode":766,"time":1395759695282,"expires":1395760113000,"signMessageLong":"72  Killingsworth/82nd to Swan Island-Anchor St","extraBlockID":null,"locationInScheduleDay":28958,"longitude":-122.5788225,"blockID":7253,"offRoute":false,"nextLocID":7935,"vehicleID":2318,"signMessage":"72 Swan Island","extraTripID":null,"nextStopSeq":26,"routeNumber":72,"vehicleLoad":"unknown","bearing":359,"lastStopSeq":25,"inCongestion":false,"delay":65,"latitude":45.4907912},{"tripID":4411572,"serviceDate":1395730800000,"direction":1,"garage":"POWELL","type":"bus","lastLocID":1815,"messageCode":268,"time":1395759695287,"expires":1395760112000,"signMessageLong":"14  Hawthorne to Portland","extraBlockID":null,"locationInScheduleDay":28838,"longitude":-122.5852708,"blockID":1435,"offRoute":false,"nextLocID":12948,"vehicleID":2316,"signMessage":"14 To Portland","extraTripID":null,"nextStopSeq":8,"routeNumber":14,"vehicleLoad":"unknown","bearing":295,"lastStopSeq":7,"inCongestion":false,"delay":-54,"latitude":45.4851786},{"tripID":4411573,"serviceDate":1395730800000,"direction":1,"garage":"CENTER","type":"bus","lastLocID":1831,"messageCode":268,"time":1395759680421,"expires":1395760098000,"signMessageLong":"14  Hawthorne to Portland","extraBlockID":null,"locationInScheduleDay":28878,"longitude":-122.5662917,"blockID":1403,"offRoute":false,"nextLocID":13236,"vehicleID":2725,"signMessage":"14 To Portland","extraTripID":null,"nextStopSeq":2,"routeNumber":14,"vehicleLoad":"unknown","bearing":291,"lastStopSeq":1,"inCongestion":false,"delay":0,"latitude":45.4791765},{"tripID":4419231,"serviceDate":1395730800000,"direction":1,"garage":"CENTER","type":"bus","lastLocID":2333,"messageCode":813,"time":1395759665804,"expires":1395760082000,"signMessageLong":"77  Broadway/Halsey to Montgomery Park","extraBlockID":null,"locationInScheduleDay":28766,"longitude":-122.4180628,"blockID":7705,"offRoute":false,"nextLocID":2420,"vehicleID":2720,"signMessage":"77 Montgomry Pk","extraTripID":null,"nextStopSeq":9,"routeNumber":77,"vehicleLoad":"unknown","bearing":259,"lastStopSeq":8,"inCongestion":false,"delay":-96,"latitude":45.5371605},{"tripID":4411574,"serviceDate":1395730800000,"direction":1,"garage":"CENTER","type":"bus","lastLocID":1829,"messageCode":null,"time":1395759692000,"expires":1395760112000,"signMessageLong":null,"extraBlockID":null,"locationInScheduleDay":null,"longitude":-122.565433,"blockID":1404,"offRoute":false,"nextLocID":1826,"vehicleID":2718,"signMessage":null,"extraTripID":null,"nextStopSeq":null,"routeNumber":14,"vehicleLoad":"unknown","bearing":null,"lastStopSeq":null,"inCongestion":false,"delay":678,"latitude":45.478367},{"tripID":4413881,"serviceDate":1395730800000,"direction":1,"garage":"CENTER","type":"bus","lastLocID":7797,"messageCode":467,"time":1395759701278,"expires":1395760120000,"signMessageLong":"31  Downtown Only","extraBlockID":null,"locationInScheduleDay":28820,"longitude":-122.6776346,"blockID":3101,"offRoute":false,"nextLocID":7751,"vehicleID":2714,"signMessage":"31 Downtown Only","extraTripID":null,"nextStopSeq":41,"routeNumber":31,"vehicleLoad":"unknown","bearing":21,"lastStopSeq":40,"inCongestion":false,"delay":-80,"latitude":45.5209618},{"tripID":4417320,"serviceDate":1395730800000,"direction":1,"garage":"CENTER","type":"bus","lastLocID":6580,"messageCode":790,"time":1395759688813,"expires":1395760105000,"signMessageLong":"70  12th Ave to Milwaukie via 13th & Tacoma","extraBlockID":null,"locationInScheduleDay":28919,"longitude":-122.6535991,"blockID":7007,"offRoute":false,"nextLocID":6577,"vehicleID":2709,"signMessage":"70 To Milw via 13","extraTripID":null,"nextStopSeq":47,"routeNumber":70,"vehicleLoad":"unknown","bearing":179,"lastStopSeq":46,"inCongestion":false,"delay":34,"latitude":45.5252763},{"tripID":4417168,"serviceDate":1395730800000,"direction":0,"garage":"CENTER","type":"bus","lastLocID":642,"messageCode":783,"time":1395759686507,"expires":1395760105000,"signMessageLong":"70  33rd Ave to NE Sunderland","extraBlockID":null,"locationInScheduleDay":28898,"longitude":-122.6313749,"blockID":7001,"offRoute":false,"nextLocID":7392,"vehicleID":2704,"signMessage":"70 To Sunderlnd","extraTripID":null,"nextStopSeq":45,"routeNumber":70,"vehicleLoad":"unknown","bearing":90,"lastStopSeq":44,"inCongestion":false,"delay":13,"latitude":45.5351597},{"tripID":4417171,"serviceDate":1395730800000,"direction":0,"garage":"CENTER","type":"bus","lastLocID":13477,"messageCode":782,"time":1395759701261,"expires":1395760118000,"signMessageLong":"70  12th/NE 33rd Ave to NE Sunderland via 13th & Tacoma","extraBlockID":null,"locationInScheduleDay":28898,"longitude":-122.6407309,"blockID":7003,"offRoute":false,"nextLocID":8225,"vehicleID":2705,"signMessage":"70 To Sunderland via 13th","extraTripID":null,"nextStopSeq":2,"routeNumber":70,"vehicleLoad":"unknown","bearing":81,"lastStopSeq":1,"inCongestion":false,"delay":0,"latitude":45.4448667},{"tripID":4417167,"serviceDate":1395730800000,"direction":0,"garage":"CENTER","type":"bus","lastLocID":13040,"messageCode":783,"time":1395759695010,"expires":1395760112000,"signMessageLong":"70  33rd Ave to NE Sunderland","extraBlockID":null,"locationInScheduleDay":28979,"longitude":-122.6357644,"blockID":7004,"offRoute":false,"nextLocID":9368,"vehicleID":2701,"signMessage":"70 To Sunderlnd","extraTripID":null,"nextStopSeq":83,"routeNumber":70,"vehicleLoad":"unknown","bearing":180,"lastStopSeq":82,"inCongestion":false,"delay":0,"latitude":45.5899678},{"tripID":4419094,"serviceDate":1395730800000,"direction":0,"garage":"CENTER","type":"bus","lastLocID":7112,"messageCode":809,"time":1395759683678,"expires":1395760101000,"signMessageLong":"77  Broadway/Halsey to Troutdale","extraBlockID":null,"locationInScheduleDay":28900,"longitude":-122.6944322,"blockID":7704,"offRoute":false,"nextLocID":1615,"vehicleID":2614,"signMessage":"77 To Troutdale","extraTripID":null,"nextStopSeq":11,"routeNumber":77,"vehicleLoad":"unknown","bearing":178,"lastStopSeq":10,"inCongestion":false,"delay":19,"latitude":45.526414},{"tripID":4411317,"serviceDate":1395730800000,"direction":0,"garage":"CENTER","type":"bus","lastLocID":8241,"messageCode":266,"time":1395759683648,"expires":1395760100000,"signMessageLong":"14  Hawthorne to 94th & Foster","extraBlockID":null,"locationInScheduleDay":28998,"longitude":-122.61137,"blockID":1401,"offRoute":false,"nextLocID":7666,"vehicleID":2608,"signMessage":"14 To 94-Foster","extraTripID":null,"nextStopSeq":28,"routeNumber":14,"vehicleLoad":"unknown","bearing":180,"lastStopSeq":27,"inCongestion":false,"delay":118,"latitude":45.4995441},{"tripID":4417169,"serviceDate":1395730800000,"direction":0,"garage":"CENTER","type":"bus","lastLocID":6594,"messageCode":780,"time":1395759680599,"expires":1395760096000,"signMessageLong":"70  12th/NE 33rd Ave to NE Sunderland","extraBlockID":null,"locationInScheduleDay":29102,"longitude":-122.6536406,"blockID":7010,"offRoute":false,"nextLocID":6589,"vehicleID":2623,"signMessage":"70 To Sunderlnd","extraTripID":null,"nextStopSeq":33,"routeNumber":70,"vehicleLoad":"unknown","bearing":0,"lastStopSeq":32,"inCongestion":false,"delay":226,"latitude":45.5192286},{"tripID":4419229,"serviceDate":1395730800000,"direction":1,"garage":"CENTER","type":"bus","lastLocID":2431,"messageCode":813,"time":1395759704501,"expires":1395760121000,"signMessageLong":"77  Broadway/Halsey to Montgomery Park","extraBlockID":null,"locationInScheduleDay":28776,"longitude":-122.6080769,"blockID":7707,"offRoute":false,"nextLocID":2428,"vehicleID":2653,"signMessage":"77 Montgomry Pk","extraTripID":null,"nextStopSeq":63,"routeNumber":77,"vehicleLoad":"unknown","bearing":270,"lastStopSeq":62,"inCongestion":false,"delay":-125,"latitude":45.533729},{"tripID":4417319,"serviceDate":1395730800000,"direction":1,"garage":"CENTER","type":"bus","lastLocID":3909,"messageCode":789,"time":1395759683577,"expires":1395760099000,"signMessageLong":"70  12th Ave to Milwaukie via 17th & Tacoma","extraBlockID":null,"locationInScheduleDay":28906,"longitude":-122.6487473,"blockID":7009,"offRoute":false,"nextLocID":13658,"vehicleID":2626,"signMessage":"70 To Milw via 17","extraTripID":null,"nextStopSeq":61,"routeNumber":70,"vehicleLoad":"unknown","bearing":90,"lastStopSeq":60,"inCongestion":false,"delay":27,"latitude":45.4939886},{"tripID":4419228,"serviceDate":1395730800000,"direction":1,"garage":"CENTER","type":"bus","lastLocID":637,"messageCode":813,"time":1395759656476,"expires":1395760073000,"signMessageLong":"77  Broadway/Halsey to Montgomery Park","extraBlockID":null,"locationInScheduleDay":28692,"longitude":-122.6409968,"blockID":7703,"offRoute":false,"nextLocID":635,"vehicleID":2630,"signMessage":"77 Montgomry Pk","extraTripID":null,"nextStopSeq":77,"routeNumber":77,"vehicleLoad":"unknown","bearing":275,"lastStopSeq":76,"inCongestion":false,"delay":-161,"latitude":45.53515},{"tripID":4419090,"serviceDate":1395730800000,"direction":0,"garage":"CENTER","type":"bus","lastLocID":13532,"messageCode":809,"time":1395759665974,"expires":1395760082000,"signMessageLong":"77  Broadway/Halsey to Troutdale","extraBlockID":null,"locationInScheduleDay":28979,"longitude":-122.3904881,"blockID":7706,"offRoute":false,"nextLocID":9470,"vehicleID":2632,"signMessage":"77 To Troutdale","extraTripID":null,"nextStopSeq":99,"routeNumber":77,"vehicleLoad":"unknown","bearing":1,"lastStopSeq":98,"inCongestion":false,"delay":117,"latitude":45.542666},{"tripID":4418206,"serviceDate":1395730800000,"direction":1,"garage":"POWELL","type":"bus","lastLocID":115,"messageCode":760,"time":1395759701228,"expires":1395760118000,"signMessageLong":"72  Killingsworth/82nd to Clackamas TC","extraBlockID":null,"locationInScheduleDay":28870,"longitude":-122.7032764,"blockID":7237,"offRoute":false,"nextLocID":8681,"vehicleID":3004,"signMessage":"72 Clackamas TC","extraTripID":null,"nextStopSeq":2,"routeNumber":72,"vehicleLoad":"unknown","bearing":96,"lastStopSeq":1,"inCongestion":false,"delay":-28,"latitude":45.5565101},{"tripID":4413882,"serviceDate":1395730800000,"direction":1,"garage":"POWELL","type":"bus","lastLocID":12462,"messageCode":466,"time":1395759698360,"expires":1395760116000,"signMessageLong":"31  Portland","extraBlockID":null,"locationInScheduleDay":28754,"longitude":-122.6414119,"blockID":3136,"offRoute":false,"nextLocID":3657,"vehicleID":3007,"signMessage":"31 To Portland","extraTripID":null,"nextStopSeq":27,"routeNumber":31,"vehicleLoad":"unknown","bearing":10,"lastStopSeq":26,"inCongestion":false,"delay":-142,"latitude":45.4502729},{"tripID":4417878,"serviceDate":1395730800000,"direction":0,"garage":"POWELL","type":"bus","lastLocID":8010,"messageCode":766,"time":1395759620267,"expires":1395760038000,"signMessageLong":"72  Killingsworth/82nd to Swan Island-Anchor St","extraBlockID":null,"locationInScheduleDay":29079,"longitude":-122.5790371,"blockID":7251,"offRoute":false,"nextLocID":7999,"vehicleID":3003,"signMessage":"72 Swan Island","extraTripID":null,"nextStopSeq":48,"routeNumber":72,"vehicleLoad":"unknown","bearing":0,"lastStopSeq":47,"inCongestion":false,"delay":261,"latitude":45.5326608},{"tripID":4417873,"serviceDate":1395730800000,"direction":0,"garage":"POWELL","type":"bus","lastLocID":3163,"messageCode":766,"time":1395759688810,"expires":1395760105000,"signMessageLong":"72  Killingsworth/82nd to Swan Island-Anchor St","extraBlockID":null,"locationInScheduleDay":29240,"longitude":-122.6897496,"blockID":7241,"offRoute":false,"nextLocID":3180,"vehicleID":3048,"signMessage":"72 Swan Island","extraTripID":null,"nextStopSeq":102,"routeNumber":72,"vehicleLoad":"unknown","bearing":270,"lastStopSeq":101,"inCongestion":false,"delay":355,"latitude":45.5627236},{"tripID":4418201,"serviceDate":1395730800000,"direction":1,"garage":"POWELL","type":"bus","lastLocID":8024,"messageCode":760,"time":1395759683340,"expires":1395760100000,"signMessageLong":"72  Killingsworth/82nd to Clackamas TC","extraBlockID":null,"locationInScheduleDay":28920,"longitude":-122.5787393,"blockID":7235,"offRoute":false,"nextLocID":13707,"vehicleID":3053,"signMessage":"72 Clackamas TC","extraTripID":null,"nextStopSeq":84,"routeNumber":72,"vehicleLoad":"unknown","bearing":180,"lastStopSeq":83,"inCongestion":false,"delay":40,"latitude":45.4971097},{"tripID":4418207,"serviceDate":1395730800000,"direction":1,"garage":"POWELL","type":"bus","lastLocID":115,"messageCode":760,"time":1395759695006,"expires":1395760113000,"signMessageLong":"72  Killingsworth/82nd to Clackamas TC","extraBlockID":null,"locationInScheduleDay":28893,"longitude":-122.703865,"blockID":7245,"offRoute":false,"nextLocID":8681,"vehicleID":3052,"signMessage":"72 Clackamas TC","extraTripID":null,"nextStopSeq":2,"routeNumber":72,"vehicleLoad":"unknown","bearing":159,"lastStopSeq":1,"inCongestion":false,"delay":0,"latitude":45.5567629},{"tripID":4417875,"serviceDate":1395730800000,"direction":0,"garage":"POWELL","type":"bus","lastLocID":7927,"messageCode":766,"time":1395759629285,"expires":1395760047000,"signMessageLong":"72  Killingsworth/82nd to Swan Island-Anchor St","extraBlockID":null,"locationInScheduleDay":28821,"longitude":-122.5785392,"blockID":7234,"offRoute":false,"nextLocID":3216,"vehicleID":3054,"signMessage":"72 Swan Island","extraTripID":null,"nextStopSeq":62,"routeNumber":72,"vehicleLoad":"unknown","bearing":0,"lastStopSeq":61,"inCongestion":false,"delay":-6,"latitude":45.5602895},{"tripID":4419091,"serviceDate":1395730800000,"direction":0,"garage":"POWELL","type":"bus","lastLocID":2360,"messageCode":809,"time":1395759680421,"expires":1395760099000,"signMessageLong":"77  Broadway/Halsey to Troutdale","extraBlockID":null,"locationInScheduleDay":28655,"longitude":-122.5447031,"blockID":7734,"offRoute":false,"nextLocID":2364,"vehicleID":3046,"signMessage":"77 To Troutdale","extraTripID":null,"nextStopSeq":61,"routeNumber":77,"vehicleLoad":"unknown","bearing":88,"lastStopSeq":60,"inCongestion":false,"delay":-224,"latitude":45.5335125},{"tripID":4419226,"serviceDate":1395730800000,"direction":1,"garage":"POWELL","type":"bus","lastLocID":8483,"messageCode":813,"time":1395759686414,"expires":1395760104000,"signMessageLong":"77  Broadway/Halsey to Montgomery Park","extraBlockID":null,"locationInScheduleDay":28360,"longitude":-122.7069345,"blockID":7738,"offRoute":false,"nextLocID":8484,"vehicleID":3035,"signMessage":"77 Montgomry Pk","extraTripID":null,"nextStopSeq":109,"routeNumber":77,"vehicleLoad":"unknown","bearing":178,"lastStopSeq":108,"inCongestion":false,"delay":0,"latitude":45.5377966},{"tripID":4411570,"serviceDate":1395730800000,"direction":1,"garage":"POWELL","type":"bus","lastLocID":12917,"messageCode":268,"time":1395759698374,"expires":1395760116000,"signMessageLong":"14  Hawthorne to Portland","extraBlockID":null,"locationInScheduleDay":28993,"longitude":-122.6114968,"blockID":1434,"offRoute":false,"nextLocID":7658,"vehicleID":3027,"signMessage":"14 To Portland","extraTripID":null,"nextStopSeq":24,"routeNumber":14,"vehicleLoad":"unknown","bearing":357,"lastStopSeq":23,"inCongestion":false,"delay":97,"latitude":45.5107946},{"tripID":4417877,"serviceDate":1395730800000,"direction":0,"garage":"POWELL","type":"bus","lastLocID":12755,"messageCode":766,"time":1395759698378,"expires":1395760116000,"signMessageLong":"72  Killingsworth/82nd to Swan Island-Anchor St","extraBlockID":null,"locationInScheduleDay":28868,"longitude":-122.5786946,"blockID":7243,"offRoute":false,"nextLocID":8007,"vehicleID":3025,"signMessage":"72 Swan Island","extraTripID":null,"nextStopSeq":35,"routeNumber":72,"vehicleLoad":"unknown","bearing":359,"lastStopSeq":34,"inCongestion":false,"delay":-28,"latitude":45.5090591},{"tripID":4419227,"serviceDate":1395730800000,"direction":1,"garage":"CENTER","type":"bus","lastLocID":7128,"messageCode":813,"time":1395759688846,"expires":1395760107000,"signMessageLong":"77  Broadway/Halsey to Montgomery Park","extraBlockID":null,"locationInScheduleDay":28756,"longitude":-122.694675,"blockID":7702,"offRoute":false,"nextLocID":7130,"vehicleID":2005,"signMessage":"77 Montgomry Pk","extraTripID":null,"nextStopSeq":98,"routeNumber":77,"vehicleLoad":"unknown","bearing":358,"lastStopSeq":97,"inCongestion":false,"delay":-131,"latitude":45.5329272},{"tripID":4411568,"serviceDate":1395730800000,"direction":1,"garage":"CENTER","type":"bus","lastLocID":2604,"messageCode":268,"time":1395759686577,"expires":1395760105000,"signMessageLong":"14  Hawthorne to Portland","extraBlockID":null,"locationInScheduleDay":28858,"longitude":-122.6516748,"blockID":1402,"offRoute":false,"nextLocID":2602,"vehicleID":2014,"signMessage":"14 To Portland","extraTripID":null,"nextStopSeq":38,"routeNumber":14,"vehicleLoad":"unknown","bearing":270,"lastStopSeq":37,"inCongestion":false,"delay":-27,"latitude":45.5122069}],"queryTime":1395759708987}}
