{"resultSet":{"vehicle":[{"tripID":4411577,"serviceDate":1395730800000,"direction":1,"garage":"POWELL","type":"bus","lastLocID":7656,"messageCode":268,"time":1395762382944,"expires":1395762801000,"signMessageLong":"14  Hawthorne to Portland","extraBlockID":null,"locationInScheduleDay":31646,"longitude":-122.6113704,"blockID":1436,"offRoute":false,"nextLocID":7665,"vehicleID":2206,"signMessage":"14 To Portland","extraTripID":null,"nextStopSeq":19,"routeNumber":14,"vehicleLoad":"unknown","bearing":0,"lastStopSeq":18,"inCongestion":false,"delay":65,"latitude":45.4990821},{"tripID":4419232,"serviceDate":1395730800000,"direction":1,"garage":"POWELL","type":"bus","lastLocID":2445,"messageCode":813,"time":1395762353343,"expires":1395762771000,"signMessageLong":"77  Broadway/Halsey to Montgomery Park","extraBlockID":null,"locationInScheduleDay":31564,"longitude":-122.5915017,"blockID":7735,"offRoute":false,"nextLocID":2443,"vehicleID":2222,"signMessage":"77 Montgomry Pk","extraTripID":null,"nextStopSeq":58,"routeNumber":77,"vehicleLoad":"unknown","bearing":270,"lastStopSeq":57,"inCongestion":false,"delay":13,"latitude":45.5336325},{"tripID":4419092,"serviceDate":1395730800000,"direction":0,"garage":"POWELL","type":"bus","lastLocID":9472,"messageCode":809,"time":1395762392137,"expires":1395762811000,"signMessageLong":"77  Broadway/Halsey to Troutdale","extraBlockID":null,"locationInScheduleDay":31195,"longitude":-122.3986988,"blockID":7736,"offRoute":false,"nextLocID":9481,"vehicleID":2221,"signMessage":"77 To Troutdale","extraTripID":null,"nextStopSeq":102,"routeNumber":77,"vehicleLoad":"unknown","bearing":83,"lastStopSeq":101,"inCongestion":false,"delay":0,"latitude":45.5443317},{"tripID":4411578,"serviceDate":1395730800000,"direction":1,"garage":"POWELL","type":"bus","lastLocID":1824,"messageCode":268,"time":1395762395359,"expires":1395762813000,"signMessageLong":"14  Hawthorne to Portland","extraBlockID":null,"locationInScheduleDay":31489,"longitude":-122.5791152,"blockID":1438,"offRoute":false,"nextLocID":1818,"vehicleID":2220,"signMessage":"14 To Portland","extraTripID":null,"nextStopSeq":6,"routeNumber":14,"vehicleLoad":"unknown","bearing":299,"lastStopSeq":5,"inCongestion":false,"delay":-104,"latitude":45.4828763},{"tripID":4411575,"serviceDate":1395730800000,"direction":1,"garage":"POWELL","type":"bus","lastLocID":2609,"messageCode":268,"time":1395762380338,"expires":1395762798000,"signMessageLong":"14  Hawthorne to Portland","extraBlockID":null,"locationInScheduleDay":31605,"longitude":-122.6438132,"blockID":1437,"offRoute":false,"nextLocID":2606,"vehicleID":2270,"signMessage":"14 To Portland","extraTripID":null,"nextStopSeq":36,"routeNumber":14,"vehicleLoad":"unknown","bearing":270,"lastStopSeq":35,"inCongestion":false,"delay":27,"latitude":45.5120928},{"tripID":4417884,"serviceDate":1395730800000,"direction":0,"garage":"POWELL","type":"bus","lastLocID":7962,"messageCode":766,"time":1395762398097,"expires":1395762815000,"signMessageLong":"72  Killingsworth/82nd to Swan Island-Anchor St","extraBlockID":null,"locationInScheduleDay":31602,"longitude":-122.5790598,"blockID":7247,"offRoute":false,"nextLocID":7982,"vehicleID":2250,"signMessage":"72 Swan Island","extraTripID":null,"nextStopSeq":16,"routeNumber":72,"vehicleLoad":"unknown","bearing":359,"lastStopSeq":15,"inCongestion":false,"delay":7,"latitude":45.4708665},{"tripID":4417882,"serviceDate":1395730800000,"direction":0,"garage":"POWELL","type":"bus","lastLocID":8010,"messageCode":766,"time":1395762392156,"expires":1395762811000,"signMessageLong":"72  Killingsworth/82nd to Swan Island-Anchor St","extraBlockID":null,"locationInScheduleDay":31636,"longitude":-122.5790399,"blockID":7246,"offRoute":false,"nextLocID":7999,"vehicleID":2296,"signMessage":"72 Swan Island","extraTripID":null,"nextStopSeq":48,"routeNumber":72,"vehicleLoad":"unknown","bearing":359,"lastStopSeq":47,"inCongestion":false,"delay":45,"latitude":45.5315993},{"tripID":4419093,"serviceDate":1395730800000,"direction":0,"garage":"POWELL","type":"bus","lastLocID":2353,"messageCode":809,"time":1395762392172,"expires":1395762811000,"signMessageLong":"77  Broadway/Halsey to Troutdale","extraBlockID":null,"locationInScheduleDay":31430,"longitude":-122.4568981,"blockID":7737,"offRoute":false,"nextLocID":2410,"vehicleID":2285,"signMessage":"77 To Troutdale","extraTripID":null,"nextStopSeq":84,"routeNumber":77,"vehicleLoad":"unknown","bearing":95,"lastStopSeq":83,"inCongestion":false,"delay":-161,"latitude":45.5335539},{"tripID":4418205,"serviceDate":1395730800000,"direction":1,"garage":"POWELL","type":"bus","lastLocID":8028,"messageCode":760,"time":1395762395421,"expires":1395762813000,"signMessageLong":"72  Killingsworth/82nd to Clackamas TC","extraBlockID":null,"locationInScheduleDay":31627,"longitude":-122.5790067,"blockID":7252,"offRoute":false,"nextLocID":8060,"vehicleID":2283,"signMessage":"72 Clackamas TC","extraTripID":null,"nextStopSeq":92,"routeNumber":72,"vehicleLoad":"unknown","bearing":180,"lastStopSeq":91,"inCongestion":false,"delay":34,"latitude":45.4806458},{"tripID":4418204,"serviceDate":1395730800000,"direction":1,"garage":"POWELL","type":"bus","lastLocID":12921,"messageCode":760,"time":1395762386043,"expires":1395762804000,"signMessageLong":"72  Killingsworth/82nd to Clackamas TC","extraBlockID":null,"locationInScheduleDay":31712,"longitude":-122.5720401,"blockID":7244,"offRoute":false,"nextLocID":13247,"vehicleID":2276,"signMessage":"72 Clackamas TC","extraTripID":null,"nextStopSeq":111,"routeNumber":72,"vehicleLoad":"unknown","bearing":97,"lastStopSeq":110,"inCongestion":false,"delay":0,"latitude":45.4372307},{"tripID":4413883,"serviceDate":1395730800000,"direction":1,"garage":"CENTER","type":"bus","lastLocID":7800,"messageCode":467,"time":1395762398008,"expires":1395762816000,"signMessageLong":"31  Downtown Only","extraBlockID":null,"locationInScheduleDay":31696,"longitude":-122.6793481,"blockID":3003,"offRoute":false,"nextLocID":7797,"vehicleID":2119,"signMessage":"31 Downtown Only","extraTripID":null,"nextStopSeq":39,"routeNumber":31,"vehicleLoad":"unknown","bearing":21,"lastStopSeq":38,"inCongestion":false,"delay":100,"latitude":45.5177834},{"tripID":4417322,"serviceDate":1395730800000,"direction":1,"garage":"CENTER","type":"bus","lastLocID":6543,"messageCode":790,"time":1395762353218,"expires":1395762771000,"signMessageLong":"70  12th Ave to Milwaukie via 13th & Tacoma","extraBlockID":null,"locationInScheduleDay":31159,"longitude":-122.6547161,"blockID":7006,"offRoute":false,"nextLocID":6555,"vehicleID":2150,"signMessage":"70 To Milw via 13","extraTripID":null,"nextStopSeq":53,"routeNumber":70,"vehicleLoad":"unknown","bearing":180,"lastStopSeq":52,"inCongestion":false,"delay":-392,"latitude":45.5095503},{"tripID":4417170,"serviceDate":1395730800000,"direction":0,"garage":"CENTER","type":"bus","lastLocID":10452,"messageCode":783,"time":1395762401220,"expires":1395762818000,"signMessageLong":"70  33rd Ave to NE Sunderland","extraBlockID":null,"locationInScheduleDay":31519,"longitude":-122.6319716,"blockID":7008,"offRoute":false,"nextLocID":9339,"vehicleID":2506,"signMessage":"70 To Sunderlnd","extraTripID":null,"nextStopSeq":76,"routeNumber":70,"vehicleLoad":"unknown","bearing":0,"lastStopSeq":75,"inCongestion":false,"delay":-79,"latitude":45.5871555},{"tripID":4417881,"serviceDate":1395730800000,"direction":0,"garage":"POWELL","type":"bus","lastLocID":8026,"messageCode":766,"time":1395762350232,"expires":1395762768000,"signMessageLong":"72  Killingsworth/82nd to Swan Island-Anchor St","extraBlockID":null,"locationInScheduleDay":31564,"longitude":-122.5786275,"blockID":7238,"offRoute":false,"nextLocID":8063,"vehicleID":2527,"signMessage":"72 Swan Island","extraTripID":null,"nextStopSeq":60,"routeNumber":72,"vehicleLoad":"unknown","bearing":0,"lastStopSeq":59,"inCongestion":false,"delay":16,"latitude":45.5556452},{"tripID":4417174,"serviceDate":1395730800000,"direction":0,"garage":"CENTER","type":"bus","lastLocID":13477,"messageCode":781,"time":1395762386018,"expires":1395762803000,"signMessageLong":"70  12th/NE 33rd Ave to NE Sunderland via 17th & Tacoma","extraBlockID":null,"locationInScheduleDay":31583,"longitude":-122.6407309,"blockID":7002,"offRoute":false,"nextLocID":8225,"vehicleID":2524,"signMessage":"70 To Sunderland via 17th","extraTripID":null,"nextStopSeq":2,"routeNumber":70,"vehicleLoad":"unknown","bearing":81,"lastStopSeq":1,"inCongestion":false,"delay":0,"latitude":45.4448667},{"tripID":4419230,"serviceDate":1395730800000,"direction":1,"garage":"CENTER","type":"bus","lastLocID":2030,"messageCode":813,"time":1395762401227,"expires":1395762820000,"signMessageLong":"77  Broadway/Halsey to Montgomery Park","extraBlockID":null,"locationInScheduleDay":31578,"longitude":-122.6834285,"blockID":7701,"offRoute":false,"nextLocID":2046,"vehicleID":2512,"signMessage":"77 Montgomry Pk","extraTripID":null,"nextStopSeq":91,"routeNumber":77,"vehicleLoad":"unknown","bearing":268,"lastStopSeq":90,"inCongestion":false,"delay":-22,"latitude":45.5265022},{"tripID":4418208,"serviceDate":1395730800000,"direction":1,"garage":"POWELL","type":"bus","lastLocID":3191,"messageCode":760,"time":1395762356046,"expires":1395762772000,"signMessageLong":"72  Killingsworth/82nd to Clackamas TC","extraBlockID":null,"locationInScheduleDay":31634,"longitude":-122.6303349,"blockID":7239,"offRoute":false,"nextLocID":3193,"vehicleID":2540,"signMessage":"72 Clackamas TC","extraTripID":null,"nextStopSeq":37,"routeNumber":72,"vehicleLoad":"unknown","bearing":89,"lastStopSeq":36,"inCongestion":false,"delay":82,"latitude":45.5627254},{"tripID":4417883,"serviceDate":1395730800000,"direction":0,"garage":"POWELL","type":"bus","lastLocID":8052,"messageCode":766,"time":1395762340993,"expires":1395762759000,"signMessageLong":"72  Killingsworth/82nd to Swan Island-Anchor St","extraBlockID":null,"locationInScheduleDay":31588,"longitude":-122.5787217,"blockID":7240,"offRoute":false,"nextLocID":8061,"vehicleID":2533,"signMessage":"72 Swan Island","extraTripID":null,"nextStopSeq":31,"routeNumber":72,"vehicleLoad":"unknown","bearing":0,"lastStopSeq":30,"inCongestion":false,"delay":49,"latitude":45.5003156},{"tripID":4417880,"serviceDate":1395730800000,"direction":0,"garage":"POWELL","type":"bus","lastLocID":3200,"messageCode":766,"time":1395762356189,"expires":1395762772000,"signMessageLong":"72  Killingsworth/82nd to Swan Island-Anchor St","extraBlockID":null,"locationInScheduleDay":31467,"longitude":-122.6197033,"blockID":7236,"offRoute":false,"nextLocID":3197,"vehicleID":2552,"signMessage":"72 Swan Island","extraTripID":null,"nextStopSeq":75,"routeNumber":72,"vehicleLoad":"unknown","bearing":270,"lastStopSeq":74,"inCongestion":false,"delay":-85,"latitude":45.5628098},{"tripID":4413884,"serviceDate":1395730800000,"direction":1,"garage":"POWELL","type":"bus","lastLocID":3249,"messageCode":458,"time":1395762386066,"expires":1395762804000,"signMessageLong":"31  To Milwaukie","extraBlockID":null,"locationInScheduleDay":31573,"longitude":-122.5953422,"blockID":3134,"offRoute":false,"nextLocID":3235,"vehicleID":2555,"signMessage":"31 To Milwaukie","extraTripID":null,"nextStopSeq":9,"routeNumber":31,"vehicleLoad":"unknown","bearing":270,"lastStopSeq":8,"inCongestion":false,"delay":-11,"latitude":45.4479325},{"tripID":4417886,"serviceDate":1395730800000,"direction":0,"garage":"POWELL","type":"bus","lastLocID":13248,"messageCode":766,"time":1395762395475,"expires":1395762813000,"signMessageLong":"72  Killingsworth/82nd to Swan Island-Anchor St","extraBlockID":null,"locationInScheduleDay":32184,"longitude":-122.5690815,"blockID":7242,"offRoute":false,"nextLocID":12922,"vehicleID":2548,"signMessage":"72 Swan Island","extraTripID":null,"nextStopSeq":2,"routeNumber":72,"vehicleLoad":"unknown","bearing":353,"lastStopSeq":1,"inCongestion":false,"delay":591,"latitude":45.4358222},{"tripID":4411320,"serviceDate":1395730800000,"direction":0,"garage":"POWELL","type":"bus","lastLocID":10196,"messageCode":266,"time":1395762382986,"expires":1395762800000,"signMessageLong":"14  Hawthorne to 94th & Foster","extraBlockID":null,"locationInScheduleDay":31584,"longitude":-122.5965241,"blockID":1440,"offRoute":false,"nextLocID":1802,"vehicleID":2308,"signMessage":"14 To 94-Foster","extraTripID":null,"nextStopSeq":35,"routeNumber":14,"vehicleLoad":"unknown","bearing":120,"lastStopSeq":34,"inCongestion":false,"delay":4,"latitude":45.4895492},{"tripID":4417879,"serviceDate":1395730800000,"direction":0,"garage":"POWELL","type":"bus","lastLocID":5890,"messageCode":766,"time":1395762401294,"expires":1395762820000,"signMessageLong":"72  Killingsworth/82nd to Swan Island-Anchor St","extraBlockID":null,"locationInScheduleDay":31616,"longitude":-122.6613758,"blockID":7253,"offRoute":false,"nextLocID":10957,"vehicleID":2318,"signMessage":"72 Swan Island","extraTripID":null,"nextStopSeq":93,"routeNumber":72,"vehicleLoad":"unknown","bearing":0,"lastStopSeq":92,"inCongestion":false,"delay":16,"latitude":45.5624956},{"tripID":4411321,"serviceDate":1395730800000,"direction":0,"garage":"POWELL","type":"bus","lastLocID":2595,"messageCode":266,"time":1395762311326,"expires":1395762730000,"signMessageLong":"14  Hawthorne to 94th & Foster","extraBlockID":null,"locationInScheduleDay":31476,"longitude":-122.6515704,"blockID":1435,"offRoute":false,"nextLocID":2603,"vehicleID":2316,"signMessage":"14 To 94-Foster","extraTripID":null,"nextStopSeq":8,"routeNumber":14,"vehicleLoad":"unknown","bearing":90,"lastStopSeq":7,"inCongestion":false,"delay":-34,"latitude":45.5122065},{"tripID":4419231,"serviceDate":1395730800000,"direction":1,"garage":"CENTER","type":"bus","lastLocID":647,"messageCode":813,"time":1395762395328,"expires":1395762813000,"signMessageLong":"77  Broadway/Halsey to Montgomery Park","extraBlockID":null,"locationInScheduleDay":31531,"longitude":-122.6289796,"blockID":7705,"offRoute":false,"nextLocID":644,"vehicleID":2720,"signMessage":"77 Montgomry Pk","extraTripID":null,"nextStopSeq":72,"routeNumber":77,"vehicleLoad":"unknown","bearing":270,"lastStopSeq":71,"inCongestion":false,"delay":-62,"latitude":45.5351569},{"tripID":4411574,"serviceDate":1395730800000,"direction":1,"garage":"CENTER","type":"bus","lastLocID":3633,"messageCode":268,"time":1395762404309,"expires":1395762822000,"signMessageLong":"14  Hawthorne to Portland","extraBlockID":null,"locationInScheduleDay":31487,"longitude":-122.6635657,"blockID":1404,"offRoute":false,"nextLocID":2642,"vehicleID":2718,"signMessage":"14 To Portland","extraTripID":null,"nextStopSeq":42,"routeNumber":14,"vehicleLoad":"unknown","bearing":270,"lastStopSeq":41,"inCongestion":false,"delay":-115,"latitude":45.512949},{"tripID":4413801,"serviceDate":1395730800000,"direction":0,"garage":"CENTER","type":"bus","lastLocID":7942,"messageCode":456,"time":1395762371096,"expires":1395762790000,"signMessageLong":"31  Clackamas Town Center","extraBlockID":null,"locationInScheduleDay":31574,"longitude":-122.5789879,"blockID":3101,"offRoute":false,"nextLocID":12921,"vehicleID":2714,"signMessage":"31 To Clackamas Town Ctr","extraTripID":null,"nextStopSeq":23,"routeNumber":31,"vehicleLoad":"unknown","bearing":181,"lastStopSeq":22,"inCongestion":false,"delay":4,"latitude":45.4386294},{"tripID":4417173,"serviceDate":1395730800000,"direction":0,"garage":"CENTER","type":"bus","lastLocID":13477,"messageCode":782,"time":1395762382926,"expires":1395762801000,"signMessageLong":"70  12th/NE 33rd Ave to NE Sunderland via 13th & Tacoma","extraBlockID":null,"locationInScheduleDay":31500,"longitude":-122.6407309,"blockID":7007,"offRoute":false,"nextLocID":8225,"vehicleID":2709,"signMessage":"70 To Sunderland via 13th","extraTripID":null,"nextStopSeq":2,"routeNumber":70,"vehicleLoad":"unknown","bearing":81,"lastStopSeq":1,"inCongestion":false,"delay":-81,"latitude":45.4448667},{"tripID":4417324,"serviceDate":1395730800000,"direction":1,"garage":"CENTER","type":"bus","lastLocID":8304,"messageCode":788,"time":1395762278334,"expires":1395762695000,"signMessageLong":"70  12th/NE 33rd Ave to Milwaukie","extraBlockID":null,"locationInScheduleDay":31315,"longitude":-122.6418046,"blockID":7001,"offRoute":false,"nextLocID":8507,"vehicleID":2704,"signMessage":"70 To Milwaukie","extraTripID":null,"nextStopSeq":10,"routeNumber":70,"vehicleLoad":"unknown","bearing":107,"lastStopSeq":9,"inCongestion":false,"delay":-160,"latitude":45.576067},{"tripID":4417171,"serviceDate":1395730800000,"direction":0,"garage":"CENTER","type":"bus","lastLocID":7107,"messageCode":783,"time":1395762395271,"expires":1395762814000,"signMessageLong":"70  33rd Ave to NE Sunderland","extraBlockID":null,"locationInScheduleDay":31649,"longitude":-122.6448489,"blockID":7003,"offRoute":false,"nextLocID":7138,"vehicleID":2705,"signMessage":"70 To Sunderlnd","extraTripID":null,"nextStopSeq":42,"routeNumber":70,"vehicleLoad":"unknown","bearing":0,"lastStopSeq":41,"inCongestion":false,"delay":55,"latitude":45.5328012},{"tripID":4417323,"serviceDate":1395730800000,"direction":1,"garage":"CENTER","type":"bus","lastLocID":8937,"messageCode":789,"time":1395762326289,"expires":1395762743000,"signMessageLong":"70  12th Ave to Milwaukie via 17th & Tacoma","extraBlockID":null,"locationInScheduleDay":31584,"longitude":-122.654541,"blockID":7004,"offRoute":false,"nextLocID":6583,"vehicleID":2701,"signMessage":"70 To Milw via 17","extraTripID":null,"nextStopSeq":45,"routeNumber":70,"vehicleLoad":"unknown","bearing":163,"lastStopSeq":44,"inCongestion":false,"delay":61,"latitude":45.5294009},{"tripID":4419094,"serviceDate":1395730800000,"direction":0,"garage":"CENTER","type":"bus","lastLocID":10747,"messageCode":809,"time":1395762380382,"expires":1395762797000,"signMessageLong":"77  Broadway/Halsey to Troutdale","extraBlockID":null,"locationInScheduleDay":31559,"longitude":-122.5585797,"blockID":7704,"offRoute":false,"nextLocID":2356,"vehicleID":2614,"signMessage":"77 To Troutdale","extraTripID":null,"nextStopSeq":57,"routeNumber":77,"vehicleLoad":"unknown","bearing":89,"lastStopSeq":56,"inCongestion":false,"delay":-18,"latitude":45.5335425},{"tripID":4411576,"serviceDate":1395730800000,"direction":1,"garage":"CENTER","type":"bus","lastLocID":2632,"messageCode":268,"time":1395762356150,"expires":1395762772000,"signMessageLong":"14  Hawthorne to Portland","extraBlockID":null,"locationInScheduleDay":31614,"longitude":-122.6193678,"blockID":1401,"offRoute":false,"nextLocID":2629,"vehicleID":2608,"signMessage":"14 To Portland","extraTripID":null,"nextStopSeq":27,"routeNumber":14,"vehicleLoad":"unknown","bearing":270,"lastStopSeq":26,"inCongestion":false,"delay":62,"latitude":45.5120388},{"tripID":4417325,"serviceDate":1395730800000,"direction":1,"garage":"CENTER","type":"bus","lastLocID":9368,"messageCode":788,"time":1395762377098,"expires":1395762796000,"signMessageLong":"70  12th/NE 33rd Ave to Milwaukie","extraBlockID":null,"locationInScheduleDay":31576,"longitude":-122.6357648,"blockID":7010,"offRoute":false,"nextLocID":9414,"vehicleID":2623,"signMessage":"70 To Milwaukie","extraTripID":null,"nextStopSeq":2,"routeNumber":70,"vehicleLoad":"unknown","bearing":180,"lastStopSeq":1,"inCongestion":false,"delay":0,"latitude":45.5898735},{"tripID":4419229,"serviceDate":1395730800000,"direction":1,"garage":"CENTER","type":"bus","lastLocID":8483,"messageCode":813,"time":1395762386032,"expires":1395762804000,"signMessageLong":"77  Broadway/Halsey to Montgomery Park","extraBlockID":null,"locationInScheduleDay":31362,"longitude":-122.7069345,"blockID":7707,"offRoute":false,"nextLocID":8484,"vehicleID":2653,"signMessage":"77 Montgomry Pk","extraTripID":null,"nextStopSeq":109,"routeNumber":77,"vehicleLoad":"unknown","bearing":178,"lastStopSeq":108,"inCongestion":false,"delay":0,"latitude":45.5377966},{"tripID":4417172,"serviceDate":1395730800000,"direction":0,"garage":"CENTER","type":"bus","lastLocID":6893,"messageCode":780,"time":1395762398136,"expires":1395762816000,"signMessageLong":"70  12th/NE 33rd Ave to NE Sunderland","extraBlockID":null,"locationInScheduleDay":31426,"longitude":-122.6483562,"blockID":7009,"offRoute":false,"nextLocID":6863,"vehicleID":2626,"signMessage":"70 To Sunderlnd","extraTripID":null,"nextStopSeq":19,"routeNumber":70,"vehicleLoad":"unknown","bearing":0,"lastStopSeq":18,"inCongestion":false,"delay":-170,"latitude":45.4899113},{"tripID":4419228,"serviceDate":1395730800000,"direction":1,"garage":"CENTER","type":"bus","lastLocID":8483,"messageCode":813,"time":1395762386045,"expires":1395762805000,"signMessageLong":"77  Broadway/Halsey to Montgomery Park","extraBlockID":null,"locationInScheduleDay":30400,"longitude":-122.7069345,"blockID":7703,"offRoute":false,"nextLocID":8484,"vehicleID":2630,"signMessage":"77 Montgomry Pk","extraTripID":null,"nextStopSeq":109,"routeNumber":77,"vehicleLoad":"unknown","bearing":178,"lastStopSeq":108,"inCongestion":false,"delay":0,"latitude":45.5377966},{"tripID":4419233,"serviceDate":1395730800000,"direction":1,"garage":"CENTER","type":"bus","lastLocID":2399,"messageCode":813,"time":1395762380362,"expires":1395762797000,"signMessageLong":"77  Broadway/Halsey to Montgomery Park","extraBlockID":null,"locationInScheduleDay":31562,"longitude":-122.4861403,"blockID":7706,"offRoute":false,"nextLocID":2398,"vehicleID":2632,"signMessage":"77 Montgomry Pk","extraTripID":null,"nextStopSeq":25,"routeNumber":77,"vehicleLoad":"unknown","bearing":270,"lastStopSeq":24,"inCongestion":false,"delay":-15,"latitude":45.5347009},{"tripID":4418206,"serviceDate":1395730800000,"direction":1,"garage":"POWELL","type":"bus","lastLocID":7937,"messageCode":760,"time":1395762382918,"expires":1395762802000,"signMessageLong":"72  Killingsworth/82nd to Clackamas TC","extraBlockID":null,"locationInScheduleDay":31571,"longitude":-122.5790778,"blockID":7237,"offRoute":false,"nextLocID":7931,"vehicleID":3004,"signMessage":"72 Clackamas TC","extraTripID":null,"nextStopSeq":71,"routeNumber":72,"vehicleLoad":"unknown","bearing":179,"lastStopSeq":70,"inCongestion":false,"delay":-11,"latitude":45.5229217},{"tripID":4417878,"serviceDate":1395730800000,"direction":0,"garage":"POWELL","type":"bus","lastLocID":2161,"messageCode":766,"time":1395762359199,"expires":1395762777000,"signMessageLong":"72  Killingsworth/82nd to Swan Island-Anchor St","extraBlockID":null,"locationInScheduleDay":31696,"longitude":-122.7019321,"blockID":7251,"offRoute":false,"nextLocID":115,"vehicleID":3003,"signMessage":"72 Swan Island","extraTripID":null,"nextStopSeq":108,"routeNumber":72,"vehicleLoad":"unknown","bearing":307,"lastStopSeq":107,"inCongestion":false,"delay":0,"latitude":45.5572096},{"tripID":4418209,"serviceDate":1395730800000,"direction":1,"garage":"POWELL","type":"bus","lastLocID":3169,"messageCode":760,"time":1395762368158,"expires":1395762787000,"signMessageLong":"72  Killingsworth/82nd to Clackamas TC","extraBlockID":null,"locationInScheduleDay":31528,"longitude":-122.6816809,"blockID":7241,"offRoute":false,"nextLocID":3173,"vehicleID":3048,"signMessage":"72 Clackamas TC","extraTripID":null,"nextStopSeq":13,"routeNumber":72,"vehicleLoad":"unknown","bearing":90,"lastStopSeq":12,"inCongestion":false,"delay":-39,"latitude":45.5626669},{"tripID":4417885,"serviceDate":1395730800000,"direction":0,"garage":"POWELL","type":"bus","lastLocID":12922,"messageCode":766,"time":1395762380248,"expires":1395762799000,"signMessageLong":"72  Killingsworth/82nd to Swan Island-Anchor St","extraBlockID":null,"locationInScheduleDay":31620,"longitude":-122.5740057,"blockID":7235,"offRoute":false,"nextLocID":7941,"vehicleID":3053,"signMessage":"72 Swan Island","extraTripID":null,"nextStopSeq":3,"routeNumber":72,"vehicleLoad":"unknown","bearing":271,"lastStopSeq":2,"inCongestion":false,"delay":41,"latitude":45.4374107},{"tripID":4418207,"serviceDate":1395730800000,"direction":1,"garage":"POWELL","type":"bus","lastLocID":8025,"messageCode":760,"time":1395762380238,"expires":1395762797000,"signMessageLong":"72  Killingsworth/82nd to Clackamas TC","extraBlockID":null,"locationInScheduleDay":31626,"longitude":-122.5786405,"blockID":7245,"offRoute":false,"nextLocID":8038,"vehicleID":3052,"signMessage":"72 Clackamas TC","extraTripID":null,"nextStopSeq":55,"routeNumber":72,"vehicleLoad":"unknown","bearing":180,"lastStopSeq":54,"inCongestion":false,"delay":49,"latitude":45.5549956},{"tripID":4418210,"serviceDate":1395730800000,"direction":1,"garage":"POWELL","type":"bus","lastLocID":115,"messageCode":760,"time":1395762398034,"expires":1395762815000,"signMessageLong":"72  Killingsworth/82nd to Clackamas TC","extraBlockID":null,"locationInScheduleDay":31595,"longitude":-122.703865,"blockID":7234,"offRoute":false,"nextLocID":8681,"vehicleID":3054,"signMessage":"72 Clackamas TC","extraTripID":null,"nextStopSeq":2,"routeNumber":72,"vehicleLoad":"unknown","bearing":159,"lastStopSeq":1,"inCongestion":false,"delay":0,"latitude":45.5567629},{"tripID":4419234,"serviceDate":1395730800000,"direction":1,"garage":"POWELL","type":"bus","lastLocID":2423,"messageCode":813,"time":1395762395325,"expires":1395762812000,"signMessageLong":"77  Broadway/Halsey to Montgomery Park","extraBlockID":null,"locationInScheduleDay":31729,"longitude":-122.4141945,"blockID":7734,"offRoute":false,"nextLocID":2333,"vehicleID":3046,"signMessage":"77 Montgomry Pk","extraTripID":null,"nextStopSeq":8,"routeNumber":77,"vehicleLoad":"unknown","bearing":259,"lastStopSeq":7,"inCongestion":false,"delay":137,"latitude":45.537689},{"tripID":4419095,"serviceDate":1395730800000,"direction":0,"garage":"POWELL","type":"bus","lastLocID":642,"messageCode":809,"time":1395762382919,"expires":1395762802000,"signMessageLong":"77  Broadway/Halsey to Troutdale","extraBlockID":null,"locationInScheduleDay":31597,"longitude":-122.6329401,"blockID":7738,"offRoute":false,"nextLocID":645,"vehicleID":3035,"signMessage":"77 To Troutdale","extraTripID":null,"nextStopSeq":32,"routeNumber":77,"vehicleLoad":"unknown","bearing":90,"lastStopSeq":31,"inCongestion":false,"delay":15,"latitude":45.5351604},{"tripID":4417877,"serviceDate":1395730800000,"direction":0,"garage":"POWELL","type":"bus","lastLocID":3161,"messageCode":766,"time":1395762353219,"expires":1395762771000,"signMessageLong":"72  Killingsworth/82nd to Swan Island-Anchor St","extraBlockID":null,"locationInScheduleDay":31654,"longitude":-122.6951786,"blockID":7243,"offRoute":false,"nextLocID":3167,"vehicleID":3025,"signMessage":"72 Swan Island","extraTripID":null,"nextStopSeq":104,"routeNumber":72,"vehicleLoad":"unknown","bearing":270,"lastStopSeq":103,"inCongestion":false,"delay":103,"latitude":45.5627447},{"tripID":4419096,"serviceDate":1395730800000,"direction":0,"garage":"CENTER","type":"bus","lastLocID":1611,"messageCode":809,"time":1395762395343,"expires":1395762813000,"signMessageLong":"77  Broadway/Halsey to Troutdale","extraBlockID":null,"locationInScheduleDay":31516,"longitude":-122.6876123,"blockID":7702,"offRoute":false,"nextLocID":1608,"vehicleID":2005,"signMessage":"77 To Troutdale","extraTripID":null,"nextStopSeq":13,"routeNumber":77,"vehicleLoad":"unknown","bearing":88,"lastStopSeq":12,"inCongestion":false,"delay":-77,"latitude":45.5250084}],"queryTime":1395762409118}}
