{"resultSet":{"vehicle":[{"tripID":4411577,"serviceDate":1395730800000,"direction":1,"garage":"POWELL","type":"bus","lastLocID":12948,"messageCode":268,"time":1395761843249,"expires":1395762261000,"signMessageLong":"14  Hawthorne to Portland","extraBlockID":null,"locationInScheduleDay":31166,"longitude":-122.5880812,"blockID":1436,"offRoute":false,"nextLocID":1811,"vehicleID":2206,"signMessage":"14 To Portland","extraTripID":null,"nextStopSeq":9,"routeNumber":14,"vehicleLoad":"unknown","bearing":296,"lastStopSeq":8,"inCongestion":false,"delay":125,"latitude":45.4861257},{"tripID":4419232,"serviceDate":1395730800000,"direction":1,"garage":"POWELL","type":"bus","lastLocID":2365,"messageCode":813,"time":1395761843274,"expires":1395762260000,"signMessageLong":"77  Broadway/Halsey to Montgomery Park","extraBlockID":null,"locationInScheduleDay":31001,"longitude":-122.5422988,"blockID":7735,"offRoute":false,"nextLocID":2361,"vehicleID":2222,"signMessage":"77 Montgomry Pk","extraTripID":null,"nextStopSeq":41,"routeNumber":77,"vehicleLoad":"unknown","bearing":269,"lastStopSeq":40,"inCongestion":false,"delay":-39,"latitude":45.533532},{"tripID":4419092,"serviceDate":1395730800000,"direction":0,"garage":"POWELL","type":"bus","lastLocID":9472,"messageCode":809,"time":1395761852167,"expires":1395762270000,"signMessageLong":"77  Broadway/Halsey to Troutdale","extraBlockID":null,"locationInScheduleDay":31195,"longitude":-122.3986988,"blockID":7736,"offRoute":false,"nextLocID":9481,"vehicleID":2221,"signMessage":"77 To Troutdale","extraTripID":null,"nextStopSeq":102,"routeNumber":77,"vehicleLoad":"unknown","bearing":83,"lastStopSeq":101,"inCongestion":false,"delay":0,"latitude":45.5443317},{"tripID":4411578,"serviceDate":1395730800000,"direction":1,"garage":"POWELL","type":"bus","lastLocID":1831,"messageCode":268,"time":1395761855825,"expires":1395762273000,"signMessageLong":"14  Hawthorne to Portland","extraBlockID":null,"locationInScheduleDay":31053,"longitude":-122.5662917,"blockID":1438,"offRoute":false,"nextLocID":13236,"vehicleID":2220,"signMessage":"14 To Portland","extraTripID":null,"nextStopSeq":2,"routeNumber":14,"vehicleLoad":"unknown","bearing":291,"lastStopSeq":1,"inCongestion":false,"delay":0,"latitude":45.4791765},{"tripID":4411575,"serviceDate":1395730800000,"direction":1,"garage":"POWELL","type":"bus","lastLocID":2632,"messageCode":268,"time":1395761861364,"expires":1395762278000,"signMessageLong":"14  Hawthorne to Portland","extraBlockID":null,"locationInScheduleDay":31193,"longitude":-122.6193087,"blockID":1437,"offRoute":false,"nextLocID":2629,"vehicleID":2270,"signMessage":"14 To Portland","extraTripID":null,"nextStopSeq":27,"routeNumber":14,"vehicleLoad":"unknown","bearing":270,"lastStopSeq":26,"inCongestion":false,"delay":135,"latitude":45.5120387},{"tripID":4417884,"serviceDate":1395730800000,"direction":0,"garage":"POWELL","type":"bus","lastLocID":12922,"messageCode":766,"time":1395761858557,"expires":1395762275000,"signMessageLong":"72  Killingsworth/82nd to Swan Island-Anchor St","extraBlockID":null,"locationInScheduleDay":31028,"longitude":-122.574738,"blockID":7247,"offRoute":false,"nextLocID":7941,"vehicleID":2250,"signMessage":"72 Swan Island","extraTripID":null,"nextStopSeq":3,"routeNumber":72,"vehicleLoad":"unknown","bearing":246,"lastStopSeq":2,"inCongestion":false,"delay":-27,"latitude":45.437392},{"tripID":4417876,"serviceDate":1395730800000,"direction":0,"garage":"POWELL","type":"bus","lastLocID":3161,"messageCode":766,"time":1395761843278,"expires":1395762260000,"signMessageLong":"72  Killingsworth/82nd to Swan Island-Anchor St","extraBlockID":null,"locationInScheduleDay":30991,"longitude":-122.694955,"blockID":7250,"offRoute":false,"nextLocID":3167,"vehicleID":2242,"signMessage":"72 Swan Island","extraTripID":null,"nextStopSeq":104,"routeNumber":72,"vehicleLoad":"unknown","bearing":269,"lastStopSeq":103,"inCongestion":false,"delay":-49,"latitude":45.5627446},{"tripID":4417882,"serviceDate":1395730800000,"direction":0,"garage":"POWELL","type":"bus","lastLocID":8061,"messageCode":766,"time":1395761852171,"expires":1395762270000,"signMessageLong":"72  Killingsworth/82nd to Swan Island-Anchor St","extraBlockID":null,"locationInScheduleDay":31009,"longitude":-122.5787135,"blockID":7246,"offRoute":false,"nextLocID":7947,"vehicleID":2296,"signMessage":"72 Swan Island","extraTripID":null,"nextStopSeq":32,"routeNumber":72,"vehicleLoad":"unknown","bearing":0,"lastStopSeq":31,"inCongestion":false,"delay":-41,"latitude":45.5021889},{"tripID":4419093,"serviceDate":1395730800000,"direction":0,"garage":"POWELL","type":"bus","lastLocID":2378,"messageCode":809,"time":1395761825583,"expires":1395762242000,"signMessageLong":"77  Broadway/Halsey to Troutdale","extraBlockID":null,"locationInScheduleDay":30952,"longitude":-122.5212965,"blockID":7737,"offRoute":false,"nextLocID":2380,"vehicleID":2285,"signMessage":"77 To Troutdale","extraTripID":null,"nextStopSeq":67,"routeNumber":77,"vehicleLoad":"unknown","bearing":88,"lastStopSeq":66,"inCongestion":false,"delay":-70,"latitude":45.5336072},{"tripID":4418205,"serviceDate":1395730800000,"direction":1,"garage":"POWELL","type":"bus","lastLocID":7958,"messageCode":760,"time":1395761855902,"expires":1395762273000,"signMessageLong":"72  Killingsworth/82nd to Clackamas TC","extraBlockID":null,"locationInScheduleDay":31113,"longitude":-122.5786978,"blockID":7252,"offRoute":false,"nextLocID":7948,"vehicleID":2283,"signMessage":"72 Clackamas TC","extraTripID":null,"nextStopSeq":80,"routeNumber":72,"vehicleLoad":"unknown","bearing":180,"lastStopSeq":79,"inCongestion":false,"delay":60,"latitude":45.5050686},{"tripID":4418204,"serviceDate":1395730800000,"direction":1,"garage":"POWELL","type":"bus","lastLocID":8013,"messageCode":760,"time":1395761846538,"expires":1395762264000,"signMessageLong":"72  Killingsworth/82nd to Clackamas TC","extraBlockID":null,"locationInScheduleDay":31078,"longitude":-122.5790551,"blockID":7244,"offRoute":false,"nextLocID":7963,"vehicleID":2276,"signMessage":"72 Clackamas TC","extraTripID":null,"nextStopSeq":97,"routeNumber":72,"vehicleLoad":"unknown","bearing":179,"lastStopSeq":96,"inCongestion":false,"delay":34,"latitude":45.4690049},{"tripID":4411319,"serviceDate":1395730800000,"direction":0,"garage":"POWELL","type":"bus","lastLocID":6398,"messageCode":266,"time":1395761840623,"expires":1395762257000,"signMessageLong":"14  Hawthorne to 94th & Foster","extraBlockID":null,"locationInScheduleDay":31028,"longitude":-122.5634725,"blockID":1439,"offRoute":false,"nextLocID":8134,"vehicleID":2275,"signMessage":"14 To 94-Foster","extraTripID":null,"nextStopSeq":48,"routeNumber":14,"vehicleLoad":"unknown","bearing":359,"lastStopSeq":47,"inCongestion":false,"delay":-9,"latitude":45.477868},{"tripID":4413883,"serviceDate":1395730800000,"direction":1,"garage":"CENTER","type":"bus","lastLocID":13488,"messageCode":466,"time":1395761858192,"expires":1395762277000,"signMessageLong":"31  Portland","extraBlockID":null,"locationInScheduleDay":31215,"longitude":-122.6607846,"blockID":3003,"offRoute":false,"nextLocID":2171,"vehicleID":2119,"signMessage":"31 To Portland","extraTripID":null,"nextStopSeq":35,"routeNumber":31,"vehicleLoad":"unknown","bearing":358,"lastStopSeq":34,"inCongestion":false,"delay":158,"latitude":45.5038269},{"tripID":4417322,"serviceDate":1395730800000,"direction":1,"garage":"CENTER","type":"bus","lastLocID":8937,"messageCode":790,"time":1395761843178,"expires":1395762260000,"signMessageLong":"70  12th Ave to Milwaukie via 13th & Tacoma","extraBlockID":null,"locationInScheduleDay":30587,"longitude":-122.6538727,"blockID":7006,"offRoute":false,"nextLocID":6583,"vehicleID":2150,"signMessage":"70 To Milw via 13","extraTripID":null,"nextStopSeq":45,"routeNumber":70,"vehicleLoad":"unknown","bearing":68,"lastStopSeq":44,"inCongestion":false,"delay":-453,"latitude":45.5292},{"tripID":4417170,"serviceDate":1395730800000,"direction":0,"garage":"CENTER","type":"bus","lastLocID":7375,"messageCode":783,"time":1395761840532,"expires":1395762259000,"signMessageLong":"70  33rd Ave to NE Sunderland","extraBlockID":null,"locationInScheduleDay":30981,"longitude":-122.6306976,"blockID":7008,"offRoute":false,"nextLocID":7364,"vehicleID":2506,"signMessage":"70 To Sunderlnd","extraTripID":null,"nextStopSeq":56,"routeNumber":70,"vehicleLoad":"unknown","bearing":0,"lastStopSeq":55,"inCongestion":false,"delay":-58,"latitude":45.5569246},{"tripID":4417881,"serviceDate":1395730800000,"direction":0,"garage":"POWELL","type":"bus","lastLocID":8010,"messageCode":766,"time":1395761861304,"expires":1395762279000,"signMessageLong":"72  Killingsworth/82nd to Swan Island-Anchor St","extraBlockID":null,"locationInScheduleDay":31059,"longitude":-122.5790371,"blockID":7238,"offRoute":false,"nextLocID":7999,"vehicleID":2527,"signMessage":"72 Swan Island","extraTripID":null,"nextStopSeq":48,"routeNumber":72,"vehicleLoad":"unknown","bearing":0,"lastStopSeq":47,"inCongestion":false,"delay":0,"latitude":45.5326608},{"tripID":4417321,"serviceDate":1395730800000,"direction":1,"garage":"CENTER","type":"bus","lastLocID":6903,"messageCode":791,"time":1395761846443,"expires":1395762263000,"signMessageLong":"70  To Milwaukie","extraBlockID":null,"locationInScheduleDay":31240,"longitude":-122.6439678,"blockID":7002,"offRoute":false,"nextLocID":6872,"vehicleID":2524,"signMessage":"70 To Milwaukie","extraTripID":null,"nextStopSeq":78,"routeNumber":70,"vehicleLoad":"unknown","bearing":162,"lastStopSeq":77,"inCongestion":false,"delay":197,"latitude":45.4487273},{"tripID":4411571,"serviceDate":1395730800000,"direction":1,"garage":"CENTER","type":"bus","lastLocID":3633,"messageCode":268,"time":1395761846448,"expires":1395762264000,"signMessageLong":"14  Hawthorne to Portland","extraBlockID":null,"locationInScheduleDay":30218,"longitude":-122.6630806,"blockID":1405,"offRoute":false,"nextLocID":2642,"vehicleID":2520,"signMessage":"14 To Portland","extraTripID":null,"nextStopSeq":42,"routeNumber":14,"vehicleLoad":"unknown","bearing":270,"lastStopSeq":41,"inCongestion":false,"delay":-826,"latitude":45.5129477},{"tripID":4419230,"serviceDate":1395730800000,"direction":1,"garage":"CENTER","type":"bus","lastLocID":10867,"messageCode":813,"time":1395761840558,"expires":1395762258000,"signMessageLong":"77  Broadway/Halsey to Montgomery Park","extraBlockID":null,"locationInScheduleDay":31085,"longitude":-122.6568012,"blockID":7701,"offRoute":false,"nextLocID":10876,"vehicleID":2512,"signMessage":"77 Montgomry Pk","extraTripID":null,"nextStopSeq":83,"routeNumber":77,"vehicleLoad":"unknown","bearing":270,"lastStopSeq":82,"inCongestion":false,"delay":47,"latitude":45.5314954},{"tripID":4418208,"serviceDate":1395730800000,"direction":1,"garage":"POWELL","type":"bus","lastLocID":5927,"messageCode":760,"time":1395761846458,"expires":1395762262000,"signMessageLong":"72  Killingsworth/82nd to Clackamas TC","extraBlockID":null,"locationInScheduleDay":31131,"longitude":-122.6615656,"blockID":7239,"offRoute":false,"nextLocID":46,"vehicleID":2540,"signMessage":"72 Clackamas TC","extraTripID":null,"nextStopSeq":21,"routeNumber":72,"vehicleLoad":"unknown","bearing":180,"lastStopSeq":20,"inCongestion":false,"delay":89,"latitude":45.5592581},{"tripID":4417883,"serviceDate":1395730800000,"direction":0,"garage":"POWELL","type":"bus","lastLocID":7960,"messageCode":766,"time":1395761825451,"expires":1395762243000,"signMessageLong":"72  Killingsworth/82nd to Swan Island-Anchor St","extraBlockID":null,"locationInScheduleDay":31089,"longitude":-122.5790962,"blockID":7240,"offRoute":false,"nextLocID":8057,"vehicleID":2533,"signMessage":"72 Swan Island","extraTripID":null,"nextStopSeq":19,"routeNumber":72,"vehicleLoad":"unknown","bearing":0,"lastStopSeq":18,"inCongestion":false,"delay":66,"latitude":45.4757332},{"tripID":4417880,"serviceDate":1395730800000,"direction":0,"garage":"POWELL","type":"bus","lastLocID":8039,"messageCode":766,"time":1395761856102,"expires":1395762272000,"signMessageLong":"72  Killingsworth/82nd to Swan Island-Anchor St","extraBlockID":null,"locationInScheduleDay":30955,"longitude":-122.5786387,"blockID":7236,"offRoute":false,"nextLocID":8026,"vehicleID":2552,"signMessage":"72 Swan Island","extraTripID":null,"nextStopSeq":59,"routeNumber":72,"vehicleLoad":"unknown","bearing":0,"lastStopSeq":58,"inCongestion":false,"delay":-97,"latitude":45.5550991},{"tripID":4418203,"serviceDate":1395730800000,"direction":1,"garage":"POWELL","type":"bus","lastLocID":12921,"messageCode":760,"time":1395761856126,"expires":1395762274000,"signMessageLong":"72  Killingsworth/82nd to Clackamas TC","extraBlockID":null,"locationInScheduleDay":31037,"longitude":-122.5702064,"blockID":7242,"offRoute":false,"nextLocID":13247,"vehicleID":2548,"signMessage":"72 Clackamas TC","extraTripID":null,"nextStopSeq":111,"routeNumber":72,"vehicleLoad":"unknown","bearing":91,"lastStopSeq":110,"inCongestion":false,"delay":0,"latitude":45.4371905},{"tripID":4411320,"serviceDate":1395730800000,"direction":0,"garage":"POWELL","type":"bus","lastLocID":2630,"messageCode":266,"time":1395761843359,"expires":1395762260000,"signMessageLong":"14  Hawthorne to 94th & Foster","extraBlockID":null,"locationInScheduleDay":31060,"longitude":-122.6153697,"blockID":1440,"offRoute":false,"nextLocID":2633,"vehicleID":2308,"signMessage":"14 To 94-Foster","extraTripID":null,"nextStopSeq":21,"routeNumber":14,"vehicleLoad":"unknown","bearing":90,"lastStopSeq":20,"inCongestion":false,"delay":20,"latitude":45.512028},{"tripID":4417879,"serviceDate":1395730800000,"direction":0,"garage":"POWELL","type":"bus","lastLocID":3189,"messageCode":766,"time":1395761861432,"expires":1395762280000,"signMessageLong":"72  Killingsworth/82nd to Swan Island-Anchor St","extraBlockID":null,"locationInScheduleDay":31026,"longitude":-122.6340534,"blockID":7253,"offRoute":false,"nextLocID":7328,"vehicleID":2318,"signMessage":"72 Swan Island","extraTripID":null,"nextStopSeq":80,"routeNumber":72,"vehicleLoad":"unknown","bearing":269,"lastStopSeq":79,"inCongestion":false,"delay":-34,"latitude":45.5627186},{"tripID":4411321,"serviceDate":1395730800000,"direction":0,"garage":"POWELL","type":"bus","lastLocID":3639,"messageCode":266,"time":1395761856089,"expires":1395762273000,"signMessageLong":"14  Hawthorne to 94th & Foster","extraBlockID":null,"locationInScheduleDay":31044,"longitude":-122.6771771,"blockID":1435,"offRoute":false,"nextLocID":3635,"vehicleID":2316,"signMessage":"14 To 94-Foster","extraTripID":null,"nextStopSeq":2,"routeNumber":14,"vehicleLoad":"unknown","bearing":111,"lastStopSeq":1,"inCongestion":false,"delay":-9,"latitude":45.5148757},{"tripID":4411573,"serviceDate":1395730800000,"direction":1,"garage":"CENTER","type":"bus","lastLocID":2642,"messageCode":267,"time":1395761843238,"expires":1395762260000,"signMessageLong":"14  Downtown Only","extraBlockID":null,"locationInScheduleDay":31078,"longitude":-122.6672707,"blockID":1403,"offRoute":false,"nextLocID":11956,"vehicleID":2725,"signMessage":"14 Downtown Only","extraTripID":null,"nextStopSeq":43,"routeNumber":14,"vehicleLoad":"unknown","bearing":246,"lastStopSeq":42,"inCongestion":false,"delay":38,"latitude":45.512548},{"tripID":4419231,"serviceDate":1395730800000,"direction":1,"garage":"CENTER","type":"bus","lastLocID":650,"messageCode":813,"time":1395761843231,"expires":1395762260000,"signMessageLong":"77  Broadway/Halsey to Montgomery Park","extraBlockID":null,"locationInScheduleDay":31154,"longitude":-122.6177515,"blockID":7705,"offRoute":false,"nextLocID":7510,"vehicleID":2720,"signMessage":"77 Montgomry Pk","extraTripID":null,"nextStopSeq":67,"routeNumber":77,"vehicleLoad":"unknown","bearing":270,"lastStopSeq":66,"inCongestion":false,"delay":114,"latitude":45.5351286},{"tripID":4411574,"serviceDate":1395730800000,"direction":1,"garage":"CENTER","type":"bus","lastLocID":2613,"messageCode":268,"time":1395761855797,"expires":1395762273000,"signMessageLong":"14  Hawthorne to Portland","extraBlockID":null,"locationInScheduleDay":31028,"longitude":-122.6380008,"blockID":1404,"offRoute":false,"nextLocID":2611,"vehicleID":2718,"signMessage":"14 To Portland","extraTripID":null,"nextStopSeq":34,"routeNumber":14,"vehicleLoad":"unknown","bearing":271,"lastStopSeq":33,"inCongestion":false,"delay":-25,"latitude":45.512083},{"tripID":4413801,"serviceDate":1395730800000,"direction":0,"garage":"CENTER","type":"bus","lastLocID":2575,"messageCode":456,"time":1395761861285,"expires":1395762279000,"signMessageLong":"31  Clackamas Town Center","extraBlockID":null,"locationInScheduleDay":30833,"longitude":-122.6262035,"blockID":3101,"offRoute":false,"nextLocID":2578,"vehicleID":2714,"signMessage":"31 To Clackamas Town Ctr","extraTripID":null,"nextStopSeq":6,"routeNumber":31,"vehicleLoad":"unknown","bearing":88,"lastStopSeq":5,"inCongestion":false,"delay":-226,"latitude":45.446656},{"tripID":4417320,"serviceDate":1395730800000,"direction":1,"garage":"CENTER","type":"bus","lastLocID":6872,"messageCode":791,"time":1395761843210,"expires":1395762261000,"signMessageLong":"70  To Milwaukie","extraBlockID":null,"locationInScheduleDay":30710,"longitude":-122.6414942,"blockID":7007,"offRoute":false,"nextLocID":13477,"vehicleID":2709,"signMessage":"70 To Milwaukie","extraTripID":null,"nextStopSeq":83,"routeNumber":70,"vehicleLoad":"unknown","bearing":168,"lastStopSeq":82,"inCongestion":false,"delay":0,"latitude":45.4448635},{"tripID":4417324,"serviceDate":1395730800000,"direction":1,"garage":"CENTER","type":"bus","lastLocID":9414,"messageCode":788,"time":1395761855737,"expires":1395762272000,"signMessageLong":"70  12th/NE 33rd Ave to Milwaukie","extraBlockID":null,"locationInScheduleDay":31034,"longitude":-122.6319689,"blockID":7001,"offRoute":false,"nextLocID":10450,"vehicleID":2704,"signMessage":"70 To Milwaukie","extraTripID":null,"nextStopSeq":3,"routeNumber":70,"vehicleLoad":"unknown","bearing":179,"lastStopSeq":2,"inCongestion":false,"delay":-18,"latitude":45.5866733},{"tripID":4417171,"serviceDate":1395730800000,"direction":0,"garage":"CENTER","type":"bus","lastLocID":6594,"messageCode":780,"time":1395761846412,"expires":1395762265000,"signMessageLong":"70  12th/NE 33rd Ave to NE Sunderland","extraBlockID":null,"locationInScheduleDay":31118,"longitude":-122.6536406,"blockID":7003,"offRoute":false,"nextLocID":6589,"vehicleID":2705,"signMessage":"70 To Sunderlnd","extraTripID":null,"nextStopSeq":33,"routeNumber":70,"vehicleLoad":"unknown","bearing":0,"lastStopSeq":32,"inCongestion":false,"delay":73,"latitude":45.5192286},{"tripID":4417323,"serviceDate":1395730800000,"direction":1,"garage":"CENTER","type":"bus","lastLocID":7106,"messageCode":788,"time":1395761846406,"expires":1395762262000,"signMessageLong":"70  12th/NE 33rd Ave to Milwaukie","extraBlockID":null,"locationInScheduleDay":31275,"longitude":-122.6448559,"blockID":7004,"offRoute":false,"nextLocID":7126,"vehicleID":2701,"signMessage":"70 To Milwaukie","extraTripID":null,"nextStopSeq":40,"routeNumber":70,"vehicleLoad":"unknown","bearing":180,"lastStopSeq":39,"inCongestion":false,"delay":233,"latitude":45.5319523},{"tripID":4419094,"serviceDate":1395730800000,"direction":0,"garage":"CENTER","type":"bus","lastLocID":2442,"messageCode":809,"time":1395761843353,"expires":1395762259000,"signMessageLong":"77  Broadway/Halsey to Troutdale","extraBlockID":null,"locationInScheduleDay":31037,"longitude":-122.5961655,"blockID":7704,"offRoute":false,"nextLocID":2446,"vehicleID":2614,"signMessage":"77 To Troutdale","extraTripID":null,"nextStopSeq":46,"routeNumber":77,"vehicleLoad":"unknown","bearing":90,"lastStopSeq":45,"inCongestion":false,"delay":-2,"latitude":45.533673},{"tripID":4411576,"serviceDate":1395730800000,"direction":1,"garage":"CENTER","type":"bus","lastLocID":1793,"messageCode":268,"time":1395761855905,"expires":1395762272000,"signMessageLong":"14  Hawthorne to Portland","extraBlockID":null,"locationInScheduleDay":31070,"longitude":-122.6088324,"blockID":1401,"offRoute":false,"nextLocID":7656,"vehicleID":2608,"signMessage":"14 To Portland","extraTripID":null,"nextStopSeq":18,"routeNumber":14,"vehicleLoad":"unknown","bearing":307,"lastStopSeq":17,"inCongestion":false,"delay":18,"latitude":45.495596},{"tripID":4417325,"serviceDate":1395730800000,"direction":1,"garage":"CENTER","type":"bus","lastLocID":9368,"messageCode":788,"time":1395761867241,"expires":1395762286000,"signMessageLong":"70  12th/NE 33rd Ave to Milwaukie","extraBlockID":null,"locationInScheduleDay":31066,"longitude":-122.6357648,"blockID":7010,"offRoute":false,"nextLocID":9414,"vehicleID":2623,"signMessage":"70 To Milwaukie","extraTripID":null,"nextStopSeq":2,"routeNumber":70,"vehicleLoad":"unknown","bearing":180,"lastStopSeq":1,"inCongestion":false,"delay":0,"latitude":45.5898735},{"tripID":4419229,"serviceDate":1395730800000,"direction":1,"garage":"CENTER","type":"bus","lastLocID":7128,"messageCode":813,"time":1395761846520,"expires":1395762264000,"signMessageLong":"77  Broadway/Halsey to Montgomery Park","extraBlockID":null,"locationInScheduleDay":30832,"longitude":-122.6946486,"blockID":7707,"offRoute":false,"nextLocID":7130,"vehicleID":2653,"signMessage":"77 Montgomry Pk","extraTripID":null,"nextStopSeq":98,"routeNumber":77,"vehicleLoad":"unknown","bearing":358,"lastStopSeq":97,"inCongestion":false,"delay":-212,"latitude":45.5322351},{"tripID":4417172,"serviceDate":1395730800000,"direction":0,"garage":"CENTER","type":"bus","lastLocID":6897,"messageCode":781,"time":1395761858663,"expires":1395762277000,"signMessageLong":"70  12th/NE 33rd Ave to NE Sunderland via 17th & Tacoma","extraBlockID":null,"locationInScheduleDay":30937,"longitude":-122.6470579,"blockID":7009,"offRoute":false,"nextLocID":10302,"vehicleID":2626,"signMessage":"70 To Sunderland via 17th","extraTripID":null,"nextStopSeq":9,"routeNumber":70,"vehicleLoad":"unknown","bearing":359,"lastStopSeq":8,"inCongestion":false,"delay":-120,"latitude":45.4634656},{"tripID":4419228,"serviceDate":1395730800000,"direction":1,"garage":"CENTER","type":"bus","lastLocID":8483,"messageCode":813,"time":1395761846553,"expires":1395762264000,"signMessageLong":"77  Broadway/Halsey to Montgomery Park","extraBlockID":null,"locationInScheduleDay":30400,"longitude":-122.7069345,"blockID":7703,"offRoute":false,"nextLocID":8484,"vehicleID":2630,"signMessage":"77 Montgomry Pk","extraTripID":null,"nextStopSeq":109,"routeNumber":77,"vehicleLoad":"unknown","bearing":178,"lastStopSeq":108,"inCongestion":false,"delay":0,"latitude":45.5377966},{"tripID":4419233,"serviceDate":1395730800000,"direction":1,"garage":"CENTER","type":"bus","lastLocID":2417,"messageCode":813,"time":1395761858670,"expires":1395762275000,"signMessageLong":"77  Broadway/Halsey to Montgomery Park","extraBlockID":null,"locationInScheduleDay":31007,"longitude":-122.4326626,"blockID":7706,"offRoute":false,"nextLocID":2342,"vehicleID":2632,"signMessage":"77 Montgomry Pk","extraTripID":null,"nextStopSeq":13,"routeNumber":77,"vehicleLoad":"unknown","bearing":258,"lastStopSeq":12,"inCongestion":false,"delay":-48,"latitude":45.5352078},{"tripID":4418206,"serviceDate":1395730800000,"direction":1,"garage":"POWELL","type":"bus","lastLocID":7966,"messageCode":760,"time":1395761843179,"expires":1395762261000,"signMessageLong":"72  Killingsworth/82nd to Clackamas TC","extraBlockID":null,"locationInScheduleDay":31015,"longitude":-122.5787664,"blockID":7237,"offRoute":false,"nextLocID":7992,"vehicleID":3004,"signMessage":"72 Clackamas TC","extraTripID":null,"nextStopSeq":58,"routeNumber":72,"vehicleLoad":"unknown","bearing":180,"lastStopSeq":57,"inCongestion":false,"delay":-26,"latitude":45.5483456},{"tripID":4417878,"serviceDate":1395730800000,"direction":0,"garage":"POWELL","type":"bus","lastLocID":3170,"messageCode":766,"time":1395761849118,"expires":1395762267000,"signMessageLong":"72  Killingsworth/82nd to Swan Island-Anchor St","extraBlockID":null,"locationInScheduleDay":31177,"longitude":-122.681948,"blockID":7251,"offRoute":false,"nextLocID":3159,"vehicleID":3003,"signMessage":"72 Swan Island","extraTripID":null,"nextStopSeq":100,"routeNumber":72,"vehicleLoad":"unknown","bearing":270,"lastStopSeq":99,"inCongestion":false,"delay":130,"latitude":45.5626672},{"tripID":4418209,"serviceDate":1395730800000,"direction":1,"garage":"POWELL","type":"bus","lastLocID":115,"messageCode":760,"time":1395761861278,"expires":1395762279000,"signMessageLong":"72  Killingsworth/82nd to Clackamas TC","extraBlockID":null,"locationInScheduleDay":31036,"longitude":-122.7028147,"blockID":7241,"offRoute":false,"nextLocID":8681,"vehicleID":3048,"signMessage":"72 Clackamas TC","extraTripID":null,"nextStopSeq":2,"routeNumber":72,"vehicleLoad":"unknown","bearing":95,"lastStopSeq":1,"inCongestion":false,"delay":-23,"latitude":45.5565073},{"tripID":4418207,"serviceDate":1395730800000,"direction":1,"garage":"POWELL","type":"bus","lastLocID":3204,"messageCode":760,"time":1395761855745,"expires":1395762272000,"signMessageLong":"72  Killingsworth/82nd to Clackamas TC","extraBlockID":null,"locationInScheduleDay":31159,"longitude":-122.6085065,"blockID":7245,"offRoute":false,"nextLocID":3208,"vehicleID":3052,"signMessage":"72 Clackamas TC","extraTripID":null,"nextStopSeq":44,"routeNumber":72,"vehicleLoad":"unknown","bearing":89,"lastStopSeq":43,"inCongestion":false,"delay":107,"latitude":45.5627576},{"tripID":4418210,"serviceDate":1395730800000,"direction":1,"garage":"POWELL","type":"bus","lastLocID":115,"messageCode":760,"time":1395761837452,"expires":1395762256000,"signMessageLong":"72  Killingsworth/82nd to Clackamas TC","extraBlockID":null,"locationInScheduleDay":31036,"longitude":-122.703865,"blockID":7234,"offRoute":false,"nextLocID":8681,"vehicleID":3054,"signMessage":"72 Clackamas TC","extraTripID":null,"nextStopSeq":2,"routeNumber":72,"vehicleLoad":"unknown","bearing":159,"lastStopSeq":1,"inCongestion":false,"delay":0,"latitude":45.5567629},{"tripID":4419234,"serviceDate":1395730800000,"direction":1,"garage":"POWELL","type":"bus","lastLocID":9481,"messageCode":813,"time":1395761855796,"expires":1395762272000,"signMessageLong":"77  Broadway/Halsey to Montgomery Park","extraBlockID":null,"locationInScheduleDay":31052,"longitude":-122.3982117,"blockID":7734,"offRoute":false,"nextLocID":9471,"vehicleID":3046,"signMessage":"77 Montgomry Pk","extraTripID":null,"nextStopSeq":2,"routeNumber":77,"vehicleLoad":"unknown","bearing":85,"lastStopSeq":1,"inCongestion":false,"delay":0,"latitude":45.5443612},{"tripID":4419095,"serviceDate":1395730800000,"direction":0,"garage":"POWELL","type":"bus","lastLocID":11817,"messageCode":809,"time":1395761846405,"expires":1395762262000,"signMessageLong":"77  Broadway/Halsey to Troutdale","extraBlockID":null,"locationInScheduleDay":30840,"longitude":-122.6659959,"blockID":7738,"offRoute":false,"nextLocID":13708,"vehicleID":3035,"signMessage":"77 To Troutdale","extraTripID":null,"nextStopSeq":20,"routeNumber":77,"vehicleLoad":"unknown","bearing":86,"lastStopSeq":19,"inCongestion":false,"delay":-202,"latitude":45.5307959},{"tripID":4417877,"serviceDate":1395730800000,"direction":0,"garage":"POWELL","type":"bus","lastLocID":5890,"messageCode":766,"time":1395761843190,"expires":1395762260000,"signMessageLong":"72  Killingsworth/82nd to Swan Island-Anchor St","extraBlockID":null,"locationInScheduleDay":31140,"longitude":-122.6614271,"blockID":7243,"offRoute":false,"nextLocID":10957,"vehicleID":3025,"signMessage":"72 Swan Island","extraTripID":null,"nextStopSeq":93,"routeNumber":72,"vehicleLoad":"unknown","bearing":0,"lastStopSeq":92,"inCongestion":false,"delay":100,"latitude":45.5595755},{"tripID":4419096,"serviceDate":1395730800000,"direction":0,"garage":"CENTER","type":"bus","lastLocID":7168,"messageCode":809,"time":1395761855807,"expires":1395762273000,"signMessageLong":"77  Broadway/Halsey to Troutdale","extraBlockID":null,"locationInScheduleDay":31110,"longitude":-122.6948191,"blockID":7702,"offRoute":false,"nextLocID":10693,"vehicleID":2005,"signMessage":"77 To Troutdale","extraTripID":null,"nextStopSeq":5,"routeNumber":77,"vehicleLoad":"unknown","bearing":88,"lastStopSeq":4,"inCongestion":false,"delay":57,"latitude":45.535571}],"queryTime":1395761869073}}
