{"resultSet":{"vehicle":[{"tripID":4411388,"serviceDate":1395644400000,"direction":0,"garage":"CENTER","type":"bus","lastLocID":1810,"messageCode":266,"time":1395737898114,"expires":1395738317000,"signMessageLong":"14  Hawthorne to 94th & Foster","extraBlockID":null,"locationInScheduleDay":93564,"longitude":-122.5883963,"blockID":1406,"offRoute":false,"nextLocID":1812,"vehicleID":3128,"signMessage":"14 To 94-Foster","extraTripID":null,"nextStopSeq":39,"routeNumber":14,"vehicleLoad":"unknown","bearing":116,"lastStopSeq":38,"inCongestion":false,"delay":67,"latitude":45.4862358}],"queryTime":1395737927799}}
