{"resultSet":{"vehicle":[{"tripID":4411559,"serviceDate":1395730800000,"direction":1,"garage":"POWELL","type":"bus","lastLocID":8242,"messageCode":268,"time":1395753086036,"expires":1395753503000,"signMessageLong":"14  Hawthorne to Portland","extraBlockID":null,"locationInScheduleDay":22322,"longitude":-122.6110229,"blockID":1436,"offRoute":false,"nextLocID":7654,"vehicleID":2206,"signMessage":"14 To Portland","extraTripID":null,"nextStopSeq":21,"routeNumber":14,"vehicleLoad":"unknown","bearing":0,"lastStopSeq":20,"inCongestion":false,"delay":39,"latitude":45.5044245},{"tripID":4419221,"serviceDate":1395730800000,"direction":1,"garage":"POWELL","type":"bus","lastLocID":8481,"messageCode":813,"time":1395753098003,"expires":1395753515000,"signMessageLong":"77  Broadway/Halsey to Montgomery Park","extraBlockID":null,"locationInScheduleDay":22192,"longitude":-122.7105085,"blockID":7735,"offRoute":false,"nextLocID":8482,"vehicleID":2222,"signMessage":"77 Montgomry Pk","extraTripID":null,"nextStopSeq":60,"routeNumber":77,"vehicleLoad":"unknown","bearing":354,"lastStopSeq":59,"inCongestion":false,"delay":-103,"latitude":45.5380819},{"tripID":4419223,"serviceDate":1395730800000,"direction":1,"garage":"POWELL","type":"bus","lastLocID":2386,"messageCode":813,"time":1395753064632,"expires":1395753482000,"signMessageLong":"77  Broadway/Halsey to Montgomery Park","extraBlockID":null,"locationInScheduleDay":22048,"longitude":-122.5116489,"blockID":7736,"offRoute":false,"nextLocID":2384,"vehicleID":2221,"signMessage":"77 Montgomry Pk","extraTripID":null,"nextStopSeq":31,"routeNumber":77,"vehicleLoad":"unknown","bearing":270,"lastStopSeq":30,"inCongestion":false,"delay":-214,"latitude":45.5336656},{"tripID":4413875,"serviceDate":1395730800000,"direction":1,"garage":"POWELL","type":"bus","lastLocID":3837,"messageCode":466,"time":1395753082880,"expires":1395753502000,"signMessageLong":"31  Portland","extraBlockID":null,"locationInScheduleDay":22267,"longitude":-122.6561853,"blockID":3137,"offRoute":false,"nextLocID":13488,"vehicleID":2258,"signMessage":"31 To Portland","extraTripID":null,"nextStopSeq":35,"routeNumber":31,"vehicleLoad":"unknown","bearing":336,"lastStopSeq":34,"inCongestion":false,"delay":-15,"latitude":45.49225},{"tripID":4419224,"serviceDate":1395730800000,"direction":1,"garage":"POWELL","type":"bus","lastLocID":2342,"messageCode":813,"time":1395753094875,"expires":1395753511000,"signMessageLong":"77  Broadway/Halsey to Montgomery Park","extraBlockID":null,"locationInScheduleDay":22320,"longitude":-122.4340101,"blockID":7737,"offRoute":false,"nextLocID":2437,"vehicleID":2285,"signMessage":"77 Montgomry Pk","extraTripID":null,"nextStopSeq":14,"routeNumber":77,"vehicleLoad":"unknown","bearing":252,"lastStopSeq":13,"inCongestion":false,"delay":29,"latitude":45.5350001},{"tripID":4417163,"serviceDate":1395730800000,"direction":0,"garage":"CENTER","type":"bus","lastLocID":4539,"messageCode":780,"time":1395753079809,"expires":1395753499000,"signMessageLong":"70  12th/NE 33rd Ave to NE Sunderland","extraBlockID":null,"locationInScheduleDay":22274,"longitude":-122.6537349,"blockID":7005,"offRoute":false,"nextLocID":6578,"vehicleID":2132,"signMessage":"70 To Sunderlnd","extraTripID":null,"nextStopSeq":27,"routeNumber":70,"vehicleLoad":"unknown","bearing":0,"lastStopSeq":26,"inCongestion":false,"delay":-5,"latitude":45.5043868},{"tripID":4413797,"serviceDate":1395730800000,"direction":0,"garage":"CENTER","type":"bus","lastLocID":8225,"messageCode":457,"time":1395753055906,"expires":1395753473000,"signMessageLong":"31  Clackamas Town Center, continuing to Estacada","extraBlockID":null,"locationInScheduleDay":22212,"longitude":-122.6405331,"blockID":3003,"offRoute":false,"nextLocID":2569,"vehicleID":2119,"signMessage":"31 To Estacada via Clackamas","extraTripID":null,"nextStopSeq":2,"routeNumber":31,"vehicleLoad":"unknown","bearing":346,"lastStopSeq":1,"inCongestion":false,"delay":-41,"latitude":45.4455849},{"tripID":4417313,"serviceDate":1395730800000,"direction":1,"garage":"CENTER","type":"bus","lastLocID":6553,"messageCode":738,"time":1395753106700,"expires":1395753525000,"signMessageLong":"70  12th Ave to Milwaukie via 13th & Tacoma","extraBlockID":null,"locationInScheduleDay":22289,"longitude":-122.6547467,"blockID":7006,"offRoute":false,"nextLocID":6545,"vehicleID":2150,"signMessage":"70 To Milwaukie","extraTripID":null,"nextStopSeq":12,"routeNumber":70,"vehicleLoad":"unknown","bearing":180,"lastStopSeq":11,"inCongestion":false,"delay":-16,"latitude":45.5051984},{"tripID":4417865,"serviceDate":1395730800000,"direction":0,"garage":"POWELL","type":"bus","lastLocID":10957,"messageCode":768,"time":1395753097970,"expires":1395753514000,"signMessageLong":"72  Killingsworth/82nd to Swan Island-Shipyards","extraBlockID":null,"locationInScheduleDay":22083,"longitude":-122.6625046,"blockID":7238,"offRoute":false,"nextLocID":3187,"vehicleID":2527,"signMessage":"72 Swan Island","extraTripID":null,"nextStopSeq":94,"routeNumber":72,"vehicleLoad":"unknown","bearing":270,"lastStopSeq":93,"inCongestion":false,"delay":-211,"latitude":45.562737},{"tripID":4417312,"serviceDate":1395730800000,"direction":1,"garage":"CENTER","type":"bus","lastLocID":6896,"messageCode":791,"time":1395753071012,"expires":1395753488000,"signMessageLong":"70  To Milwaukie","extraBlockID":null,"locationInScheduleDay":22080,"longitude":-122.6470529,"blockID":7002,"offRoute":false,"nextLocID":6900,"vehicleID":2524,"signMessage":"70 To Milwaukie","extraTripID":null,"nextStopSeq":73,"routeNumber":70,"vehicleLoad":"unknown","bearing":179,"lastStopSeq":72,"inCongestion":false,"delay":-188,"latitude":45.4644562},{"tripID":4419087,"serviceDate":1395730800000,"direction":0,"garage":"CENTER","type":"bus","lastLocID":1612,"messageCode":809,"time":1395753094810,"expires":1395753512000,"signMessageLong":"77  Broadway/Halsey to Troutdale","extraBlockID":null,"locationInScheduleDay":22662,"longitude":-122.6665859,"blockID":7701,"offRoute":false,"nextLocID":11817,"vehicleID":2512,"signMessage":"77 To Troutdale","extraTripID":null,"nextStopSeq":19,"routeNumber":77,"vehicleLoad":"unknown","bearing":34,"lastStopSeq":18,"inCongestion":false,"delay":370,"latitude":45.5303556},{"tripID":4418192,"serviceDate":1395730800000,"direction":1,"garage":"POWELL","type":"bus","lastLocID":7980,"messageCode":760,"time":1395753086019,"expires":1395753503000,"signMessageLong":"72  Killingsworth/82nd to Clackamas TC","extraBlockID":null,"locationInScheduleDay":22152,"longitude":-122.5786939,"blockID":7239,"offRoute":false,"nextLocID":8008,"vehicleID":2540,"signMessage":"72 Clackamas TC","extraTripID":null,"nextStopSeq":77,"routeNumber":72,"vehicleLoad":"unknown","bearing":179,"lastStopSeq":76,"inCongestion":false,"delay":-131,"latitude":45.5112362},{"tripID":4417866,"serviceDate":1395730800000,"direction":0,"garage":"POWELL","type":"bus","lastLocID":8039,"messageCode":766,"time":1395752967085,"expires":1395753383000,"signMessageLong":"72  Killingsworth/82nd to Swan Island-Anchor St","extraBlockID":null,"locationInScheduleDay":21968,"longitude":-122.5786555,"blockID":7240,"offRoute":false,"nextLocID":8026,"vehicleID":2533,"signMessage":"72 Swan Island","extraTripID":null,"nextStopSeq":59,"routeNumber":72,"vehicleLoad":"unknown","bearing":0,"lastStopSeq":58,"inCongestion":false,"delay":-195,"latitude":45.5540933},{"tripID":4417864,"serviceDate":1395730800000,"direction":0,"garage":"POWELL","type":"bus","lastLocID":3319,"messageCode":768,"time":1395753082947,"expires":1395753502000,"signMessageLong":"72  Killingsworth/82nd to Swan Island-Shipyards","extraBlockID":null,"locationInScheduleDay":21975,"longitude":-122.7152794,"blockID":7236,"offRoute":false,"nextLocID":3318,"vehicleID":2552,"signMessage":"72 Swan Island","extraTripID":null,"nextStopSeq":112,"routeNumber":72,"vehicleLoad":"unknown","bearing":217,"lastStopSeq":111,"inCongestion":false,"delay":-307,"latitude":45.5627778},{"tripID":4417868,"serviceDate":1395730800000,"direction":0,"garage":"POWELL","type":"bus","lastLocID":7946,"messageCode":768,"time":1395753080059,"expires":1395753498000,"signMessageLong":"72  Killingsworth/82nd to Swan Island-Shipyards","extraBlockID":null,"locationInScheduleDay":22313,"longitude":-122.5790517,"blockID":7242,"offRoute":false,"nextLocID":7953,"vehicleID":2548,"signMessage":"72 Swan Island","extraTripID":null,"nextStopSeq":13,"routeNumber":72,"vehicleLoad":"unknown","bearing":359,"lastStopSeq":12,"inCongestion":false,"delay":35,"latitude":45.4636193},{"tripID":4411311,"serviceDate":1395730800000,"direction":0,"garage":"POWELL","type":"bus","lastLocID":7666,"messageCode":266,"time":1395753100673,"expires":1395753520000,"signMessageLong":"14  Hawthorne to 94th & Foster","extraBlockID":null,"locationInScheduleDay":22310,"longitude":-122.611372,"blockID":1435,"offRoute":false,"nextLocID":1792,"vehicleID":2316,"signMessage":"14 To 94-Foster","extraTripID":null,"nextStopSeq":29,"routeNumber":14,"vehicleLoad":"unknown","bearing":180,"lastStopSeq":28,"inCongestion":false,"delay":10,"latitude":45.4979064},{"tripID":4413876,"serviceDate":1395730800000,"direction":1,"garage":"CENTER","type":"bus","lastLocID":7524,"messageCode":462,"time":1395753070981,"expires":1395753487000,"signMessageLong":"31L Portland Limited","extraBlockID":null,"locationInScheduleDay":22078,"longitude":-122.6256285,"blockID":3101,"offRoute":false,"nextLocID":2574,"vehicleID":2714,"signMessage":"31L To Portland Limited","extraTripID":null,"nextStopSeq":5,"routeNumber":31,"vehicleLoad":"unknown","bearing":268,"lastStopSeq":4,"inCongestion":false,"delay":-189,"latitude":45.446667},{"tripID":4417315,"serviceDate":1395730800000,"direction":1,"garage":"CENTER","type":"bus","lastLocID":9368,"messageCode":788,"time":1395753094775,"expires":1395753511000,"signMessageLong":"70  12th/NE 33rd Ave to Milwaukie","extraBlockID":null,"locationInScheduleDay":22291,"longitude":-122.6357648,"blockID":7001,"offRoute":false,"nextLocID":9414,"vehicleID":2704,"signMessage":"70 To Milwaukie","extraTripID":null,"nextStopSeq":2,"routeNumber":70,"vehicleLoad":"unknown","bearing":180,"lastStopSeq":1,"inCongestion":false,"delay":0,"latitude":45.5898735},{"tripID":4417162,"serviceDate":1395730800000,"direction":0,"garage":"CENTER","type":"bus","lastLocID":7395,"messageCode":783,"time":1395753053098,"expires":1395753470000,"signMessageLong":"70  33rd Ave to NE Sunderland","extraBlockID":null,"locationInScheduleDay":22307,"longitude":-122.6307182,"blockID":7003,"offRoute":false,"nextLocID":7373,"vehicleID":2705,"signMessage":"70 To Sunderlnd","extraTripID":null,"nextStopSeq":51,"routeNumber":70,"vehicleLoad":"unknown","bearing":359,"lastStopSeq":50,"inCongestion":false,"delay":57,"latitude":45.5478734},{"tripID":4417314,"serviceDate":1395730800000,"direction":1,"garage":"CENTER","type":"bus","lastLocID":635,"messageCode":788,"time":1395753097919,"expires":1395753514000,"signMessageLong":"70  12th/NE 33rd Ave to Milwaukie","extraBlockID":null,"locationInScheduleDay":22268,"longitude":-122.6415803,"blockID":7004,"offRoute":false,"nextLocID":7139,"vehicleID":2701,"signMessage":"70 To Milwaukie","extraTripID":null,"nextStopSeq":38,"routeNumber":70,"vehicleLoad":"unknown","bearing":256,"lastStopSeq":37,"inCongestion":false,"delay":-26,"latitude":45.535051},{"tripID":4411558,"serviceDate":1395730800000,"direction":1,"garage":"CENTER","type":"bus","lastLocID":11956,"messageCode":266,"time":1395753100646,"expires":1395753518000,"signMessageLong":"14  Hawthorne to 94th & Foster","extraBlockID":null,"locationInScheduleDay":22412,"longitude":-122.6756,"blockID":1401,"offRoute":false,"nextLocID":13169,"vehicleID":2608,"signMessage":"14 To 94-Foster","extraTripID":null,"nextStopSeq":44,"routeNumber":14,"vehicleLoad":"unknown","bearing":290,"lastStopSeq":43,"inCongestion":false,"delay":114,"latitude":45.5151999},{"tripID":4419086,"serviceDate":1395730800000,"direction":0,"garage":"CENTER","type":"bus","lastLocID":645,"messageCode":809,"time":1395753064736,"expires":1395753484000,"signMessageLong":"77  Broadway/Halsey to Troutdale","extraBlockID":null,"locationInScheduleDay":22069,"longitude":-122.6300004,"blockID":7703,"offRoute":false,"nextLocID":646,"vehicleID":2630,"signMessage":"77 To Troutdale","extraTripID":null,"nextStopSeq":33,"routeNumber":77,"vehicleLoad":"unknown","bearing":90,"lastStopSeq":32,"inCongestion":false,"delay":-195,"latitude":45.5351577},{"tripID":4418191,"serviceDate":1395730800000,"direction":1,"garage":"POWELL","type":"bus","lastLocID":12921,"messageCode":760,"time":1395753070903,"expires":1395753490000,"signMessageLong":"72  Killingsworth/82nd to Clackamas TC","extraBlockID":null,"locationInScheduleDay":22080,"longitude":-122.57331,"blockID":7237,"offRoute":false,"nextLocID":13247,"vehicleID":3004,"signMessage":"72 Clackamas TC","extraTripID":null,"nextStopSeq":111,"routeNumber":72,"vehicleLoad":"unknown","bearing":91,"lastStopSeq":110,"inCongestion":false,"delay":0,"latitude":45.4374017},{"tripID":4418193,"serviceDate":1395730800000,"direction":1,"garage":"POWELL","type":"bus","lastLocID":3185,"messageCode":760,"time":1395753037959,"expires":1395753456000,"signMessageLong":"72  Killingsworth/82nd to Clackamas TC","extraBlockID":null,"locationInScheduleDay":22257,"longitude":-122.5786811,"blockID":7241,"offRoute":false,"nextLocID":8889,"vehicleID":3048,"signMessage":"72 Clackamas TC","extraTripID":null,"nextStopSeq":52,"routeNumber":72,"vehicleLoad":"unknown","bearing":89,"lastStopSeq":51,"inCongestion":false,"delay":21,"latitude":45.5626756},{"tripID":4417867,"serviceDate":1395730800000,"direction":0,"garage":"POWELL","type":"bus","lastLocID":7957,"messageCode":768,"time":1395753076780,"expires":1395753496000,"signMessageLong":"72  Killingsworth/82nd to Swan Island-Shipyards","extraBlockID":null,"locationInScheduleDay":22222,"longitude":-122.5786994,"blockID":7235,"offRoute":false,"nextLocID":12755,"vehicleID":3053,"signMessage":"72 Swan Island","extraTripID":null,"nextStopSeq":34,"routeNumber":72,"vehicleLoad":"unknown","bearing":0,"lastStopSeq":33,"inCongestion":false,"delay":-54,"latitude":45.5045549},{"tripID":4418194,"serviceDate":1395730800000,"direction":1,"garage":"POWELL","type":"bus","lastLocID":5927,"messageCode":760,"time":1395753082856,"expires":1395753502000,"signMessageLong":"72  Killingsworth/82nd to Clackamas TC","extraBlockID":null,"locationInScheduleDay":22208,"longitude":-122.6615093,"blockID":7234,"offRoute":false,"nextLocID":46,"vehicleID":3054,"signMessage":"72 Clackamas TC","extraTripID":null,"nextStopSeq":21,"routeNumber":72,"vehicleLoad":"unknown","bearing":180,"lastStopSeq":20,"inCongestion":false,"delay":-74,"latitude":45.562344},{"tripID":4419222,"serviceDate":1395730800000,"direction":1,"garage":"POWELL","type":"bus","lastLocID":7571,"messageCode":813,"time":1395753097955,"expires":1395753514000,"signMessageLong":"77  Broadway/Halsey to Montgomery Park","extraBlockID":null,"locationInScheduleDay":22023,"longitude":-122.6149971,"blockID":7734,"offRoute":false,"nextLocID":650,"vehicleID":3046,"signMessage":"77 Montgomry Pk","extraTripID":null,"nextStopSeq":66,"routeNumber":77,"vehicleLoad":"unknown","bearing":0,"lastStopSeq":65,"inCongestion":false,"delay":-271,"latitude":45.5350913},{"tripID":4411560,"serviceDate":1395730800000,"direction":1,"garage":"POWELL","type":"bus","lastLocID":1831,"messageCode":268,"time":1395753082843,"expires":1395753502000,"signMessageLong":"14  Hawthorne to Portland","extraBlockID":null,"locationInScheduleDay":22282,"longitude":-122.5662917,"blockID":1434,"offRoute":false,"nextLocID":13236,"vehicleID":3027,"signMessage":"14 To Portland","extraTripID":null,"nextStopSeq":2,"routeNumber":14,"vehicleLoad":"unknown","bearing":291,"lastStopSeq":1,"inCongestion":false,"delay":0,"latitude":45.4791765},{"tripID":4419085,"serviceDate":1395730800000,"direction":0,"garage":"CENTER","type":"bus","lastLocID":2385,"messageCode":809,"time":1395753034766,"expires":1395753454000,"signMessageLong":"77  Broadway/Halsey to Troutdale","extraBlockID":null,"locationInScheduleDay":22257,"longitude":-122.5121069,"blockID":7702,"offRoute":false,"nextLocID":2320,"vehicleID":2005,"signMessage":"77 To Troutdale","extraTripID":null,"nextStopSeq":70,"routeNumber":77,"vehicleLoad":"unknown","bearing":90,"lastStopSeq":69,"inCongestion":false,"delay":23,"latitude":45.5336684}],"queryTime":1395753108725}}
