{"resultSet":{"vehicle":[{"tripID":4411313,"serviceDate":1395730800000,"direction":0,"garage":"POWELL","type":"bus","lastLocID":2612,"messageCode":266,"time":1395754808379,"expires":1395755227000,"signMessageLong":"14  Hawthorne to 94th & Foster","extraBlockID":null,"locationInScheduleDay":24226,"longitude":-122.6373373,"blockID":1436,"offRoute":false,"nextLocID":2614,"vehicleID":2206,"signMessage":"14 To 94-Foster","extraTripID":null,"nextStopSeq":13,"routeNumber":14,"vehicleLoad":"unknown","bearing":91,"lastStopSeq":12,"inCongestion":false,"delay":219,"latitude":45.5120747},{"tripID":4419089,"serviceDate":1395730800000,"direction":0,"garage":"POWELL","type":"bus","lastLocID":7114,"messageCode":809,"time":1395754823053,"expires":1395755242000,"signMessageLong":"77  Broadway/Halsey to Troutdale","extraBlockID":null,"locationInScheduleDay":23964,"longitude":-122.6944432,"blockID":7735,"offRoute":false,"nextLocID":7112,"vehicleID":2222,"signMessage":"77 To Troutdale","extraTripID":null,"nextStopSeq":10,"routeNumber":77,"vehicleLoad":"unknown","bearing":178,"lastStopSeq":9,"inCongestion":false,"delay":-58,"latitude":45.5267272},{"tripID":4419223,"serviceDate":1395730800000,"direction":1,"garage":"POWELL","type":"bus","lastLocID":631,"messageCode":813,"time":1395754825815,"expires":1395755245000,"signMessageLong":"77  Broadway/Halsey to Montgomery Park","extraBlockID":null,"locationInScheduleDay":23950,"longitude":-122.6500587,"blockID":7736,"offRoute":false,"nextLocID":629,"vehicleID":2221,"signMessage":"77 Montgomry Pk","extraTripID":null,"nextStopSeq":81,"routeNumber":77,"vehicleLoad":"unknown","bearing":269,"lastStopSeq":80,"inCongestion":false,"delay":-75,"latitude":45.5350342},{"tripID":4419224,"serviceDate":1395730800000,"direction":1,"garage":"POWELL","type":"bus","lastLocID":2432,"messageCode":813,"time":1395754835191,"expires":1395755252000,"signMessageLong":"77  Broadway/Halsey to Montgomery Park","extraBlockID":null,"locationInScheduleDay":23886,"longitude":-122.604539,"blockID":7737,"offRoute":false,"nextLocID":2431,"vehicleID":2285,"signMessage":"77 Montgomry Pk","extraTripID":null,"nextStopSeq":62,"routeNumber":77,"vehicleLoad":"unknown","bearing":270,"lastStopSeq":61,"inCongestion":false,"delay":-146,"latitude":45.5337198},{"tripID":4417869,"serviceDate":1395730800000,"direction":0,"garage":"POWELL","type":"bus","lastLocID":7936,"messageCode":766,"time":1395754823098,"expires":1395755240000,"signMessageLong":"72  Killingsworth/82nd to Swan Island-Anchor St","extraBlockID":null,"locationInScheduleDay":23957,"longitude":-122.5790786,"blockID":7244,"offRoute":false,"nextLocID":7955,"vehicleID":2276,"signMessage":"72 Swan Island","extraTripID":null,"nextStopSeq":43,"routeNumber":72,"vehicleLoad":"unknown","bearing":359,"lastStopSeq":42,"inCongestion":false,"delay":-63,"latitude":45.523285},{"tripID":4417163,"serviceDate":1395730800000,"direction":0,"garage":"CENTER","type":"bus","lastLocID":8498,"messageCode":783,"time":1395754834902,"expires":1395755252000,"signMessageLong":"70  33rd Ave to NE Sunderland","extraBlockID":null,"locationInScheduleDay":23973,"longitude":-122.6423506,"blockID":7005,"offRoute":false,"nextLocID":8303,"vehicleID":2132,"signMessage":"70 To Sunderlnd","extraTripID":null,"nextStopSeq":71,"routeNumber":70,"vehicleLoad":"unknown","bearing":287,"lastStopSeq":70,"inCongestion":false,"delay":-59,"latitude":45.5761907},{"tripID":4413878,"serviceDate":1395730800000,"direction":1,"garage":"CENTER","type":"bus","lastLocID":3235,"messageCode":462,"time":1395754820019,"expires":1395755239000,"signMessageLong":"31L Portland Limited","extraBlockID":null,"locationInScheduleDay":23883,"longitude":-122.5994624,"blockID":3001,"offRoute":false,"nextLocID":7524,"vehicleID":2123,"signMessage":"31L To Portland Limited","extraTripID":null,"nextStopSeq":4,"routeNumber":31,"vehicleLoad":"unknown","bearing":270,"lastStopSeq":3,"inCongestion":false,"delay":-136,"latitude":45.4479534},{"tripID":4417166,"serviceDate":1395730800000,"direction":0,"garage":"CENTER","type":"bus","lastLocID":13477,"messageCode":781,"time":1395754834931,"expires":1395755254000,"signMessageLong":"70  12th/NE 33rd Ave to NE Sunderland via 17th & Tacoma","extraBlockID":null,"locationInScheduleDay":24034,"longitude":-122.6407309,"blockID":7006,"offRoute":false,"nextLocID":8225,"vehicleID":2150,"signMessage":"70 To Sunderland via 17th","extraTripID":null,"nextStopSeq":2,"routeNumber":70,"vehicleLoad":"unknown","bearing":81,"lastStopSeq":1,"inCongestion":false,"delay":0,"latitude":45.4448667},{"tripID":4418197,"serviceDate":1395730800000,"direction":1,"garage":"POWELL","type":"bus","lastLocID":2201,"messageCode":760,"time":1395754843701,"expires":1395755261000,"signMessageLong":"72  Killingsworth/82nd to Clackamas TC","extraBlockID":null,"locationInScheduleDay":24118,"longitude":-122.6945897,"blockID":7238,"offRoute":false,"nextLocID":2226,"vehicleID":2527,"signMessage":"72 Clackamas TC","extraTripID":null,"nextStopSeq":6,"routeNumber":72,"vehicleLoad":"unknown","bearing":341,"lastStopSeq":5,"inCongestion":false,"delay":77,"latitude":45.5600878},{"tripID":4417165,"serviceDate":1395730800000,"direction":0,"garage":"CENTER","type":"bus","lastLocID":839,"messageCode":782,"time":1395754841075,"expires":1395755258000,"signMessageLong":"70  12th/NE 33rd Ave to NE Sunderland via 13th & Tacoma","extraBlockID":null,"locationInScheduleDay":23982,"longitude":-122.6484533,"blockID":7002,"offRoute":false,"nextLocID":6856,"vehicleID":2524,"signMessage":"70 To Sunderland via 13th","extraTripID":null,"nextStopSeq":16,"routeNumber":70,"vehicleLoad":"unknown","bearing":85,"lastStopSeq":15,"inCongestion":false,"delay":-56,"latitude":45.473736},{"tripID":4419087,"serviceDate":1395730800000,"direction":0,"garage":"CENTER","type":"bus","lastLocID":2450,"messageCode":809,"time":1395754835032,"expires":1395755253000,"signMessageLong":"77  Broadway/Halsey to Troutdale","extraBlockID":null,"locationInScheduleDay":24104,"longitude":-122.5856428,"blockID":7701,"offRoute":false,"nextLocID":2452,"vehicleID":2512,"signMessage":"77 To Troutdale","extraTripID":null,"nextStopSeq":49,"routeNumber":77,"vehicleLoad":"unknown","bearing":89,"lastStopSeq":48,"inCongestion":false,"delay":71,"latitude":45.5336077},{"tripID":4417866,"serviceDate":1395730800000,"direction":0,"garage":"POWELL","type":"bus","lastLocID":2161,"messageCode":766,"time":1395754760564,"expires":1395755179000,"signMessageLong":"72  Killingsworth/82nd to Swan Island-Anchor St","extraBlockID":null,"locationInScheduleDay":23783,"longitude":-122.7021949,"blockID":7240,"offRoute":false,"nextLocID":115,"vehicleID":2533,"signMessage":"72 Swan Island","extraTripID":null,"nextStopSeq":108,"routeNumber":72,"vehicleLoad":"unknown","bearing":307,"lastStopSeq":107,"inCongestion":false,"delay":0,"latitude":45.5573516},{"tripID":4418196,"serviceDate":1395730800000,"direction":1,"garage":"POWELL","type":"bus","lastLocID":5927,"messageCode":760,"time":1395754841185,"expires":1395755259000,"signMessageLong":"72  Killingsworth/82nd to Clackamas TC","extraBlockID":null,"locationInScheduleDay":24064,"longitude":-122.6615093,"blockID":7236,"offRoute":false,"nextLocID":46,"vehicleID":2552,"signMessage":"72 Clackamas TC","extraTripID":null,"nextStopSeq":21,"routeNumber":72,"vehicleLoad":"unknown","bearing":180,"lastStopSeq":20,"inCongestion":false,"delay":25,"latitude":45.562344},{"tripID":4413798,"serviceDate":1395730800000,"direction":0,"garage":"POWELL","type":"bus","lastLocID":2582,"messageCode":457,"time":1395754820372,"expires":1395755239000,"signMessageLong":"31  Clackamas Town Center, continuing to Estacada","extraBlockID":null,"locationInScheduleDay":23981,"longitude":-122.6217485,"blockID":3134,"offRoute":false,"nextLocID":7523,"vehicleID":2555,"signMessage":"31 To Estacada via Clackamas","extraTripID":null,"nextStopSeq":8,"routeNumber":31,"vehicleLoad":"unknown","bearing":90,"lastStopSeq":7,"inCongestion":false,"delay":-38,"latitude":45.4466251},{"tripID":4417868,"serviceDate":1395730800000,"direction":0,"garage":"POWELL","type":"bus","lastLocID":3216,"messageCode":768,"time":1395754837979,"expires":1395755255000,"signMessageLong":"72  Killingsworth/82nd to Swan Island-Shipyards","extraBlockID":null,"locationInScheduleDay":23842,"longitude":-122.5790359,"blockID":7242,"offRoute":false,"nextLocID":3149,"vehicleID":2548,"signMessage":"72 Swan Island","extraTripID":null,"nextStopSeq":63,"routeNumber":72,"vehicleLoad":"unknown","bearing":269,"lastStopSeq":62,"inCongestion":false,"delay":-193,"latitude":45.5626744},{"tripID":4411561,"serviceDate":1395730800000,"direction":1,"garage":"POWELL","type":"bus","lastLocID":1811,"messageCode":268,"time":1395754841181,"expires":1395755258000,"signMessageLong":"14  Hawthorne to Portland","extraBlockID":null,"locationInScheduleDay":23918,"longitude":-122.5897531,"blockID":1435,"offRoute":false,"nextLocID":1807,"vehicleID":2316,"signMessage":"14 To Portland","extraTripID":null,"nextStopSeq":10,"routeNumber":14,"vehicleLoad":"unknown","bearing":299,"lastStopSeq":9,"inCongestion":false,"delay":-120,"latitude":45.486742},{"tripID":4419088,"serviceDate":1395730800000,"direction":0,"garage":"CENTER","type":"bus","lastLocID":10866,"messageCode":809,"time":1395754835044,"expires":1395755254000,"signMessageLong":"77  Broadway/Halsey to Troutdale","extraBlockID":null,"locationInScheduleDay":23915,"longitude":-122.6550994,"blockID":7705,"offRoute":false,"nextLocID":6216,"vehicleID":2720,"signMessage":"77 To Troutdale","extraTripID":null,"nextStopSeq":23,"routeNumber":77,"vehicleLoad":"unknown","bearing":90,"lastStopSeq":22,"inCongestion":false,"delay":-119,"latitude":45.5343458},{"tripID":4417164,"serviceDate":1395730800000,"direction":0,"garage":"CENTER","type":"bus","lastLocID":6592,"messageCode":780,"time":1395754841040,"expires":1395755260000,"signMessageLong":"70  12th/NE 33rd Ave to NE Sunderland","extraBlockID":null,"locationInScheduleDay":23953,"longitude":-122.6535837,"blockID":7007,"offRoute":false,"nextLocID":6582,"vehicleID":2709,"signMessage":"70 To Sunderlnd","extraTripID":null,"nextStopSeq":32,"routeNumber":70,"vehicleLoad":"unknown","bearing":359,"lastStopSeq":31,"inCongestion":false,"delay":-87,"latitude":45.5237327},{"tripID":4417315,"serviceDate":1395730800000,"direction":1,"garage":"CENTER","type":"bus","lastLocID":8937,"messageCode":789,"time":1395754775042,"expires":1395755194000,"signMessageLong":"70  12th Ave to Milwaukie via 17th & Tacoma","extraBlockID":null,"locationInScheduleDay":23785,"longitude":-122.6545282,"blockID":7001,"offRoute":false,"nextLocID":6583,"vehicleID":2704,"signMessage":"70 To Milw via 17","extraTripID":null,"nextStopSeq":45,"routeNumber":70,"vehicleLoad":"unknown","bearing":163,"lastStopSeq":44,"inCongestion":false,"delay":-189,"latitude":45.5293711},{"tripID":4417317,"serviceDate":1395730800000,"direction":1,"garage":"CENTER","type":"bus","lastLocID":9368,"messageCode":788,"time":1395754834983,"expires":1395755252000,"signMessageLong":"70  12th/NE 33rd Ave to Milwaukie","extraBlockID":null,"locationInScheduleDay":24032,"longitude":-122.6357648,"blockID":7003,"offRoute":false,"nextLocID":9414,"vehicleID":2705,"signMessage":"70 To Milwaukie","extraTripID":null,"nextStopSeq":2,"routeNumber":70,"vehicleLoad":"unknown","bearing":180,"lastStopSeq":1,"inCongestion":false,"delay":0,"latitude":45.5898735},{"tripID":4417314,"serviceDate":1395730800000,"direction":1,"garage":"CENTER","type":"bus","lastLocID":6900,"messageCode":791,"time":1395754820109,"expires":1395755238000,"signMessageLong":"70  To Milwaukie","extraBlockID":null,"locationInScheduleDay":24096,"longitude":-122.647048,"blockID":7004,"offRoute":false,"nextLocID":6852,"vehicleID":2701,"signMessage":"70 To Milwaukie","extraTripID":null,"nextStopSeq":78,"routeNumber":70,"vehicleLoad":"unknown","bearing":180,"lastStopSeq":77,"inCongestion":false,"delay":78,"latitude":45.4613954},{"tripID":4419225,"serviceDate":1395730800000,"direction":1,"garage":"CENTER","type":"bus","lastLocID":2390,"messageCode":813,"time":1395754790131,"expires":1395755209000,"signMessageLong":"77  Broadway/Halsey to Montgomery Park","extraBlockID":null,"locationInScheduleDay":23808,"longitude":-122.5066557,"blockID":7704,"offRoute":false,"nextLocID":2386,"vehicleID":2614,"signMessage":"77 Montgomry Pk","extraTripID":null,"nextStopSeq":30,"routeNumber":77,"vehicleLoad":"unknown","bearing":270,"lastStopSeq":29,"inCongestion":false,"delay":-181,"latitude":45.5336695},{"tripID":4411312,"serviceDate":1395730800000,"direction":0,"garage":"CENTER","type":"bus","lastLocID":1812,"messageCode":266,"time":1395754837902,"expires":1395755255000,"signMessageLong":"14  Hawthorne to 94th & Foster","extraBlockID":null,"locationInScheduleDay":23998,"longitude":-122.5842793,"blockID":1401,"offRoute":false,"nextLocID":1814,"vehicleID":2608,"signMessage":"14 To 94-Foster","extraTripID":null,"nextStopSeq":40,"routeNumber":14,"vehicleLoad":"unknown","bearing":115,"lastStopSeq":39,"inCongestion":false,"delay":-37,"latitude":45.4848439},{"tripID":4419086,"serviceDate":1395730800000,"direction":0,"garage":"CENTER","type":"bus","lastLocID":10125,"messageCode":809,"time":1395754823103,"expires":1395755242000,"signMessageLong":"77  Broadway/Halsey to Troutdale","extraBlockID":null,"locationInScheduleDay":24065,"longitude":-122.4474848,"blockID":7703,"offRoute":false,"nextLocID":2415,"vehicleID":2630,"signMessage":"77 To Troutdale","extraTripID":null,"nextStopSeq":86,"routeNumber":77,"vehicleLoad":"unknown","bearing":85,"lastStopSeq":85,"inCongestion":false,"delay":43,"latitude":45.5335465},{"tripID":4417870,"serviceDate":1395730800000,"direction":0,"garage":"POWELL","type":"bus","lastLocID":8017,"messageCode":768,"time":1395754841026,"expires":1395755259000,"signMessageLong":"72  Killingsworth/82nd to Swan Island-Shipyards","extraBlockID":null,"locationInScheduleDay":23672,"longitude":-122.5791026,"blockID":7237,"offRoute":false,"nextLocID":7983,"vehicleID":3004,"signMessage":"72 Swan Island","extraTripID":null,"nextStopSeq":9,"routeNumber":72,"vehicleLoad":"unknown","bearing":0,"lastStopSeq":8,"inCongestion":false,"delay":-367,"latitude":45.4577261},{"tripID":4418193,"serviceDate":1395730800000,"direction":1,"garage":"POWELL","type":"bus","lastLocID":7996,"messageCode":760,"time":1395754825754,"expires":1395755243000,"signMessageLong":"72  Killingsworth/82nd to Clackamas TC","extraBlockID":null,"locationInScheduleDay":23874,"longitude":-122.5791077,"blockID":7241,"offRoute":false,"nextLocID":7988,"vehicleID":3048,"signMessage":"72 Clackamas TC","extraTripID":null,"nextStopSeq":103,"routeNumber":72,"vehicleLoad":"unknown","bearing":180,"lastStopSeq":102,"inCongestion":false,"delay":-149,"latitude":45.4573235},{"tripID":4417867,"serviceDate":1395730800000,"direction":0,"garage":"POWELL","type":"bus","lastLocID":10184,"messageCode":768,"time":1395754834993,"expires":1395755252000,"signMessageLong":"72  Killingsworth/82nd to Swan Island-Shipyards","extraBlockID":null,"locationInScheduleDay":23998,"longitude":-122.6614287,"blockID":7235,"offRoute":false,"nextLocID":5890,"vehicleID":3053,"signMessage":"72 Swan Island","extraTripID":null,"nextStopSeq":92,"routeNumber":72,"vehicleLoad":"unknown","bearing":0,"lastStopSeq":91,"inCongestion":false,"delay":-34,"latitude":45.5594651},{"tripID":4417871,"serviceDate":1395730800000,"direction":0,"garage":"POWELL","type":"bus","lastLocID":12922,"messageCode":766,"time":1395754834988,"expires":1395755254000,"signMessageLong":"72  Killingsworth/82nd to Swan Island-Anchor St","extraBlockID":null,"locationInScheduleDay":24075,"longitude":-122.5755213,"blockID":7245,"offRoute":false,"nextLocID":7941,"vehicleID":3052,"signMessage":"72 Swan Island","extraTripID":null,"nextStopSeq":3,"routeNumber":72,"vehicleLoad":"unknown","bearing":271,"lastStopSeq":2,"inCongestion":false,"delay":41,"latitude":45.4372607},{"tripID":4418194,"serviceDate":1395730800000,"direction":1,"garage":"POWELL","type":"bus","lastLocID":7929,"messageCode":760,"time":1395754841047,"expires":1395755259000,"signMessageLong":"72  Killingsworth/82nd to Clackamas TC","extraBlockID":null,"locationInScheduleDay":24004,"longitude":-122.5789192,"blockID":7234,"offRoute":false,"nextLocID":8066,"vehicleID":3054,"signMessage":"72 Clackamas TC","extraTripID":null,"nextStopSeq":74,"routeNumber":72,"vehicleLoad":"unknown","bearing":177,"lastStopSeq":73,"inCongestion":false,"delay":-35,"latitude":45.5160814},{"tripID":4419222,"serviceDate":1395730800000,"direction":1,"garage":"POWELL","type":"bus","lastLocID":10972,"messageCode":813,"time":1395754835044,"expires":1395755254000,"signMessageLong":"77  Broadway/Halsey to Montgomery Park","extraBlockID":null,"locationInScheduleDay":23658,"longitude":-122.6985393,"blockID":7734,"offRoute":false,"nextLocID":6014,"vehicleID":3046,"signMessage":"77 Montgomry Pk","extraTripID":null,"nextStopSeq":102,"routeNumber":77,"vehicleLoad":"unknown","bearing":270,"lastStopSeq":101,"inCongestion":false,"delay":-376,"latitude":45.5355035},{"tripID":4419226,"serviceDate":1395730800000,"direction":1,"garage":"POWELL","type":"bus","lastLocID":2420,"messageCode":813,"time":1395754834965,"expires":1395755252000,"signMessageLong":"77  Broadway/Halsey to Montgomery Park","extraBlockID":null,"locationInScheduleDay":23998,"longitude":-122.4213671,"blockID":7738,"offRoute":false,"nextLocID":2331,"vehicleID":3035,"signMessage":"77 Montgomry Pk","extraTripID":null,"nextStopSeq":10,"routeNumber":77,"vehicleLoad":"unknown","bearing":259,"lastStopSeq":9,"inCongestion":false,"delay":-34,"latitude":45.5367437},{"tripID":4411560,"serviceDate":1395730800000,"direction":1,"garage":"POWELL","type":"bus","lastLocID":2626,"messageCode":268,"time":1395754822949,"expires":1395755241000,"signMessageLong":"14  Hawthorne to Portland","extraBlockID":null,"locationInScheduleDay":23640,"longitude":-122.623213,"blockID":1434,"offRoute":false,"nextLocID":2624,"vehicleID":3027,"signMessage":"14 To Portland","extraTripID":null,"nextStopSeq":29,"routeNumber":14,"vehicleLoad":"unknown","bearing":270,"lastStopSeq":28,"inCongestion":false,"delay":-381,"latitude":45.5120449},{"tripID":4418195,"serviceDate":1395730800000,"direction":1,"garage":"POWELL","type":"bus","lastLocID":3208,"messageCode":760,"time":1395754834945,"expires":1395755252000,"signMessageLong":"72  Killingsworth/82nd to Clackamas TC","extraBlockID":null,"locationInScheduleDay":23765,"longitude":-122.6059116,"blockID":7243,"offRoute":false,"nextLocID":3145,"vehicleID":3025,"signMessage":"72 Clackamas TC","extraTripID":null,"nextStopSeq":45,"routeNumber":72,"vehicleLoad":"unknown","bearing":89,"lastStopSeq":44,"inCongestion":false,"delay":-267,"latitude":45.5627572},{"tripID":4419227,"serviceDate":1395730800000,"direction":1,"garage":"CENTER","type":"bus","lastLocID":9481,"messageCode":813,"time":1395754835064,"expires":1395755252000,"signMessageLong":"77  Broadway/Halsey to Montgomery Park","extraBlockID":null,"locationInScheduleDay":24032,"longitude":-122.3982117,"blockID":7702,"offRoute":false,"nextLocID":9471,"vehicleID":2005,"signMessage":"77 Montgomry Pk","extraTripID":null,"nextStopSeq":2,"routeNumber":77,"vehicleLoad":"unknown","bearing":85,"lastStopSeq":1,"inCongestion":false,"delay":0,"latitude":45.5443612},{"tripID":4413877,"serviceDate":1395730800000,"direction":1,"garage":"CENTER","type":"bus","lastLocID":3797,"messageCode":466,"time":1395754835067,"expires":1395755254000,"signMessageLong":"31  Portland","extraBlockID":null,"locationInScheduleDay":23749,"longitude":-122.6399407,"blockID":1402,"offRoute":false,"nextLocID":3785,"vehicleID":2014,"signMessage":"31 To Portland","extraTripID":null,"nextStopSeq":32,"routeNumber":31,"vehicleLoad":"unknown","bearing":351,"lastStopSeq":31,"inCongestion":false,"delay":-285,"latitude":45.4724138}],"queryTime":1395754848791}}
