{"resultSet":{"vehicle":[{"tripID":4417863,"serviceDate":1395730800000,"direction":0,"garage":"POWELL","type":"bus","lastLocID":7920,"messageCode":768,"time":1395748042425,"expires":1395748459000,"signMessageLong":"72  Killingsworth/82nd to Swan Island-Shipyards","extraBlockID":null,"locationInScheduleDay":17265,"longitude":-122.5789204,"blockID":7234,"offRoute":false,"nextLocID":7918,"vehicleID":3054,"signMessage":"72 Swan Island","extraTripID":null,"nextStopSeq":5,"routeNumber":72,"vehicleLoad":"unknown","bearing":357,"lastStopSeq":4,"inCongestion":false,"delay":26,"latitude":45.447318}],"queryTime":1395748068515}}
