{"resultSet":{"vehicle":[{"tripID":4411388,"serviceDate":1395644400000,"direction":0,"garage":"CENTER","type":"bus","lastLocID":1792,"messageCode":266,"time":1395737658102,"expires":1395738077000,"signMessageLong":"14  Hawthorne to 94th & Foster","extraBlockID":null,"locationInScheduleDay":93322,"longitude":-122.6096847,"blockID":1406,"offRoute":false,"nextLocID":1794,"vehicleID":3128,"signMessage":"14 To 94-Foster","extraTripID":null,"nextStopSeq":30,"routeNumber":14,"vehicleLoad":"unknown","bearing":133,"lastStopSeq":29,"inCongestion":false,"delay":65,"latitude":45.4961336}],"queryTime":1395737687789}}
