{"resultSet":{"vehicle":[{"tripID":4419221,"serviceDate":1395730800000,"direction":1,"garage":"POWELL","type":"bus","lastLocID":644,"messageCode":813,"time":1395751585598,"expires":1395752003000,"signMessageLong":"77  Broadway/Halsey to Montgomery Park","extraBlockID":null,"locationInScheduleDay":20740,"longitude":-122.6311514,"blockID":7735,"offRoute":false,"nextLocID":643,"vehicleID":2222,"signMessage":"77 Montgomry Pk","extraTripID":null,"nextStopSeq":27,"routeNumber":77,"vehicleLoad":"unknown","bearing":270,"lastStopSeq":26,"inCongestion":false,"delay":-43,"latitude":45.5351596},{"tripID":4413875,"serviceDate":1395730800000,"direction":1,"garage":"POWELL","type":"bus","lastLocID":12922,"messageCode":464,"time":1395751606407,"expires":1395752026000,"signMessageLong":"31  To Portland via Milwaukie","extraBlockID":null,"locationInScheduleDay":20710,"longitude":-122.5790065,"blockID":3137,"offRoute":false,"nextLocID":7941,"vehicleID":2258,"signMessage":"31 To Portland","extraTripID":null,"nextStopSeq":3,"routeNumber":31,"vehicleLoad":"unknown","bearing":1,"lastStopSeq":2,"inCongestion":false,"delay":-96,"latitude":45.4382219},{"tripID":4417865,"serviceDate":1395730800000,"direction":0,"garage":"POWELL","type":"bus","lastLocID":7999,"messageCode":768,"time":1395751597619,"expires":1395752015000,"signMessageLong":"72  Killingsworth/82nd to Swan Island-Shipyards","extraBlockID":null,"locationInScheduleDay":20760,"longitude":-122.578962,"blockID":7238,"offRoute":false,"nextLocID":8042,"vehicleID":2527,"signMessage":"72 Swan Island","extraTripID":null,"nextStopSeq":49,"routeNumber":72,"vehicleLoad":"unknown","bearing":0,"lastStopSeq":48,"inCongestion":false,"delay":-35,"latitude":45.533614},{"tripID":4417312,"serviceDate":1395730800000,"direction":1,"garage":"CENTER","type":"bus","lastLocID":4045,"messageCode":788,"time":1395751582885,"expires":1395751999000,"signMessageLong":"70  12th/NE 33rd Ave to Milwaukie","extraBlockID":null,"locationInScheduleDay":20667,"longitude":-122.6528516,"blockID":7002,"offRoute":false,"nextLocID":4044,"vehicleID":2524,"signMessage":"70 To Milwaukie","extraTripID":null,"nextStopSeq":43,"routeNumber":70,"vehicleLoad":"unknown","bearing":270,"lastStopSeq":42,"inCongestion":false,"delay":-112,"latitude":45.5314893},{"tripID":4419220,"serviceDate":1395730800000,"direction":1,"garage":"CENTER","type":"bus","lastLocID":8483,"messageCode":813,"time":1395751579544,"expires":1395751998000,"signMessageLong":"77  Broadway/Halsey to Montgomery Park","extraBlockID":null,"locationInScheduleDay":20695,"longitude":-122.7069158,"blockID":7701,"offRoute":false,"nextLocID":8484,"vehicleID":2512,"signMessage":"77 Montgomry Pk","extraTripID":null,"nextStopSeq":63,"routeNumber":77,"vehicleLoad":"unknown","bearing":178,"lastStopSeq":62,"inCongestion":false,"delay":0,"latitude":45.5372941},{"tripID":4418192,"serviceDate":1395730800000,"direction":1,"garage":"POWELL","type":"bus","lastLocID":3190,"messageCode":760,"time":1395751579574,"expires":1395751998000,"signMessageLong":"72  Killingsworth/82nd to Clackamas TC","extraBlockID":null,"locationInScheduleDay":20828,"longitude":-122.632888,"blockID":7239,"offRoute":false,"nextLocID":3191,"vehicleID":2540,"signMessage":"72 Clackamas TC","extraTripID":null,"nextStopSeq":36,"routeNumber":72,"vehicleLoad":"unknown","bearing":89,"lastStopSeq":35,"inCongestion":false,"delay":50,"latitude":45.5627196},{"tripID":4417866,"serviceDate":1395730800000,"direction":0,"garage":"POWELL","type":"bus","lastLocID":7962,"messageCode":766,"time":1395751597659,"expires":1395752016000,"signMessageLong":"72  Killingsworth/82nd to Swan Island-Anchor St","extraBlockID":null,"locationInScheduleDay":20728,"longitude":-122.5790596,"blockID":7240,"offRoute":false,"nextLocID":7982,"vehicleID":2533,"signMessage":"72 Swan Island","extraTripID":null,"nextStopSeq":16,"routeNumber":72,"vehicleLoad":"unknown","bearing":359,"lastStopSeq":15,"inCongestion":false,"delay":-68,"latitude":45.4706983},{"tripID":4417864,"serviceDate":1395730800000,"direction":0,"garage":"POWELL","type":"bus","lastLocID":10601,"messageCode":768,"time":1395751496061,"expires":1395751913000,"signMessageLong":"72  Killingsworth/82nd to Swan Island-Shipyards","extraBlockID":null,"locationInScheduleDay":20468,"longitude":-122.595259,"blockID":7236,"offRoute":false,"nextLocID":3147,"vehicleID":2552,"signMessage":"72 Swan Island","extraTripID":null,"nextStopSeq":67,"routeNumber":72,"vehicleLoad":"unknown","bearing":271,"lastStopSeq":66,"inCongestion":false,"delay":-225,"latitude":45.5627301},{"tripID":4413874,"serviceDate":1395730800000,"direction":1,"garage":"POWELL","type":"bus","lastLocID":3657,"messageCode":466,"time":1395751583039,"expires":1395752000000,"signMessageLong":"31  Portland","extraBlockID":null,"locationInScheduleDay":20643,"longitude":-122.6401967,"blockID":3134,"offRoute":false,"nextLocID":3658,"vehicleID":2555,"signMessage":"31 To Portland","extraTripID":null,"nextStopSeq":28,"routeNumber":31,"vehicleLoad":"unknown","bearing":9,"lastStopSeq":27,"inCongestion":false,"delay":-137,"latitude":45.4550381},{"tripID":4411557,"serviceDate":1395730800000,"direction":1,"garage":"POWELL","type":"bus","lastLocID":3637,"messageCode":268,"time":1395751600866,"expires":1395752018000,"signMessageLong":"14  Hawthorne to Portland","extraBlockID":null,"locationInScheduleDay":20820,"longitude":-122.6545542,"blockID":1435,"offRoute":false,"nextLocID":3641,"vehicleID":2316,"signMessage":"14 To Portland","extraTripID":null,"nextStopSeq":40,"routeNumber":14,"vehicleLoad":"unknown","bearing":270,"lastStopSeq":39,"inCongestion":false,"delay":22,"latitude":45.5129288},{"tripID":4417161,"serviceDate":1395730800000,"direction":0,"garage":"CENTER","type":"bus","lastLocID":7371,"messageCode":783,"time":1395751582843,"expires":1395752000000,"signMessageLong":"70  33rd Ave to NE Sunderland","extraBlockID":null,"locationInScheduleDay":20699,"longitude":-122.6306818,"blockID":7001,"offRoute":false,"nextLocID":7383,"vehicleID":2704,"signMessage":"70 To Sunderlnd","extraTripID":null,"nextStopSeq":62,"routeNumber":70,"vehicleLoad":"unknown","bearing":0,"lastStopSeq":61,"inCongestion":false,"delay":-81,"latitude":45.562522},{"tripID":4417162,"serviceDate":1395730800000,"direction":0,"garage":"CENTER","type":"bus","lastLocID":6849,"messageCode":780,"time":1395751594887,"expires":1395752013000,"signMessageLong":"70  12th/NE 33rd Ave to NE Sunderland","extraBlockID":null,"locationInScheduleDay":20846,"longitude":-122.6483297,"blockID":7003,"offRoute":false,"nextLocID":13693,"vehicleID":2705,"signMessage":"70 To Sunderlnd","extraTripID":null,"nextStopSeq":22,"routeNumber":70,"vehicleLoad":"unknown","bearing":0,"lastStopSeq":21,"inCongestion":false,"delay":53,"latitude":45.4952482},{"tripID":4411558,"serviceDate":1395730800000,"direction":1,"garage":"CENTER","type":"bus","lastLocID":1815,"messageCode":268,"time":1395751579697,"expires":1395751997000,"signMessageLong":"14  Hawthorne to Portland","extraBlockID":null,"locationInScheduleDay":20752,"longitude":-122.5834079,"blockID":1401,"offRoute":false,"nextLocID":12948,"vehicleID":2608,"signMessage":"14 To Portland","extraTripID":null,"nextStopSeq":8,"routeNumber":14,"vehicleLoad":"unknown","bearing":298,"lastStopSeq":7,"inCongestion":false,"delay":-25,"latitude":45.4845394},{"tripID":4418191,"serviceDate":1395730800000,"direction":1,"garage":"POWELL","type":"bus","lastLocID":8000,"messageCode":760,"time":1395751597548,"expires":1395752017000,"signMessageLong":"72  Killingsworth/82nd to Clackamas TC","extraBlockID":null,"locationInScheduleDay":20644,"longitude":-122.5791017,"blockID":7237,"offRoute":false,"nextLocID":7978,"vehicleID":3004,"signMessage":"72 Clackamas TC","extraTripID":null,"nextStopSeq":66,"routeNumber":72,"vehicleLoad":"unknown","bearing":179,"lastStopSeq":65,"inCongestion":false,"delay":-153,"latitude":45.5332057},{"tripID":4413796,"serviceDate":1395730800000,"direction":0,"garage":"POWELL","type":"bus","lastLocID":2568,"messageCode":457,"time":1395751567662,"expires":1395751985000,"signMessageLong":"31  Clackamas Town Center, continuing to Estacada","extraBlockID":null,"locationInScheduleDay":20744,"longitude":-122.632659,"blockID":3136,"offRoute":false,"nextLocID":2575,"vehicleID":3007,"signMessage":"31 To Estacada via Clackamas","extraTripID":null,"nextStopSeq":5,"routeNumber":31,"vehicleLoad":"unknown","bearing":88,"lastStopSeq":4,"inCongestion":false,"delay":-21,"latitude":45.4465239},{"tripID":4418193,"serviceDate":1395730800000,"direction":1,"garage":"POWELL","type":"bus","lastLocID":9399,"messageCode":760,"time":1395751582826,"expires":1395752000000,"signMessageLong":"72  Killingsworth/82nd to Clackamas TC","extraBlockID":null,"locationInScheduleDay":20767,"longitude":-122.6974823,"blockID":7241,"offRoute":false,"nextLocID":2195,"vehicleID":3048,"signMessage":"72 Clackamas TC","extraTripID":null,"nextStopSeq":4,"routeNumber":72,"vehicleLoad":"unknown","bearing":95,"lastStopSeq":3,"inCongestion":false,"delay":-13,"latitude":45.5560406},{"tripID":4417867,"serviceDate":1395730800000,"direction":0,"garage":"POWELL","type":"bus","lastLocID":13248,"messageCode":768,"time":1395751606386,"expires":1395752026000,"signMessageLong":"72  Killingsworth/82nd to Swan Island-Shipyards","extraBlockID":null,"locationInScheduleDay":21028,"longitude":-122.5691015,"blockID":7235,"offRoute":false,"nextLocID":12922,"vehicleID":3053,"signMessage":"72 Swan Island","extraTripID":null,"nextStopSeq":2,"routeNumber":72,"vehicleLoad":"unknown","bearing":353,"lastStopSeq":1,"inCongestion":false,"delay":222,"latitude":45.4359416},{"tripID":4417863,"serviceDate":1395730800000,"direction":0,"garage":"POWELL","type":"bus","lastLocID":3318,"messageCode":768,"time":1395751597593,"expires":1395752016000,"signMessageLong":"72  Killingsworth/82nd to Swan Island-Shipyards","extraBlockID":null,"locationInScheduleDay":20634,"longitude":-122.7195372,"blockID":7234,"offRoute":false,"nextLocID":8496,"vehicleID":3054,"signMessage":"72 Swan Island","extraTripID":null,"nextStopSeq":113,"routeNumber":72,"vehicleLoad":"unknown","bearing":104,"lastStopSeq":112,"inCongestion":false,"delay":-162,"latitude":45.5631914},{"tripID":4419222,"serviceDate":1395730800000,"direction":1,"garage":"POWELL","type":"bus","lastLocID":8860,"messageCode":813,"time":1395751594917,"expires":1395752012000,"signMessageLong":"77  Broadway/Halsey to Montgomery Park","extraBlockID":null,"locationInScheduleDay":20657,"longitude":-122.4807473,"blockID":7734,"offRoute":false,"nextLocID":2349,"vehicleID":3046,"signMessage":"77 Montgomry Pk","extraTripID":null,"nextStopSeq":23,"routeNumber":77,"vehicleLoad":"unknown","bearing":270,"lastStopSeq":22,"inCongestion":false,"delay":-135,"latitude":45.5347005},{"tripID":4411310,"serviceDate":1395730800000,"direction":0,"garage":"POWELL","type":"bus","lastLocID":12947,"messageCode":266,"time":1395751582810,"expires":1395752001000,"signMessageLong":"14  Hawthorne to 94th & Foster","extraBlockID":null,"locationInScheduleDay":20839,"longitude":-122.5997431,"blockID":1434,"offRoute":false,"nextLocID":10196,"vehicleID":3027,"signMessage":"14 To 94-Foster","extraTripID":null,"nextStopSeq":34,"routeNumber":14,"vehicleLoad":"unknown","bearing":128,"lastStopSeq":33,"inCongestion":false,"delay":58,"latitude":45.4909593},{"tripID":4419085,"serviceDate":1395730800000,"direction":0,"garage":"CENTER","type":"bus","lastLocID":10870,"messageCode":809,"time":1395751579608,"expires":1395751998000,"signMessageLong":"77  Broadway/Halsey to Troutdale","extraBlockID":null,"locationInScheduleDay":20940,"longitude":-122.6206027,"blockID":7702,"offRoute":false,"nextLocID":7509,"vehicleID":2005,"signMessage":"77 To Troutdale","extraTripID":null,"nextStopSeq":36,"routeNumber":77,"vehicleLoad":"unknown","bearing":91,"lastStopSeq":35,"inCongestion":false,"delay":162,"latitude":45.5333119}],"queryTime":1395751608665}}
