{"resultSet":{"vehicle":[{"tripID":4417863,"serviceDate":1395730800000,"direction":0,"garage":"POWELL","type":"bus","lastLocID":12922,"messageCode":768,"time":1395747922412,"expires":1395748339000,"signMessageLong":"72  Killingsworth/82nd to Swan Island-Shipyards","extraBlockID":null,"locationInScheduleDay":17123,"longitude":-122.5766888,"blockID":7234,"offRoute":false,"nextLocID":7941,"vehicleID":3054,"signMessage":"72 Swan Island","extraTripID":null,"nextStopSeq":3,"routeNumber":72,"vehicleLoad":"unknown","bearing":262,"lastStopSeq":2,"inCongestion":false,"delay":4,"latitude":45.4372013}],"queryTime":1395747948505}}
