{"resultSet":{"vehicle":[{"tripID":4411559,"serviceDate":1395730800000,"direction":1,"garage":"POWELL","type":"bus","lastLocID":1793,"messageCode":268,"time":1395752962696,"expires":1395753382000,"signMessageLong":"14  Hawthorne to Portland","extraBlockID":null,"locationInScheduleDay":22183,"longitude":-122.6111256,"blockID":1436,"offRoute":false,"nextLocID":7656,"vehicleID":2206,"signMessage":"14 To Portland","extraTripID":null,"nextStopSeq":18,"routeNumber":14,"vehicleLoad":"unknown","bearing":314,"lastStopSeq":17,"inCongestion":false,"delay":21,"latitude":45.4970953},{"tripID":4419221,"serviceDate":1395730800000,"direction":1,"garage":"POWELL","type":"bus","lastLocID":6014,"messageCode":813,"time":1395752980855,"expires":1395753398000,"signMessageLong":"77  Broadway/Halsey to Montgomery Park","extraBlockID":null,"locationInScheduleDay":22054,"longitude":-122.7027694,"blockID":7735,"offRoute":false,"nextLocID":8414,"vehicleID":2222,"signMessage":"77 Montgomry Pk","extraTripID":null,"nextStopSeq":57,"routeNumber":77,"vehicleLoad":"unknown","bearing":268,"lastStopSeq":56,"inCongestion":false,"delay":-124,"latitude":45.5368624},{"tripID":4419223,"serviceDate":1395730800000,"direction":1,"garage":"POWELL","type":"bus","lastLocID":2392,"messageCode":813,"time":1395752974922,"expires":1395753392000,"signMessageLong":"77  Broadway/Halsey to Montgomery Park","extraBlockID":null,"locationInScheduleDay":21967,"longitude":-122.5015418,"blockID":7736,"offRoute":false,"nextLocID":2390,"vehicleID":2221,"signMessage":"77 Montgomry Pk","extraTripID":null,"nextStopSeq":29,"routeNumber":77,"vehicleLoad":"unknown","bearing":270,"lastStopSeq":28,"inCongestion":false,"delay":-205,"latitude":45.5336671},{"tripID":4413875,"serviceDate":1395730800000,"direction":1,"garage":"POWELL","type":"bus","lastLocID":3785,"messageCode":466,"time":1395752962732,"expires":1395753382000,"signMessageLong":"31  Portland","extraBlockID":null,"locationInScheduleDay":22130,"longitude":-122.6479503,"blockID":3137,"offRoute":false,"nextLocID":3858,"vehicleID":2258,"signMessage":"31 To Portland","extraTripID":null,"nextStopSeq":33,"routeNumber":31,"vehicleLoad":"unknown","bearing":304,"lastStopSeq":32,"inCongestion":false,"delay":-32,"latitude":45.4861376},{"tripID":4419224,"serviceDate":1395730800000,"direction":1,"garage":"POWELL","type":"bus","lastLocID":2417,"messageCode":813,"time":1395752975035,"expires":1395753392000,"signMessageLong":"77  Broadway/Halsey to Montgomery Park","extraBlockID":null,"locationInScheduleDay":22309,"longitude":-122.4328708,"blockID":7737,"offRoute":false,"nextLocID":2342,"vehicleID":2285,"signMessage":"77 Montgomry Pk","extraTripID":null,"nextStopSeq":13,"routeNumber":77,"vehicleLoad":"unknown","bearing":258,"lastStopSeq":12,"inCongestion":false,"delay":137,"latitude":45.5351786},{"tripID":4417163,"serviceDate":1395730800000,"direction":0,"garage":"CENTER","type":"bus","lastLocID":13693,"messageCode":780,"time":1395752959845,"expires":1395753378000,"signMessageLong":"70  12th/NE 33rd Ave to NE Sunderland","extraBlockID":null,"locationInScheduleDay":22212,"longitude":-122.653978,"blockID":7005,"offRoute":false,"nextLocID":4539,"vehicleID":2132,"signMessage":"70 To Sunderlnd","extraTripID":null,"nextStopSeq":26,"routeNumber":70,"vehicleLoad":"unknown","bearing":321,"lastStopSeq":25,"inCongestion":false,"delay":54,"latitude":45.5012843},{"tripID":4417313,"serviceDate":1395730800000,"direction":1,"garage":"CENTER","type":"bus","lastLocID":6542,"messageCode":738,"time":1395752986569,"expires":1395753406000,"signMessageLong":"70  12th Ave to Milwaukie via 13th & Tacoma","extraBlockID":null,"locationInScheduleDay":22129,"longitude":-122.6546917,"blockID":7006,"offRoute":false,"nextLocID":6551,"vehicleID":2150,"signMessage":"70 To Milwaukie","extraTripID":null,"nextStopSeq":8,"routeNumber":70,"vehicleLoad":"unknown","bearing":180,"lastStopSeq":7,"inCongestion":false,"delay":-57,"latitude":45.5131401},{"tripID":4417865,"serviceDate":1395730800000,"direction":0,"garage":"POWELL","type":"bus","lastLocID":5890,"messageCode":768,"time":1395752974903,"expires":1395753394000,"signMessageLong":"72  Killingsworth/82nd to Swan Island-Shipyards","extraBlockID":null,"locationInScheduleDay":22038,"longitude":-122.6614739,"blockID":7238,"offRoute":false,"nextLocID":10957,"vehicleID":2527,"signMessage":"72 Swan Island","extraTripID":null,"nextStopSeq":93,"routeNumber":72,"vehicleLoad":"unknown","bearing":0,"lastStopSeq":92,"inCongestion":false,"delay":-136,"latitude":45.5607032},{"tripID":4417312,"serviceDate":1395730800000,"direction":1,"garage":"CENTER","type":"bus","lastLocID":6890,"messageCode":791,"time":1395752980836,"expires":1395753398000,"signMessageLong":"70  To Milwaukie","extraBlockID":null,"locationInScheduleDay":22032,"longitude":-122.6470568,"blockID":7002,"offRoute":false,"nextLocID":6874,"vehicleID":2524,"signMessage":"70 To Milwaukie","extraTripID":null,"nextStopSeq":71,"routeNumber":70,"vehicleLoad":"unknown","bearing":180,"lastStopSeq":70,"inCongestion":false,"delay":-146,"latitude":45.4672103},{"tripID":4419087,"serviceDate":1395730800000,"direction":0,"garage":"CENTER","type":"bus","lastLocID":1612,"messageCode":809,"time":1395752974892,"expires":1395753393000,"signMessageLong":"77  Broadway/Halsey to Troutdale","extraBlockID":null,"locationInScheduleDay":22471,"longitude":-122.6707513,"blockID":7701,"offRoute":false,"nextLocID":11817,"vehicleID":2512,"signMessage":"77 To Troutdale","extraTripID":null,"nextStopSeq":19,"routeNumber":77,"vehicleLoad":"unknown","bearing":345,"lastStopSeq":18,"inCongestion":false,"delay":298,"latitude":45.5263697},{"tripID":4418192,"serviceDate":1395730800000,"direction":1,"garage":"POWELL","type":"bus","lastLocID":7937,"messageCode":760,"time":1395752967086,"expires":1395753383000,"signMessageLong":"72  Killingsworth/82nd to Clackamas TC","extraBlockID":null,"locationInScheduleDay":22013,"longitude":-122.5790839,"blockID":7239,"offRoute":false,"nextLocID":7931,"vehicleID":2540,"signMessage":"72 Clackamas TC","extraTripID":null,"nextStopSeq":71,"routeNumber":72,"vehicleLoad":"unknown","bearing":180,"lastStopSeq":70,"inCongestion":false,"delay":-150,"latitude":45.5211622},{"tripID":4417866,"serviceDate":1395730800000,"direction":0,"garage":"POWELL","type":"bus","lastLocID":8039,"messageCode":766,"time":1395752967085,"expires":1395753383000,"signMessageLong":"72  Killingsworth/82nd to Swan Island-Anchor St","extraBlockID":null,"locationInScheduleDay":21968,"longitude":-122.5786555,"blockID":7240,"offRoute":false,"nextLocID":8026,"vehicleID":2533,"signMessage":"72 Swan Island","extraTripID":null,"nextStopSeq":59,"routeNumber":72,"vehicleLoad":"unknown","bearing":0,"lastStopSeq":58,"inCongestion":false,"delay":-195,"latitude":45.5540933},{"tripID":4417864,"serviceDate":1395730800000,"direction":0,"garage":"POWELL","type":"bus","lastLocID":3315,"messageCode":768,"time":1395752962820,"expires":1395753382000,"signMessageLong":"72  Killingsworth/82nd to Swan Island-Shipyards","extraBlockID":null,"locationInScheduleDay":21840,"longitude":-122.7026464,"blockID":7236,"offRoute":false,"nextLocID":3316,"vehicleID":2552,"signMessage":"72 Swan Island","extraTripID":null,"nextStopSeq":109,"routeNumber":72,"vehicleLoad":"unknown","bearing":307,"lastStopSeq":108,"inCongestion":false,"delay":-322,"latitude":45.5575955},{"tripID":4417868,"serviceDate":1395730800000,"direction":0,"garage":"POWELL","type":"bus","lastLocID":8015,"messageCode":768,"time":1395752960047,"expires":1395753378000,"signMessageLong":"72  Killingsworth/82nd to Swan Island-Shipyards","extraBlockID":null,"locationInScheduleDay":22148,"longitude":-122.5790815,"blockID":7242,"offRoute":false,"nextLocID":8017,"vehicleID":2548,"signMessage":"72 Swan Island","extraTripID":null,"nextStopSeq":8,"routeNumber":72,"vehicleLoad":"unknown","bearing":358,"lastStopSeq":7,"inCongestion":false,"delay":-10,"latitude":45.4516668},{"tripID":4411311,"serviceDate":1395730800000,"direction":0,"garage":"POWELL","type":"bus","lastLocID":7660,"messageCode":266,"time":1395752949668,"expires":1395753367000,"signMessageLong":"14  Hawthorne to 94th & Foster","extraBlockID":null,"locationInScheduleDay":22148,"longitude":-122.6112984,"blockID":1435,"offRoute":false,"nextLocID":7655,"vehicleID":2316,"signMessage":"14 To 94-Foster","extraTripID":null,"nextStopSeq":25,"routeNumber":14,"vehicleLoad":"unknown","bearing":177,"lastStopSeq":24,"inCongestion":false,"delay":1,"latitude":45.5081145},{"tripID":4413876,"serviceDate":1395730800000,"direction":1,"garage":"CENTER","type":"bus","lastLocID":3235,"messageCode":462,"time":1395752978161,"expires":1395753397000,"signMessageLong":"31L Portland Limited","extraBlockID":null,"locationInScheduleDay":22047,"longitude":-122.6195316,"blockID":3101,"offRoute":false,"nextLocID":7524,"vehicleID":2714,"signMessage":"31L To Portland Limited","extraTripID":null,"nextStopSeq":4,"routeNumber":31,"vehicleLoad":"unknown","bearing":179,"lastStopSeq":3,"inCongestion":false,"delay":-130,"latitude":45.4476565},{"tripID":4417161,"serviceDate":1395730800000,"direction":0,"garage":"CENTER","type":"bus","lastLocID":13040,"messageCode":783,"time":1395752974861,"expires":1395753392000,"signMessageLong":"70  33rd Ave to NE Sunderland","extraBlockID":null,"locationInScheduleDay":21300,"longitude":-122.6357648,"blockID":7001,"offRoute":false,"nextLocID":9368,"vehicleID":2704,"signMessage":"70 To Sunderlnd","extraTripID":null,"nextStopSeq":83,"routeNumber":70,"vehicleLoad":"unknown","bearing":180,"lastStopSeq":82,"inCongestion":false,"delay":0,"latitude":45.5898735},{"tripID":4417162,"serviceDate":1395730800000,"direction":0,"garage":"CENTER","type":"bus","lastLocID":7385,"messageCode":783,"time":1395752974835,"expires":1395753393000,"signMessageLong":"70  33rd Ave to NE Sunderland","extraBlockID":null,"locationInScheduleDay":22237,"longitude":-122.6307063,"blockID":7003,"offRoute":false,"nextLocID":7399,"vehicleID":2705,"signMessage":"70 To Sunderlnd","extraTripID":null,"nextStopSeq":49,"routeNumber":70,"vehicleLoad":"unknown","bearing":359,"lastStopSeq":48,"inCongestion":false,"delay":64,"latitude":45.5427683},{"tripID":4417314,"serviceDate":1395730800000,"direction":1,"garage":"CENTER","type":"bus","lastLocID":7377,"messageCode":788,"time":1395752978144,"expires":1395753395000,"signMessageLong":"70  12th/NE 33rd Ave to Milwaukie","extraBlockID":null,"locationInScheduleDay":22132,"longitude":-122.6306861,"blockID":7004,"offRoute":false,"nextLocID":644,"vehicleID":2701,"signMessage":"70 To Milwaukie","extraTripID":null,"nextStopSeq":32,"routeNumber":70,"vehicleLoad":"unknown","bearing":179,"lastStopSeq":31,"inCongestion":false,"delay":-43,"latitude":45.5354428},{"tripID":4411558,"serviceDate":1395730800000,"direction":1,"garage":"CENTER","type":"bus","lastLocID":2642,"messageCode":266,"time":1395752980890,"expires":1395753398000,"signMessageLong":"14  Hawthorne to 94th & Foster","extraBlockID":null,"locationInScheduleDay":22252,"longitude":-122.6661479,"blockID":1401,"offRoute":false,"nextLocID":11956,"vehicleID":2608,"signMessage":"14 To 94-Foster","extraTripID":null,"nextStopSeq":43,"routeNumber":14,"vehicleLoad":"unknown","bearing":256,"lastStopSeq":42,"inCongestion":false,"delay":74,"latitude":45.5129151},{"tripID":4419086,"serviceDate":1395730800000,"direction":0,"garage":"CENTER","type":"bus","lastLocID":6239,"messageCode":809,"time":1395752975001,"expires":1395753394000,"signMessageLong":"77  Broadway/Halsey to Troutdale","extraBlockID":null,"locationInScheduleDay":21865,"longitude":-122.6412841,"blockID":7703,"offRoute":false,"nextLocID":636,"vehicleID":2630,"signMessage":"77 To Troutdale","extraTripID":null,"nextStopSeq":29,"routeNumber":77,"vehicleLoad":"unknown","bearing":90,"lastStopSeq":28,"inCongestion":false,"delay":-309,"latitude":45.5342992},{"tripID":4418191,"serviceDate":1395730800000,"direction":1,"garage":"POWELL","type":"bus","lastLocID":7942,"messageCode":760,"time":1395752980822,"expires":1395753400000,"signMessageLong":"72  Killingsworth/82nd to Clackamas TC","extraBlockID":null,"locationInScheduleDay":22001,"longitude":-122.5789745,"blockID":7237,"offRoute":false,"nextLocID":12921,"vehicleID":3004,"signMessage":"72 Clackamas TC","extraTripID":null,"nextStopSeq":110,"routeNumber":72,"vehicleLoad":"unknown","bearing":181,"lastStopSeq":109,"inCongestion":false,"delay":-179,"latitude":45.4389254},{"tripID":4418193,"serviceDate":1395730800000,"direction":1,"garage":"POWELL","type":"bus","lastLocID":3211,"messageCode":760,"time":1395752978139,"expires":1395753396000,"signMessageLong":"72  Killingsworth/82nd to Clackamas TC","extraBlockID":null,"locationInScheduleDay":22169,"longitude":-122.5863139,"blockID":7241,"offRoute":false,"nextLocID":3186,"vehicleID":3048,"signMessage":"72 Clackamas TC","extraTripID":null,"nextStopSeq":50,"routeNumber":72,"vehicleLoad":"unknown","bearing":89,"lastStopSeq":49,"inCongestion":false,"delay":-7,"latitude":45.5626655},{"tripID":4417867,"serviceDate":1395730800000,"direction":0,"garage":"POWELL","type":"bus","lastLocID":8023,"messageCode":768,"time":1395752959894,"expires":1395753376000,"signMessageLong":"72  Killingsworth/82nd to Swan Island-Shipyards","extraBlockID":null,"locationInScheduleDay":22140,"longitude":-122.578735,"blockID":7235,"offRoute":false,"nextLocID":8052,"vehicleID":3053,"signMessage":"72 Swan Island","extraTripID":null,"nextStopSeq":30,"routeNumber":72,"vehicleLoad":"unknown","bearing":0,"lastStopSeq":29,"inCongestion":false,"delay":-16,"latitude":45.4978227},{"tripID":4418194,"serviceDate":1395730800000,"direction":1,"garage":"POWELL","type":"bus","lastLocID":3183,"messageCode":760,"time":1395752962663,"expires":1395753380000,"signMessageLong":"72  Killingsworth/82nd to Clackamas TC","extraBlockID":null,"locationInScheduleDay":22131,"longitude":-122.6685836,"blockID":7234,"offRoute":false,"nextLocID":3188,"vehicleID":3054,"signMessage":"72 Clackamas TC","extraTripID":null,"nextStopSeq":18,"routeNumber":72,"vehicleLoad":"unknown","bearing":89,"lastStopSeq":17,"inCongestion":false,"delay":-29,"latitude":45.5627148},{"tripID":4419222,"serviceDate":1395730800000,"direction":1,"garage":"POWELL","type":"bus","lastLocID":2431,"messageCode":813,"time":1395752974893,"expires":1395753394000,"signMessageLong":"77  Broadway/Halsey to Montgomery Park","extraBlockID":null,"locationInScheduleDay":21823,"longitude":-122.6070232,"blockID":7734,"offRoute":false,"nextLocID":2428,"vehicleID":3046,"signMessage":"77 Montgomry Pk","extraTripID":null,"nextStopSeq":63,"routeNumber":77,"vehicleLoad":"unknown","bearing":270,"lastStopSeq":62,"inCongestion":false,"delay":-351,"latitude":45.5337262},{"tripID":4411560,"serviceDate":1395730800000,"direction":1,"garage":"POWELL","type":"bus","lastLocID":1831,"messageCode":268,"time":1395752962639,"expires":1395753380000,"signMessageLong":"14  Hawthorne to Portland","extraBlockID":null,"locationInScheduleDay":22160,"longitude":-122.5662917,"blockID":1434,"offRoute":false,"nextLocID":13236,"vehicleID":3027,"signMessage":"14 To Portland","extraTripID":null,"nextStopSeq":2,"routeNumber":14,"vehicleLoad":"unknown","bearing":291,"lastStopSeq":1,"inCongestion":false,"delay":0,"latitude":45.4791765},{"tripID":4419085,"serviceDate":1395730800000,"direction":0,"garage":"CENTER","type":"bus","lastLocID":2378,"messageCode":809,"time":1395752978196,"expires":1395753395000,"signMessageLong":"77  Broadway/Halsey to Troutdale","extraBlockID":null,"locationInScheduleDay":22200,"longitude":-122.5201289,"blockID":7702,"offRoute":false,"nextLocID":2380,"vehicleID":2005,"signMessage":"77 To Troutdale","extraTripID":null,"nextStopSeq":67,"routeNumber":77,"vehicleLoad":"unknown","bearing":88,"lastStopSeq":66,"inCongestion":false,"delay":25,"latitude":45.5336284}],"queryTime":1395752988720}}
