{"resultSet":{"vehicle":[{"tripID":4411388,"serviceDate":1395644400000,"direction":0,"garage":"CENTER","type":"bus","lastLocID":2612,"messageCode":266,"time":1395737058174,"expires":1395737476000,"signMessageLong":"14  Hawthorne to 94th & Foster","extraBlockID":null,"locationInScheduleDay":92720,"longitude":-122.6392204,"blockID":1406,"offRoute":false,"nextLocID":2614,"vehicleID":3128,"signMessage":"14 To 94-Foster","extraTripID":null,"nextStopSeq":13,"routeNumber":14,"vehicleLoad":"unknown","bearing":90,"lastStopSeq":12,"inCongestion":false,"delay":64,"latitude":45.512085}],"queryTime":1395737087767}}
