{"resultSet":{"vehicle":[{"tripID":4419221,"serviceDate":1395730800000,"direction":1,"garage":"POWELL","type":"bus","lastLocID":2457,"messageCode":813,"time":1395750562622,"expires":1395750982000,"signMessageLong":"77  Broadway/Halsey to Montgomery Park","extraBlockID":null,"locationInScheduleDay":19764,"longitude":-122.5759118,"blockID":7735,"offRoute":false,"nextLocID":10846,"vehicleID":2222,"signMessage":"77 Montgomry Pk","extraTripID":null,"nextStopSeq":6,"routeNumber":77,"vehicleLoad":"unknown","bearing":295,"lastStopSeq":5,"inCongestion":false,"delay":2,"latitude":45.5335804},{"tripID":4417865,"serviceDate":1395730800000,"direction":0,"garage":"POWELL","type":"bus","lastLocID":7962,"messageCode":768,"time":1395750577935,"expires":1395750996000,"signMessageLong":"72  Killingsworth/82nd to Swan Island-Shipyards","extraBlockID":null,"locationInScheduleDay":19800,"longitude":-122.5790515,"blockID":7238,"offRoute":false,"nextLocID":7982,"vehicleID":2527,"signMessage":"72 Swan Island","extraTripID":null,"nextStopSeq":16,"routeNumber":72,"vehicleLoad":"unknown","bearing":0,"lastStopSeq":15,"inCongestion":false,"delay":24,"latitude":45.4684883},{"tripID":4417312,"serviceDate":1395730800000,"direction":1,"garage":"CENTER","type":"bus","lastLocID":8304,"messageCode":788,"time":1395750577936,"expires":1395750995000,"signMessageLong":"70  12th/NE 33rd Ave to Milwaukie","extraBlockID":null,"locationInScheduleDay":19651,"longitude":-122.6439595,"blockID":7002,"offRoute":false,"nextLocID":8507,"vehicleID":2524,"signMessage":"70 To Milwaukie","extraTripID":null,"nextStopSeq":10,"routeNumber":70,"vehicleLoad":"unknown","bearing":180,"lastStopSeq":9,"inCongestion":false,"delay":-124,"latitude":45.5767562},{"tripID":4419220,"serviceDate":1395730800000,"direction":1,"garage":"CENTER","type":"bus","lastLocID":11492,"messageCode":813,"time":1395750577927,"expires":1395750996000,"signMessageLong":"77  Broadway/Halsey to Montgomery Park","extraBlockID":null,"locationInScheduleDay":19744,"longitude":-122.6642494,"blockID":7701,"offRoute":false,"nextLocID":2592,"vehicleID":2512,"signMessage":"77 Montgomry Pk","extraTripID":null,"nextStopSeq":40,"routeNumber":77,"vehicleLoad":"unknown","bearing":270,"lastStopSeq":39,"inCongestion":false,"delay":-32,"latitude":45.5307942},{"tripID":4417864,"serviceDate":1395730800000,"direction":0,"garage":"POWELL","type":"bus","lastLocID":8065,"messageCode":768,"time":1395750578027,"expires":1395750995000,"signMessageLong":"72  Killingsworth/82nd to Swan Island-Shipyards","extraBlockID":null,"locationInScheduleDay":19617,"longitude":-122.5790407,"blockID":7236,"offRoute":false,"nextLocID":7928,"vehicleID":2552,"signMessage":"72 Swan Island","extraTripID":null,"nextStopSeq":39,"routeNumber":72,"vehicleLoad":"unknown","bearing":357,"lastStopSeq":38,"inCongestion":false,"delay":-158,"latitude":45.518201},{"tripID":4413874,"serviceDate":1395730800000,"direction":1,"garage":"POWELL","type":"bus","lastLocID":12922,"messageCode":464,"time":1395750562688,"expires":1395750980000,"signMessageLong":"31  To Portland via Milwaukie","extraBlockID":null,"locationInScheduleDay":19656,"longitude":-122.5789323,"blockID":3134,"offRoute":false,"nextLocID":7941,"vehicleID":2555,"signMessage":"31 To Portland","extraTripID":null,"nextStopSeq":2,"routeNumber":31,"vehicleLoad":"unknown","bearing":0,"lastStopSeq":1,"inCongestion":false,"delay":-104,"latitude":45.4399358},{"tripID":4411557,"serviceDate":1395730800000,"direction":1,"garage":"POWELL","type":"bus","lastLocID":1778,"messageCode":268,"time":1395750559970,"expires":1395750978000,"signMessageLong":"14  Hawthorne to Portland","extraBlockID":null,"locationInScheduleDay":19702,"longitude":-122.5982276,"blockID":1435,"offRoute":false,"nextLocID":12904,"vehicleID":2316,"signMessage":"14 To Portland","extraTripID":null,"nextStopSeq":14,"routeNumber":14,"vehicleLoad":"unknown","bearing":300,"lastStopSeq":13,"inCongestion":false,"delay":-56,"latitude":45.4902576},{"tripID":4417161,"serviceDate":1395730800000,"direction":0,"garage":"CENTER","type":"bus","lastLocID":6582,"messageCode":780,"time":1395750577915,"expires":1395750996000,"signMessageLong":"70  12th/NE 33rd Ave to NE Sunderland","extraBlockID":null,"locationInScheduleDay":19884,"longitude":-122.6536403,"blockID":7001,"offRoute":false,"nextLocID":8513,"vehicleID":2704,"signMessage":"70 To Sunderlnd","extraTripID":null,"nextStopSeq":36,"routeNumber":70,"vehicleLoad":"unknown","bearing":341,"lastStopSeq":35,"inCongestion":false,"delay":108,"latitude":45.5291254},{"tripID":4418191,"serviceDate":1395730800000,"direction":1,"garage":"POWELL","type":"bus","lastLocID":3190,"messageCode":760,"time":1395750562505,"expires":1395750979000,"signMessageLong":"72  Killingsworth/82nd to Clackamas TC","extraBlockID":null,"locationInScheduleDay":19646,"longitude":-122.6312467,"blockID":7237,"offRoute":false,"nextLocID":3191,"vehicleID":3004,"signMessage":"72 Clackamas TC","extraTripID":null,"nextStopSeq":36,"routeNumber":72,"vehicleLoad":"unknown","bearing":89,"lastStopSeq":35,"inCongestion":false,"delay":-113,"latitude":45.5627211},{"tripID":4418190,"serviceDate":1395730800000,"direction":1,"garage":"POWELL","type":"bus","lastLocID":8013,"messageCode":760,"time":1395750556784,"expires":1395750976000,"signMessageLong":"72  Killingsworth/82nd to Clackamas TC","extraBlockID":null,"locationInScheduleDay":19679,"longitude":-122.579055,"blockID":7235,"offRoute":false,"nextLocID":7963,"vehicleID":3053,"signMessage":"72 Clackamas TC","extraTripID":null,"nextStopSeq":43,"routeNumber":72,"vehicleLoad":"unknown","bearing":179,"lastStopSeq":42,"inCongestion":false,"delay":-77,"latitude":45.4689593},{"tripID":4417863,"serviceDate":1395730800000,"direction":0,"garage":"POWELL","type":"bus","lastLocID":10184,"messageCode":768,"time":1395750577915,"expires":1395750996000,"signMessageLong":"72  Killingsworth/82nd to Swan Island-Shipyards","extraBlockID":null,"locationInScheduleDay":19728,"longitude":-122.6610481,"blockID":7234,"offRoute":false,"nextLocID":5890,"vehicleID":3054,"signMessage":"72 Swan Island","extraTripID":null,"nextStopSeq":92,"routeNumber":72,"vehicleLoad":"unknown","bearing":270,"lastStopSeq":91,"inCongestion":false,"delay":-48,"latitude":45.5591222},{"tripID":4419222,"serviceDate":1395730800000,"direction":1,"garage":"POWELL","type":"bus","lastLocID":9471,"messageCode":813,"time":1395750574789,"expires":1395750992000,"signMessageLong":"77  Broadway/Halsey to Montgomery Park","extraBlockID":null,"locationInScheduleDay":19825,"longitude":-122.3906801,"blockID":7734,"offRoute":false,"nextLocID":8746,"vehicleID":3046,"signMessage":"77 Montgomry Pk","extraTripID":null,"nextStopSeq":3,"routeNumber":77,"vehicleLoad":"unknown","bearing":180,"lastStopSeq":2,"inCongestion":false,"delay":53,"latitude":45.5432045},{"tripID":4411310,"serviceDate":1395730800000,"direction":0,"garage":"POWELL","type":"bus","lastLocID":3635,"messageCode":266,"time":1395750559810,"expires":1395750977000,"signMessageLong":"14  Hawthorne to 94th & Foster","extraBlockID":null,"locationInScheduleDay":19837,"longitude":-122.6659678,"blockID":1434,"offRoute":false,"nextLocID":2641,"vehicleID":3027,"signMessage":"14 To 94-Foster","extraTripID":null,"nextStopSeq":3,"routeNumber":14,"vehicleLoad":"unknown","bearing":90,"lastStopSeq":2,"inCongestion":false,"delay":80,"latitude":45.5122617},{"tripID":4419085,"serviceDate":1395730800000,"direction":0,"garage":"CENTER","type":"bus","lastLocID":8402,"messageCode":809,"time":1395750559883,"expires":1395750977000,"signMessageLong":"77  Broadway/Halsey to Troutdale","extraBlockID":null,"locationInScheduleDay":19697,"longitude":-122.6777211,"blockID":7702,"offRoute":false,"nextLocID":1606,"vehicleID":2005,"signMessage":"77 To Troutdale","extraTripID":null,"nextStopSeq":16,"routeNumber":77,"vehicleLoad":"unknown","bearing":88,"lastStopSeq":15,"inCongestion":false,"delay":-60,"latitude":45.5251822}],"queryTime":1395750588629}}
