{"resultSet":{"vehicle":[{"tripID":4411313,"serviceDate":1395730800000,"direction":0,"garage":"POWELL","type":"bus","lastLocID":12946,"messageCode":266,"time":1395755603257,"expires":1395756020000,"signMessageLong":"14  Hawthorne to 94th & Foster","extraBlockID":null,"locationInScheduleDay":24892,"longitude":-122.603337,"blockID":1436,"offRoute":false,"nextLocID":1775,"vehicleID":2206,"signMessage":"14 To 94-Foster","extraTripID":null,"nextStopSeq":32,"routeNumber":14,"vehicleLoad":"unknown","bearing":128,"lastStopSeq":31,"inCongestion":false,"delay":92,"latitude":45.4929424},{"tripID":4419089,"serviceDate":1395730800000,"direction":0,"garage":"POWELL","type":"bus","lastLocID":13708,"messageCode":809,"time":1395755603318,"expires":1395756022000,"signMessageLong":"77  Broadway/Halsey to Troutdale","extraBlockID":null,"locationInScheduleDay":24715,"longitude":-122.6630496,"blockID":7735,"offRoute":false,"nextLocID":4042,"vehicleID":2222,"signMessage":"77 To Troutdale","extraTripID":null,"nextStopSeq":21,"routeNumber":77,"vehicleLoad":"unknown","bearing":52,"lastStopSeq":20,"inCongestion":false,"delay":-87,"latitude":45.5310292},{"tripID":4419223,"serviceDate":1395730800000,"direction":1,"garage":"POWELL","type":"bus","lastLocID":7113,"messageCode":813,"time":1395755606395,"expires":1395756024000,"signMessageLong":"77  Broadway/Halsey to Montgomery Park","extraBlockID":null,"locationInScheduleDay":24778,"longitude":-122.6945666,"blockID":7736,"offRoute":false,"nextLocID":7122,"vehicleID":2221,"signMessage":"77 Montgomry Pk","extraTripID":null,"nextStopSeq":96,"routeNumber":77,"vehicleLoad":"unknown","bearing":359,"lastStopSeq":95,"inCongestion":false,"delay":-26,"latitude":45.5299932},{"tripID":4411562,"serviceDate":1395730800000,"direction":1,"garage":"POWELL","type":"bus","lastLocID":1778,"messageCode":268,"time":1395755606450,"expires":1395756024000,"signMessageLong":"14  Hawthorne to Portland","extraBlockID":null,"locationInScheduleDay":24865,"longitude":-122.599989,"blockID":1437,"offRoute":false,"nextLocID":12904,"vehicleID":2264,"signMessage":"14 To Portland","extraTripID":null,"nextStopSeq":14,"routeNumber":14,"vehicleLoad":"unknown","bearing":308,"lastStopSeq":13,"inCongestion":false,"delay":61,"latitude":45.4910951},{"tripID":4418198,"serviceDate":1395730800000,"direction":1,"garage":"POWELL","type":"bus","lastLocID":3183,"messageCode":760,"time":1395755599992,"expires":1395756017000,"signMessageLong":"72  Killingsworth/82nd to Clackamas TC","extraBlockID":null,"locationInScheduleDay":24816,"longitude":-122.6688834,"blockID":7246,"offRoute":false,"nextLocID":3188,"vehicleID":2296,"signMessage":"72 Clackamas TC","extraTripID":null,"nextStopSeq":18,"routeNumber":72,"vehicleLoad":"unknown","bearing":89,"lastStopSeq":17,"inCongestion":false,"delay":19,"latitude":45.5627134},{"tripID":4419224,"serviceDate":1395730800000,"direction":1,"garage":"POWELL","type":"bus","lastLocID":643,"messageCode":813,"time":1395755611704,"expires":1395756031000,"signMessageLong":"77  Broadway/Halsey to Montgomery Park","extraBlockID":null,"locationInScheduleDay":24658,"longitude":-122.633358,"blockID":7737,"offRoute":false,"nextLocID":641,"vehicleID":2285,"signMessage":"77 Montgomry Pk","extraTripID":null,"nextStopSeq":74,"routeNumber":77,"vehicleLoad":"unknown","bearing":269,"lastStopSeq":73,"inCongestion":false,"delay":-153,"latitude":45.5351603},{"tripID":4417869,"serviceDate":1395730800000,"direction":0,"garage":"POWELL","type":"bus","lastLocID":3212,"messageCode":766,"time":1395755600024,"expires":1395756017000,"signMessageLong":"72  Killingsworth/82nd to Swan Island-Anchor St","extraBlockID":null,"locationInScheduleDay":24835,"longitude":-122.5933829,"blockID":7244,"offRoute":false,"nextLocID":10601,"vehicleID":2276,"signMessage":"72 Swan Island","extraTripID":null,"nextStopSeq":66,"routeNumber":72,"vehicleLoad":"unknown","bearing":270,"lastStopSeq":65,"inCongestion":false,"delay":38,"latitude":45.5627119},{"tripID":4417318,"serviceDate":1395730800000,"direction":1,"garage":"CENTER","type":"bus","lastLocID":9368,"messageCode":788,"time":1395755599835,"expires":1395756017000,"signMessageLong":"70  12th/NE 33rd Ave to Milwaukie","extraBlockID":null,"locationInScheduleDay":24797,"longitude":-122.6357648,"blockID":7005,"offRoute":false,"nextLocID":9414,"vehicleID":2132,"signMessage":"70 To Milwaukie","extraTripID":null,"nextStopSeq":2,"routeNumber":70,"vehicleLoad":"unknown","bearing":180,"lastStopSeq":1,"inCongestion":false,"delay":0,"latitude":45.5898735},{"tripID":4413878,"serviceDate":1395730800000,"direction":1,"garage":"CENTER","type":"bus","lastLocID":2574,"messageCode":462,"time":1395755603146,"expires":1395756022000,"signMessageLong":"31L Portland Limited","extraBlockID":null,"locationInScheduleDay":24214,"longitude":-122.6403014,"blockID":3001,"offRoute":false,"nextLocID":3858,"vehicleID":2123,"signMessage":"31L To Portland Limited","extraTripID":null,"nextStopSeq":6,"routeNumber":31,"vehicleLoad":"unknown","bearing":351,"lastStopSeq":5,"inCongestion":false,"delay":-588,"latitude":45.4739295},{"tripID":4417166,"serviceDate":1395730800000,"direction":0,"garage":"CENTER","type":"bus","lastLocID":6871,"messageCode":781,"time":1395755614767,"expires":1395756033000,"signMessageLong":"70  12th/NE 33rd Ave to NE Sunderland via 17th & Tacoma","extraBlockID":null,"locationInScheduleDay":24629,"longitude":-122.6436598,"blockID":7006,"offRoute":false,"nextLocID":6901,"vehicleID":2150,"signMessage":"70 To Sunderland via 17th","extraTripID":null,"nextStopSeq":4,"routeNumber":70,"vehicleLoad":"unknown","bearing":342,"lastStopSeq":3,"inCongestion":false,"delay":-184,"latitude":45.4480444},{"tripID":4418197,"serviceDate":1395730800000,"direction":1,"garage":"POWELL","type":"bus","lastLocID":60,"messageCode":760,"time":1395755623879,"expires":1395756041000,"signMessageLong":"72  Killingsworth/82nd to Clackamas TC","extraBlockID":null,"locationInScheduleDay":24852,"longitude":-122.6398571,"blockID":7238,"offRoute":false,"nextLocID":63,"vehicleID":2527,"signMessage":"72 Clackamas TC","extraTripID":null,"nextStopSeq":30,"routeNumber":72,"vehicleLoad":"unknown","bearing":90,"lastStopSeq":29,"inCongestion":false,"delay":31,"latitude":45.5590623},{"tripID":4417165,"serviceDate":1395730800000,"direction":0,"garage":"CENTER","type":"bus","lastLocID":6576,"messageCode":780,"time":1395755614866,"expires":1395756032000,"signMessageLong":"70  12th/NE 33rd Ave to NE Sunderland","extraBlockID":null,"locationInScheduleDay":24830,"longitude":-122.6536838,"blockID":7002,"offRoute":false,"nextLocID":6585,"vehicleID":2524,"signMessage":"70 To Sunderlnd","extraTripID":null,"nextStopSeq":30,"routeNumber":70,"vehicleLoad":"unknown","bearing":359,"lastStopSeq":29,"inCongestion":false,"delay":18,"latitude":45.5126571},{"tripID":4419087,"serviceDate":1395730800000,"direction":0,"garage":"CENTER","type":"bus","lastLocID":2374,"messageCode":809,"time":1395755599915,"expires":1395756017000,"signMessageLong":"77  Broadway/Halsey to Troutdale","extraBlockID":null,"locationInScheduleDay":24819,"longitude":-122.5231829,"blockID":7701,"offRoute":false,"nextLocID":2378,"vehicleID":2512,"signMessage":"77 To Troutdale","extraTripID":null,"nextStopSeq":66,"routeNumber":77,"vehicleLoad":"unknown","bearing":89,"lastStopSeq":65,"inCongestion":false,"delay":22,"latitude":45.5335737},{"tripID":4417872,"serviceDate":1395730800000,"direction":0,"garage":"POWELL","type":"bus","lastLocID":12922,"messageCode":768,"time":1395755606335,"expires":1395756023000,"signMessageLong":"72  Killingsworth/82nd to Swan Island-Shipyards","extraBlockID":null,"locationInScheduleDay":24806,"longitude":-122.5789327,"blockID":7239,"offRoute":false,"nextLocID":7941,"vehicleID":2540,"signMessage":"72 Swan Island","extraTripID":null,"nextStopSeq":3,"routeNumber":72,"vehicleLoad":"unknown","bearing":0,"lastStopSeq":2,"inCongestion":false,"delay":3,"latitude":45.439882},{"tripID":4418199,"serviceDate":1395730800000,"direction":1,"garage":"POWELL","type":"bus","lastLocID":9399,"messageCode":760,"time":1395755570090,"expires":1395755987000,"signMessageLong":"72  Killingsworth/82nd to Clackamas TC","extraBlockID":null,"locationInScheduleDay":24787,"longitude":-122.6984694,"blockID":7240,"offRoute":false,"nextLocID":2195,"vehicleID":2533,"signMessage":"72 Clackamas TC","extraTripID":null,"nextStopSeq":4,"routeNumber":72,"vehicleLoad":"unknown","bearing":99,"lastStopSeq":3,"inCongestion":false,"delay":20,"latitude":45.5561379},{"tripID":4418196,"serviceDate":1395730800000,"direction":1,"garage":"POWELL","type":"bus","lastLocID":3146,"messageCode":760,"time":1395755621332,"expires":1395756038000,"signMessageLong":"72  Killingsworth/82nd to Clackamas TC","extraBlockID":null,"locationInScheduleDay":24849,"longitude":-122.59919,"blockID":7236,"offRoute":false,"nextLocID":3148,"vehicleID":2552,"signMessage":"72 Clackamas TC","extraTripID":null,"nextStopSeq":47,"routeNumber":72,"vehicleLoad":"unknown","bearing":90,"lastStopSeq":46,"inCongestion":false,"delay":31,"latitude":45.5627534},{"tripID":4417868,"serviceDate":1395730800000,"direction":0,"garage":"POWELL","type":"bus","lastLocID":11472,"messageCode":768,"time":1395755615014,"expires":1395756034000,"signMessageLong":"72  Killingsworth/82nd to Swan Island-Shipyards","extraBlockID":null,"locationInScheduleDay":24525,"longitude":-122.6437452,"blockID":7242,"offRoute":false,"nextLocID":55,"vehicleID":2548,"signMessage":"72 Swan Island","extraTripID":null,"nextStopSeq":86,"routeNumber":72,"vehicleLoad":"unknown","bearing":270,"lastStopSeq":85,"inCongestion":false,"delay":-289,"latitude":45.5590787},{"tripID":4411561,"serviceDate":1395730800000,"direction":1,"garage":"POWELL","type":"bus","lastLocID":13734,"messageCode":268,"time":1395755563850,"expires":1395755982000,"signMessageLong":"14  Hawthorne to Portland","extraBlockID":null,"locationInScheduleDay":24641,"longitude":-122.6172829,"blockID":1435,"offRoute":false,"nextLocID":2632,"vehicleID":2316,"signMessage":"14 To Portland","extraTripID":null,"nextStopSeq":26,"routeNumber":14,"vehicleLoad":"unknown","bearing":270,"lastStopSeq":25,"inCongestion":false,"delay":-121,"latitude":45.5120335},{"tripID":4413879,"serviceDate":1395730800000,"direction":1,"garage":"CENTER","type":"bus","lastLocID":3235,"messageCode":464,"time":1395755621263,"expires":1395756038000,"signMessageLong":"31  To Portland via Milwaukie","extraBlockID":null,"locationInScheduleDay":24720,"longitude":-122.5987302,"blockID":1403,"offRoute":false,"nextLocID":3232,"vehicleID":2725,"signMessage":"31 To Portland","extraTripID":null,"nextStopSeq":11,"routeNumber":31,"vehicleLoad":"unknown","bearing":270,"lastStopSeq":10,"inCongestion":false,"delay":-98,"latitude":45.4479493},{"tripID":4419088,"serviceDate":1395730800000,"direction":0,"garage":"CENTER","type":"bus","lastLocID":2430,"messageCode":809,"time":1395755614849,"expires":1395756034000,"signMessageLong":"77  Broadway/Halsey to Troutdale","extraBlockID":null,"locationInScheduleDay":24796,"longitude":-122.6050998,"blockID":7705,"offRoute":false,"nextLocID":2434,"vehicleID":2720,"signMessage":"77 To Troutdale","extraTripID":null,"nextStopSeq":42,"routeNumber":77,"vehicleLoad":"unknown","bearing":90,"lastStopSeq":41,"inCongestion":false,"delay":-18,"latitude":45.5337208},{"tripID":4417164,"serviceDate":1395730800000,"direction":0,"garage":"CENTER","type":"bus","lastLocID":7395,"messageCode":783,"time":1395755621251,"expires":1395756038000,"signMessageLong":"70  33rd Ave to NE Sunderland","extraBlockID":null,"locationInScheduleDay":24769,"longitude":-122.6307186,"blockID":7007,"offRoute":false,"nextLocID":7373,"vehicleID":2709,"signMessage":"70 To Sunderlnd","extraTripID":null,"nextStopSeq":51,"routeNumber":70,"vehicleLoad":"unknown","bearing":359,"lastStopSeq":50,"inCongestion":false,"delay":-49,"latitude":45.5480195},{"tripID":4417315,"serviceDate":1395730800000,"direction":1,"garage":"CENTER","type":"bus","lastLocID":13658,"messageCode":789,"time":1395755621244,"expires":1395756039000,"signMessageLong":"70  12th Ave to Milwaukie via 17th & Tacoma","extraBlockID":null,"locationInScheduleDay":24731,"longitude":-122.6483513,"blockID":7001,"offRoute":false,"nextLocID":6864,"vehicleID":2704,"signMessage":"70 To Milw via 17","extraTripID":null,"nextStopSeq":62,"routeNumber":70,"vehicleLoad":"unknown","bearing":180,"lastStopSeq":61,"inCongestion":false,"delay":-88,"latitude":45.4923544},{"tripID":4417317,"serviceDate":1395730800000,"direction":1,"garage":"CENTER","type":"bus","lastLocID":7379,"messageCode":788,"time":1395755621244,"expires":1395756038000,"signMessageLong":"70  12th/NE 33rd Ave to Milwaukie","extraBlockID":null,"locationInScheduleDay":24914,"longitude":-122.630679,"blockID":7003,"offRoute":false,"nextLocID":7361,"vehicleID":2705,"signMessage":"70 To Milwaukie","extraTripID":null,"nextStopSeq":16,"routeNumber":70,"vehicleLoad":"unknown","bearing":180,"lastStopSeq":15,"inCongestion":false,"delay":96,"latitude":45.5665135},{"tripID":4417167,"serviceDate":1395730800000,"direction":0,"garage":"CENTER","type":"bus","lastLocID":13477,"messageCode":782,"time":1395755599883,"expires":1395756017000,"signMessageLong":"70  12th/NE 33rd Ave to NE Sunderland via 13th & Tacoma","extraBlockID":null,"locationInScheduleDay":24797,"longitude":-122.6407309,"blockID":7004,"offRoute":false,"nextLocID":8225,"vehicleID":2701,"signMessage":"70 To Sunderland via 13th","extraTripID":null,"nextStopSeq":2,"routeNumber":70,"vehicleLoad":"unknown","bearing":81,"lastStopSeq":1,"inCongestion":false,"delay":0,"latitude":45.4448667},{"tripID":4419225,"serviceDate":1395730800000,"direction":1,"garage":"CENTER","type":"bus","lastLocID":2455,"messageCode":813,"time":1395755561258,"expires":1395755978000,"signMessageLong":"77  Broadway/Halsey to Montgomery Park","extraBlockID":null,"locationInScheduleDay":24527,"longitude":-122.5845901,"blockID":7704,"offRoute":false,"nextLocID":2453,"vehicleID":2614,"signMessage":"77 Montgomry Pk","extraTripID":null,"nextStopSeq":55,"routeNumber":77,"vehicleLoad":"unknown","bearing":270,"lastStopSeq":54,"inCongestion":false,"delay":-231,"latitude":45.5336101},{"tripID":4411564,"serviceDate":1395730800000,"direction":1,"garage":"CENTER","type":"bus","lastLocID":1831,"messageCode":268,"time":1395755618221,"expires":1395756035000,"signMessageLong":"14  Hawthorne to Portland","extraBlockID":null,"locationInScheduleDay":24815,"longitude":-122.5662917,"blockID":1401,"offRoute":false,"nextLocID":13236,"vehicleID":2608,"signMessage":"14 To Portland","extraTripID":null,"nextStopSeq":2,"routeNumber":14,"vehicleLoad":"unknown","bearing":291,"lastStopSeq":1,"inCongestion":false,"delay":0,"latitude":45.4791765},{"tripID":4419086,"serviceDate":1395730800000,"direction":0,"garage":"CENTER","type":"bus","lastLocID":9472,"messageCode":809,"time":1395755600035,"expires":1395756017000,"signMessageLong":"77  Broadway/Halsey to Troutdale","extraBlockID":null,"locationInScheduleDay":24797,"longitude":-122.4002191,"blockID":7703,"offRoute":false,"nextLocID":9481,"vehicleID":2630,"signMessage":"77 To Troutdale","extraTripID":null,"nextStopSeq":102,"routeNumber":77,"vehicleLoad":"unknown","bearing":253,"lastStopSeq":101,"inCongestion":false,"delay":0,"latitude":45.5453688},{"tripID":4419090,"serviceDate":1395730800000,"direction":0,"garage":"CENTER","type":"bus","lastLocID":7168,"messageCode":809,"time":1395755606511,"expires":1395756024000,"signMessageLong":"77  Broadway/Halsey to Troutdale","extraBlockID":null,"locationInScheduleDay":24764,"longitude":-122.6952791,"blockID":7706,"offRoute":false,"nextLocID":10693,"vehicleID":2632,"signMessage":"77 To Troutdale","extraTripID":null,"nextStopSeq":5,"routeNumber":77,"vehicleLoad":"unknown","bearing":88,"lastStopSeq":4,"inCongestion":false,"delay":-40,"latitude":45.5355615},{"tripID":4417870,"serviceDate":1395730800000,"direction":0,"garage":"POWELL","type":"bus","lastLocID":7957,"messageCode":768,"time":1395755603162,"expires":1395756020000,"signMessageLong":"72  Killingsworth/82nd to Swan Island-Shipyards","extraBlockID":null,"locationInScheduleDay":24382,"longitude":-122.5786994,"blockID":7237,"offRoute":false,"nextLocID":12755,"vehicleID":3004,"signMessage":"72 Swan Island","extraTripID":null,"nextStopSeq":34,"routeNumber":72,"vehicleLoad":"unknown","bearing":0,"lastStopSeq":33,"inCongestion":false,"delay":-418,"latitude":45.5045549},{"tripID":4417873,"serviceDate":1395730800000,"direction":0,"garage":"POWELL","type":"bus","lastLocID":13248,"messageCode":766,"time":1395755603219,"expires":1395756022000,"signMessageLong":"72  Killingsworth/82nd to Swan Island-Anchor St","extraBlockID":null,"locationInScheduleDay":25171,"longitude":-122.5691165,"blockID":7241,"offRoute":false,"nextLocID":12922,"vehicleID":3048,"signMessage":"72 Swan Island","extraTripID":null,"nextStopSeq":2,"routeNumber":72,"vehicleLoad":"unknown","bearing":353,"lastStopSeq":1,"inCongestion":false,"delay":369,"latitude":45.4360312},{"tripID":4417867,"serviceDate":1395730800000,"direction":0,"garage":"POWELL","type":"bus","lastLocID":8496,"messageCode":768,"time":1395755611682,"expires":1395756031000,"signMessageLong":"72  Killingsworth/82nd to Swan Island-Shipyards","extraBlockID":null,"locationInScheduleDay":24902,"longitude":-122.7185487,"blockID":7235,"offRoute":false,"nextLocID":1044,"vehicleID":3053,"signMessage":"72 Swan Island","extraTripID":null,"nextStopSeq":114,"routeNumber":72,"vehicleLoad":"unknown","bearing":104,"lastStopSeq":113,"inCongestion":false,"delay":91,"latitude":45.5630162},{"tripID":4417871,"serviceDate":1395730800000,"direction":0,"garage":"POWELL","type":"bus","lastLocID":7984,"messageCode":766,"time":1395755614825,"expires":1395756034000,"signMessageLong":"72  Killingsworth/82nd to Swan Island-Anchor St","extraBlockID":null,"locationInScheduleDay":24859,"longitude":-122.5788225,"blockID":7245,"offRoute":false,"nextLocID":7935,"vehicleID":3052,"signMessage":"72 Swan Island","extraTripID":null,"nextStopSeq":26,"routeNumber":72,"vehicleLoad":"unknown","bearing":359,"lastStopSeq":25,"inCongestion":false,"delay":45,"latitude":45.4907912},{"tripID":4418194,"serviceDate":1395730800000,"direction":1,"garage":"POWELL","type":"bus","lastLocID":7996,"messageCode":760,"time":1395755599907,"expires":1395756018000,"signMessageLong":"72  Killingsworth/82nd to Clackamas TC","extraBlockID":null,"locationInScheduleDay":24899,"longitude":-122.5790937,"blockID":7234,"offRoute":false,"nextLocID":7988,"vehicleID":3054,"signMessage":"72 Clackamas TC","extraTripID":null,"nextStopSeq":103,"routeNumber":72,"vehicleLoad":"unknown","bearing":180,"lastStopSeq":102,"inCongestion":false,"delay":101,"latitude":45.4582019},{"tripID":4419222,"serviceDate":1395730800000,"direction":1,"garage":"POWELL","type":"bus","lastLocID":8483,"messageCode":813,"time":1395755603241,"expires":1395756020000,"signMessageLong":"77  Broadway/Halsey to Montgomery Park","extraBlockID":null,"locationInScheduleDay":24042,"longitude":-122.7069345,"blockID":7734,"offRoute":false,"nextLocID":8484,"vehicleID":3046,"signMessage":"77 Montgomry Pk","extraTripID":null,"nextStopSeq":109,"routeNumber":77,"vehicleLoad":"unknown","bearing":178,"lastStopSeq":108,"inCongestion":false,"delay":0,"latitude":45.5377966},{"tripID":4419226,"serviceDate":1395730800000,"direction":1,"garage":"POWELL","type":"bus","lastLocID":2395,"messageCode":813,"time":1395755603188,"expires":1395756021000,"signMessageLong":"77  Broadway/Halsey to Montgomery Park","extraBlockID":null,"locationInScheduleDay":24677,"longitude":-122.4954392,"blockID":7738,"offRoute":false,"nextLocID":13026,"vehicleID":3035,"signMessage":"77 Montgomry Pk","extraTripID":null,"nextStopSeq":27,"routeNumber":77,"vehicleLoad":"unknown","bearing":262,"lastStopSeq":26,"inCongestion":false,"delay":-124,"latitude":45.5343144},{"tripID":4411560,"serviceDate":1395730800000,"direction":1,"garage":"POWELL","type":"bus","lastLocID":11956,"messageCode":266,"time":1395755603186,"expires":1395756021000,"signMessageLong":"14  Hawthorne to 94th & Foster","extraBlockID":null,"locationInScheduleDay":24554,"longitude":-122.6756,"blockID":1434,"offRoute":false,"nextLocID":13169,"vehicleID":3027,"signMessage":"14 To 94-Foster","extraTripID":null,"nextStopSeq":44,"routeNumber":14,"vehicleLoad":"unknown","bearing":290,"lastStopSeq":43,"inCongestion":false,"delay":-247,"latitude":45.5151999},{"tripID":4418195,"serviceDate":1395730800000,"direction":1,"garage":"POWELL","type":"bus","lastLocID":8035,"messageCode":760,"time":1395755618043,"expires":1395756036000,"signMessageLong":"72  Killingsworth/82nd to Clackamas TC","extraBlockID":null,"locationInScheduleDay":24471,"longitude":-122.5789729,"blockID":7243,"offRoute":false,"nextLocID":8056,"vehicleID":3025,"signMessage":"72 Clackamas TC","extraTripID":null,"nextStopSeq":63,"routeNumber":72,"vehicleLoad":"unknown","bearing":180,"lastStopSeq":62,"inCongestion":false,"delay":-345,"latitude":45.5376982},{"tripID":4419227,"serviceDate":1395730800000,"direction":1,"garage":"CENTER","type":"bus","lastLocID":2331,"messageCode":813,"time":1395755611685,"expires":1395756031000,"signMessageLong":"77  Broadway/Halsey to Montgomery Park","extraBlockID":null,"locationInScheduleDay":24913,"longitude":-122.4229137,"blockID":7702,"offRoute":false,"nextLocID":2419,"vehicleID":2005,"signMessage":"77 Montgomry Pk","extraTripID":null,"nextStopSeq":11,"routeNumber":77,"vehicleLoad":"unknown","bearing":259,"lastStopSeq":10,"inCongestion":false,"delay":102,"latitude":45.5365404},{"tripID":4413877,"serviceDate":1395730800000,"direction":1,"garage":"CENTER","type":"bus","lastLocID":11956,"messageCode":467,"time":1395755603278,"expires":1395756021000,"signMessageLong":"31  Downtown Only","extraBlockID":null,"locationInScheduleDay":24703,"longitude":-122.6756,"blockID":1402,"offRoute":false,"nextLocID":7800,"vehicleID":2014,"signMessage":"31 Downtown Only","extraTripID":null,"nextStopSeq":39,"routeNumber":31,"vehicleLoad":"unknown","bearing":290,"lastStopSeq":38,"inCongestion":false,"delay":-98,"latitude":45.5151999}],"queryTime":1395755628824}}
