{"resultSet":{"vehicle":[{"tripID":4411566,"serviceDate":1395730800000,"direction":1,"garage":"POWELL","type":"bus","lastLocID":3633,"messageCode":268,"time":1395759140128,"expires":1395759557000,"signMessageLong":"14  Hawthorne to Portland","extraBlockID":null,"locationInScheduleDay":28312,"longitude":-122.6606011,"blockID":1436,"offRoute":false,"nextLocID":2642,"vehicleID":2206,"signMessage":"14 To Portland","extraTripID":null,"nextStopSeq":42,"routeNumber":14,"vehicleLoad":"unknown","bearing":270,"lastStopSeq":41,"inCongestion":false,"delay":-25,"latitude":45.5129375},{"tripID":4419089,"serviceDate":1395730800000,"direction":0,"garage":"POWELL","type":"bus","lastLocID":9472,"messageCode":809,"time":1395759151968,"expires":1395759571000,"signMessageLong":"77  Broadway/Halsey to Troutdale","extraBlockID":null,"locationInScheduleDay":28128,"longitude":-122.3993762,"blockID":7735,"offRoute":false,"nextLocID":9481,"vehicleID":2222,"signMessage":"77 To Troutdale","extraTripID":null,"nextStopSeq":102,"routeNumber":77,"vehicleLoad":"unknown","bearing":79,"lastStopSeq":101,"inCongestion":false,"delay":0,"latitude":45.5442656},{"tripID":4419092,"serviceDate":1395730800000,"direction":0,"garage":"POWELL","type":"bus","lastLocID":636,"messageCode":809,"time":1395759140143,"expires":1395759559000,"signMessageLong":"77  Broadway/Halsey to Troutdale","extraBlockID":null,"locationInScheduleDay":28312,"longitude":-122.6370611,"blockID":7736,"offRoute":false,"nextLocID":638,"vehicleID":2221,"signMessage":"77 To Troutdale","extraTripID":null,"nextStopSeq":30,"routeNumber":77,"vehicleLoad":"unknown","bearing":89,"lastStopSeq":29,"inCongestion":false,"delay":-27,"latitude":45.5351632},{"tripID":4411565,"serviceDate":1395730800000,"direction":1,"garage":"POWELL","type":"bus","lastLocID":13169,"messageCode":266,"time":1395759158407,"expires":1395759574000,"signMessageLong":"14  Hawthorne to 94th & Foster","extraBlockID":null,"locationInScheduleDay":28334,"longitude":-122.6808558,"blockID":1438,"offRoute":false,"nextLocID":3639,"vehicleID":2220,"signMessage":"14 To 94-Foster","extraTripID":null,"nextStopSeq":45,"routeNumber":14,"vehicleLoad":"unknown","bearing":111,"lastStopSeq":44,"inCongestion":false,"delay":-20,"latitude":45.5158587},{"tripID":4418202,"serviceDate":1395730800000,"direction":1,"garage":"POWELL","type":"bus","lastLocID":7934,"messageCode":760,"time":1395759140143,"expires":1395759558000,"signMessageLong":"72  Killingsworth/82nd to Clackamas TC","extraBlockID":null,"locationInScheduleDay":28338,"longitude":-122.578753,"blockID":7248,"offRoute":false,"nextLocID":7966,"vehicleID":2215,"signMessage":"72 Clackamas TC","extraTripID":null,"nextStopSeq":57,"routeNumber":72,"vehicleLoad":"unknown","bearing":180,"lastStopSeq":56,"inCongestion":false,"delay":0,"latitude":45.5491777},{"tripID":4411316,"serviceDate":1395730800000,"direction":0,"garage":"POWELL","type":"bus","lastLocID":1827,"messageCode":266,"time":1395759146306,"expires":1395759564000,"signMessageLong":"14  Hawthorne to 94th & Foster","extraBlockID":null,"locationInScheduleDay":28407,"longitude":-122.5701796,"blockID":1437,"offRoute":false,"nextLocID":6427,"vehicleID":2264,"signMessage":"14 To 94-Foster","extraTripID":null,"nextStopSeq":46,"routeNumber":14,"vehicleLoad":"unknown","bearing":143,"lastStopSeq":45,"inCongestion":false,"delay":63,"latitude":45.4794784},{"tripID":4418200,"serviceDate":1395730800000,"direction":1,"garage":"POWELL","type":"bus","lastLocID":7958,"messageCode":760,"time":1395759158627,"expires":1395759574000,"signMessageLong":"72  Killingsworth/82nd to Clackamas TC","extraBlockID":null,"locationInScheduleDay":28245,"longitude":-122.5787005,"blockID":7247,"offRoute":false,"nextLocID":7948,"vehicleID":2250,"signMessage":"72 Clackamas TC","extraTripID":null,"nextStopSeq":80,"routeNumber":72,"vehicleLoad":"unknown","bearing":180,"lastStopSeq":79,"inCongestion":false,"delay":-109,"latitude":45.5043938},{"tripID":4417876,"serviceDate":1395730800000,"direction":0,"garage":"POWELL","type":"bus","lastLocID":12755,"messageCode":766,"time":1395759090593,"expires":1395759506000,"signMessageLong":"72  Killingsworth/82nd to Swan Island-Anchor St","extraBlockID":null,"locationInScheduleDay":28222,"longitude":-122.5786957,"blockID":7250,"offRoute":false,"nextLocID":8007,"vehicleID":2242,"signMessage":"72 Swan Island","extraTripID":null,"nextStopSeq":35,"routeNumber":72,"vehicleLoad":"unknown","bearing":359,"lastStopSeq":34,"inCongestion":false,"delay":-64,"latitude":45.5097041},{"tripID":4418198,"serviceDate":1395730800000,"direction":1,"garage":"POWELL","type":"bus","lastLocID":12921,"messageCode":760,"time":1395759151969,"expires":1395759571000,"signMessageLong":"72  Killingsworth/82nd to Clackamas TC","extraBlockID":null,"locationInScheduleDay":28469,"longitude":-122.5697172,"blockID":7246,"offRoute":false,"nextLocID":13247,"vehicleID":2296,"signMessage":"72 Clackamas TC","extraTripID":null,"nextStopSeq":111,"routeNumber":72,"vehicleLoad":"unknown","bearing":91,"lastStopSeq":110,"inCongestion":false,"delay":0,"latitude":45.4371808},{"tripID":4419093,"serviceDate":1395730800000,"direction":0,"garage":"POWELL","type":"bus","lastLocID":8886,"messageCode":809,"time":1395759155192,"expires":1395759573000,"signMessageLong":"77  Broadway/Halsey to Troutdale","extraBlockID":null,"locationInScheduleDay":28435,"longitude":-122.6756234,"blockID":7737,"offRoute":false,"nextLocID":1612,"vehicleID":2285,"signMessage":"77 To Troutdale","extraTripID":null,"nextStopSeq":18,"routeNumber":77,"vehicleLoad":"unknown","bearing":88,"lastStopSeq":17,"inCongestion":false,"delay":82,"latitude":45.5252215},{"tripID":4418205,"serviceDate":1395730800000,"direction":1,"garage":"POWELL","type":"bus","lastLocID":3179,"messageCode":760,"time":1395759143593,"expires":1395759562000,"signMessageLong":"72  Killingsworth/82nd to Clackamas TC","extraBlockID":null,"locationInScheduleDay":28486,"longitude":-122.6896557,"blockID":7252,"offRoute":false,"nextLocID":3162,"vehicleID":2283,"signMessage":"72 Clackamas TC","extraTripID":null,"nextStopSeq":10,"routeNumber":72,"vehicleLoad":"unknown","bearing":90,"lastStopSeq":9,"inCongestion":false,"delay":144,"latitude":45.5627228},{"tripID":4418204,"serviceDate":1395730800000,"direction":1,"garage":"POWELL","type":"bus","lastLocID":54,"messageCode":760,"time":1395759140244,"expires":1395759558000,"signMessageLong":"72  Killingsworth/82nd to Clackamas TC","extraBlockID":null,"locationInScheduleDay":28372,"longitude":-122.6441296,"blockID":7244,"offRoute":false,"nextLocID":11471,"vehicleID":2276,"signMessage":"72 Clackamas TC","extraTripID":null,"nextStopSeq":28,"routeNumber":72,"vehicleLoad":"unknown","bearing":90,"lastStopSeq":27,"inCongestion":false,"delay":34,"latitude":45.5590798},{"tripID":4411567,"serviceDate":1395730800000,"direction":1,"garage":"POWELL","type":"bus","lastLocID":2609,"messageCode":268,"time":1395759143580,"expires":1395759562000,"signMessageLong":"14  Hawthorne to Portland","extraBlockID":null,"locationInScheduleDay":28321,"longitude":-122.6447664,"blockID":1439,"offRoute":false,"nextLocID":2606,"vehicleID":2275,"signMessage":"14 To Portland","extraTripID":null,"nextStopSeq":36,"routeNumber":14,"vehicleLoad":"unknown","bearing":270,"lastStopSeq":35,"inCongestion":false,"delay":-21,"latitude":45.5120964},{"tripID":4417318,"serviceDate":1395730800000,"direction":1,"garage":"CENTER","type":"bus","lastLocID":6894,"messageCode":790,"time":1395759125340,"expires":1395759541000,"signMessageLong":"70  12th Ave to Milwaukie via 13th & Tacoma","extraBlockID":null,"locationInScheduleDay":28277,"longitude":-122.6483702,"blockID":7005,"offRoute":false,"nextLocID":6846,"vehicleID":2132,"signMessage":"70 To Milw via 13","extraTripID":null,"nextStopSeq":64,"routeNumber":70,"vehicleLoad":"unknown","bearing":180,"lastStopSeq":63,"inCongestion":false,"delay":-44,"latitude":45.4856704},{"tripID":4417166,"serviceDate":1395730800000,"direction":0,"garage":"CENTER","type":"bus","lastLocID":13040,"messageCode":783,"time":1395759140006,"expires":1395759557000,"signMessageLong":"70  33rd Ave to NE Sunderland","extraBlockID":null,"locationInScheduleDay":27900,"longitude":-122.6357648,"blockID":7006,"offRoute":false,"nextLocID":9368,"vehicleID":2150,"signMessage":"70 To Sunderlnd","extraTripID":null,"nextStopSeq":80,"routeNumber":70,"vehicleLoad":"unknown","bearing":180,"lastStopSeq":79,"inCongestion":false,"delay":0,"latitude":45.5898735},{"tripID":4417170,"serviceDate":1395730800000,"direction":0,"garage":"CENTER","type":"bus","lastLocID":13477,"messageCode":781,"time":1395759140087,"expires":1395759558000,"signMessageLong":"70  12th/NE 33rd Ave to NE Sunderland via 17th & Tacoma","extraBlockID":null,"locationInScheduleDay":28200,"longitude":-122.6407309,"blockID":7008,"offRoute":false,"nextLocID":8225,"vehicleID":2506,"signMessage":"70 To Sunderland via 17th","extraTripID":null,"nextStopSeq":2,"routeNumber":70,"vehicleLoad":"unknown","bearing":81,"lastStopSeq":1,"inCongestion":false,"delay":-138,"latitude":45.4448667},{"tripID":4418197,"serviceDate":1395730800000,"direction":1,"garage":"POWELL","type":"bus","lastLocID":12921,"messageCode":760,"time":1395758921713,"expires":1395759337000,"signMessageLong":"72  Killingsworth/82nd to Clackamas TC","extraBlockID":null,"locationInScheduleDay":28140,"longitude":-122.5681434,"blockID":7238,"offRoute":false,"nextLocID":13247,"vehicleID":2527,"signMessage":"72 Clackamas TC","extraTripID":null,"nextStopSeq":111,"routeNumber":72,"vehicleLoad":"unknown","bearing":82,"lastStopSeq":110,"inCongestion":false,"delay":0,"latitude":45.4356014},{"tripID":4417321,"serviceDate":1395730800000,"direction":1,"garage":"CENTER","type":"bus","lastLocID":7370,"messageCode":788,"time":1395759155092,"expires":1395759572000,"signMessageLong":"70  12th/NE 33rd Ave to Milwaukie","extraBlockID":null,"locationInScheduleDay":28189,"longitude":-122.630666,"blockID":7002,"offRoute":false,"nextLocID":7388,"vehicleID":2524,"signMessage":"70 To Milwaukie","extraTripID":null,"nextStopSeq":14,"routeNumber":70,"vehicleLoad":"unknown","bearing":180,"lastStopSeq":13,"inCongestion":false,"delay":-163,"latitude":45.5721081},{"tripID":4419230,"serviceDate":1395730800000,"direction":1,"garage":"CENTER","type":"bus","lastLocID":8860,"messageCode":813,"time":1395759155081,"expires":1395759572000,"signMessageLong":"77  Broadway/Halsey to Montgomery Park","extraBlockID":null,"locationInScheduleDay":28408,"longitude":-122.4814191,"blockID":7701,"offRoute":false,"nextLocID":2349,"vehicleID":2512,"signMessage":"77 Montgomry Pk","extraTripID":null,"nextStopSeq":23,"routeNumber":77,"vehicleLoad":"unknown","bearing":270,"lastStopSeq":22,"inCongestion":false,"delay":56,"latitude":45.5347019},{"tripID":4417872,"serviceDate":1395730800000,"direction":0,"garage":"POWELL","type":"bus","lastLocID":3157,"messageCode":768,"time":1395759155099,"expires":1395759572000,"signMessageLong":"72  Killingsworth/82nd to Swan Island-Shipyards","extraBlockID":null,"locationInScheduleDay":28345,"longitude":-122.6715674,"blockID":7239,"offRoute":false,"nextLocID":3154,"vehicleID":2540,"signMessage":"72 Swan Island","extraTripID":null,"nextStopSeq":97,"routeNumber":72,"vehicleLoad":"unknown","bearing":269,"lastStopSeq":96,"inCongestion":false,"delay":-7,"latitude":45.5627042},{"tripID":4418199,"serviceDate":1395730800000,"direction":1,"garage":"POWELL","type":"bus","lastLocID":7963,"messageCode":760,"time":1395759155102,"expires":1395759573000,"signMessageLong":"72  Killingsworth/82nd to Clackamas TC","extraBlockID":null,"locationInScheduleDay":28320,"longitude":-122.5790547,"blockID":7240,"offRoute":false,"nextLocID":7994,"vehicleID":2533,"signMessage":"72 Clackamas TC","extraTripID":null,"nextStopSeq":98,"routeNumber":72,"vehicleLoad":"unknown","bearing":179,"lastStopSeq":97,"inCongestion":false,"delay":-33,"latitude":45.4688707},{"tripID":4417874,"serviceDate":1395730800000,"direction":0,"garage":"POWELL","type":"bus","lastLocID":3216,"messageCode":768,"time":1395759161597,"expires":1395759579000,"signMessageLong":"72  Killingsworth/82nd to Swan Island-Shipyards","extraBlockID":null,"locationInScheduleDay":28267,"longitude":-122.5790359,"blockID":7249,"offRoute":false,"nextLocID":3149,"vehicleID":2558,"signMessage":"72 Swan Island","extraTripID":null,"nextStopSeq":63,"routeNumber":72,"vehicleLoad":"unknown","bearing":269,"lastStopSeq":62,"inCongestion":false,"delay":-92,"latitude":45.5626744},{"tripID":4418203,"serviceDate":1395730800000,"direction":1,"garage":"POWELL","type":"bus","lastLocID":10600,"messageCode":760,"time":1395759136916,"expires":1395759556000,"signMessageLong":"72  Killingsworth/82nd to Clackamas TC","extraBlockID":null,"locationInScheduleDay":28380,"longitude":-122.5938935,"blockID":7242,"offRoute":false,"nextLocID":3211,"vehicleID":2548,"signMessage":"72 Clackamas TC","extraTripID":null,"nextStopSeq":49,"routeNumber":72,"vehicleLoad":"unknown","bearing":90,"lastStopSeq":48,"inCongestion":false,"delay":44,"latitude":45.5627145},{"tripID":4411569,"serviceDate":1395730800000,"direction":1,"garage":"POWELL","type":"bus","lastLocID":7656,"messageCode":268,"time":1395759143649,"expires":1395759561000,"signMessageLong":"14  Hawthorne to Portland","extraBlockID":null,"locationInScheduleDay":28411,"longitude":-122.6113702,"blockID":1440,"offRoute":false,"nextLocID":7665,"vehicleID":2308,"signMessage":"14 To Portland","extraTripID":null,"nextStopSeq":19,"routeNumber":14,"vehicleLoad":"unknown","bearing":0,"lastStopSeq":18,"inCongestion":false,"delay":70,"latitude":45.4992884},{"tripID":4417879,"serviceDate":1395730800000,"direction":0,"garage":"POWELL","type":"bus","lastLocID":8017,"messageCode":766,"time":1395759136910,"expires":1395759556000,"signMessageLong":"72  Killingsworth/82nd to Swan Island-Anchor St","extraBlockID":null,"locationInScheduleDay":28375,"longitude":-122.5791087,"blockID":7253,"offRoute":false,"nextLocID":7983,"vehicleID":2318,"signMessage":"72 Swan Island","extraTripID":null,"nextStopSeq":9,"routeNumber":72,"vehicleLoad":"unknown","bearing":0,"lastStopSeq":8,"inCongestion":false,"delay":39,"latitude":45.4565759},{"tripID":4411572,"serviceDate":1395730800000,"direction":1,"garage":"POWELL","type":"bus","lastLocID":1831,"messageCode":268,"time":1395759152001,"expires":1395759571000,"signMessageLong":"14  Hawthorne to Portland","extraBlockID":null,"locationInScheduleDay":28351,"longitude":-122.5662917,"blockID":1435,"offRoute":false,"nextLocID":13236,"vehicleID":2316,"signMessage":"14 To Portland","extraTripID":null,"nextStopSeq":2,"routeNumber":14,"vehicleLoad":"unknown","bearing":291,"lastStopSeq":1,"inCongestion":false,"delay":0,"latitude":45.4791765},{"tripID":4411573,"serviceDate":1395730800000,"direction":1,"garage":"CENTER","type":"bus","lastLocID":1831,"messageCode":268,"time":1395759140103,"expires":1395759557000,"signMessageLong":"14  Hawthorne to Portland","extraBlockID":null,"locationInScheduleDay":28337,"longitude":-122.5662917,"blockID":1403,"offRoute":false,"nextLocID":13236,"vehicleID":2725,"signMessage":"14 To Portland","extraTripID":null,"nextStopSeq":2,"routeNumber":14,"vehicleLoad":"unknown","bearing":291,"lastStopSeq":1,"inCongestion":false,"delay":0,"latitude":45.4791765},{"tripID":4419231,"serviceDate":1395730800000,"direction":1,"garage":"CENTER","type":"bus","lastLocID":9481,"messageCode":813,"time":1395759151954,"expires":1395759571000,"signMessageLong":"77  Broadway/Halsey to Montgomery Park","extraBlockID":null,"locationInScheduleDay":28351,"longitude":-122.3982117,"blockID":7705,"offRoute":false,"nextLocID":9471,"vehicleID":2720,"signMessage":"77 Montgomry Pk","extraTripID":null,"nextStopSeq":2,"routeNumber":77,"vehicleLoad":"unknown","bearing":85,"lastStopSeq":1,"inCongestion":false,"delay":0,"latitude":45.5443612},{"tripID":4413881,"serviceDate":1395730800000,"direction":1,"garage":"CENTER","type":"bus","lastLocID":2171,"messageCode":466,"time":1395759164164,"expires":1395759581000,"signMessageLong":"31  Portland","extraBlockID":null,"locationInScheduleDay":28501,"longitude":-122.6648025,"blockID":3101,"offRoute":false,"nextLocID":2642,"vehicleID":2714,"signMessage":"31 To Portland","extraTripID":null,"nextStopSeq":37,"routeNumber":31,"vehicleLoad":"unknown","bearing":270,"lastStopSeq":36,"inCongestion":false,"delay":140,"latitude":45.5129523},{"tripID":4417320,"serviceDate":1395730800000,"direction":1,"garage":"CENTER","type":"bus","lastLocID":635,"messageCode":788,"time":1395759125380,"expires":1395759541000,"signMessageLong":"70  12th/NE 33rd Ave to Milwaukie","extraBlockID":null,"locationInScheduleDay":28385,"longitude":-122.6448376,"blockID":7007,"offRoute":false,"nextLocID":7139,"vehicleID":2709,"signMessage":"70 To Milwaukie","extraTripID":null,"nextStopSeq":38,"routeNumber":70,"vehicleLoad":"unknown","bearing":180,"lastStopSeq":37,"inCongestion":false,"delay":64,"latitude":45.5347735},{"tripID":4417168,"serviceDate":1395730800000,"direction":0,"garage":"CENTER","type":"bus","lastLocID":8513,"messageCode":783,"time":1395759164147,"expires":1395759582000,"signMessageLong":"70  33rd Ave to NE Sunderland","extraBlockID":null,"locationInScheduleDay":28440,"longitude":-122.6545979,"blockID":7001,"offRoute":false,"nextLocID":8938,"vehicleID":2704,"signMessage":"70 To Sunderlnd","extraTripID":null,"nextStopSeq":34,"routeNumber":70,"vehicleLoad":"unknown","bearing":0,"lastStopSeq":33,"inCongestion":false,"delay":78,"latitude":45.5298956},{"tripID":4417171,"serviceDate":1395730800000,"direction":0,"garage":"CENTER","type":"bus","lastLocID":13477,"messageCode":782,"time":1395759161451,"expires":1395759578000,"signMessageLong":"70  12th/NE 33rd Ave to NE Sunderland via 13th & Tacoma","extraBlockID":null,"locationInScheduleDay":28358,"longitude":-122.6407309,"blockID":7003,"offRoute":false,"nextLocID":8225,"vehicleID":2705,"signMessage":"70 To Sunderland via 13th","extraTripID":null,"nextStopSeq":2,"routeNumber":70,"vehicleLoad":"unknown","bearing":81,"lastStopSeq":1,"inCongestion":false,"delay":0,"latitude":45.4448667},{"tripID":4417167,"serviceDate":1395730800000,"direction":0,"garage":"CENTER","type":"bus","lastLocID":7362,"messageCode":783,"time":1395759146256,"expires":1395759564000,"signMessageLong":"70  33rd Ave to NE Sunderland","extraBlockID":null,"locationInScheduleDay":28432,"longitude":-122.6306769,"blockID":7004,"offRoute":false,"nextLocID":7378,"vehicleID":2701,"signMessage":"70 To Sunderlnd","extraTripID":null,"nextStopSeq":65,"routeNumber":70,"vehicleLoad":"unknown","bearing":359,"lastStopSeq":64,"inCongestion":false,"delay":88,"latitude":45.5675809},{"tripID":4419225,"serviceDate":1395730800000,"direction":1,"garage":"CENTER","type":"bus","lastLocID":8483,"messageCode":813,"time":1395759143622,"expires":1395759560000,"signMessageLong":"77  Broadway/Halsey to Montgomery Park","extraBlockID":null,"locationInScheduleDay":27340,"longitude":-122.7069345,"blockID":7704,"offRoute":false,"nextLocID":8484,"vehicleID":2614,"signMessage":"77 Montgomry Pk","extraTripID":null,"nextStopSeq":109,"routeNumber":77,"vehicleLoad":"unknown","bearing":178,"lastStopSeq":108,"inCongestion":false,"delay":0,"latitude":45.5377966},{"tripID":4411317,"serviceDate":1395730800000,"direction":0,"garage":"CENTER","type":"bus","lastLocID":2612,"messageCode":266,"time":1395759155186,"expires":1395759572000,"signMessageLong":"14  Hawthorne to 94th & Foster","extraBlockID":null,"locationInScheduleDay":28428,"longitude":-122.6371924,"blockID":1401,"offRoute":false,"nextLocID":2614,"vehicleID":2608,"signMessage":"14 To 94-Foster","extraTripID":null,"nextStopSeq":13,"routeNumber":14,"vehicleLoad":"unknown","bearing":91,"lastStopSeq":12,"inCongestion":false,"delay":76,"latitude":45.5120729},{"tripID":4417169,"serviceDate":1395730800000,"direction":0,"garage":"CENTER","type":"bus","lastLocID":6849,"messageCode":780,"time":1395759155157,"expires":1395759572000,"signMessageLong":"70  12th/NE 33rd Ave to NE Sunderland","extraBlockID":null,"locationInScheduleDay":28320,"longitude":-122.6483462,"blockID":7010,"offRoute":false,"nextLocID":13693,"vehicleID":2623,"signMessage":"70 To Sunderlnd","extraTripID":null,"nextStopSeq":25,"routeNumber":70,"vehicleLoad":"unknown","bearing":359,"lastStopSeq":24,"inCongestion":false,"delay":-32,"latitude":45.493876},{"tripID":4419229,"serviceDate":1395730800000,"direction":1,"garage":"CENTER","type":"bus","lastLocID":2343,"messageCode":813,"time":1395759140217,"expires":1395759559000,"signMessageLong":"77  Broadway/Halsey to Montgomery Park","extraBlockID":null,"locationInScheduleDay":28214,"longitude":-122.5686107,"blockID":7707,"offRoute":false,"nextLocID":2334,"vehicleID":2653,"signMessage":"77 Montgomry Pk","extraTripID":null,"nextStopSeq":49,"routeNumber":77,"vehicleLoad":"unknown","bearing":271,"lastStopSeq":48,"inCongestion":false,"delay":-125,"latitude":45.5334558},{"tripID":4417319,"serviceDate":1395730800000,"direction":1,"garage":"CENTER","type":"bus","lastLocID":6542,"messageCode":789,"time":1395759143567,"expires":1395759560000,"signMessageLong":"70  12th Ave to Milwaukie via 17th & Tacoma","extraBlockID":null,"locationInScheduleDay":28393,"longitude":-122.6546692,"blockID":7009,"offRoute":false,"nextLocID":6551,"vehicleID":2626,"signMessage":"70 To Milw via 17","extraTripID":null,"nextStopSeq":51,"routeNumber":70,"vehicleLoad":"unknown","bearing":179,"lastStopSeq":50,"inCongestion":false,"delay":53,"latitude":45.5166627},{"tripID":4419228,"serviceDate":1395730800000,"direction":1,"garage":"CENTER","type":"bus","lastLocID":7510,"messageCode":813,"time":1395759146337,"expires":1395759563000,"signMessageLong":"77  Broadway/Halsey to Montgomery Park","extraBlockID":null,"locationInScheduleDay":28187,"longitude":-122.620309,"blockID":7703,"offRoute":false,"nextLocID":10869,"vehicleID":2630,"signMessage":"77 Montgomry Pk","extraTripID":null,"nextStopSeq":68,"routeNumber":77,"vehicleLoad":"unknown","bearing":179,"lastStopSeq":67,"inCongestion":false,"delay":-156,"latitude":45.5347788},{"tripID":4419090,"serviceDate":1395730800000,"direction":0,"garage":"CENTER","type":"bus","lastLocID":2405,"messageCode":809,"time":1395759151983,"expires":1395759571000,"signMessageLong":"77  Broadway/Halsey to Troutdale","extraBlockID":null,"locationInScheduleDay":28192,"longitude":-122.4719191,"blockID":7706,"offRoute":false,"nextLocID":2325,"vehicleID":2632,"signMessage":"77 To Troutdale","extraTripID":null,"nextStopSeq":80,"routeNumber":77,"vehicleLoad":"unknown","bearing":90,"lastStopSeq":79,"inCongestion":false,"delay":-159,"latitude":45.5336732},{"tripID":4417870,"serviceDate":1395730800000,"direction":0,"garage":"POWELL","type":"bus","lastLocID":1042,"messageCode":768,"time":1395759161428,"expires":1395759579000,"signMessageLong":"72  Killingsworth/82nd to Swan Island-Shipyards","extraBlockID":null,"locationInScheduleDay":27719,"longitude":-122.7040459,"blockID":7237,"offRoute":false,"nextLocID":1041,"vehicleID":3004,"signMessage":"72 Swan Island","extraTripID":null,"nextStopSeq":117,"routeNumber":72,"vehicleLoad":"unknown","bearing":94,"lastStopSeq":116,"inCongestion":false,"delay":0,"latitude":45.5566778},{"tripID":4413882,"serviceDate":1395730800000,"direction":1,"garage":"POWELL","type":"bus","lastLocID":3243,"messageCode":464,"time":1395759158309,"expires":1395759577000,"signMessageLong":"31  To Portland via Milwaukie","extraBlockID":null,"locationInScheduleDay":28335,"longitude":-122.6183611,"blockID":3136,"offRoute":false,"nextLocID":7524,"vehicleID":3007,"signMessage":"31 To Portland","extraTripID":null,"nextStopSeq":15,"routeNumber":31,"vehicleLoad":"unknown","bearing":270,"lastStopSeq":14,"inCongestion":false,"delay":-22,"latitude":45.4480398},{"tripID":4417878,"serviceDate":1395730800000,"direction":0,"garage":"POWELL","type":"bus","lastLocID":7957,"messageCode":766,"time":1395759139981,"expires":1395759558000,"signMessageLong":"72  Killingsworth/82nd to Swan Island-Anchor St","extraBlockID":null,"locationInScheduleDay":28470,"longitude":-122.5786994,"blockID":7251,"offRoute":false,"nextLocID":12755,"vehicleID":3003,"signMessage":"72 Swan Island","extraTripID":null,"nextStopSeq":34,"routeNumber":72,"vehicleLoad":"unknown","bearing":0,"lastStopSeq":33,"inCongestion":false,"delay":132,"latitude":45.5045549},{"tripID":4417873,"serviceDate":1395730800000,"direction":0,"garage":"POWELL","type":"bus","lastLocID":53,"messageCode":766,"time":1395759148893,"expires":1395759566000,"signMessageLong":"72  Killingsworth/82nd to Swan Island-Anchor St","extraBlockID":null,"locationInScheduleDay":28529,"longitude":-122.6497559,"blockID":7241,"offRoute":false,"nextLocID":51,"vehicleID":3048,"signMessage":"72 Swan Island","extraTripID":null,"nextStopSeq":88,"routeNumber":72,"vehicleLoad":"unknown","bearing":269,"lastStopSeq":87,"inCongestion":false,"delay":183,"latitude":45.5590996},{"tripID":4418201,"serviceDate":1395730800000,"direction":1,"garage":"POWELL","type":"bus","lastLocID":7956,"messageCode":760,"time":1395759140083,"expires":1395759559000,"signMessageLong":"72  Killingsworth/82nd to Clackamas TC","extraBlockID":null,"locationInScheduleDay":28358,"longitude":-122.5790751,"blockID":7235,"offRoute":false,"nextLocID":7937,"vehicleID":3053,"signMessage":"72 Clackamas TC","extraTripID":null,"nextStopSeq":70,"routeNumber":72,"vehicleLoad":"unknown","bearing":179,"lastStopSeq":69,"inCongestion":false,"delay":19,"latitude":45.5247051},{"tripID":4417871,"serviceDate":1395730800000,"direction":0,"garage":"POWELL","type":"bus","lastLocID":2161,"messageCode":766,"time":1395759155070,"expires":1395759573000,"signMessageLong":"72  Killingsworth/82nd to Swan Island-Anchor St","extraBlockID":null,"locationInScheduleDay":28353,"longitude":-122.7031185,"blockID":7245,"offRoute":false,"nextLocID":115,"vehicleID":3052,"signMessage":"72 Swan Island","extraTripID":null,"nextStopSeq":108,"routeNumber":72,"vehicleLoad":"unknown","bearing":231,"lastStopSeq":107,"inCongestion":false,"delay":0,"latitude":45.5577943},{"tripID":4417875,"serviceDate":1395730800000,"direction":0,"garage":"POWELL","type":"bus","lastLocID":7999,"messageCode":766,"time":1395759146256,"expires":1395759563000,"signMessageLong":"72  Killingsworth/82nd to Swan Island-Anchor St","extraBlockID":null,"locationInScheduleDay":28343,"longitude":-122.578962,"blockID":7234,"offRoute":false,"nextLocID":8042,"vehicleID":3054,"signMessage":"72 Swan Island","extraTripID":null,"nextStopSeq":49,"routeNumber":72,"vehicleLoad":"unknown","bearing":0,"lastStopSeq":48,"inCongestion":false,"delay":0,"latitude":45.533614},{"tripID":4419091,"serviceDate":1395730800000,"direction":0,"garage":"POWELL","type":"bus","lastLocID":9217,"messageCode":809,"time":1395759068487,"expires":1395759485000,"signMessageLong":"77  Broadway/Halsey to Troutdale","extraBlockID":null,"locationInScheduleDay":28234,"longitude":-122.579215,"blockID":7734,"offRoute":false,"nextLocID":7999,"vehicleID":3046,"signMessage":"77 To Troutdale","extraTripID":null,"nextStopSeq":52,"routeNumber":77,"vehicleLoad":"unknown","bearing":89,"lastStopSeq":51,"inCongestion":false,"delay":-31,"latitude":45.5324201},{"tripID":4419226,"serviceDate":1395730800000,"direction":1,"garage":"POWELL","type":"bus","lastLocID":8802,"messageCode":813,"time":1395759146246,"expires":1395759563000,"signMessageLong":"77  Broadway/Halsey to Montgomery Park","extraBlockID":null,"locationInScheduleDay":28160,"longitude":-122.7083149,"blockID":7738,"offRoute":false,"nextLocID":8481,"vehicleID":3035,"signMessage":"77 Montgomry Pk","extraTripID":null,"nextStopSeq":105,"routeNumber":77,"vehicleLoad":"unknown","bearing":290,"lastStopSeq":104,"inCongestion":false,"delay":-183,"latitude":45.5368672},{"tripID":4411570,"serviceDate":1395730800000,"direction":1,"garage":"POWELL","type":"bus","lastLocID":1798,"messageCode":268,"time":1395759158335,"expires":1395759577000,"signMessageLong":"14  Hawthorne to Portland","extraBlockID":null,"locationInScheduleDay":28540,"longitude":-122.6050627,"blockID":1434,"offRoute":false,"nextLocID":1793,"vehicleID":3027,"signMessage":"14 To Portland","extraTripID":null,"nextStopSeq":17,"routeNumber":14,"vehicleLoad":"unknown","bearing":302,"lastStopSeq":16,"inCongestion":false,"delay":183,"latitude":45.4938384},{"tripID":4417877,"serviceDate":1395730800000,"direction":0,"garage":"POWELL","type":"bus","lastLocID":8029,"messageCode":766,"time":1395759158342,"expires":1395759576000,"signMessageLong":"72  Killingsworth/82nd to Swan Island-Anchor St","extraBlockID":null,"locationInScheduleDay":28408,"longitude":-122.578894,"blockID":7243,"offRoute":false,"nextLocID":8040,"vehicleID":3025,"signMessage":"72 Swan Island","extraTripID":null,"nextStopSeq":24,"routeNumber":72,"vehicleLoad":"unknown","bearing":0,"lastStopSeq":23,"inCongestion":false,"delay":52,"latitude":45.4868677},{"tripID":4419227,"serviceDate":1395730800000,"direction":1,"garage":"CENTER","type":"bus","lastLocID":1997,"messageCode":813,"time":1395759148903,"expires":1395759566000,"signMessageLong":"77  Broadway/Halsey to Montgomery Park","extraBlockID":null,"locationInScheduleDay":28419,"longitude":-122.6805083,"blockID":7702,"offRoute":false,"nextLocID":2011,"vehicleID":2005,"signMessage":"77 Montgomry Pk","extraTripID":null,"nextStopSeq":89,"routeNumber":77,"vehicleLoad":"unknown","bearing":268,"lastStopSeq":88,"inCongestion":false,"delay":73,"latitude":45.5265563},{"tripID":4411568,"serviceDate":1395730800000,"direction":1,"garage":"CENTER","type":"bus","lastLocID":2629,"messageCode":268,"time":1395759158422,"expires":1395759577000,"signMessageLong":"14  Hawthorne to Portland","extraBlockID":null,"locationInScheduleDay":28368,"longitude":-122.6225153,"blockID":1402,"offRoute":false,"nextLocID":2626,"vehicleID":2014,"signMessage":"14 To Portland","extraTripID":null,"nextStopSeq":28,"routeNumber":14,"vehicleLoad":"unknown","bearing":269,"lastStopSeq":27,"inCongestion":false,"delay":11,"latitude":45.5120448}],"queryTime":1395759168964}}
