{"resultSet":{"vehicle":[{"tripID":4411388,"serviceDate":1395644400000,"direction":0,"garage":"CENTER","type":"bus","lastLocID":2630,"messageCode":266,"time":1395737417872,"expires":1395737837000,"signMessageLong":"14  Hawthorne to 94th & Foster","extraBlockID":null,"locationInScheduleDay":93034,"longitude":-122.6146309,"blockID":1406,"offRoute":false,"nextLocID":2633,"vehicleID":3128,"signMessage":"14 To 94-Foster","extraTripID":null,"nextStopSeq":21,"routeNumber":14,"vehicleLoad":"unknown","bearing":89,"lastStopSeq":20,"inCongestion":false,"delay":17,"latitude":45.5120275}],"queryTime":1395737447780}}
