{"resultSet":{"vehicle":[{"tripID":4411642,"serviceDate":1395644400000,"direction":1,"garage":"CENTER","type":"bus","lastLocID":1818,"messageCode":268,"time":1395734960876,"expires":1395735379000,"signMessageLong":"14  Hawthorne to Portland","extraBlockID":null,"locationInScheduleDay":90495,"longitude":-122.5807683,"blockID":1406,"offRoute":false,"nextLocID":1815,"vehicleID":3128,"signMessage":"14 To Portland","extraTripID":null,"nextStopSeq":7,"routeNumber":14,"vehicleLoad":"unknown","bearing":299,"lastStopSeq":6,"inCongestion":false,"delay":-64,"latitude":45.4835216},{"tripID":4418297,"serviceDate":1395644400000,"direction":1,"garage":"POWELL","type":"bus","lastLocID":7942,"messageCode":760,"time":1395734957776,"expires":1395735377000,"signMessageLong":"72  Killingsworth/82nd to Clackamas TC","extraBlockID":null,"locationInScheduleDay":90595,"longitude":-122.5738432,"blockID":7253,"offRoute":false,"nextLocID":12921,"vehicleID":3019,"signMessage":"72 Clackamas TC","extraTripID":null,"nextStopSeq":110,"routeNumber":72,"vehicleLoad":"unknown","bearing":91,"lastStopSeq":109,"inCongestion":false,"delay":38,"latitude":45.4374086},{"tripID":4418298,"serviceDate":1395644400000,"direction":1,"garage":"POWELL","type":"bus","lastLocID":8038,"messageCode":760,"time":1395734957783,"expires":1395735375000,"signMessageLong":"72  Killingsworth/82nd to Clackamas TC","extraBlockID":null,"locationInScheduleDay":90679,"longitude":-122.5786935,"blockID":7236,"offRoute":false,"nextLocID":7934,"vehicleID":3022,"signMessage":"72 Clackamas TC","extraTripID":null,"nextStopSeq":56,"routeNumber":72,"vehicleLoad":"unknown","bearing":180,"lastStopSeq":55,"inCongestion":false,"delay":124,"latitude":45.5522377},{"tripID":4417969,"serviceDate":1395644400000,"direction":0,"garage":"POWELL","type":"bus","lastLocID":3147,"messageCode":766,"time":1395734957747,"expires":1395735377000,"signMessageLong":"72  Killingsworth/82nd to Swan Island-Anchor St","extraBlockID":null,"locationInScheduleDay":90692,"longitude":-122.5989098,"blockID":7238,"offRoute":false,"nextLocID":3210,"vehicleID":3035,"signMessage":"72 Swan Island","extraTripID":null,"nextStopSeq":68,"routeNumber":72,"vehicleLoad":"unknown","bearing":270,"lastStopSeq":67,"inCongestion":false,"delay":135,"latitude":45.5627523}],"queryTime":1395734987686}}
