{"resultSet":{"vehicle":[{"tripID":4411642,"serviceDate":1395644400000,"direction":1,"garage":"CENTER","type":"bus","lastLocID":7658,"messageCode":268,"time":1395735501150,"expires":1395735918000,"signMessageLong":"14  Hawthorne to Portland","extraBlockID":null,"locationInScheduleDay":91196,"longitude":-122.6123415,"blockID":1406,"offRoute":false,"nextLocID":13734,"vehicleID":3128,"signMessage":"14 To Portland","extraTripID":null,"nextStopSeq":25,"routeNumber":14,"vehicleLoad":"unknown","bearing":274,"lastStopSeq":24,"inCongestion":false,"delay":98,"latitude":45.5120222},{"tripID":4418298,"serviceDate":1395644400000,"direction":1,"garage":"POWELL","type":"bus","lastLocID":7931,"messageCode":760,"time":1395735501094,"expires":1395735918000,"signMessageLong":"72  Killingsworth/82nd to Clackamas TC","extraBlockID":null,"locationInScheduleDay":91137,"longitude":-122.5790835,"blockID":7236,"offRoute":false,"nextLocID":8048,"vehicleID":3022,"signMessage":"72 Clackamas TC","extraTripID":null,"nextStopSeq":72,"routeNumber":72,"vehicleLoad":"unknown","bearing":179,"lastStopSeq":71,"inCongestion":false,"delay":39,"latitude":45.5208807},{"tripID":4417969,"serviceDate":1395644400000,"direction":0,"garage":"POWELL","type":"bus","lastLocID":53,"messageCode":766,"time":1395735498074,"expires":1395735916000,"signMessageLong":"72  Killingsworth/82nd to Swan Island-Anchor St","extraBlockID":null,"locationInScheduleDay":91224,"longitude":-122.6499202,"blockID":7238,"offRoute":false,"nextLocID":51,"vehicleID":3035,"signMessage":"72 Swan Island","extraTripID":null,"nextStopSeq":88,"routeNumber":72,"vehicleLoad":"unknown","bearing":269,"lastStopSeq":87,"inCongestion":false,"delay":128,"latitude":45.5590995}],"queryTime":1395735527706}}
