{"resultSet":{"vehicle":[{"tripID":4411642,"serviceDate":1395644400000,"direction":1,"garage":"CENTER","type":"bus","lastLocID":13169,"messageCode":266,"time":1395736457968,"expires":1395736876000,"signMessageLong":"14  Hawthorne to 94th & Foster","extraBlockID":null,"locationInScheduleDay":92137,"longitude":-122.6799879,"blockID":1406,"offRoute":false,"nextLocID":3639,"vehicleID":3128,"signMessage":"14 To 94-Foster","extraTripID":null,"nextStopSeq":45,"routeNumber":14,"vehicleLoad":"unknown","bearing":111,"lastStopSeq":44,"inCongestion":false,"delay":81,"latitude":45.5156297},{"tripID":4418298,"serviceDate":1395644400000,"direction":1,"garage":"POWELL","type":"bus","lastLocID":8018,"messageCode":760,"time":1395736460984,"expires":1395736879000,"signMessageLong":"72  Killingsworth/82nd to Clackamas TC","extraBlockID":null,"locationInScheduleDay":92131,"longitude":-122.5791195,"blockID":7236,"offRoute":false,"nextLocID":8016,"vehicleID":3022,"signMessage":"72 Clackamas TC","extraTripID":null,"nextStopSeq":105,"routeNumber":72,"vehicleLoad":"unknown","bearing":178,"lastStopSeq":104,"inCongestion":false,"delay":72,"latitude":45.4531185},{"tripID":4417969,"serviceDate":1395644400000,"direction":0,"garage":"POWELL","type":"bus","lastLocID":3161,"messageCode":766,"time":1395736457948,"expires":1395736876000,"signMessageLong":"72  Killingsworth/82nd to Swan Island-Anchor St","extraBlockID":null,"locationInScheduleDay":91793,"longitude":-122.695348,"blockID":7238,"offRoute":false,"nextLocID":3167,"vehicleID":3035,"signMessage":"72 Swan Island","extraTripID":null,"nextStopSeq":104,"routeNumber":72,"vehicleLoad":"unknown","bearing":269,"lastStopSeq":103,"inCongestion":false,"delay":-263,"latitude":45.5627439}],"queryTime":1395736487744}}
