{"resultSet":{"vehicle":[{"tripID":4417865,"serviceDate":1395730800000,"direction":0,"garage":"POWELL","type":"bus","lastLocID":7920,"messageCode":768,"time":1395750337636,"expires":1395750755000,"signMessageLong":"72  Killingsworth/82nd to Swan Island-Shipyards","extraBlockID":null,"locationInScheduleDay":19518,"longitude":-122.5789247,"blockID":7238,"offRoute":false,"nextLocID":7918,"vehicleID":2527,"signMessage":"72 Swan Island","extraTripID":null,"nextStopSeq":5,"routeNumber":72,"vehicleLoad":"unknown","bearing":0,"lastStopSeq":4,"inCongestion":false,"delay":-17,"latitude":45.4450664},{"tripID":4417312,"serviceDate":1395730800000,"direction":1,"garage":"CENTER","type":"bus","lastLocID":10450,"messageCode":788,"time":1395750324086,"expires":1395750740000,"signMessageLong":"70  12th/NE 33rd Ave to Milwaukie","extraBlockID":null,"locationInScheduleDay":19446,"longitude":-122.6330616,"blockID":7002,"offRoute":false,"nextLocID":9369,"vehicleID":2524,"signMessage":"70 To Milwaukie","extraTripID":null,"nextStopSeq":4,"routeNumber":70,"vehicleLoad":"unknown","bearing":186,"lastStopSeq":3,"inCongestion":false,"delay":-74,"latitude":45.5828001},{"tripID":4419220,"serviceDate":1395730800000,"direction":1,"garage":"CENTER","type":"bus","lastLocID":631,"messageCode":813,"time":1395750334959,"expires":1395750753000,"signMessageLong":"77  Broadway/Halsey to Montgomery Park","extraBlockID":null,"locationInScheduleDay":19404,"longitude":-122.6502906,"blockID":7701,"offRoute":false,"nextLocID":629,"vehicleID":2512,"signMessage":"77 Montgomry Pk","extraTripID":null,"nextStopSeq":35,"routeNumber":77,"vehicleLoad":"unknown","bearing":269,"lastStopSeq":34,"inCongestion":false,"delay":-129,"latitude":45.5350336},{"tripID":4417864,"serviceDate":1395730800000,"direction":0,"garage":"POWELL","type":"bus","lastLocID":7947,"messageCode":768,"time":1395750324346,"expires":1395750741000,"signMessageLong":"72  Killingsworth/82nd to Swan Island-Shipyards","extraBlockID":null,"locationInScheduleDay":19386,"longitude":-122.578706,"blockID":7236,"offRoute":false,"nextLocID":7957,"vehicleID":2552,"signMessage":"72 Swan Island","extraTripID":null,"nextStopSeq":33,"routeNumber":72,"vehicleLoad":"unknown","bearing":0,"lastStopSeq":32,"inCongestion":false,"delay":-135,"latitude":45.5035345},{"tripID":4411557,"serviceDate":1395730800000,"direction":1,"garage":"POWELL","type":"bus","lastLocID":1815,"messageCode":268,"time":1395750319763,"expires":1395750738000,"signMessageLong":"14  Hawthorne to Portland","extraBlockID":null,"locationInScheduleDay":19505,"longitude":-122.5843352,"blockID":1435,"offRoute":false,"nextLocID":12948,"vehicleID":2316,"signMessage":"14 To Portland","extraTripID":null,"nextStopSeq":8,"routeNumber":14,"vehicleLoad":"unknown","bearing":295,"lastStopSeq":7,"inCongestion":false,"delay":-13,"latitude":45.4848628},{"tripID":4417161,"serviceDate":1395730800000,"direction":0,"garage":"CENTER","type":"bus","lastLocID":6588,"messageCode":780,"time":1395750337618,"expires":1395750756000,"signMessageLong":"70  12th/NE 33rd Ave to NE Sunderland","extraBlockID":null,"locationInScheduleDay":19614,"longitude":-122.6536426,"blockID":7001,"offRoute":false,"nextLocID":6594,"vehicleID":2704,"signMessage":"70 To Sunderlnd","extraTripID":null,"nextStopSeq":32,"routeNumber":70,"vehicleLoad":"unknown","bearing":0,"lastStopSeq":31,"inCongestion":false,"delay":78,"latitude":45.5189618},{"tripID":4418191,"serviceDate":1395730800000,"direction":1,"garage":"POWELL","type":"bus","lastLocID":50,"messageCode":760,"time":1395750323291,"expires":1395750740000,"signMessageLong":"72  Killingsworth/82nd to Clackamas TC","extraBlockID":null,"locationInScheduleDay":19379,"longitude":-122.6502359,"blockID":7237,"offRoute":false,"nextLocID":52,"vehicleID":3004,"signMessage":"72 Clackamas TC","extraTripID":null,"nextStopSeq":26,"routeNumber":72,"vehicleLoad":"unknown","bearing":89,"lastStopSeq":25,"inCongestion":false,"delay":-141,"latitude":45.5590993},{"tripID":4418190,"serviceDate":1395730800000,"direction":1,"garage":"POWELL","type":"bus","lastLocID":8030,"messageCode":760,"time":1395750319624,"expires":1395750736000,"signMessageLong":"72  Killingsworth/82nd to Clackamas TC","extraBlockID":null,"locationInScheduleDay":19495,"longitude":-122.5789269,"blockID":7235,"offRoute":false,"nextLocID":8009,"vehicleID":3053,"signMessage":"72 Clackamas TC","extraTripID":null,"nextStopSeq":35,"routeNumber":72,"vehicleLoad":"unknown","bearing":180,"lastStopSeq":34,"inCongestion":false,"delay":-21,"latitude":45.4855654},{"tripID":4417863,"serviceDate":1395730800000,"direction":0,"garage":"POWELL","type":"bus","lastLocID":64,"messageCode":768,"time":1395750337619,"expires":1395750755000,"signMessageLong":"72  Killingsworth/82nd to Swan Island-Shipyards","extraBlockID":null,"locationInScheduleDay":19454,"longitude":-122.6377806,"blockID":7234,"offRoute":false,"nextLocID":61,"vehicleID":3054,"signMessage":"72 Swan Island","extraTripID":null,"nextStopSeq":84,"routeNumber":72,"vehicleLoad":"unknown","bearing":270,"lastStopSeq":83,"inCongestion":false,"delay":-81,"latitude":45.5590564},{"tripID":4411556,"serviceDate":1395730800000,"direction":1,"garage":"POWELL","type":"bus","lastLocID":13169,"messageCode":266,"time":1395750274483,"expires":1395750693000,"signMessageLong":"14  Hawthorne to 94th & Foster","extraBlockID":null,"locationInScheduleDay":19600,"longitude":-122.6798638,"blockID":1434,"offRoute":false,"nextLocID":3639,"vehicleID":3027,"signMessage":"14 To 94-Foster","extraTripID":null,"nextStopSeq":45,"routeNumber":14,"vehicleLoad":"unknown","bearing":290,"lastStopSeq":44,"inCongestion":false,"delay":127,"latitude":45.516358},{"tripID":4419085,"serviceDate":1395730800000,"direction":0,"garage":"CENTER","type":"bus","lastLocID":1611,"messageCode":809,"time":1395750319674,"expires":1395750738000,"signMessageLong":"77  Broadway/Halsey to Troutdale","extraBlockID":null,"locationInScheduleDay":19463,"longitude":-122.6905045,"blockID":7702,"offRoute":false,"nextLocID":1608,"vehicleID":2005,"signMessage":"77 To Troutdale","extraTripID":null,"nextStopSeq":13,"routeNumber":77,"vehicleLoad":"unknown","bearing":87,"lastStopSeq":12,"inCongestion":false,"delay":-55,"latitude":45.5249523}],"queryTime":1395750348616}}
