{"resultSet":{"vehicle":[{"tripID":4419221,"serviceDate":1395730800000,"direction":1,"garage":"POWELL","type":"bus","lastLocID":10846,"messageCode":813,"time":1395750682551,"expires":1395751102000,"signMessageLong":"77  Broadway/Halsey to Montgomery Park","extraBlockID":null,"locationInScheduleDay":19800,"longitude":-122.5787742,"blockID":7735,"offRoute":false,"nextLocID":7916,"vehicleID":2222,"signMessage":"77 Montgomry Pk","extraTripID":null,"nextStopSeq":7,"routeNumber":77,"vehicleLoad":"unknown","bearing":271,"lastStopSeq":6,"inCongestion":false,"delay":-82,"latitude":45.5339672},{"tripID":4417865,"serviceDate":1395730800000,"direction":0,"garage":"POWELL","type":"bus","lastLocID":7960,"messageCode":768,"time":1395750697466,"expires":1395751115000,"signMessageLong":"72  Killingsworth/82nd to Swan Island-Shipyards","extraBlockID":null,"locationInScheduleDay":19908,"longitude":-122.579076,"blockID":7238,"offRoute":false,"nextLocID":8057,"vehicleID":2527,"signMessage":"72 Swan Island","extraTripID":null,"nextStopSeq":19,"routeNumber":72,"vehicleLoad":"unknown","bearing":0,"lastStopSeq":18,"inCongestion":false,"delay":13,"latitude":45.4771273},{"tripID":4417312,"serviceDate":1395730800000,"direction":1,"garage":"CENTER","type":"bus","lastLocID":8499,"messageCode":788,"time":1395750667592,"expires":1395751085000,"signMessageLong":"70  12th/NE 33rd Ave to Milwaukie","extraBlockID":null,"locationInScheduleDay":19769,"longitude":-122.6321692,"blockID":7002,"offRoute":false,"nextLocID":7370,"vehicleID":2524,"signMessage":"70 To Milwaukie","extraTripID":null,"nextStopSeq":13,"routeNumber":70,"vehicleLoad":"unknown","bearing":145,"lastStopSeq":12,"inCongestion":false,"delay":-96,"latitude":45.5739087},{"tripID":4419220,"serviceDate":1395730800000,"direction":1,"garage":"CENTER","type":"bus","lastLocID":2592,"messageCode":813,"time":1395750697466,"expires":1395751116000,"signMessageLong":"77  Broadway/Halsey to Montgomery Park","extraBlockID":null,"locationInScheduleDay":19825,"longitude":-122.6672935,"blockID":7701,"offRoute":false,"nextLocID":9311,"vehicleID":2512,"signMessage":"77 Montgomry Pk","extraTripID":null,"nextStopSeq":41,"routeNumber":77,"vehicleLoad":"unknown","bearing":209,"lastStopSeq":40,"inCongestion":false,"delay":-71,"latitude":45.52865},{"tripID":4418192,"serviceDate":1395730800000,"direction":1,"garage":"POWELL","type":"bus","lastLocID":9399,"messageCode":760,"time":1395750679693,"expires":1395751098000,"signMessageLong":"72  Killingsworth/82nd to Clackamas TC","extraBlockID":null,"locationInScheduleDay":19934,"longitude":-122.6914825,"blockID":7239,"offRoute":false,"nextLocID":2195,"vehicleID":2540,"signMessage":"72 Clackamas TC","extraTripID":null,"nextStopSeq":4,"routeNumber":72,"vehicleLoad":"unknown","bearing":208,"lastStopSeq":3,"inCongestion":false,"delay":56,"latitude":45.5555394},{"tripID":4417864,"serviceDate":1395730800000,"direction":0,"garage":"POWELL","type":"bus","lastLocID":7936,"messageCode":768,"time":1395750697597,"expires":1395751115000,"signMessageLong":"72  Killingsworth/82nd to Swan Island-Shipyards","extraBlockID":null,"locationInScheduleDay":19687,"longitude":-122.5790768,"blockID":7236,"offRoute":false,"nextLocID":7955,"vehicleID":2552,"signMessage":"72 Swan Island","extraTripID":null,"nextStopSeq":43,"routeNumber":72,"vehicleLoad":"unknown","bearing":0,"lastStopSeq":42,"inCongestion":false,"delay":-208,"latitude":45.5226576},{"tripID":4413874,"serviceDate":1395730800000,"direction":1,"garage":"POWELL","type":"bus","lastLocID":7920,"messageCode":464,"time":1395750682631,"expires":1395751100000,"signMessageLong":"31  To Portland via Milwaukie","extraBlockID":null,"locationInScheduleDay":19736,"longitude":-122.578924,"blockID":3134,"offRoute":false,"nextLocID":3228,"vehicleID":2555,"signMessage":"31 To Portland","extraTripID":null,"nextStopSeq":4,"routeNumber":31,"vehicleLoad":"unknown","bearing":0,"lastStopSeq":3,"inCongestion":false,"delay":-144,"latitude":45.4451566},{"tripID":4411557,"serviceDate":1395730800000,"direction":1,"garage":"POWELL","type":"bus","lastLocID":1793,"messageCode":268,"time":1395750679918,"expires":1395751098000,"signMessageLong":"14  Hawthorne to Portland","extraBlockID":null,"locationInScheduleDay":19864,"longitude":-122.6088324,"blockID":1435,"offRoute":false,"nextLocID":7656,"vehicleID":2316,"signMessage":"14 To Portland","extraTripID":null,"nextStopSeq":18,"routeNumber":14,"vehicleLoad":"unknown","bearing":307,"lastStopSeq":17,"inCongestion":false,"delay":-14,"latitude":45.495596},{"tripID":4417161,"serviceDate":1395730800000,"direction":0,"garage":"CENTER","type":"bus","lastLocID":8513,"messageCode":783,"time":1395750697445,"expires":1395751115000,"signMessageLong":"70  33rd Ave to NE Sunderland","extraBlockID":null,"locationInScheduleDay":19920,"longitude":-122.6545979,"blockID":7001,"offRoute":false,"nextLocID":8938,"vehicleID":2704,"signMessage":"70 To Sunderlnd","extraTripID":null,"nextStopSeq":37,"routeNumber":70,"vehicleLoad":"unknown","bearing":0,"lastStopSeq":36,"inCongestion":false,"delay":25,"latitude":45.5298956},{"tripID":4418191,"serviceDate":1395730800000,"direction":1,"garage":"POWELL","type":"bus","lastLocID":3199,"messageCode":760,"time":1395750679564,"expires":1395751099000,"signMessageLong":"72  Killingsworth/82nd to Clackamas TC","extraBlockID":null,"locationInScheduleDay":19767,"longitude":-122.6180668,"blockID":7237,"offRoute":false,"nextLocID":3144,"vehicleID":3004,"signMessage":"72 Clackamas TC","extraTripID":null,"nextStopSeq":41,"routeNumber":72,"vehicleLoad":"unknown","bearing":90,"lastStopSeq":40,"inCongestion":false,"delay":-112,"latitude":45.5628026},{"tripID":4418190,"serviceDate":1395730800000,"direction":1,"garage":"POWELL","type":"bus","lastLocID":7996,"messageCode":760,"time":1395750679635,"expires":1395751097000,"signMessageLong":"72  Killingsworth/82nd to Clackamas TC","extraBlockID":null,"locationInScheduleDay":19819,"longitude":-122.5790892,"blockID":7235,"offRoute":false,"nextLocID":7988,"vehicleID":3053,"signMessage":"72 Clackamas TC","extraTripID":null,"nextStopSeq":49,"routeNumber":72,"vehicleLoad":"unknown","bearing":180,"lastStopSeq":48,"inCongestion":false,"delay":-58,"latitude":45.458501},{"tripID":4417863,"serviceDate":1395730800000,"direction":0,"garage":"POWELL","type":"bus","lastLocID":5890,"messageCode":768,"time":1395750697451,"expires":1395751115000,"signMessageLong":"72  Killingsworth/82nd to Swan Island-Shipyards","extraBlockID":null,"locationInScheduleDay":19786,"longitude":-122.6613763,"blockID":7234,"offRoute":false,"nextLocID":10957,"vehicleID":3054,"signMessage":"72 Swan Island","extraTripID":null,"nextStopSeq":93,"routeNumber":72,"vehicleLoad":"unknown","bearing":0,"lastStopSeq":92,"inCongestion":false,"delay":-109,"latitude":45.5624688},{"tripID":4419222,"serviceDate":1395730800000,"direction":1,"garage":"POWELL","type":"bus","lastLocID":2346,"messageCode":813,"time":1395750691683,"expires":1395751111000,"signMessageLong":"77  Broadway/Halsey to Montgomery Park","extraBlockID":null,"locationInScheduleDay":19948,"longitude":-122.3993631,"blockID":7734,"offRoute":false,"nextLocID":10630,"vehicleID":3046,"signMessage":"77 Montgomry Pk","extraTripID":null,"nextStopSeq":5,"routeNumber":77,"vehicleLoad":"unknown","bearing":266,"lastStopSeq":4,"inCongestion":false,"delay":57,"latitude":45.5390267},{"tripID":4411310,"serviceDate":1395730800000,"direction":0,"garage":"POWELL","type":"bus","lastLocID":2594,"messageCode":266,"time":1395750679587,"expires":1395751097000,"signMessageLong":"14  Hawthorne to 94th & Foster","extraBlockID":null,"locationInScheduleDay":19918,"longitude":-122.6591174,"blockID":1434,"offRoute":false,"nextLocID":2597,"vehicleID":3027,"signMessage":"14 To 94-Foster","extraTripID":null,"nextStopSeq":5,"routeNumber":14,"vehicleLoad":"unknown","bearing":90,"lastStopSeq":4,"inCongestion":false,"delay":41,"latitude":45.512239},{"tripID":4419085,"serviceDate":1395730800000,"direction":0,"garage":"CENTER","type":"bus","lastLocID":1612,"messageCode":809,"time":1395750679808,"expires":1395751098000,"signMessageLong":"77  Broadway/Halsey to Troutdale","extraBlockID":null,"locationInScheduleDay":19790,"longitude":-122.6725902,"blockID":7702,"offRoute":false,"nextLocID":11817,"vehicleID":2005,"signMessage":"77 To Troutdale","extraTripID":null,"nextStopSeq":19,"routeNumber":77,"vehicleLoad":"unknown","bearing":87,"lastStopSeq":18,"inCongestion":false,"delay":-88,"latitude":45.5252818}],"queryTime":1395750708630}}
