{"resultSet":{"vehicle":[{"tripID":4419221,"serviceDate":1395730800000,"direction":1,"garage":"POWELL","type":"bus","lastLocID":2343,"messageCode":813,"time":1395750442848,"expires":1395750861000,"signMessageLong":"77  Broadway/Halsey to Montgomery Park","extraBlockID":null,"locationInScheduleDay":19661,"longitude":-122.5669267,"blockID":7735,"offRoute":false,"nextLocID":2334,"vehicleID":2222,"signMessage":"77 Montgomry Pk","extraTripID":null,"nextStopSeq":3,"routeNumber":77,"vehicleLoad":"unknown","bearing":247,"lastStopSeq":2,"inCongestion":false,"delay":20,"latitude":45.5336705},{"tripID":4417865,"serviceDate":1395730800000,"direction":0,"garage":"POWELL","type":"bus","lastLocID":7983,"messageCode":768,"time":1395750457672,"expires":1395750875000,"signMessageLong":"72  Killingsworth/82nd to Swan Island-Shipyards","extraBlockID":null,"locationInScheduleDay":19672,"longitude":-122.5790999,"blockID":7238,"offRoute":false,"nextLocID":7995,"vehicleID":2527,"signMessage":"72 Swan Island","extraTripID":null,"nextStopSeq":10,"routeNumber":72,"vehicleLoad":"unknown","bearing":0,"lastStopSeq":9,"inCongestion":false,"delay":17,"latitude":45.4578698},{"tripID":4417312,"serviceDate":1395730800000,"direction":1,"garage":"CENTER","type":"bus","lastLocID":9371,"messageCode":788,"time":1395750457673,"expires":1395750875000,"signMessageLong":"70  12th/NE 33rd Ave to Milwaukie","extraBlockID":null,"locationInScheduleDay":19581,"longitude":-122.6435062,"blockID":7002,"offRoute":false,"nextLocID":9402,"vehicleID":2524,"signMessage":"70 To Milwaukie","extraTripID":null,"nextStopSeq":7,"routeNumber":70,"vehicleLoad":"unknown","bearing":208,"lastStopSeq":6,"inCongestion":false,"delay":-74,"latitude":45.5820399},{"tripID":4419220,"serviceDate":1395730800000,"direction":1,"garage":"CENTER","type":"bus","lastLocID":10876,"messageCode":813,"time":1395750457667,"expires":1395750876000,"signMessageLong":"77  Broadway/Halsey to Montgomery Park","extraBlockID":null,"locationInScheduleDay":19615,"longitude":-122.6576619,"blockID":7701,"offRoute":false,"nextLocID":4043,"vehicleID":2512,"signMessage":"77 Montgomry Pk","extraTripID":null,"nextStopSeq":38,"routeNumber":77,"vehicleLoad":"unknown","bearing":270,"lastStopSeq":37,"inCongestion":false,"delay":-41,"latitude":45.5315037},{"tripID":4417864,"serviceDate":1395730800000,"direction":0,"garage":"POWELL","type":"bus","lastLocID":7957,"messageCode":768,"time":1395750412996,"expires":1395750831000,"signMessageLong":"72  Killingsworth/82nd to Swan Island-Shipyards","extraBlockID":null,"locationInScheduleDay":19456,"longitude":-122.5786943,"blockID":7236,"offRoute":false,"nextLocID":12755,"vehicleID":2552,"signMessage":"72 Swan Island","extraTripID":null,"nextStopSeq":34,"routeNumber":72,"vehicleLoad":"unknown","bearing":0,"lastStopSeq":33,"inCongestion":false,"delay":-155,"latitude":45.5079475},{"tripID":4411557,"serviceDate":1395730800000,"direction":1,"garage":"POWELL","type":"bus","lastLocID":1811,"messageCode":268,"time":1395750439744,"expires":1395750858000,"signMessageLong":"14  Hawthorne to Portland","extraBlockID":null,"locationInScheduleDay":19627,"longitude":-122.5929996,"blockID":1435,"offRoute":false,"nextLocID":1807,"vehicleID":2316,"signMessage":"14 To Portland","extraTripID":null,"nextStopSeq":10,"routeNumber":14,"vehicleLoad":"unknown","bearing":300,"lastStopSeq":9,"inCongestion":false,"delay":-11,"latitude":45.488073},{"tripID":4417161,"serviceDate":1395730800000,"direction":0,"garage":"CENTER","type":"bus","lastLocID":6592,"messageCode":780,"time":1395750457651,"expires":1395750876000,"signMessageLong":"70  12th/NE 33rd Ave to NE Sunderland","extraBlockID":null,"locationInScheduleDay":19748,"longitude":-122.6535847,"blockID":7001,"offRoute":false,"nextLocID":6582,"vehicleID":2704,"signMessage":"70 To Sunderlnd","extraTripID":null,"nextStopSeq":35,"routeNumber":70,"vehicleLoad":"unknown","bearing":0,"lastStopSeq":34,"inCongestion":false,"delay":92,"latitude":45.5235262},{"tripID":4418191,"serviceDate":1395730800000,"direction":1,"garage":"POWELL","type":"bus","lastLocID":63,"messageCode":760,"time":1395750439554,"expires":1395750859000,"signMessageLong":"72  Killingsworth/82nd to Clackamas TC","extraBlockID":null,"locationInScheduleDay":19524,"longitude":-122.6370135,"blockID":7237,"offRoute":false,"nextLocID":11722,"vehicleID":3004,"signMessage":"72 Clackamas TC","extraTripID":null,"nextStopSeq":31,"routeNumber":72,"vehicleLoad":"unknown","bearing":90,"lastStopSeq":30,"inCongestion":false,"delay":-115,"latitude":45.5590539},{"tripID":4418190,"serviceDate":1395730800000,"direction":1,"garage":"POWELL","type":"bus","lastLocID":8028,"messageCode":760,"time":1395750436504,"expires":1395750856000,"signMessageLong":"72  Killingsworth/82nd to Clackamas TC","extraBlockID":null,"locationInScheduleDay":19559,"longitude":-122.5790249,"blockID":7235,"offRoute":false,"nextLocID":8060,"vehicleID":3053,"signMessage":"72 Clackamas TC","extraTripID":null,"nextStopSeq":38,"routeNumber":72,"vehicleLoad":"unknown","bearing":181,"lastStopSeq":37,"inCongestion":false,"delay":-77,"latitude":45.4797766},{"tripID":4417863,"serviceDate":1395730800000,"direction":0,"garage":"POWELL","type":"bus","lastLocID":55,"messageCode":768,"time":1395750457651,"expires":1395750876000,"signMessageLong":"72  Killingsworth/82nd to Swan Island-Shipyards","extraBlockID":null,"locationInScheduleDay":19591,"longitude":-122.6494385,"blockID":7234,"offRoute":false,"nextLocID":53,"vehicleID":3054,"signMessage":"72 Swan Island","extraTripID":null,"nextStopSeq":87,"routeNumber":72,"vehicleLoad":"unknown","bearing":270,"lastStopSeq":86,"inCongestion":false,"delay":-65,"latitude":45.5590984},{"tripID":4411556,"serviceDate":1395730800000,"direction":1,"garage":"POWELL","type":"bus","lastLocID":13169,"messageCode":266,"time":1395750439557,"expires":1395750857000,"signMessageLong":"14  Hawthorne to 94th & Foster","extraBlockID":null,"locationInScheduleDay":19637,"longitude":-122.6812446,"blockID":1434,"offRoute":false,"nextLocID":3639,"vehicleID":3027,"signMessage":"14 To 94-Foster","extraTripID":null,"nextStopSeq":45,"routeNumber":14,"vehicleLoad":"unknown","bearing":111,"lastStopSeq":44,"inCongestion":false,"delay":0,"latitude":45.5159637},{"tripID":4419085,"serviceDate":1395730800000,"direction":0,"garage":"CENTER","type":"bus","lastLocID":1608,"messageCode":809,"time":1395750439635,"expires":1395750858000,"signMessageLong":"77  Broadway/Halsey to Troutdale","extraBlockID":null,"locationInScheduleDay":19586,"longitude":-122.6837876,"blockID":7702,"offRoute":false,"nextLocID":1607,"vehicleID":2005,"signMessage":"77 To Troutdale","extraTripID":null,"nextStopSeq":14,"routeNumber":77,"vehicleLoad":"unknown","bearing":88,"lastStopSeq":13,"inCongestion":false,"delay":-52,"latitude":45.5250698}],"queryTime":1395750468631}}
