{"resultSet":{"vehicle":[{"tripID":4411559,"serviceDate":1395730800000,"direction":1,"garage":"POWELL","type":"bus","lastLocID":13169,"messageCode":266,"time":1395754301025,"expires":1395754716000,"signMessageLong":"14  Hawthorne to 94th & Foster","extraBlockID":null,"locationInScheduleDay":23579,"longitude":-122.6812235,"blockID":1436,"offRoute":false,"nextLocID":3639,"vehicleID":2206,"signMessage":"14 To 94-Foster","extraTripID":null,"nextStopSeq":45,"routeNumber":14,"vehicleLoad":"unknown","bearing":200,"lastStopSeq":44,"inCongestion":false,"delay":83,"latitude":45.5163831},{"tripID":4419089,"serviceDate":1395730800000,"direction":0,"garage":"POWELL","type":"bus","lastLocID":8484,"messageCode":809,"time":1395754301072,"expires":1395754715000,"signMessageLong":"77  Broadway/Halsey to Troutdale","extraBlockID":null,"locationInScheduleDay":23495,"longitude":-122.7069049,"blockID":7735,"offRoute":false,"nextLocID":8385,"vehicleID":2222,"signMessage":"77 To Troutdale","extraTripID":null,"nextStopSeq":2,"routeNumber":77,"vehicleLoad":"unknown","bearing":178,"lastStopSeq":1,"inCongestion":false,"delay":0,"latitude":45.5370429},{"tripID":4419223,"serviceDate":1395730800000,"direction":1,"garage":"POWELL","type":"bus","lastLocID":7510,"messageCode":813,"time":1395754286022,"expires":1395754704000,"signMessageLong":"77  Broadway/Halsey to Montgomery Park","extraBlockID":null,"locationInScheduleDay":23419,"longitude":-122.6203092,"blockID":7736,"offRoute":false,"nextLocID":10869,"vehicleID":2221,"signMessage":"77 Montgomry Pk","extraTripID":null,"nextStopSeq":68,"routeNumber":77,"vehicleLoad":"unknown","bearing":179,"lastStopSeq":67,"inCongestion":false,"delay":-65,"latitude":45.534006},{"tripID":4419224,"serviceDate":1395730800000,"direction":1,"garage":"POWELL","type":"bus","lastLocID":2343,"messageCode":813,"time":1395754301337,"expires":1395754715000,"signMessageLong":"77  Broadway/Halsey to Montgomery Park","extraBlockID":null,"locationInScheduleDay":23424,"longitude":-122.5679907,"blockID":7737,"offRoute":false,"nextLocID":2334,"vehicleID":2285,"signMessage":"77 Montgomry Pk","extraTripID":null,"nextStopSeq":49,"routeNumber":77,"vehicleLoad":"unknown","bearing":266,"lastStopSeq":48,"inCongestion":false,"delay":-71,"latitude":45.5335029},{"tripID":4417869,"serviceDate":1395730800000,"direction":0,"garage":"POWELL","type":"bus","lastLocID":8029,"messageCode":766,"time":1395754280072,"expires":1395754699000,"signMessageLong":"72  Killingsworth/82nd to Swan Island-Anchor St","extraBlockID":null,"locationInScheduleDay":23358,"longitude":-122.5789,"blockID":7244,"offRoute":false,"nextLocID":8040,"vehicleID":2276,"signMessage":"72 Swan Island","extraTripID":null,"nextStopSeq":24,"routeNumber":72,"vehicleLoad":"unknown","bearing":1,"lastStopSeq":23,"inCongestion":false,"delay":-121,"latitude":45.4865401},{"tripID":4417163,"serviceDate":1395730800000,"direction":0,"garage":"CENTER","type":"bus","lastLocID":7373,"messageCode":783,"time":1395754285959,"expires":1395754704000,"signMessageLong":"70  33rd Ave to NE Sunderland","extraBlockID":null,"locationInScheduleDay":23554,"longitude":-122.6307107,"blockID":7005,"offRoute":false,"nextLocID":7393,"vehicleID":2132,"signMessage":"70 To Sunderlnd","extraTripID":null,"nextStopSeq":55,"routeNumber":70,"vehicleLoad":"unknown","bearing":0,"lastStopSeq":54,"inCongestion":false,"delay":70,"latitude":45.5507748},{"tripID":4417313,"serviceDate":1395730800000,"direction":1,"garage":"CENTER","type":"bus","lastLocID":6872,"messageCode":738,"time":1395754294636,"expires":1395754714000,"signMessageLong":"70  12th Ave to Milwaukie via 13th & Tacoma","extraBlockID":null,"locationInScheduleDay":23365,"longitude":-122.6433483,"blockID":7006,"offRoute":false,"nextLocID":13477,"vehicleID":2150,"signMessage":"70 To Milwaukie","extraTripID":null,"nextStopSeq":40,"routeNumber":70,"vehicleLoad":"unknown","bearing":142,"lastStopSeq":39,"inCongestion":false,"delay":0,"latitude":45.4454596},{"tripID":4417865,"serviceDate":1395730800000,"direction":0,"garage":"POWELL","type":"bus","lastLocID":1043,"messageCode":768,"time":1395754136201,"expires":1395754553000,"signMessageLong":"72  Killingsworth/82nd to Swan Island-Shipyards","extraBlockID":null,"locationInScheduleDay":22974,"longitude":-122.7119667,"blockID":7238,"offRoute":false,"nextLocID":1042,"vehicleID":2527,"signMessage":"72 Swan Island","extraTripID":null,"nextStopSeq":116,"routeNumber":72,"vehicleLoad":"unknown","bearing":127,"lastStopSeq":115,"inCongestion":false,"delay":-359,"latitude":45.5604328},{"tripID":4417165,"serviceDate":1395730800000,"direction":0,"garage":"CENTER","type":"bus","lastLocID":6871,"messageCode":782,"time":1395754301008,"expires":1395754718000,"signMessageLong":"70  12th/NE 33rd Ave to NE Sunderland via 13th & Tacoma","extraBlockID":null,"locationInScheduleDay":23455,"longitude":-122.6443391,"blockID":7002,"offRoute":false,"nextLocID":6901,"vehicleID":2524,"signMessage":"70 To Sunderland via 13th","extraTripID":null,"nextStopSeq":4,"routeNumber":70,"vehicleLoad":"unknown","bearing":342,"lastStopSeq":3,"inCongestion":false,"delay":-43,"latitude":45.4495369},{"tripID":4419087,"serviceDate":1395730800000,"direction":0,"garage":"CENTER","type":"bus","lastLocID":10870,"messageCode":809,"time":1395754294693,"expires":1395754712000,"signMessageLong":"77  Broadway/Halsey to Troutdale","extraBlockID":null,"locationInScheduleDay":23580,"longitude":-122.6206027,"blockID":7701,"offRoute":false,"nextLocID":7509,"vehicleID":2512,"signMessage":"77 To Troutdale","extraTripID":null,"nextStopSeq":36,"routeNumber":77,"vehicleLoad":"unknown","bearing":91,"lastStopSeq":35,"inCongestion":false,"delay":88,"latitude":45.5333119},{"tripID":4418192,"serviceDate":1395730800000,"direction":1,"garage":"POWELL","type":"bus","lastLocID":12921,"messageCode":760,"time":1395754255873,"expires":1395754673000,"signMessageLong":"72  Killingsworth/82nd to Clackamas TC","extraBlockID":null,"locationInScheduleDay":23450,"longitude":-122.5692301,"blockID":7239,"offRoute":false,"nextLocID":13247,"vehicleID":2540,"signMessage":"72 Clackamas TC","extraTripID":null,"nextStopSeq":111,"routeNumber":72,"vehicleLoad":"unknown","bearing":181,"lastStopSeq":110,"inCongestion":false,"delay":0,"latitude":45.4368594},{"tripID":4417866,"serviceDate":1395730800000,"direction":0,"garage":"POWELL","type":"bus","lastLocID":3159,"messageCode":766,"time":1395754283116,"expires":1395754700000,"signMessageLong":"72  Killingsworth/82nd to Swan Island-Anchor St","extraBlockID":null,"locationInScheduleDay":23360,"longitude":-122.6872318,"blockID":7240,"offRoute":false,"nextLocID":3163,"vehicleID":2533,"signMessage":"72 Swan Island","extraTripID":null,"nextStopSeq":101,"routeNumber":72,"vehicleLoad":"unknown","bearing":270,"lastStopSeq":100,"inCongestion":false,"delay":-120,"latitude":45.5627042},{"tripID":4418196,"serviceDate":1395730800000,"direction":1,"garage":"POWELL","type":"bus","lastLocID":8681,"messageCode":760,"time":1395754283432,"expires":1395754699000,"signMessageLong":"72  Killingsworth/82nd to Clackamas TC","extraBlockID":null,"locationInScheduleDay":23452,"longitude":-122.6993728,"blockID":7236,"offRoute":false,"nextLocID":9399,"vehicleID":2552,"signMessage":"72 Clackamas TC","extraTripID":null,"nextStopSeq":3,"routeNumber":72,"vehicleLoad":"unknown","bearing":101,"lastStopSeq":2,"inCongestion":false,"delay":-27,"latitude":45.5562564},{"tripID":4417868,"serviceDate":1395730800000,"direction":0,"garage":"POWELL","type":"bus","lastLocID":8014,"messageCode":768,"time":1395754280138,"expires":1395754699000,"signMessageLong":"72  Killingsworth/82nd to Swan Island-Shipyards","extraBlockID":null,"locationInScheduleDay":23332,"longitude":-122.5790485,"blockID":7242,"offRoute":false,"nextLocID":7987,"vehicleID":2548,"signMessage":"72 Swan Island","extraTripID":null,"nextStopSeq":46,"routeNumber":72,"vehicleLoad":"unknown","bearing":0,"lastStopSeq":45,"inCongestion":false,"delay":-147,"latitude":45.5293178},{"tripID":4411561,"serviceDate":1395730800000,"direction":1,"garage":"POWELL","type":"bus","lastLocID":1831,"messageCode":268,"time":1395754301390,"expires":1395754717000,"signMessageLong":"14  Hawthorne to Portland","extraBlockID":null,"locationInScheduleDay":23497,"longitude":-122.5662917,"blockID":1435,"offRoute":false,"nextLocID":13236,"vehicleID":2316,"signMessage":"14 To Portland","extraTripID":null,"nextStopSeq":2,"routeNumber":14,"vehicleLoad":"unknown","bearing":291,"lastStopSeq":1,"inCongestion":false,"delay":0,"latitude":45.4791765},{"tripID":4419088,"serviceDate":1395730800000,"direction":0,"garage":"CENTER","type":"bus","lastLocID":11817,"messageCode":809,"time":1395754300999,"expires":1395754715000,"signMessageLong":"77  Broadway/Halsey to Troutdale","extraBlockID":null,"locationInScheduleDay":23640,"longitude":-122.6659959,"blockID":7705,"offRoute":false,"nextLocID":13708,"vehicleID":2720,"signMessage":"77 To Troutdale","extraTripID":null,"nextStopSeq":20,"routeNumber":77,"vehicleLoad":"unknown","bearing":86,"lastStopSeq":19,"inCongestion":false,"delay":145,"latitude":45.5307959},{"tripID":4417164,"serviceDate":1395730800000,"direction":0,"garage":"CENTER","type":"bus","lastLocID":4539,"messageCode":780,"time":1395754300942,"expires":1395754720000,"signMessageLong":"70  12th/NE 33rd Ave to NE Sunderland","extraBlockID":null,"locationInScheduleDay":23414,"longitude":-122.6540706,"blockID":7007,"offRoute":false,"nextLocID":6578,"vehicleID":2709,"signMessage":"70 To Sunderlnd","extraTripID":null,"nextStopSeq":24,"routeNumber":70,"vehicleLoad":"unknown","bearing":321,"lastStopSeq":23,"inCongestion":false,"delay":-86,"latitude":45.5013665},{"tripID":4417315,"serviceDate":1395730800000,"direction":1,"garage":"CENTER","type":"bus","lastLocID":635,"messageCode":788,"time":1395754300938,"expires":1395754718000,"signMessageLong":"70  12th/NE 33rd Ave to Milwaukie","extraBlockID":null,"locationInScheduleDay":23468,"longitude":-122.6415803,"blockID":7001,"offRoute":false,"nextLocID":7139,"vehicleID":2704,"signMessage":"70 To Milwaukie","extraTripID":null,"nextStopSeq":38,"routeNumber":70,"vehicleLoad":"unknown","bearing":256,"lastStopSeq":37,"inCongestion":false,"delay":-30,"latitude":45.535051},{"tripID":4417317,"serviceDate":1395730800000,"direction":1,"garage":"CENTER","type":"bus","lastLocID":9368,"messageCode":788,"time":1395754294669,"expires":1395754711000,"signMessageLong":"70  12th/NE 33rd Ave to Milwaukie","extraBlockID":null,"locationInScheduleDay":23491,"longitude":-122.6357648,"blockID":7003,"offRoute":false,"nextLocID":9414,"vehicleID":2705,"signMessage":"70 To Milwaukie","extraTripID":null,"nextStopSeq":2,"routeNumber":70,"vehicleLoad":"unknown","bearing":180,"lastStopSeq":1,"inCongestion":false,"delay":0,"latitude":45.5898735},{"tripID":4417314,"serviceDate":1395730800000,"direction":1,"garage":"CENTER","type":"bus","lastLocID":13658,"messageCode":790,"time":1395754285985,"expires":1395754705000,"signMessageLong":"70  12th Ave to Milwaukie via 13th & Tacoma","extraBlockID":null,"locationInScheduleDay":23501,"longitude":-122.6483578,"blockID":7004,"offRoute":false,"nextLocID":6864,"vehicleID":2701,"signMessage":"70 To Milw via 13","extraTripID":null,"nextStopSeq":62,"routeNumber":70,"vehicleLoad":"unknown","bearing":180,"lastStopSeq":61,"inCongestion":false,"delay":16,"latitude":45.4905768},{"tripID":4419225,"serviceDate":1395730800000,"direction":1,"garage":"CENTER","type":"bus","lastLocID":2326,"messageCode":813,"time":1395754294826,"expires":1395754714000,"signMessageLong":"77  Broadway/Halsey to Montgomery Park","extraBlockID":null,"locationInScheduleDay":23473,"longitude":-122.4653089,"blockID":7704,"offRoute":false,"nextLocID":2407,"vehicleID":2614,"signMessage":"77 Montgomry Pk","extraTripID":null,"nextStopSeq":20,"routeNumber":77,"vehicleLoad":"unknown","bearing":270,"lastStopSeq":19,"inCongestion":false,"delay":-21,"latitude":45.533658},{"tripID":4411312,"serviceDate":1395730800000,"direction":0,"garage":"CENTER","type":"bus","lastLocID":7660,"messageCode":266,"time":1395754301339,"expires":1395754718000,"signMessageLong":"14  Hawthorne to 94th & Foster","extraBlockID":null,"locationInScheduleDay":23500,"longitude":-122.6112454,"blockID":1401,"offRoute":false,"nextLocID":7655,"vehicleID":2608,"signMessage":"14 To 94-Foster","extraTripID":null,"nextStopSeq":25,"routeNumber":14,"vehicleLoad":"unknown","bearing":178,"lastStopSeq":24,"inCongestion":false,"delay":2,"latitude":45.5060887},{"tripID":4419086,"serviceDate":1395730800000,"direction":0,"garage":"CENTER","type":"bus","lastLocID":2378,"messageCode":809,"time":1395754241063,"expires":1395754658000,"signMessageLong":"77  Broadway/Halsey to Troutdale","extraBlockID":null,"locationInScheduleDay":23524,"longitude":-122.5195451,"blockID":7703,"offRoute":false,"nextLocID":2380,"vehicleID":2630,"signMessage":"77 To Troutdale","extraTripID":null,"nextStopSeq":67,"routeNumber":77,"vehicleLoad":"unknown","bearing":88,"lastStopSeq":66,"inCongestion":false,"delay":86,"latitude":45.5336422},{"tripID":4417870,"serviceDate":1395730800000,"direction":0,"garage":"POWELL","type":"bus","lastLocID":13248,"messageCode":768,"time":1395754300908,"expires":1395754719000,"signMessageLong":"72  Killingsworth/82nd to Swan Island-Shipyards","extraBlockID":null,"locationInScheduleDay":23168,"longitude":-122.5687443,"blockID":7237,"offRoute":false,"nextLocID":12922,"vehicleID":3004,"signMessage":"72 Swan Island","extraTripID":null,"nextStopSeq":2,"routeNumber":72,"vehicleLoad":"unknown","bearing":261,"lastStopSeq":1,"inCongestion":false,"delay":-331,"latitude":45.43558},{"tripID":4418193,"serviceDate":1395730800000,"direction":1,"garage":"POWELL","type":"bus","lastLocID":7986,"messageCode":760,"time":1395754300928,"expires":1395754715000,"signMessageLong":"72  Killingsworth/82nd to Clackamas TC","extraBlockID":null,"locationInScheduleDay":23422,"longitude":-122.5788217,"blockID":7241,"offRoute":false,"nextLocID":8041,"vehicleID":3048,"signMessage":"72 Clackamas TC","extraTripID":null,"nextStopSeq":87,"routeNumber":72,"vehicleLoad":"unknown","bearing":179,"lastStopSeq":86,"inCongestion":false,"delay":-73,"latitude":45.490472},{"tripID":4417867,"serviceDate":1395730800000,"direction":0,"garage":"POWELL","type":"bus","lastLocID":3207,"messageCode":768,"time":1395754300963,"expires":1395754715000,"signMessageLong":"72  Killingsworth/82nd to Swan Island-Shipyards","extraBlockID":null,"locationInScheduleDay":23367,"longitude":-122.6075225,"blockID":7235,"offRoute":false,"nextLocID":3205,"vehicleID":3053,"signMessage":"72 Swan Island","extraTripID":null,"nextStopSeq":71,"routeNumber":72,"vehicleLoad":"unknown","bearing":269,"lastStopSeq":70,"inCongestion":false,"delay":-128,"latitude":45.5627588},{"tripID":4418194,"serviceDate":1395730800000,"direction":1,"garage":"POWELL","type":"bus","lastLocID":7966,"messageCode":760,"time":1395754300967,"expires":1395754720000,"signMessageLong":"72  Killingsworth/82nd to Clackamas TC","extraBlockID":null,"locationInScheduleDay":23410,"longitude":-122.5787843,"blockID":7234,"offRoute":false,"nextLocID":7992,"vehicleID":3054,"signMessage":"72 Clackamas TC","extraTripID":null,"nextStopSeq":58,"routeNumber":72,"vehicleLoad":"unknown","bearing":180,"lastStopSeq":57,"inCongestion":false,"delay":-90,"latitude":45.5474441},{"tripID":4419222,"serviceDate":1395730800000,"direction":1,"garage":"POWELL","type":"bus","lastLocID":2011,"messageCode":813,"time":1395754300995,"expires":1395754715000,"signMessageLong":"77  Broadway/Halsey to Montgomery Park","extraBlockID":null,"locationInScheduleDay":23261,"longitude":-122.6829699,"blockID":7734,"offRoute":false,"nextLocID":2030,"vehicleID":3046,"signMessage":"77 Montgomry Pk","extraTripID":null,"nextStopSeq":90,"routeNumber":77,"vehicleLoad":"unknown","bearing":268,"lastStopSeq":89,"inCongestion":false,"delay":-234,"latitude":45.5265109},{"tripID":4411560,"serviceDate":1395730800000,"direction":1,"garage":"POWELL","type":"bus","lastLocID":13734,"messageCode":268,"time":1395754254401,"expires":1395754671000,"signMessageLong":"14  Hawthorne to Portland","extraBlockID":null,"locationInScheduleDay":23543,"longitude":-122.6159288,"blockID":1434,"offRoute":false,"nextLocID":2632,"vehicleID":3027,"signMessage":"14 To Portland","extraTripID":null,"nextStopSeq":26,"routeNumber":14,"vehicleLoad":"unknown","bearing":270,"lastStopSeq":25,"inCongestion":false,"delay":92,"latitude":45.5120296},{"tripID":4418195,"serviceDate":1395730800000,"direction":1,"garage":"POWELL","type":"bus","lastLocID":48,"messageCode":760,"time":1395754294644,"expires":1395754712000,"signMessageLong":"72  Killingsworth/82nd to Clackamas TC","extraBlockID":null,"locationInScheduleDay":23194,"longitude":-122.6531689,"blockID":7243,"offRoute":false,"nextLocID":50,"vehicleID":3025,"signMessage":"72 Clackamas TC","extraTripID":null,"nextStopSeq":25,"routeNumber":72,"vehicleLoad":"unknown","bearing":90,"lastStopSeq":24,"inCongestion":false,"delay":-298,"latitude":45.5591037},{"tripID":4419085,"serviceDate":1395730800000,"direction":0,"garage":"CENTER","type":"bus","lastLocID":9472,"messageCode":809,"time":1395754294718,"expires":1395754712000,"signMessageLong":"77  Broadway/Halsey to Troutdale","extraBlockID":null,"locationInScheduleDay":23492,"longitude":-122.4005294,"blockID":7702,"offRoute":false,"nextLocID":9481,"vehicleID":2005,"signMessage":"77 To Troutdale","extraTripID":null,"nextStopSeq":102,"routeNumber":77,"vehicleLoad":"unknown","bearing":175,"lastStopSeq":101,"inCongestion":false,"delay":0,"latitude":45.5445561},{"tripID":4413877,"serviceDate":1395730800000,"direction":1,"garage":"CENTER","type":"bus","lastLocID":2573,"messageCode":464,"time":1395754301035,"expires":1395754715000,"signMessageLong":"31  To Portland via Milwaukie","extraBlockID":null,"locationInScheduleDay":23313,"longitude":-122.6356241,"blockID":1402,"offRoute":false,"nextLocID":2571,"vehicleID":2014,"signMessage":"31 To Portland","extraTripID":null,"nextStopSeq":22,"routeNumber":31,"vehicleLoad":"unknown","bearing":268,"lastStopSeq":21,"inCongestion":false,"delay":-182,"latitude":45.4464625}],"queryTime":1395754308770}}
