{"resultSet":{"vehicle":[{"tripID":4411566,"serviceDate":1395730800000,"direction":1,"garage":"POWELL","type":"bus","lastLocID":11956,"messageCode":267,"time":1395759380241,"expires":1395759796000,"signMessageLong":"14  Downtown Only","extraBlockID":null,"locationInScheduleDay":28615,"longitude":-122.6756,"blockID":1436,"offRoute":false,"nextLocID":13169,"vehicleID":2206,"signMessage":"14 Downtown Only","extraTripID":null,"nextStopSeq":44,"routeNumber":14,"vehicleLoad":"unknown","bearing":290,"lastStopSeq":43,"inCongestion":false,"delay":39,"latitude":45.5151999},{"tripID":4419089,"serviceDate":1395730800000,"direction":0,"garage":"POWELL","type":"bus","lastLocID":9472,"messageCode":809,"time":1395759395291,"expires":1395759811000,"signMessageLong":"77  Broadway/Halsey to Troutdale","extraBlockID":null,"locationInScheduleDay":28128,"longitude":-122.3993762,"blockID":7735,"offRoute":false,"nextLocID":9481,"vehicleID":2222,"signMessage":"77 To Troutdale","extraTripID":null,"nextStopSeq":102,"routeNumber":77,"vehicleLoad":"unknown","bearing":79,"lastStopSeq":101,"inCongestion":false,"delay":0,"latitude":45.5442656},{"tripID":4419092,"serviceDate":1395730800000,"direction":0,"garage":"POWELL","type":"bus","lastLocID":648,"messageCode":809,"time":1395759380258,"expires":1395759798000,"signMessageLong":"77  Broadway/Halsey to Troutdale","extraBlockID":null,"locationInScheduleDay":28526,"longitude":-122.6250222,"blockID":7736,"offRoute":false,"nextLocID":10870,"vehicleID":2221,"signMessage":"77 To Troutdale","extraTripID":null,"nextStopSeq":35,"routeNumber":77,"vehicleLoad":"unknown","bearing":180,"lastStopSeq":34,"inCongestion":false,"delay":-52,"latitude":45.5345206},{"tripID":4411318,"serviceDate":1395730800000,"direction":0,"garage":"POWELL","type":"bus","lastLocID":2641,"messageCode":266,"time":1395759395208,"expires":1395759813000,"signMessageLong":"14  Hawthorne to 94th & Foster","extraBlockID":null,"locationInScheduleDay":28678,"longitude":-122.6612728,"blockID":1438,"offRoute":false,"nextLocID":2594,"vehicleID":2220,"signMessage":"14 To 94-Foster","extraTripID":null,"nextStopSeq":4,"routeNumber":14,"vehicleLoad":"unknown","bearing":90,"lastStopSeq":3,"inCongestion":false,"delay":85,"latitude":45.5122446},{"tripID":4418202,"serviceDate":1395730800000,"direction":1,"garage":"POWELL","type":"bus","lastLocID":8043,"messageCode":760,"time":1395759380270,"expires":1395759798000,"signMessageLong":"72  Killingsworth/82nd to Clackamas TC","extraBlockID":null,"locationInScheduleDay":28578,"longitude":-122.5789929,"blockID":7248,"offRoute":false,"nextLocID":8000,"vehicleID":2215,"signMessage":"72 Clackamas TC","extraTripID":null,"nextStopSeq":65,"routeNumber":72,"vehicleLoad":"unknown","bearing":180,"lastStopSeq":64,"inCongestion":false,"delay":0,"latitude":45.5358328},{"tripID":4411575,"serviceDate":1395730800000,"direction":1,"garage":"POWELL","type":"bus","lastLocID":1829,"messageCode":null,"time":1395759390000,"expires":1395759810000,"signMessageLong":null,"extraBlockID":null,"locationInScheduleDay":null,"longitude":-122.570877,"blockID":1437,"offRoute":false,"nextLocID":1826,"vehicleID":2264,"signMessage":null,"extraTripID":null,"nextStopSeq":null,"routeNumber":14,"vehicleLoad":"unknown","bearing":null,"lastStopSeq":null,"inCongestion":false,"delay":1378,"latitude":45.480547},{"tripID":4418200,"serviceDate":1395730800000,"direction":1,"garage":"POWELL","type":"bus","lastLocID":7986,"messageCode":760,"time":1395759399852,"expires":1395759815000,"signMessageLong":"72  Killingsworth/82nd to Clackamas TC","extraBlockID":null,"locationInScheduleDay":28542,"longitude":-122.5788217,"blockID":7247,"offRoute":false,"nextLocID":8041,"vehicleID":2250,"signMessage":"72 Clackamas TC","extraTripID":null,"nextStopSeq":87,"routeNumber":72,"vehicleLoad":"unknown","bearing":179,"lastStopSeq":86,"inCongestion":false,"delay":-53,"latitude":45.490472},{"tripID":4417876,"serviceDate":1395730800000,"direction":0,"garage":"POWELL","type":"bus","lastLocID":7955,"messageCode":766,"time":1395759380316,"expires":1395759798000,"signMessageLong":"72  Killingsworth/82nd to Swan Island-Anchor St","extraBlockID":null,"locationInScheduleDay":28578,"longitude":-122.57906,"blockID":7250,"offRoute":false,"nextLocID":7972,"vehicleID":2242,"signMessage":"72 Swan Island","extraTripID":null,"nextStopSeq":44,"routeNumber":72,"vehicleLoad":"unknown","bearing":0,"lastStopSeq":43,"inCongestion":false,"delay":0,"latitude":45.5261494},{"tripID":4418198,"serviceDate":1395730800000,"direction":1,"garage":"POWELL","type":"bus","lastLocID":12921,"messageCode":760,"time":1395759395321,"expires":1395759811000,"signMessageLong":"72  Killingsworth/82nd to Clackamas TC","extraBlockID":null,"locationInScheduleDay":28557,"longitude":-122.5682645,"blockID":7246,"offRoute":false,"nextLocID":13247,"vehicleID":2296,"signMessage":"72 Clackamas TC","extraTripID":null,"nextStopSeq":111,"routeNumber":72,"vehicleLoad":"unknown","bearing":82,"lastStopSeq":110,"inCongestion":false,"delay":0,"latitude":45.4355895},{"tripID":4419093,"serviceDate":1395730800000,"direction":0,"garage":"POWELL","type":"bus","lastLocID":1612,"messageCode":809,"time":1395759395419,"expires":1395759813000,"signMessageLong":"77  Broadway/Halsey to Troutdale","extraBlockID":null,"locationInScheduleDay":28707,"longitude":-122.6670909,"blockID":7737,"offRoute":false,"nextLocID":11817,"vehicleID":2285,"signMessage":"77 To Troutdale","extraTripID":null,"nextStopSeq":19,"routeNumber":77,"vehicleLoad":"unknown","bearing":301,"lastStopSeq":18,"inCongestion":false,"delay":114,"latitude":45.5299986},{"tripID":4418205,"serviceDate":1395730800000,"direction":1,"garage":"POWELL","type":"bus","lastLocID":3171,"messageCode":760,"time":1395759385033,"expires":1395759801000,"signMessageLong":"72  Killingsworth/82nd to Clackamas TC","extraBlockID":null,"locationInScheduleDay":28710,"longitude":-122.6721341,"blockID":7252,"offRoute":false,"nextLocID":3156,"vehicleID":2283,"signMessage":"72 Clackamas TC","extraTripID":null,"nextStopSeq":16,"routeNumber":72,"vehicleLoad":"unknown","bearing":89,"lastStopSeq":15,"inCongestion":false,"delay":129,"latitude":45.5627013},{"tripID":4418204,"serviceDate":1395730800000,"direction":1,"garage":"POWELL","type":"bus","lastLocID":3190,"messageCode":760,"time":1395759380376,"expires":1395759797000,"signMessageLong":"72  Killingsworth/82nd to Clackamas TC","extraBlockID":null,"locationInScheduleDay":28629,"longitude":-122.6306996,"blockID":7244,"offRoute":false,"nextLocID":3191,"vehicleID":2276,"signMessage":"72 Clackamas TC","extraTripID":null,"nextStopSeq":36,"routeNumber":72,"vehicleLoad":"unknown","bearing":89,"lastStopSeq":35,"inCongestion":false,"delay":52,"latitude":45.5627236},{"tripID":4411567,"serviceDate":1395730800000,"direction":1,"garage":"POWELL","type":"bus","lastLocID":3637,"messageCode":268,"time":1395759356210,"expires":1395759773000,"signMessageLong":"14  Hawthorne to Portland","extraBlockID":null,"locationInScheduleDay":28532,"longitude":-122.6562922,"blockID":1439,"offRoute":false,"nextLocID":3641,"vehicleID":2275,"signMessage":"14 To Portland","extraTripID":null,"nextStopSeq":40,"routeNumber":14,"vehicleLoad":"unknown","bearing":270,"lastStopSeq":39,"inCongestion":false,"delay":-21,"latitude":45.5129138},{"tripID":4417318,"serviceDate":1395730800000,"direction":1,"garage":"CENTER","type":"bus","lastLocID":843,"messageCode":791,"time":1395759382972,"expires":1395759799000,"signMessageLong":"70  To Milwaukie","extraBlockID":null,"locationInScheduleDay":28598,"longitude":-122.6530407,"blockID":7005,"offRoute":false,"nextLocID":6707,"vehicleID":2132,"signMessage":"70 To Milwaukie","extraTripID":null,"nextStopSeq":72,"routeNumber":70,"vehicleLoad":"unknown","bearing":182,"lastStopSeq":71,"inCongestion":false,"delay":19,"latitude":45.4716461},{"tripID":4417166,"serviceDate":1395730800000,"direction":0,"garage":"CENTER","type":"bus","lastLocID":13040,"messageCode":783,"time":1395759380139,"expires":1395759796000,"signMessageLong":"70  33rd Ave to NE Sunderland","extraBlockID":null,"locationInScheduleDay":27900,"longitude":-122.6357648,"blockID":7006,"offRoute":false,"nextLocID":9368,"vehicleID":2150,"signMessage":"70 To Sunderlnd","extraTripID":null,"nextStopSeq":80,"routeNumber":70,"vehicleLoad":"unknown","bearing":180,"lastStopSeq":79,"inCongestion":false,"delay":0,"latitude":45.5898735},{"tripID":4417170,"serviceDate":1395730800000,"direction":0,"garage":"CENTER","type":"bus","lastLocID":6871,"messageCode":781,"time":1395759380189,"expires":1395759797000,"signMessageLong":"70  12th/NE 33rd Ave to NE Sunderland via 17th & Tacoma","extraBlockID":null,"locationInScheduleDay":28364,"longitude":-122.6458796,"blockID":7008,"offRoute":false,"nextLocID":6901,"vehicleID":2506,"signMessage":"70 To Sunderland via 17th","extraTripID":null,"nextStopSeq":4,"routeNumber":70,"vehicleLoad":"unknown","bearing":345,"lastStopSeq":3,"inCongestion":false,"delay":-213,"latitude":45.4525403},{"tripID":4417321,"serviceDate":1395730800000,"direction":1,"garage":"CENTER","type":"bus","lastLocID":7363,"messageCode":788,"time":1395759404003,"expires":1395759821000,"signMessageLong":"70  12th/NE 33rd Ave to Milwaukie","extraBlockID":null,"locationInScheduleDay":28457,"longitude":-122.6306989,"blockID":7002,"offRoute":false,"nextLocID":7391,"vehicleID":2524,"signMessage":"70 To Milwaukie","extraTripID":null,"nextStopSeq":21,"routeNumber":70,"vehicleLoad":"unknown","bearing":180,"lastStopSeq":20,"inCongestion":false,"delay":-144,"latitude":45.5563095},{"tripID":4419230,"serviceDate":1395730800000,"direction":1,"garage":"CENTER","type":"bus","lastLocID":2390,"messageCode":813,"time":1395759371203,"expires":1395759788000,"signMessageLong":"77  Broadway/Halsey to Montgomery Park","extraBlockID":null,"locationInScheduleDay":28637,"longitude":-122.5067302,"blockID":7701,"offRoute":false,"nextLocID":2386,"vehicleID":2512,"signMessage":"77 Montgomry Pk","extraTripID":null,"nextStopSeq":30,"routeNumber":77,"vehicleLoad":"unknown","bearing":270,"lastStopSeq":29,"inCongestion":false,"delay":69,"latitude":45.5336697},{"tripID":4417872,"serviceDate":1395730800000,"direction":0,"garage":"POWELL","type":"bus","lastLocID":3159,"messageCode":768,"time":1395759395187,"expires":1395759811000,"signMessageLong":"72  Killingsworth/82nd to Swan Island-Shipyards","extraBlockID":null,"locationInScheduleDay":28533,"longitude":-122.6850966,"blockID":7239,"offRoute":false,"nextLocID":3163,"vehicleID":2540,"signMessage":"72 Swan Island","extraTripID":null,"nextStopSeq":101,"routeNumber":72,"vehicleLoad":"unknown","bearing":271,"lastStopSeq":100,"inCongestion":false,"delay":-58,"latitude":45.562682},{"tripID":4418199,"serviceDate":1395730800000,"direction":1,"garage":"POWELL","type":"bus","lastLocID":7996,"messageCode":760,"time":1395759395198,"expires":1395759814000,"signMessageLong":"72  Killingsworth/82nd to Clackamas TC","extraBlockID":null,"locationInScheduleDay":28515,"longitude":-122.5791085,"blockID":7240,"offRoute":false,"nextLocID":7988,"vehicleID":2533,"signMessage":"72 Clackamas TC","extraTripID":null,"nextStopSeq":103,"routeNumber":72,"vehicleLoad":"unknown","bearing":180,"lastStopSeq":102,"inCongestion":false,"delay":-79,"latitude":45.457245},{"tripID":4417874,"serviceDate":1395730800000,"direction":0,"garage":"POWELL","type":"bus","lastLocID":3207,"messageCode":768,"time":1395759401403,"expires":1395759818000,"signMessageLong":"72  Killingsworth/82nd to Swan Island-Shipyards","extraBlockID":null,"locationInScheduleDay":28552,"longitude":-122.6070468,"blockID":7249,"offRoute":false,"nextLocID":3205,"vehicleID":2558,"signMessage":"72 Swan Island","extraTripID":null,"nextStopSeq":71,"routeNumber":72,"vehicleLoad":"unknown","bearing":270,"lastStopSeq":70,"inCongestion":false,"delay":-46,"latitude":45.5627579},{"tripID":4417880,"serviceDate":1395730800000,"direction":0,"garage":"POWELL","type":"bus","lastLocID":12922,"messageCode":766,"time":1395759400322,"expires":1395759817000,"signMessageLong":"72  Killingsworth/82nd to Swan Island-Anchor St","extraBlockID":null,"locationInScheduleDay":28620,"longitude":-122.5740057,"blockID":7236,"offRoute":false,"nextLocID":7941,"vehicleID":2552,"signMessage":"72 Swan Island","extraTripID":null,"nextStopSeq":3,"routeNumber":72,"vehicleLoad":"unknown","bearing":271,"lastStopSeq":2,"inCongestion":false,"delay":23,"latitude":45.4374107},{"tripID":4418203,"serviceDate":1395730800000,"direction":1,"garage":"POWELL","type":"bus","lastLocID":3185,"messageCode":760,"time":1395759395491,"expires":1395759811000,"signMessageLong":"72  Killingsworth/82nd to Clackamas TC","extraBlockID":null,"locationInScheduleDay":28621,"longitude":-122.5785427,"blockID":7242,"offRoute":false,"nextLocID":8889,"vehicleID":2548,"signMessage":"72 Clackamas TC","extraTripID":null,"nextStopSeq":52,"routeNumber":72,"vehicleLoad":"unknown","bearing":181,"lastStopSeq":51,"inCongestion":false,"delay":30,"latitude":45.5601503},{"tripID":4411569,"serviceDate":1395730800000,"direction":1,"garage":"POWELL","type":"bus","lastLocID":12917,"messageCode":268,"time":1395759380414,"expires":1395759798000,"signMessageLong":"14  Hawthorne to Portland","extraBlockID":null,"locationInScheduleDay":28683,"longitude":-122.6114669,"blockID":1440,"offRoute":false,"nextLocID":7658,"vehicleID":2308,"signMessage":"14 To Portland","extraTripID":null,"nextStopSeq":24,"routeNumber":14,"vehicleLoad":"unknown","bearing":356,"lastStopSeq":23,"inCongestion":false,"delay":105,"latitude":45.5103874},{"tripID":4417879,"serviceDate":1395730800000,"direction":0,"garage":"POWELL","type":"bus","lastLocID":7982,"messageCode":766,"time":1395759407085,"expires":1395759825000,"signMessageLong":"72  Killingsworth/82nd to Swan Island-Anchor St","extraBlockID":null,"locationInScheduleDay":28624,"longitude":-122.5790841,"blockID":7253,"offRoute":false,"nextLocID":7970,"vehicleID":2318,"signMessage":"72 Swan Island","extraTripID":null,"nextStopSeq":17,"routeNumber":72,"vehicleLoad":"unknown","bearing":359,"lastStopSeq":16,"inCongestion":false,"delay":19,"latitude":45.4720975},{"tripID":4411572,"serviceDate":1395730800000,"direction":1,"garage":"POWELL","type":"bus","lastLocID":1831,"messageCode":268,"time":1395759395467,"expires":1395759811000,"signMessageLong":"14  Hawthorne to Portland","extraBlockID":null,"locationInScheduleDay":28500,"longitude":-122.5662917,"blockID":1435,"offRoute":false,"nextLocID":13236,"vehicleID":2316,"signMessage":"14 To Portland","extraTripID":null,"nextStopSeq":2,"routeNumber":14,"vehicleLoad":"unknown","bearing":291,"lastStopSeq":1,"inCongestion":false,"delay":-91,"latitude":45.4791765},{"tripID":4411573,"serviceDate":1395730800000,"direction":1,"garage":"CENTER","type":"bus","lastLocID":1831,"messageCode":268,"time":1395759380224,"expires":1395759797000,"signMessageLong":"14  Hawthorne to Portland","extraBlockID":null,"locationInScheduleDay":28577,"longitude":-122.5662917,"blockID":1403,"offRoute":false,"nextLocID":13236,"vehicleID":2725,"signMessage":"14 To Portland","extraTripID":null,"nextStopSeq":2,"routeNumber":14,"vehicleLoad":"unknown","bearing":291,"lastStopSeq":1,"inCongestion":false,"delay":0,"latitude":45.4791765},{"tripID":4419231,"serviceDate":1395730800000,"direction":1,"garage":"CENTER","type":"bus","lastLocID":9481,"messageCode":813,"time":1395759392086,"expires":1395759810000,"signMessageLong":"77  Broadway/Halsey to Montgomery Park","extraBlockID":null,"locationInScheduleDay":28380,"longitude":-122.3982117,"blockID":7705,"offRoute":false,"nextLocID":9471,"vehicleID":2720,"signMessage":"77 Montgomry Pk","extraTripID":null,"nextStopSeq":2,"routeNumber":77,"vehicleLoad":"unknown","bearing":85,"lastStopSeq":1,"inCongestion":false,"delay":-210,"latitude":45.5443612},{"tripID":4413881,"serviceDate":1395730800000,"direction":1,"garage":"CENTER","type":"bus","lastLocID":11956,"messageCode":467,"time":1395759386283,"expires":1395759804000,"signMessageLong":"31  Downtown Only","extraBlockID":null,"locationInScheduleDay":28685,"longitude":-122.6771188,"blockID":3101,"offRoute":false,"nextLocID":7800,"vehicleID":2714,"signMessage":"31 Downtown Only","extraTripID":null,"nextStopSeq":39,"routeNumber":31,"vehicleLoad":"unknown","bearing":291,"lastStopSeq":38,"inCongestion":false,"delay":101,"latitude":45.5156268},{"tripID":4417320,"serviceDate":1395730800000,"direction":1,"garage":"CENTER","type":"bus","lastLocID":4044,"messageCode":790,"time":1395759398113,"expires":1395759816000,"signMessageLong":"70  12th Ave to Milwaukie via 13th & Tacoma","extraBlockID":null,"locationInScheduleDay":28665,"longitude":-122.6562111,"blockID":7007,"offRoute":false,"nextLocID":8937,"vehicleID":2709,"signMessage":"70 To Milw via 13","extraTripID":null,"nextStopSeq":44,"routeNumber":70,"vehicleLoad":"unknown","bearing":269,"lastStopSeq":43,"inCongestion":false,"delay":69,"latitude":45.5314923},{"tripID":4417168,"serviceDate":1395730800000,"direction":0,"garage":"CENTER","type":"bus","lastLocID":4047,"messageCode":783,"time":1395759345162,"expires":1395759762000,"signMessageLong":"70  33rd Ave to NE Sunderland","extraBlockID":null,"locationInScheduleDay":28512,"longitude":-122.6520688,"blockID":7001,"offRoute":false,"nextLocID":4048,"vehicleID":2704,"signMessage":"70 To Sunderlnd","extraTripID":null,"nextStopSeq":36,"routeNumber":70,"vehicleLoad":"unknown","bearing":90,"lastStopSeq":35,"inCongestion":false,"delay":-30,"latitude":45.5314866},{"tripID":4417171,"serviceDate":1395730800000,"direction":0,"garage":"CENTER","type":"bus","lastLocID":13477,"messageCode":782,"time":1395759400978,"expires":1395759818000,"signMessageLong":"70  12th/NE 33rd Ave to NE Sunderland via 13th & Tacoma","extraBlockID":null,"locationInScheduleDay":28598,"longitude":-122.6407309,"blockID":7003,"offRoute":false,"nextLocID":8225,"vehicleID":2705,"signMessage":"70 To Sunderland via 13th","extraTripID":null,"nextStopSeq":2,"routeNumber":70,"vehicleLoad":"unknown","bearing":81,"lastStopSeq":1,"inCongestion":false,"delay":0,"latitude":45.4448667},{"tripID":4417167,"serviceDate":1395730800000,"direction":0,"garage":"CENTER","type":"bus","lastLocID":8883,"messageCode":783,"time":1395759386239,"expires":1395759804000,"signMessageLong":"70  33rd Ave to NE Sunderland","extraBlockID":null,"locationInScheduleDay":28681,"longitude":-122.6415283,"blockID":7004,"offRoute":false,"nextLocID":8854,"vehicleID":2701,"signMessage":"70 To Sunderlnd","extraTripID":null,"nextStopSeq":74,"routeNumber":70,"vehicleLoad":"unknown","bearing":116,"lastStopSeq":73,"inCongestion":false,"delay":97,"latitude":45.5815128},{"tripID":4419094,"serviceDate":1395730800000,"direction":0,"garage":"CENTER","type":"bus","lastLocID":8385,"messageCode":809,"time":1395759295233,"expires":1395759710000,"signMessageLong":"77  Broadway/Halsey to Troutdale","extraBlockID":null,"locationInScheduleDay":28469,"longitude":-122.702514,"blockID":7704,"offRoute":false,"nextLocID":6013,"vehicleID":2614,"signMessage":"77 To Troutdale","extraTripID":null,"nextStopSeq":3,"routeNumber":77,"vehicleLoad":"unknown","bearing":88,"lastStopSeq":2,"inCongestion":false,"delay":-21,"latitude":45.5368662},{"tripID":4411317,"serviceDate":1395730800000,"direction":0,"garage":"CENTER","type":"bus","lastLocID":2625,"messageCode":266,"time":1395759385051,"expires":1395759799000,"signMessageLong":"14  Hawthorne to 94th & Foster","extraBlockID":null,"locationInScheduleDay":28620,"longitude":-122.6230796,"blockID":1401,"offRoute":false,"nextLocID":2628,"vehicleID":2608,"signMessage":"14 To 94-Foster","extraTripID":null,"nextStopSeq":19,"routeNumber":14,"vehicleLoad":"unknown","bearing":90,"lastStopSeq":18,"inCongestion":false,"delay":41,"latitude":45.5120448},{"tripID":4417169,"serviceDate":1395730800000,"direction":0,"garage":"CENTER","type":"bus","lastLocID":4539,"messageCode":780,"time":1395759380364,"expires":1395759796000,"signMessageLong":"70  12th/NE 33rd Ave to NE Sunderland","extraBlockID":null,"locationInScheduleDay":28677,"longitude":-122.6537371,"blockID":7010,"offRoute":false,"nextLocID":6578,"vehicleID":2623,"signMessage":"70 To Sunderlnd","extraTripID":null,"nextStopSeq":27,"routeNumber":70,"vehicleLoad":"unknown","bearing":0,"lastStopSeq":26,"inCongestion":false,"delay":101,"latitude":45.5041684},{"tripID":4419229,"serviceDate":1395730800000,"direction":1,"garage":"CENTER","type":"bus","lastLocID":7916,"messageCode":813,"time":1395759384854,"expires":1395759799000,"signMessageLong":"77  Broadway/Halsey to Montgomery Park","extraBlockID":null,"locationInScheduleDay":28369,"longitude":-122.5800154,"blockID":7707,"offRoute":false,"nextLocID":2455,"vehicleID":2653,"signMessage":"77 Montgomry Pk","extraTripID":null,"nextStopSeq":54,"routeNumber":77,"vehicleLoad":"unknown","bearing":0,"lastStopSeq":53,"inCongestion":false,"delay":-210,"latitude":45.5330579},{"tripID":4417319,"serviceDate":1395730800000,"direction":1,"garage":"CENTER","type":"bus","lastLocID":6545,"messageCode":789,"time":1395759384949,"expires":1395759799000,"signMessageLong":"70  12th Ave to Milwaukie via 17th & Tacoma","extraBlockID":null,"locationInScheduleDay":28693,"longitude":-122.6547486,"blockID":7009,"offRoute":false,"nextLocID":6544,"vehicleID":2626,"signMessage":"70 To Milw via 17","extraTripID":null,"nextStopSeq":56,"routeNumber":70,"vehicleLoad":"unknown","bearing":180,"lastStopSeq":55,"inCongestion":false,"delay":114,"latitude":45.5049482},{"tripID":4419228,"serviceDate":1395730800000,"direction":1,"garage":"CENTER","type":"bus","lastLocID":7484,"messageCode":813,"time":1395759386444,"expires":1395759803000,"signMessageLong":"77  Broadway/Halsey to Montgomery Park","extraBlockID":null,"locationInScheduleDay":28353,"longitude":-122.6228772,"blockID":7703,"offRoute":false,"nextLocID":649,"vehicleID":2630,"signMessage":"77 Montgomry Pk","extraTripID":null,"nextStopSeq":70,"routeNumber":77,"vehicleLoad":"unknown","bearing":2,"lastStopSeq":69,"inCongestion":false,"delay":-230,"latitude":45.5348768},{"tripID":4419090,"serviceDate":1395730800000,"direction":0,"garage":"CENTER","type":"bus","lastLocID":2436,"messageCode":809,"time":1395759395372,"expires":1395759811000,"signMessageLong":"77  Broadway/Halsey to Troutdale","extraBlockID":null,"locationInScheduleDay":28490,"longitude":-122.4344158,"blockID":7706,"offRoute":false,"nextLocID":2341,"vehicleID":2632,"signMessage":"77 To Troutdale","extraTripID":null,"nextStopSeq":89,"routeNumber":77,"vehicleLoad":"unknown","bearing":65,"lastStopSeq":88,"inCongestion":false,"delay":-101,"latitude":45.5348801},{"tripID":4417870,"serviceDate":1395730800000,"direction":0,"garage":"POWELL","type":"bus","lastLocID":1042,"messageCode":768,"time":1395759400920,"expires":1395759819000,"signMessageLong":"72  Killingsworth/82nd to Swan Island-Shipyards","extraBlockID":null,"locationInScheduleDay":27719,"longitude":-122.7040459,"blockID":7237,"offRoute":false,"nextLocID":1041,"vehicleID":3004,"signMessage":"72 Swan Island","extraTripID":null,"nextStopSeq":117,"routeNumber":72,"vehicleLoad":"unknown","bearing":94,"lastStopSeq":116,"inCongestion":false,"delay":0,"latitude":45.5566778},{"tripID":4413882,"serviceDate":1395730800000,"direction":1,"garage":"POWELL","type":"bus","lastLocID":2574,"messageCode":464,"time":1395759398049,"expires":1395759817000,"signMessageLong":"31  To Portland via Milwaukie","extraBlockID":null,"locationInScheduleDay":28542,"longitude":-122.6324269,"blockID":3136,"offRoute":false,"nextLocID":2573,"vehicleID":3007,"signMessage":"31 To Portland","extraTripID":null,"nextStopSeq":20,"routeNumber":31,"vehicleLoad":"unknown","bearing":267,"lastStopSeq":19,"inCongestion":false,"delay":-55,"latitude":45.4465291},{"tripID":4417878,"serviceDate":1395730800000,"direction":0,"garage":"POWELL","type":"bus","lastLocID":7936,"messageCode":766,"time":1395759380127,"expires":1395759797000,"signMessageLong":"72  Killingsworth/82nd to Swan Island-Anchor St","extraBlockID":null,"locationInScheduleDay":28863,"longitude":-122.5790768,"blockID":7251,"offRoute":false,"nextLocID":7955,"vehicleID":3003,"signMessage":"72 Swan Island","extraTripID":null,"nextStopSeq":43,"routeNumber":72,"vehicleLoad":"unknown","bearing":0,"lastStopSeq":42,"inCongestion":false,"delay":286,"latitude":45.5226576},{"tripID":4417873,"serviceDate":1395730800000,"direction":0,"garage":"POWELL","type":"bus","lastLocID":3187,"messageCode":766,"time":1395759389002,"expires":1395759806000,"signMessageLong":"72  Killingsworth/82nd to Swan Island-Anchor St","extraBlockID":null,"locationInScheduleDay":28908,"longitude":-122.6678876,"blockID":7241,"offRoute":false,"nextLocID":3184,"vehicleID":3048,"signMessage":"72 Swan Island","extraTripID":null,"nextStopSeq":95,"routeNumber":72,"vehicleLoad":"unknown","bearing":269,"lastStopSeq":94,"inCongestion":false,"delay":322,"latitude":45.5627167},{"tripID":4418201,"serviceDate":1395730800000,"direction":1,"garage":"POWELL","type":"bus","lastLocID":8004,"messageCode":760,"time":1395759383041,"expires":1395759799000,"signMessageLong":"72  Killingsworth/82nd to Clackamas TC","extraBlockID":null,"locationInScheduleDay":28562,"longitude":-122.5787739,"blockID":7235,"offRoute":false,"nextLocID":7980,"vehicleID":3053,"signMessage":"72 Clackamas TC","extraTripID":null,"nextStopSeq":76,"routeNumber":72,"vehicleLoad":"unknown","bearing":177,"lastStopSeq":75,"inCongestion":false,"delay":-17,"latitude":45.5133935},{"tripID":4418207,"serviceDate":1395730800000,"direction":1,"garage":"POWELL","type":"bus","lastLocID":115,"messageCode":760,"time":1395759395158,"expires":1395759814000,"signMessageLong":"72  Killingsworth/82nd to Clackamas TC","extraBlockID":null,"locationInScheduleDay":28594,"longitude":-122.703865,"blockID":7245,"offRoute":false,"nextLocID":8681,"vehicleID":3052,"signMessage":"72 Clackamas TC","extraTripID":null,"nextStopSeq":2,"routeNumber":72,"vehicleLoad":"unknown","bearing":159,"lastStopSeq":1,"inCongestion":false,"delay":0,"latitude":45.5567629},{"tripID":4417875,"serviceDate":1395730800000,"direction":0,"garage":"POWELL","type":"bus","lastLocID":7991,"messageCode":766,"time":1395759386249,"expires":1395759803000,"signMessageLong":"72  Killingsworth/82nd to Swan Island-Anchor St","extraBlockID":null,"locationInScheduleDay":28615,"longitude":-122.5787759,"blockID":7234,"offRoute":false,"nextLocID":7967,"vehicleID":3054,"signMessage":"72 Swan Island","extraTripID":null,"nextStopSeq":56,"routeNumber":72,"vehicleLoad":"unknown","bearing":0,"lastStopSeq":55,"inCongestion":false,"delay":32,"latitude":45.5478201},{"tripID":4419091,"serviceDate":1395730800000,"direction":0,"garage":"POWELL","type":"bus","lastLocID":7999,"messageCode":809,"time":1395759380209,"expires":1395759798000,"signMessageLong":"77  Broadway/Halsey to Troutdale","extraBlockID":null,"locationInScheduleDay":28297,"longitude":-122.5762683,"blockID":7734,"offRoute":false,"nextLocID":2456,"vehicleID":3046,"signMessage":"77 To Troutdale","extraTripID":null,"nextStopSeq":53,"routeNumber":77,"vehicleLoad":"unknown","bearing":90,"lastStopSeq":52,"inCongestion":false,"delay":-281,"latitude":45.5335344},{"tripID":4419226,"serviceDate":1395730800000,"direction":1,"garage":"POWELL","type":"bus","lastLocID":8483,"messageCode":813,"time":1395759386239,"expires":1395759803000,"signMessageLong":"77  Broadway/Halsey to Montgomery Park","extraBlockID":null,"locationInScheduleDay":28360,"longitude":-122.7069345,"blockID":7738,"offRoute":false,"nextLocID":8484,"vehicleID":3035,"signMessage":"77 Montgomry Pk","extraTripID":null,"nextStopSeq":109,"routeNumber":77,"vehicleLoad":"unknown","bearing":178,"lastStopSeq":108,"inCongestion":false,"delay":0,"latitude":45.5377966},{"tripID":4411570,"serviceDate":1395730800000,"direction":1,"garage":"POWELL","type":"bus","lastLocID":7656,"messageCode":268,"time":1395759398072,"expires":1395759817000,"signMessageLong":"14  Hawthorne to Portland","extraBlockID":null,"locationInScheduleDay":28680,"longitude":-122.6113718,"blockID":1434,"offRoute":false,"nextLocID":7665,"vehicleID":3027,"signMessage":"14 To Portland","extraTripID":null,"nextStopSeq":19,"routeNumber":14,"vehicleLoad":"unknown","bearing":0,"lastStopSeq":18,"inCongestion":false,"delay":83,"latitude":45.4980094},{"tripID":4417877,"serviceDate":1395730800000,"direction":0,"garage":"POWELL","type":"bus","lastLocID":8023,"messageCode":766,"time":1395759398076,"expires":1395759816000,"signMessageLong":"72  Killingsworth/82nd to Swan Island-Anchor St","extraBlockID":null,"locationInScheduleDay":28680,"longitude":-122.578735,"blockID":7243,"offRoute":false,"nextLocID":8052,"vehicleID":3025,"signMessage":"72 Swan Island","extraTripID":null,"nextStopSeq":30,"routeNumber":72,"vehicleLoad":"unknown","bearing":0,"lastStopSeq":29,"inCongestion":false,"delay":84,"latitude":45.4978227},{"tripID":4419227,"serviceDate":1395730800000,"direction":1,"garage":"CENTER","type":"bus","lastLocID":2086,"messageCode":813,"time":1395759389017,"expires":1395759806000,"signMessageLong":"77  Broadway/Halsey to Montgomery Park","extraBlockID":null,"locationInScheduleDay":28554,"longitude":-122.6905395,"blockID":7702,"offRoute":false,"nextLocID":2099,"vehicleID":2005,"signMessage":"77 Montgomry Pk","extraTripID":null,"nextStopSeq":94,"routeNumber":77,"vehicleLoad":"unknown","bearing":268,"lastStopSeq":93,"inCongestion":false,"delay":-32,"latitude":45.5263728},{"tripID":4411568,"serviceDate":1395730800000,"direction":1,"garage":"CENTER","type":"bus","lastLocID":2616,"messageCode":268,"time":1395759398190,"expires":1395759817000,"signMessageLong":"14  Hawthorne to Portland","extraBlockID":null,"locationInScheduleDay":28621,"longitude":-122.6375847,"blockID":1402,"offRoute":false,"nextLocID":2613,"vehicleID":2014,"signMessage":"14 To Portland","extraTripID":null,"nextStopSeq":33,"routeNumber":14,"vehicleLoad":"unknown","bearing":271,"lastStopSeq":32,"inCongestion":false,"delay":24,"latitude":45.5120778}],"queryTime":1395759408970}}
