{"resultSet":{"vehicle":[{"tripID":4411559,"serviceDate":1395730800000,"direction":1,"garage":"POWELL","type":"bus","lastLocID":2616,"messageCode":268,"time":1395753559964,"expires":1395753978000,"signMessageLong":"14  Hawthorne to Portland","extraBlockID":null,"locationInScheduleDay":22790,"longitude":-122.634612,"blockID":1436,"offRoute":false,"nextLocID":2613,"vehicleID":2206,"signMessage":"14 To Portland","extraTripID":null,"nextStopSeq":33,"routeNumber":14,"vehicleLoad":"unknown","bearing":270,"lastStopSeq":32,"inCongestion":false,"delay":32,"latitude":45.5120674},{"tripID":4419089,"serviceDate":1395730800000,"direction":0,"garage":"POWELL","type":"bus","lastLocID":8484,"messageCode":809,"time":1395753578109,"expires":1395753996000,"signMessageLong":"77  Broadway/Halsey to Troutdale","extraBlockID":null,"locationInScheduleDay":22776,"longitude":-122.7069049,"blockID":7735,"offRoute":false,"nextLocID":8385,"vehicleID":2222,"signMessage":"77 To Troutdale","extraTripID":null,"nextStopSeq":2,"routeNumber":77,"vehicleLoad":"unknown","bearing":178,"lastStopSeq":1,"inCongestion":false,"delay":0,"latitude":45.5370429},{"tripID":4419223,"serviceDate":1395730800000,"direction":1,"garage":"POWELL","type":"bus","lastLocID":2343,"messageCode":813,"time":1395753580718,"expires":1395753998000,"signMessageLong":"77  Broadway/Halsey to Montgomery Park","extraBlockID":null,"locationInScheduleDay":22471,"longitude":-122.5621726,"blockID":7736,"offRoute":false,"nextLocID":2334,"vehicleID":2221,"signMessage":"77 Montgomry Pk","extraTripID":null,"nextStopSeq":49,"routeNumber":77,"vehicleLoad":"unknown","bearing":288,"lastStopSeq":48,"inCongestion":false,"delay":-307,"latitude":45.5337318},{"tripID":4413875,"serviceDate":1395730800000,"direction":1,"garage":"POWELL","type":"bus","lastLocID":7800,"messageCode":467,"time":1395753565909,"expires":1395753981000,"signMessageLong":"31  Downtown Only","extraBlockID":null,"locationInScheduleDay":22886,"longitude":-122.6794311,"blockID":3137,"offRoute":false,"nextLocID":7797,"vehicleID":2258,"signMessage":"31 Downtown Only","extraTripID":null,"nextStopSeq":40,"routeNumber":31,"vehicleLoad":"unknown","bearing":20,"lastStopSeq":39,"inCongestion":false,"delay":125,"latitude":45.5176351},{"tripID":4419224,"serviceDate":1395730800000,"direction":1,"garage":"POWELL","type":"bus","lastLocID":2349,"messageCode":813,"time":1395753560056,"expires":1395753977000,"signMessageLong":"77  Broadway/Halsey to Montgomery Park","extraBlockID":null,"locationInScheduleDay":22722,"longitude":-122.483633,"blockID":7737,"offRoute":false,"nextLocID":2399,"vehicleID":2285,"signMessage":"77 Montgomry Pk","extraTripID":null,"nextStopSeq":24,"routeNumber":77,"vehicleLoad":"unknown","bearing":270,"lastStopSeq":23,"inCongestion":false,"delay":-35,"latitude":45.5346998},{"tripID":4417869,"serviceDate":1395730800000,"direction":0,"garage":"POWELL","type":"bus","lastLocID":7941,"messageCode":766,"time":1395753578164,"expires":1395753996000,"signMessageLong":"72  Killingsworth/82nd to Swan Island-Anchor St","extraBlockID":null,"locationInScheduleDay":22744,"longitude":-122.5789272,"blockID":7244,"offRoute":false,"nextLocID":7920,"vehicleID":2276,"signMessage":"72 Swan Island","extraTripID":null,"nextStopSeq":4,"routeNumber":72,"vehicleLoad":"unknown","bearing":0,"lastStopSeq":3,"inCongestion":false,"delay":-32,"latitude":45.4426381},{"tripID":4417163,"serviceDate":1395730800000,"direction":0,"garage":"CENTER","type":"bus","lastLocID":6582,"messageCode":780,"time":1395753565689,"expires":1395753984000,"signMessageLong":"70  12th/NE 33rd Ave to NE Sunderland","extraBlockID":null,"locationInScheduleDay":22877,"longitude":-122.6535932,"blockID":7005,"offRoute":false,"nextLocID":8513,"vehicleID":2132,"signMessage":"70 To Sunderlnd","extraTripID":null,"nextStopSeq":36,"routeNumber":70,"vehicleLoad":"unknown","bearing":0,"lastStopSeq":35,"inCongestion":false,"delay":113,"latitude":45.5288437},{"tripID":4413797,"serviceDate":1395730800000,"direction":0,"garage":"CENTER","type":"bus","lastLocID":3224,"messageCode":457,"time":1395753565683,"expires":1395753982000,"signMessageLong":"31  Clackamas Town Center, continuing to Estacada","extraBlockID":null,"locationInScheduleDay":22799,"longitude":-122.5894938,"blockID":3003,"offRoute":false,"nextLocID":3251,"vehicleID":2119,"signMessage":"31 To Estacada via Clackamas","extraTripID":null,"nextStopSeq":18,"routeNumber":31,"vehicleLoad":"unknown","bearing":90,"lastStopSeq":17,"inCongestion":false,"delay":37,"latitude":45.4470645},{"tripID":4417313,"serviceDate":1395730800000,"direction":1,"garage":"CENTER","type":"bus","lastLocID":6894,"messageCode":738,"time":1395753586810,"expires":1395754006000,"signMessageLong":"70  12th Ave to Milwaukie via 13th & Tacoma","extraBlockID":null,"locationInScheduleDay":22607,"longitude":-122.6483729,"blockID":7006,"offRoute":false,"nextLocID":6846,"vehicleID":2150,"signMessage":"70 To Milwaukie","extraTripID":null,"nextStopSeq":21,"routeNumber":70,"vehicleLoad":"unknown","bearing":179,"lastStopSeq":20,"inCongestion":false,"delay":-179,"latitude":45.4866545},{"tripID":4417865,"serviceDate":1395730800000,"direction":0,"garage":"POWELL","type":"bus","lastLocID":2202,"messageCode":768,"time":1395753574803,"expires":1395753994000,"signMessageLong":"72  Killingsworth/82nd to Swan Island-Shipyards","extraBlockID":null,"locationInScheduleDay":22537,"longitude":-122.6934043,"blockID":7238,"offRoute":false,"nextLocID":2161,"vehicleID":2527,"signMessage":"72 Swan Island","extraTripID":null,"nextStopSeq":107,"routeNumber":72,"vehicleLoad":"unknown","bearing":172,"lastStopSeq":106,"inCongestion":false,"delay":-237,"latitude":45.5576381},{"tripID":4417165,"serviceDate":1395730800000,"direction":0,"garage":"CENTER","type":"bus","lastLocID":13477,"messageCode":782,"time":1395753580718,"expires":1395753998000,"signMessageLong":"70  12th/NE 33rd Ave to NE Sunderland via 13th & Tacoma","extraBlockID":null,"locationInScheduleDay":22778,"longitude":-122.6407309,"blockID":7002,"offRoute":false,"nextLocID":8225,"vehicleID":2524,"signMessage":"70 To Sunderland via 13th","extraTripID":null,"nextStopSeq":2,"routeNumber":70,"vehicleLoad":"unknown","bearing":81,"lastStopSeq":1,"inCongestion":false,"delay":0,"latitude":45.4448667},{"tripID":4419087,"serviceDate":1395730800000,"direction":0,"garage":"CENTER","type":"bus","lastLocID":4042,"messageCode":809,"time":1395753574802,"expires":1395753992000,"signMessageLong":"77  Broadway/Halsey to Troutdale","extraBlockID":null,"locationInScheduleDay":22846,"longitude":-122.6570777,"blockID":7701,"offRoute":false,"nextLocID":10866,"vehicleID":2512,"signMessage":"77 To Troutdale","extraTripID":null,"nextStopSeq":22,"routeNumber":77,"vehicleLoad":"unknown","bearing":90,"lastStopSeq":21,"inCongestion":false,"delay":74,"latitude":45.5314981},{"tripID":4418192,"serviceDate":1395730800000,"direction":1,"garage":"POWELL","type":"bus","lastLocID":7950,"messageCode":760,"time":1395753565833,"expires":1395753983000,"signMessageLong":"72  Killingsworth/82nd to Clackamas TC","extraBlockID":null,"locationInScheduleDay":22745,"longitude":-122.5790873,"blockID":7239,"offRoute":false,"nextLocID":8013,"vehicleID":2540,"signMessage":"72 Clackamas TC","extraTripID":null,"nextStopSeq":96,"routeNumber":72,"vehicleLoad":"unknown","bearing":179,"lastStopSeq":95,"inCongestion":false,"delay":-18,"latitude":45.4731663},{"tripID":4417866,"serviceDate":1395730800000,"direction":0,"garage":"POWELL","type":"bus","lastLocID":3194,"messageCode":766,"time":1395753559963,"expires":1395753979000,"signMessageLong":"72  Killingsworth/82nd to Swan Island-Anchor St","extraBlockID":null,"locationInScheduleDay":22506,"longitude":-122.6304613,"blockID":7240,"offRoute":false,"nextLocID":3192,"vehicleID":2533,"signMessage":"72 Swan Island","extraTripID":null,"nextStopSeq":78,"routeNumber":72,"vehicleLoad":"unknown","bearing":269,"lastStopSeq":77,"inCongestion":false,"delay":-253,"latitude":45.5627241},{"tripID":4417868,"serviceDate":1395730800000,"direction":0,"garage":"POWELL","type":"bus","lastLocID":7984,"messageCode":768,"time":1395753560120,"expires":1395753978000,"signMessageLong":"72  Killingsworth/82nd to Swan Island-Shipyards","extraBlockID":null,"locationInScheduleDay":22699,"longitude":-122.5788225,"blockID":7242,"offRoute":false,"nextLocID":7935,"vehicleID":2548,"signMessage":"72 Swan Island","extraTripID":null,"nextStopSeq":26,"routeNumber":72,"vehicleLoad":"unknown","bearing":359,"lastStopSeq":25,"inCongestion":false,"delay":-59,"latitude":45.4907912},{"tripID":4411311,"serviceDate":1395730800000,"direction":0,"garage":"POWELL","type":"bus","lastLocID":6427,"messageCode":266,"time":1395753580773,"expires":1395753998000,"signMessageLong":"14  Hawthorne to 94th & Foster","extraBlockID":null,"locationInScheduleDay":22877,"longitude":-122.5668285,"blockID":1435,"offRoute":false,"nextLocID":6398,"vehicleID":2316,"signMessage":"14 To 94-Foster","extraTripID":null,"nextStopSeq":47,"routeNumber":14,"vehicleLoad":"unknown","bearing":110,"lastStopSeq":46,"inCongestion":false,"delay":99,"latitude":45.4785582},{"tripID":4419088,"serviceDate":1395730800000,"direction":0,"garage":"CENTER","type":"bus","lastLocID":10693,"messageCode":809,"time":1395753578058,"expires":1395753994000,"signMessageLong":"77  Broadway/Halsey to Troutdale","extraBlockID":null,"locationInScheduleDay":22719,"longitude":-122.6946953,"blockID":7705,"offRoute":false,"nextLocID":7132,"vehicleID":2720,"signMessage":"77 To Troutdale","extraTripID":null,"nextStopSeq":6,"routeNumber":77,"vehicleLoad":"unknown","bearing":178,"lastStopSeq":5,"inCongestion":false,"delay":-55,"latitude":45.5335036},{"tripID":4413876,"serviceDate":1395730800000,"direction":1,"garage":"CENTER","type":"bus","lastLocID":3858,"messageCode":462,"time":1395753578044,"expires":1395753997000,"signMessageLong":"31L Portland Limited","extraBlockID":null,"locationInScheduleDay":22544,"longitude":-122.6574783,"blockID":3101,"offRoute":false,"nextLocID":2171,"vehicleID":2714,"signMessage":"31L To Portland Limited","extraTripID":null,"nextStopSeq":7,"routeNumber":31,"vehicleLoad":"unknown","bearing":336,"lastStopSeq":6,"inCongestion":false,"delay":-233,"latitude":45.4942763},{"tripID":4417164,"serviceDate":1395730800000,"direction":0,"garage":"CENTER","type":"bus","lastLocID":6871,"messageCode":781,"time":1395753559933,"expires":1395753979000,"signMessageLong":"70  12th/NE 33rd Ave to NE Sunderland via 17th & Tacoma","extraBlockID":null,"locationInScheduleDay":22593,"longitude":-122.6442741,"blockID":7007,"offRoute":false,"nextLocID":6901,"vehicleID":2709,"signMessage":"70 To Sunderland via 17th","extraTripID":null,"nextStopSeq":4,"routeNumber":70,"vehicleLoad":"unknown","bearing":342,"lastStopSeq":3,"inCongestion":false,"delay":-166,"latitude":45.4493959},{"tripID":4417315,"serviceDate":1395730800000,"direction":1,"garage":"CENTER","type":"bus","lastLocID":8499,"messageCode":788,"time":1395753578027,"expires":1395753995000,"signMessageLong":"70  12th/NE 33rd Ave to Milwaukie","extraBlockID":null,"locationInScheduleDay":22785,"longitude":-122.6307176,"blockID":7001,"offRoute":false,"nextLocID":7370,"vehicleID":2704,"signMessage":"70 To Milwaukie","extraTripID":null,"nextStopSeq":13,"routeNumber":70,"vehicleLoad":"unknown","bearing":158,"lastStopSeq":12,"inCongestion":false,"delay":10,"latitude":45.5733256},{"tripID":4417162,"serviceDate":1395730800000,"direction":0,"garage":"CENTER","type":"bus","lastLocID":8854,"messageCode":783,"time":1395753559933,"expires":1395753979000,"signMessageLong":"70  33rd Ave to NE Sunderland","extraBlockID":null,"locationInScheduleDay":22822,"longitude":-122.6389583,"blockID":7003,"offRoute":false,"nextLocID":9550,"vehicleID":2705,"signMessage":"70 To Sunderlnd","extraTripID":null,"nextStopSeq":72,"routeNumber":70,"vehicleLoad":"unknown","bearing":115,"lastStopSeq":71,"inCongestion":false,"delay":63,"latitude":45.5806587},{"tripID":4417314,"serviceDate":1395730800000,"direction":1,"garage":"CENTER","type":"bus","lastLocID":8937,"messageCode":790,"time":1395753574764,"expires":1395753992000,"signMessageLong":"70  12th Ave to Milwaukie via 13th & Tacoma","extraBlockID":null,"locationInScheduleDay":22608,"longitude":-122.6538314,"blockID":7004,"offRoute":false,"nextLocID":6583,"vehicleID":2701,"signMessage":"70 To Milw via 13","extraTripID":null,"nextStopSeq":45,"routeNumber":70,"vehicleLoad":"unknown","bearing":68,"lastStopSeq":44,"inCongestion":false,"delay":-164,"latitude":45.5292113},{"tripID":4419225,"serviceDate":1395730800000,"direction":1,"garage":"CENTER","type":"bus","lastLocID":9471,"messageCode":813,"time":1395753560071,"expires":1395753977000,"signMessageLong":"77  Broadway/Halsey to Montgomery Park","extraBlockID":null,"locationInScheduleDay":22777,"longitude":-122.3906548,"blockID":7704,"offRoute":false,"nextLocID":8746,"vehicleID":2614,"signMessage":"77 Montgomry Pk","extraTripID":null,"nextStopSeq":3,"routeNumber":77,"vehicleLoad":"unknown","bearing":180,"lastStopSeq":2,"inCongestion":false,"delay":20,"latitude":45.5423196},{"tripID":4411312,"serviceDate":1395730800000,"direction":0,"garage":"CENTER","type":"bus","lastLocID":2641,"messageCode":266,"time":1395753551275,"expires":1395753968000,"signMessageLong":"14  Hawthorne to 94th & Foster","extraBlockID":null,"locationInScheduleDay":22818,"longitude":-122.6610919,"blockID":1401,"offRoute":false,"nextLocID":2594,"vehicleID":2608,"signMessage":"14 To 94-Foster","extraTripID":null,"nextStopSeq":4,"routeNumber":14,"vehicleLoad":"unknown","bearing":90,"lastStopSeq":3,"inCongestion":false,"delay":70,"latitude":45.5122436},{"tripID":4419086,"serviceDate":1395730800000,"direction":0,"garage":"CENTER","type":"bus","lastLocID":2454,"messageCode":809,"time":1395753551243,"expires":1395753970000,"signMessageLong":"77  Broadway/Halsey to Troutdale","extraBlockID":null,"locationInScheduleDay":22852,"longitude":-122.5807817,"blockID":7703,"offRoute":false,"nextLocID":9217,"vehicleID":2630,"signMessage":"77 To Troutdale","extraTripID":null,"nextStopSeq":51,"routeNumber":77,"vehicleLoad":"unknown","bearing":89,"lastStopSeq":50,"inCongestion":false,"delay":102,"latitude":45.5335674},{"tripID":4418191,"serviceDate":1395730800000,"direction":1,"garage":"POWELL","type":"bus","lastLocID":12921,"messageCode":760,"time":1395753340847,"expires":1395753760000,"signMessageLong":"72  Killingsworth/82nd to Clackamas TC","extraBlockID":null,"locationInScheduleDay":22250,"longitude":-122.5685478,"blockID":7237,"offRoute":false,"nextLocID":13247,"vehicleID":3004,"signMessage":"72 Clackamas TC","extraTripID":null,"nextStopSeq":111,"routeNumber":72,"vehicleLoad":"unknown","bearing":86,"lastStopSeq":110,"inCongestion":false,"delay":0,"latitude":45.4355653},{"tripID":4418193,"serviceDate":1395730800000,"direction":1,"garage":"POWELL","type":"bus","lastLocID":8000,"messageCode":760,"time":1395753578029,"expires":1395753994000,"signMessageLong":"72  Killingsworth/82nd to Clackamas TC","extraBlockID":null,"locationInScheduleDay":22758,"longitude":-122.5790339,"blockID":7241,"offRoute":false,"nextLocID":7978,"vehicleID":3048,"signMessage":"72 Clackamas TC","extraTripID":null,"nextStopSeq":66,"routeNumber":72,"vehicleLoad":"unknown","bearing":180,"lastStopSeq":65,"inCongestion":false,"delay":-16,"latitude":45.5322144},{"tripID":4417867,"serviceDate":1395730800000,"direction":0,"garage":"POWELL","type":"bus","lastLocID":7999,"messageCode":768,"time":1395753556843,"expires":1395753976000,"signMessageLong":"72  Killingsworth/82nd to Swan Island-Shipyards","extraBlockID":null,"locationInScheduleDay":22680,"longitude":-122.578962,"blockID":7235,"offRoute":false,"nextLocID":8042,"vehicleID":3053,"signMessage":"72 Swan Island","extraTripID":null,"nextStopSeq":49,"routeNumber":72,"vehicleLoad":"unknown","bearing":0,"lastStopSeq":48,"inCongestion":false,"delay":-76,"latitude":45.533614},{"tripID":4418194,"serviceDate":1395730800000,"direction":1,"garage":"POWELL","type":"bus","lastLocID":7330,"messageCode":760,"time":1395753565792,"expires":1395753980000,"signMessageLong":"72  Killingsworth/82nd to Clackamas TC","extraBlockID":null,"locationInScheduleDay":22570,"longitude":-122.6348937,"blockID":7234,"offRoute":false,"nextLocID":7327,"vehicleID":3054,"signMessage":"72 Clackamas TC","extraTripID":null,"nextStopSeq":33,"routeNumber":72,"vehicleLoad":"unknown","bearing":359,"lastStopSeq":32,"inCongestion":false,"delay":-190,"latitude":45.5604814},{"tripID":4419222,"serviceDate":1395730800000,"direction":1,"garage":"POWELL","type":"bus","lastLocID":635,"messageCode":813,"time":1395753578053,"expires":1395753994000,"signMessageLong":"77  Broadway/Halsey to Montgomery Park","extraBlockID":null,"locationInScheduleDay":22563,"longitude":-122.6446597,"blockID":7734,"offRoute":false,"nextLocID":634,"vehicleID":3046,"signMessage":"77 Montgomry Pk","extraTripID":null,"nextStopSeq":78,"routeNumber":77,"vehicleLoad":"unknown","bearing":270,"lastStopSeq":77,"inCongestion":false,"delay":-211,"latitude":45.5350217},{"tripID":4411560,"serviceDate":1395730800000,"direction":1,"garage":"POWELL","type":"bus","lastLocID":1811,"messageCode":268,"time":1395753565751,"expires":1395753980000,"signMessageLong":"14  Hawthorne to Portland","extraBlockID":null,"locationInScheduleDay":22838,"longitude":-122.5897531,"blockID":1434,"offRoute":false,"nextLocID":1807,"vehicleID":3027,"signMessage":"14 To Portland","extraTripID":null,"nextStopSeq":10,"routeNumber":14,"vehicleLoad":"unknown","bearing":299,"lastStopSeq":9,"inCongestion":false,"delay":78,"latitude":45.486742},{"tripID":4418195,"serviceDate":1395730800000,"direction":1,"garage":"POWELL","type":"bus","lastLocID":9399,"messageCode":null,"time":1395753571000,"expires":1395753991000,"signMessageLong":null,"extraBlockID":null,"locationInScheduleDay":null,"longitude":-122.677533,"blockID":7243,"offRoute":false,"nextLocID":2195,"vehicleID":3025,"signMessage":null,"extraTripID":null,"nextStopSeq":null,"routeNumber":72,"vehicleLoad":"unknown","bearing":null,"lastStopSeq":null,"inCongestion":false,"delay":-9,"latitude":45.540983},{"tripID":4419085,"serviceDate":1395730800000,"direction":0,"garage":"CENTER","type":"bus","lastLocID":2353,"messageCode":809,"time":1395753514619,"expires":1395753932000,"signMessageLong":"77  Broadway/Halsey to Troutdale","extraBlockID":null,"locationInScheduleDay":22669,"longitude":-122.4570233,"blockID":7702,"offRoute":false,"nextLocID":2410,"vehicleID":2005,"signMessage":"77 To Troutdale","extraTripID":null,"nextStopSeq":84,"routeNumber":77,"vehicleLoad":"unknown","bearing":95,"lastStopSeq":83,"inCongestion":false,"delay":-43,"latitude":45.5335623},{"tripID":4413877,"serviceDate":1395730800000,"direction":1,"garage":"CENTER","type":"bus","lastLocID":7920,"messageCode":464,"time":1395753574825,"expires":1395753994000,"signMessageLong":"31  To Portland via Milwaukie","extraBlockID":null,"locationInScheduleDay":22641,"longitude":-122.5788958,"blockID":1402,"offRoute":false,"nextLocID":3228,"vehicleID":2014,"signMessage":"31 To Portland","extraTripID":null,"nextStopSeq":5,"routeNumber":31,"vehicleLoad":"unknown","bearing":359,"lastStopSeq":4,"inCongestion":false,"delay":-133,"latitude":45.4467957}],"queryTime":1395753588742}}
