{"resultSet":{"vehicle":[{"tripID":4411577,"serviceDate":1395730800000,"direction":1,"garage":"POWELL","type":"bus","lastLocID":1807,"messageCode":268,"time":1395761903187,"expires":1395762322000,"signMessageLong":"14  Hawthorne to Portland","extraBlockID":null,"locationInScheduleDay":31270,"longitude":-122.5939051,"blockID":1436,"offRoute":false,"nextLocID":1805,"vehicleID":2206,"signMessage":"14 To Portland","extraTripID":null,"nextStopSeq":11,"routeNumber":14,"vehicleLoad":"unknown","bearing":301,"lastStopSeq":10,"inCongestion":false,"delay":168,"latitude":45.4884595},{"tripID":4419232,"serviceDate":1395730800000,"direction":1,"garage":"POWELL","type":"bus","lastLocID":6224,"messageCode":813,"time":1395761903223,"expires":1395762321000,"signMessageLong":"77  Broadway/Halsey to Montgomery Park","extraBlockID":null,"locationInScheduleDay":31096,"longitude":-122.5514482,"blockID":7735,"offRoute":false,"nextLocID":6223,"vehicleID":2222,"signMessage":"77 Montgomry Pk","extraTripID":null,"nextStopSeq":45,"routeNumber":77,"vehicleLoad":"unknown","bearing":270,"lastStopSeq":44,"inCongestion":false,"delay":-5,"latitude":45.5341553},{"tripID":4419092,"serviceDate":1395730800000,"direction":0,"garage":"POWELL","type":"bus","lastLocID":9472,"messageCode":809,"time":1395761912093,"expires":1395762331000,"signMessageLong":"77  Broadway/Halsey to Troutdale","extraBlockID":null,"locationInScheduleDay":31195,"longitude":-122.3986988,"blockID":7736,"offRoute":false,"nextLocID":9481,"vehicleID":2221,"signMessage":"77 To Troutdale","extraTripID":null,"nextStopSeq":102,"routeNumber":77,"vehicleLoad":"unknown","bearing":83,"lastStopSeq":101,"inCongestion":false,"delay":0,"latitude":45.5443317},{"tripID":4411578,"serviceDate":1395730800000,"direction":1,"garage":"POWELL","type":"bus","lastLocID":1831,"messageCode":268,"time":1395761915191,"expires":1395762333000,"signMessageLong":"14  Hawthorne to Portland","extraBlockID":null,"locationInScheduleDay":31113,"longitude":-122.5662917,"blockID":1438,"offRoute":false,"nextLocID":13236,"vehicleID":2220,"signMessage":"14 To Portland","extraTripID":null,"nextStopSeq":2,"routeNumber":14,"vehicleLoad":"unknown","bearing":291,"lastStopSeq":1,"inCongestion":false,"delay":0,"latitude":45.4791765},{"tripID":4411575,"serviceDate":1395730800000,"direction":1,"garage":"POWELL","type":"bus","lastLocID":2632,"messageCode":268,"time":1395761861364,"expires":1395762278000,"signMessageLong":"14  Hawthorne to Portland","extraBlockID":null,"locationInScheduleDay":31193,"longitude":-122.6193087,"blockID":1437,"offRoute":false,"nextLocID":2629,"vehicleID":2270,"signMessage":"14 To Portland","extraTripID":null,"nextStopSeq":27,"routeNumber":14,"vehicleLoad":"unknown","bearing":270,"lastStopSeq":26,"inCongestion":false,"delay":135,"latitude":45.5120387},{"tripID":4417884,"serviceDate":1395730800000,"direction":0,"garage":"POWELL","type":"bus","lastLocID":12922,"messageCode":766,"time":1395761918492,"expires":1395762335000,"signMessageLong":"72  Killingsworth/82nd to Swan Island-Anchor St","extraBlockID":null,"locationInScheduleDay":31089,"longitude":-122.579012,"blockID":7247,"offRoute":false,"nextLocID":7941,"vehicleID":2250,"signMessage":"72 Swan Island","extraTripID":null,"nextStopSeq":3,"routeNumber":72,"vehicleLoad":"unknown","bearing":1,"lastStopSeq":2,"inCongestion":false,"delay":-26,"latitude":45.4380775},{"tripID":4417876,"serviceDate":1395730800000,"direction":0,"garage":"POWELL","type":"bus","lastLocID":3167,"messageCode":766,"time":1395761903239,"expires":1395762321000,"signMessageLong":"72  Killingsworth/82nd to Swan Island-Anchor St","extraBlockID":null,"locationInScheduleDay":31045,"longitude":-122.6947821,"blockID":7250,"offRoute":false,"nextLocID":2227,"vehicleID":2242,"signMessage":"72 Swan Island","extraTripID":null,"nextStopSeq":105,"routeNumber":72,"vehicleLoad":"unknown","bearing":162,"lastStopSeq":104,"inCongestion":false,"delay":-56,"latitude":45.5604991},{"tripID":4417882,"serviceDate":1395730800000,"direction":0,"garage":"POWELL","type":"bus","lastLocID":7957,"messageCode":766,"time":1395761912096,"expires":1395762331000,"signMessageLong":"72  Killingsworth/82nd to Swan Island-Anchor St","extraBlockID":null,"locationInScheduleDay":31050,"longitude":-122.5786994,"blockID":7246,"offRoute":false,"nextLocID":12755,"vehicleID":2296,"signMessage":"72 Swan Island","extraTripID":null,"nextStopSeq":34,"routeNumber":72,"vehicleLoad":"unknown","bearing":0,"lastStopSeq":33,"inCongestion":false,"delay":-61,"latitude":45.5045549},{"tripID":4419093,"serviceDate":1395730800000,"direction":0,"garage":"POWELL","type":"bus","lastLocID":2378,"messageCode":809,"time":1395761825583,"expires":1395762242000,"signMessageLong":"77  Broadway/Halsey to Troutdale","extraBlockID":null,"locationInScheduleDay":30952,"longitude":-122.5212965,"blockID":7737,"offRoute":false,"nextLocID":2380,"vehicleID":2285,"signMessage":"77 To Troutdale","extraTripID":null,"nextStopSeq":67,"routeNumber":77,"vehicleLoad":"unknown","bearing":88,"lastStopSeq":66,"inCongestion":false,"delay":-70,"latitude":45.5336072},{"tripID":4418205,"serviceDate":1395730800000,"direction":1,"garage":"POWELL","type":"bus","lastLocID":7948,"messageCode":760,"time":1395761915210,"expires":1395762333000,"signMessageLong":"72  Killingsworth/82nd to Clackamas TC","extraBlockID":null,"locationInScheduleDay":31191,"longitude":-122.5787164,"blockID":7252,"offRoute":false,"nextLocID":8062,"vehicleID":2283,"signMessage":"72 Clackamas TC","extraTripID":null,"nextStopSeq":81,"routeNumber":72,"vehicleLoad":"unknown","bearing":180,"lastStopSeq":80,"inCongestion":false,"delay":78,"latitude":45.5017162},{"tripID":4418204,"serviceDate":1395730800000,"direction":1,"garage":"POWELL","type":"bus","lastLocID":7954,"messageCode":760,"time":1395761906446,"expires":1395762324000,"signMessageLong":"72  Killingsworth/82nd to Clackamas TC","extraBlockID":null,"locationInScheduleDay":31159,"longitude":-122.5790521,"blockID":7244,"offRoute":false,"nextLocID":7945,"vehicleID":2276,"signMessage":"72 Clackamas TC","extraTripID":null,"nextStopSeq":100,"routeNumber":72,"vehicleLoad":"unknown","bearing":179,"lastStopSeq":99,"inCongestion":false,"delay":55,"latitude":45.4641967},{"tripID":4411319,"serviceDate":1395730800000,"direction":0,"garage":"POWELL","type":"bus","lastLocID":8134,"messageCode":266,"time":1395761900508,"expires":1395762317000,"signMessageLong":"14  Hawthorne to 94th & Foster","extraBlockID":null,"locationInScheduleDay":31034,"longitude":-122.5634746,"blockID":1439,"offRoute":false,"nextLocID":1831,"vehicleID":2275,"signMessage":"14 To 94-Foster","extraTripID":null,"nextStopSeq":49,"routeNumber":14,"vehicleLoad":"unknown","bearing":359,"lastStopSeq":48,"inCongestion":false,"delay":0,"latitude":45.4781758},{"tripID":4413883,"serviceDate":1395730800000,"direction":1,"garage":"CENTER","type":"bus","lastLocID":13488,"messageCode":466,"time":1395761918282,"expires":1395762337000,"signMessageLong":"31  Portland","extraBlockID":null,"locationInScheduleDay":31285,"longitude":-122.6608374,"blockID":3003,"offRoute":false,"nextLocID":2171,"vehicleID":2119,"signMessage":"31 To Portland","extraTripID":null,"nextStopSeq":35,"routeNumber":31,"vehicleLoad":"unknown","bearing":359,"lastStopSeq":34,"inCongestion":false,"delay":168,"latitude":45.507523},{"tripID":4417322,"serviceDate":1395730800000,"direction":1,"garage":"CENTER","type":"bus","lastLocID":6580,"messageCode":790,"time":1395761903112,"expires":1395762321000,"signMessageLong":"70  12th Ave to Milwaukie via 13th & Tacoma","extraBlockID":null,"locationInScheduleDay":30673,"longitude":-122.6535933,"blockID":7006,"offRoute":false,"nextLocID":6577,"vehicleID":2150,"signMessage":"70 To Milw via 13","extraTripID":null,"nextStopSeq":47,"routeNumber":70,"vehicleLoad":"unknown","bearing":180,"lastStopSeq":46,"inCongestion":false,"delay":-428,"latitude":45.5267183},{"tripID":4417170,"serviceDate":1395730800000,"direction":0,"garage":"CENTER","type":"bus","lastLocID":7371,"messageCode":783,"time":1395761900359,"expires":1395762319000,"signMessageLong":"70  33rd Ave to NE Sunderland","extraBlockID":null,"locationInScheduleDay":31060,"longitude":-122.6306857,"blockID":7008,"offRoute":false,"nextLocID":7383,"vehicleID":2506,"signMessage":"70 To Sunderlnd","extraTripID":null,"nextStopSeq":59,"routeNumber":70,"vehicleLoad":"unknown","bearing":0,"lastStopSeq":58,"inCongestion":false,"delay":-39,"latitude":45.5614329},{"tripID":4417881,"serviceDate":1395730800000,"direction":0,"garage":"POWELL","type":"bus","lastLocID":7999,"messageCode":766,"time":1395761921247,"expires":1395762339000,"signMessageLong":"72  Killingsworth/82nd to Swan Island-Anchor St","extraBlockID":null,"locationInScheduleDay":31119,"longitude":-122.578962,"blockID":7238,"offRoute":false,"nextLocID":8042,"vehicleID":2527,"signMessage":"72 Swan Island","extraTripID":null,"nextStopSeq":49,"routeNumber":72,"vehicleLoad":"unknown","bearing":0,"lastStopSeq":48,"inCongestion":false,"delay":0,"latitude":45.533614},{"tripID":4417321,"serviceDate":1395730800000,"direction":1,"garage":"CENTER","type":"bus","lastLocID":6872,"messageCode":791,"time":1395761906399,"expires":1395762323000,"signMessageLong":"70  To Milwaukie","extraBlockID":null,"locationInScheduleDay":31286,"longitude":-122.6433243,"blockID":7002,"offRoute":false,"nextLocID":13477,"vehicleID":2524,"signMessage":"70 To Milwaukie","extraTripID":null,"nextStopSeq":79,"routeNumber":70,"vehicleLoad":"unknown","bearing":142,"lastStopSeq":78,"inCongestion":false,"delay":0,"latitude":45.445438},{"tripID":4411571,"serviceDate":1395730800000,"direction":1,"garage":"CENTER","type":"bus","lastLocID":2642,"messageCode":267,"time":1395761906407,"expires":1395762324000,"signMessageLong":"14  Downtown Only","extraBlockID":null,"locationInScheduleDay":30345,"longitude":-122.6696795,"blockID":1405,"offRoute":false,"nextLocID":11956,"vehicleID":2520,"signMessage":"14 Downtown Only","extraTripID":null,"nextStopSeq":43,"routeNumber":14,"vehicleLoad":"unknown","bearing":290,"lastStopSeq":42,"inCongestion":false,"delay":-759,"latitude":45.5129613},{"tripID":4419230,"serviceDate":1395730800000,"direction":1,"garage":"CENTER","type":"bus","lastLocID":10876,"messageCode":813,"time":1395761870308,"expires":1395762288000,"signMessageLong":"77  Broadway/Halsey to Montgomery Park","extraBlockID":null,"locationInScheduleDay":31096,"longitude":-122.6573035,"blockID":7701,"offRoute":false,"nextLocID":4043,"vehicleID":2512,"signMessage":"77 Montgomry Pk","extraTripID":null,"nextStopSeq":84,"routeNumber":77,"vehicleLoad":"unknown","bearing":270,"lastStopSeq":83,"inCongestion":false,"delay":28,"latitude":45.5315003},{"tripID":4418208,"serviceDate":1395730800000,"direction":1,"garage":"POWELL","type":"bus","lastLocID":46,"messageCode":760,"time":1395761903176,"expires":1395762322000,"signMessageLong":"72  Killingsworth/82nd to Clackamas TC","extraBlockID":null,"locationInScheduleDay":31140,"longitude":-122.6610632,"blockID":7239,"offRoute":false,"nextLocID":11478,"vehicleID":2540,"signMessage":"72 Clackamas TC","extraTripID":null,"nextStopSeq":22,"routeNumber":72,"vehicleLoad":"unknown","bearing":90,"lastStopSeq":21,"inCongestion":false,"delay":38,"latitude":45.5591223},{"tripID":4417883,"serviceDate":1395730800000,"direction":0,"garage":"POWELL","type":"bus","lastLocID":8059,"messageCode":766,"time":1395761921264,"expires":1395762340000,"signMessageLong":"72  Killingsworth/82nd to Swan Island-Anchor St","extraBlockID":null,"locationInScheduleDay":31154,"longitude":-122.5790289,"blockID":7240,"offRoute":false,"nextLocID":8027,"vehicleID":2533,"signMessage":"72 Swan Island","extraTripID":null,"nextStopSeq":21,"routeNumber":72,"vehicleLoad":"unknown","bearing":0,"lastStopSeq":20,"inCongestion":false,"delay":34,"latitude":45.4793433},{"tripID":4417880,"serviceDate":1395730800000,"direction":0,"garage":"POWELL","type":"bus","lastLocID":8039,"messageCode":766,"time":1395761856102,"expires":1395762272000,"signMessageLong":"72  Killingsworth/82nd to Swan Island-Anchor St","extraBlockID":null,"locationInScheduleDay":30955,"longitude":-122.5786387,"blockID":7236,"offRoute":false,"nextLocID":8026,"vehicleID":2552,"signMessage":"72 Swan Island","extraTripID":null,"nextStopSeq":59,"routeNumber":72,"vehicleLoad":"unknown","bearing":0,"lastStopSeq":58,"inCongestion":false,"delay":-97,"latitude":45.5550991},{"tripID":4418203,"serviceDate":1395730800000,"direction":1,"garage":"POWELL","type":"bus","lastLocID":12921,"messageCode":760,"time":1395761915245,"expires":1395762333000,"signMessageLong":"72  Killingsworth/82nd to Clackamas TC","extraBlockID":null,"locationInScheduleDay":31113,"longitude":-122.5690497,"blockID":7242,"offRoute":false,"nextLocID":13247,"vehicleID":2548,"signMessage":"72 Clackamas TC","extraTripID":null,"nextStopSeq":111,"routeNumber":72,"vehicleLoad":"unknown","bearing":173,"lastStopSeq":110,"inCongestion":false,"delay":0,"latitude":45.4356321},{"tripID":4411320,"serviceDate":1395730800000,"direction":0,"garage":"POWELL","type":"bus","lastLocID":7651,"messageCode":266,"time":1395761926945,"expires":1395762344000,"signMessageLong":"14  Hawthorne to 94th & Foster","extraBlockID":null,"locationInScheduleDay":31119,"longitude":-122.6115371,"blockID":1440,"offRoute":false,"nextLocID":7662,"vehicleID":2308,"signMessage":"14 To 94-Foster","extraTripID":null,"nextStopSeq":23,"routeNumber":14,"vehicleLoad":"unknown","bearing":176,"lastStopSeq":22,"inCongestion":false,"delay":-5,"latitude":45.5113865},{"tripID":4417879,"serviceDate":1395730800000,"direction":0,"garage":"POWELL","type":"bus","lastLocID":7331,"messageCode":766,"time":1395761924439,"expires":1395762341000,"signMessageLong":"72  Killingsworth/82nd to Swan Island-Anchor St","extraBlockID":null,"locationInScheduleDay":31115,"longitude":-122.6348921,"blockID":7253,"offRoute":false,"nextLocID":7326,"vehicleID":2318,"signMessage":"72 Swan Island","extraTripID":null,"nextStopSeq":82,"routeNumber":72,"vehicleLoad":"unknown","bearing":179,"lastStopSeq":81,"inCongestion":false,"delay":-6,"latitude":45.5594526},{"tripID":4411321,"serviceDate":1395730800000,"direction":0,"garage":"POWELL","type":"bus","lastLocID":3635,"messageCode":266,"time":1395761915233,"expires":1395762333000,"signMessageLong":"14  Hawthorne to 94th & Foster","extraBlockID":null,"locationInScheduleDay":31128,"longitude":-122.6724481,"blockID":1435,"offRoute":false,"nextLocID":2641,"vehicleID":2316,"signMessage":"14 To 94-Foster","extraTripID":null,"nextStopSeq":3,"routeNumber":14,"vehicleLoad":"unknown","bearing":110,"lastStopSeq":2,"inCongestion":false,"delay":15,"latitude":45.5135627},{"tripID":4411573,"serviceDate":1395730800000,"direction":1,"garage":"CENTER","type":"bus","lastLocID":2642,"messageCode":267,"time":1395761903170,"expires":1395762321000,"signMessageLong":"14  Downtown Only","extraBlockID":null,"locationInScheduleDay":31228,"longitude":-122.6746074,"blockID":1403,"offRoute":false,"nextLocID":11956,"vehicleID":2725,"signMessage":"14 Downtown Only","extraTripID":null,"nextStopSeq":43,"routeNumber":14,"vehicleLoad":"unknown","bearing":339,"lastStopSeq":42,"inCongestion":false,"delay":127,"latitude":45.51453},{"tripID":4419231,"serviceDate":1395730800000,"direction":1,"garage":"CENTER","type":"bus","lastLocID":7510,"messageCode":813,"time":1395761903176,"expires":1395762321000,"signMessageLong":"77  Broadway/Halsey to Montgomery Park","extraBlockID":null,"locationInScheduleDay":31239,"longitude":-122.620309,"blockID":7705,"offRoute":false,"nextLocID":10869,"vehicleID":2720,"signMessage":"77 Montgomry Pk","extraTripID":null,"nextStopSeq":68,"routeNumber":77,"vehicleLoad":"unknown","bearing":179,"lastStopSeq":67,"inCongestion":false,"delay":138,"latitude":45.5347788},{"tripID":4411574,"serviceDate":1395730800000,"direction":1,"garage":"CENTER","type":"bus","lastLocID":2613,"messageCode":268,"time":1395761885001,"expires":1395762303000,"signMessageLong":"14  Hawthorne to Portland","extraBlockID":null,"locationInScheduleDay":31033,"longitude":-122.6383002,"blockID":1404,"offRoute":false,"nextLocID":2611,"vehicleID":2718,"signMessage":"14 To Portland","extraTripID":null,"nextStopSeq":34,"routeNumber":14,"vehicleLoad":"unknown","bearing":270,"lastStopSeq":33,"inCongestion":false,"delay":-50,"latitude":45.512084},{"tripID":4413801,"serviceDate":1395730800000,"direction":0,"garage":"CENTER","type":"bus","lastLocID":2582,"messageCode":456,"time":1395761921230,"expires":1395762340000,"signMessageLong":"31  Clackamas Town Center","extraBlockID":null,"locationInScheduleDay":30908,"longitude":-122.6195363,"blockID":3101,"offRoute":false,"nextLocID":7523,"vehicleID":2714,"signMessage":"31 To Clackamas Town Ctr","extraTripID":null,"nextStopSeq":8,"routeNumber":31,"vehicleLoad":"unknown","bearing":0,"lastStopSeq":7,"inCongestion":false,"delay":-212,"latitude":45.4468413},{"tripID":4417173,"serviceDate":1395730800000,"direction":0,"garage":"CENTER","type":"bus","lastLocID":13477,"messageCode":782,"time":1395761903138,"expires":1395762322000,"signMessageLong":"70  12th/NE 33rd Ave to NE Sunderland via 13th & Tacoma","extraBlockID":null,"locationInScheduleDay":31102,"longitude":-122.6407309,"blockID":7007,"offRoute":false,"nextLocID":8225,"vehicleID":2709,"signMessage":"70 To Sunderland via 13th","extraTripID":null,"nextStopSeq":2,"routeNumber":70,"vehicleLoad":"unknown","bearing":81,"lastStopSeq":1,"inCongestion":false,"delay":0,"latitude":45.4448667},{"tripID":4417324,"serviceDate":1395730800000,"direction":1,"garage":"CENTER","type":"bus","lastLocID":9369,"messageCode":788,"time":1395761924376,"expires":1395762341000,"signMessageLong":"70  12th/NE 33rd Ave to Milwaukie","extraBlockID":null,"locationInScheduleDay":31133,"longitude":-122.6346397,"blockID":7001,"offRoute":false,"nextLocID":9549,"vehicleID":2704,"signMessage":"70 To Milwaukie","extraTripID":null,"nextStopSeq":5,"routeNumber":70,"vehicleLoad":"unknown","bearing":270,"lastStopSeq":4,"inCongestion":false,"delay":12,"latitude":45.5800843},{"tripID":4417171,"serviceDate":1395730800000,"direction":0,"garage":"CENTER","type":"bus","lastLocID":6589,"messageCode":780,"time":1395761909026,"expires":1395762326000,"signMessageLong":"70  12th/NE 33rd Ave to NE Sunderland","extraBlockID":null,"locationInScheduleDay":31170,"longitude":-122.6536286,"blockID":7003,"offRoute":false,"nextLocID":6592,"vehicleID":2705,"signMessage":"70 To Sunderlnd","extraTripID":null,"nextStopSeq":34,"routeNumber":70,"vehicleLoad":"unknown","bearing":0,"lastStopSeq":33,"inCongestion":false,"delay":64,"latitude":45.5206745},{"tripID":4417323,"serviceDate":1395730800000,"direction":1,"garage":"CENTER","type":"bus","lastLocID":7126,"messageCode":788,"time":1395761906364,"expires":1395762323000,"signMessageLong":"70  12th/NE 33rd Ave to Milwaukie","extraBlockID":null,"locationInScheduleDay":31360,"longitude":-122.6490295,"blockID":7004,"offRoute":false,"nextLocID":4049,"vehicleID":2701,"signMessage":"70 To Milwaukie","extraTripID":null,"nextStopSeq":41,"routeNumber":70,"vehicleLoad":"unknown","bearing":270,"lastStopSeq":40,"inCongestion":false,"delay":257,"latitude":45.531477},{"tripID":4419094,"serviceDate":1395730800000,"direction":0,"garage":"CENTER","type":"bus","lastLocID":2450,"messageCode":809,"time":1395761903300,"expires":1395762320000,"signMessageLong":"77  Broadway/Halsey to Troutdale","extraBlockID":null,"locationInScheduleDay":31171,"longitude":-122.5865545,"blockID":7704,"offRoute":false,"nextLocID":2452,"vehicleID":2614,"signMessage":"77 To Troutdale","extraTripID":null,"nextStopSeq":49,"routeNumber":77,"vehicleLoad":"unknown","bearing":89,"lastStopSeq":48,"inCongestion":false,"delay":71,"latitude":45.533607},{"tripID":4411576,"serviceDate":1395730800000,"direction":1,"garage":"CENTER","type":"bus","lastLocID":1793,"messageCode":268,"time":1395761885073,"expires":1395762302000,"signMessageLong":"14  Hawthorne to Portland","extraBlockID":null,"locationInScheduleDay":31115,"longitude":-122.6109548,"blockID":1401,"offRoute":false,"nextLocID":7656,"vehicleID":2608,"signMessage":"14 To Portland","extraTripID":null,"nextStopSeq":18,"routeNumber":14,"vehicleLoad":"unknown","bearing":315,"lastStopSeq":17,"inCongestion":false,"delay":33,"latitude":45.4969758},{"tripID":4417325,"serviceDate":1395730800000,"direction":1,"garage":"CENTER","type":"bus","lastLocID":9368,"messageCode":788,"time":1395761900495,"expires":1395762317000,"signMessageLong":"70  12th/NE 33rd Ave to Milwaukie","extraBlockID":null,"locationInScheduleDay":31097,"longitude":-122.6357648,"blockID":7010,"offRoute":false,"nextLocID":9414,"vehicleID":2623,"signMessage":"70 To Milwaukie","extraTripID":null,"nextStopSeq":2,"routeNumber":70,"vehicleLoad":"unknown","bearing":180,"lastStopSeq":1,"inCongestion":false,"delay":0,"latitude":45.5898735},{"tripID":4419229,"serviceDate":1395730800000,"direction":1,"garage":"CENTER","type":"bus","lastLocID":7130,"messageCode":813,"time":1395761906439,"expires":1395762325000,"signMessageLong":"77  Broadway/Halsey to Montgomery Park","extraBlockID":null,"locationInScheduleDay":30902,"longitude":-122.6947559,"blockID":7707,"offRoute":false,"nextLocID":10694,"vehicleID":2653,"signMessage":"77 Montgomry Pk","extraTripID":null,"nextStopSeq":99,"routeNumber":77,"vehicleLoad":"unknown","bearing":358,"lastStopSeq":98,"inCongestion":false,"delay":-203,"latitude":45.5351042},{"tripID":4417172,"serviceDate":1395730800000,"direction":0,"garage":"CENTER","type":"bus","lastLocID":10302,"messageCode":781,"time":1395761918568,"expires":1395762337000,"signMessageLong":"70  12th/NE 33rd Ave to NE Sunderland via 17th & Tacoma","extraBlockID":null,"locationInScheduleDay":30960,"longitude":-122.6470585,"blockID":7009,"offRoute":false,"nextLocID":6873,"vehicleID":2626,"signMessage":"70 To Sunderland via 17th","extraTripID":null,"nextStopSeq":10,"routeNumber":70,"vehicleLoad":"unknown","bearing":359,"lastStopSeq":9,"inCongestion":false,"delay":-157,"latitude":45.4649499},{"tripID":4419228,"serviceDate":1395730800000,"direction":1,"garage":"CENTER","type":"bus","lastLocID":8483,"messageCode":813,"time":1395761906447,"expires":1395762325000,"signMessageLong":"77  Broadway/Halsey to Montgomery Park","extraBlockID":null,"locationInScheduleDay":30400,"longitude":-122.7069345,"blockID":7703,"offRoute":false,"nextLocID":8484,"vehicleID":2630,"signMessage":"77 Montgomry Pk","extraTripID":null,"nextStopSeq":109,"routeNumber":77,"vehicleLoad":"unknown","bearing":178,"lastStopSeq":108,"inCongestion":false,"delay":0,"latitude":45.5377966},{"tripID":4419233,"serviceDate":1395730800000,"direction":1,"garage":"CENTER","type":"bus","lastLocID":2417,"messageCode":813,"time":1395761888332,"expires":1395762305000,"signMessageLong":"77  Broadway/Halsey to Montgomery Park","extraBlockID":null,"locationInScheduleDay":31013,"longitude":-122.4332873,"blockID":7706,"offRoute":false,"nextLocID":2342,"vehicleID":2632,"signMessage":"77 Montgomry Pk","extraTripID":null,"nextStopSeq":13,"routeNumber":77,"vehicleLoad":"unknown","bearing":258,"lastStopSeq":12,"inCongestion":false,"delay":-72,"latitude":45.5351202},{"tripID":4418206,"serviceDate":1395730800000,"direction":1,"garage":"POWELL","type":"bus","lastLocID":7992,"messageCode":760,"time":1395761903095,"expires":1395762322000,"signMessageLong":"72  Killingsworth/82nd to Clackamas TC","extraBlockID":null,"locationInScheduleDay":31047,"longitude":-122.5788036,"blockID":7237,"offRoute":false,"nextLocID":8045,"vehicleID":3004,"signMessage":"72 Clackamas TC","extraTripID":null,"nextStopSeq":59,"routeNumber":72,"vehicleLoad":"unknown","bearing":180,"lastStopSeq":58,"inCongestion":false,"delay":-55,"latitude":45.5464223},{"tripID":4417878,"serviceDate":1395730800000,"direction":0,"garage":"POWELL","type":"bus","lastLocID":3159,"messageCode":766,"time":1395761909011,"expires":1395762328000,"signMessageLong":"72  Killingsworth/82nd to Swan Island-Anchor St","extraBlockID":null,"locationInScheduleDay":31224,"longitude":-122.6854757,"blockID":7251,"offRoute":false,"nextLocID":3163,"vehicleID":3003,"signMessage":"72 Swan Island","extraTripID":null,"nextStopSeq":101,"routeNumber":72,"vehicleLoad":"unknown","bearing":271,"lastStopSeq":100,"inCongestion":false,"delay":116,"latitude":45.5626869},{"tripID":4418209,"serviceDate":1395730800000,"direction":1,"garage":"POWELL","type":"bus","lastLocID":9399,"messageCode":760,"time":1395761921220,"expires":1395762339000,"signMessageLong":"72  Killingsworth/82nd to Clackamas TC","extraBlockID":null,"locationInScheduleDay":31117,"longitude":-122.6965377,"blockID":7241,"offRoute":false,"nextLocID":2195,"vehicleID":3048,"signMessage":"72 Clackamas TC","extraTripID":null,"nextStopSeq":4,"routeNumber":72,"vehicleLoad":"unknown","bearing":92,"lastStopSeq":3,"inCongestion":false,"delay":-2,"latitude":45.5560026},{"tripID":4418207,"serviceDate":1395730800000,"direction":1,"garage":"POWELL","type":"bus","lastLocID":3146,"messageCode":760,"time":1395761912063,"expires":1395762331000,"signMessageLong":"72  Killingsworth/82nd to Clackamas TC","extraBlockID":null,"locationInScheduleDay":31242,"longitude":-122.6009615,"blockID":7245,"offRoute":false,"nextLocID":3148,"vehicleID":3052,"signMessage":"72 Clackamas TC","extraTripID":null,"nextStopSeq":47,"routeNumber":72,"vehicleLoad":"unknown","bearing":90,"lastStopSeq":46,"inCongestion":false,"delay":131,"latitude":45.5627553},{"tripID":4418210,"serviceDate":1395730800000,"direction":1,"garage":"POWELL","type":"bus","lastLocID":115,"messageCode":760,"time":1395761900371,"expires":1395762317000,"signMessageLong":"72  Killingsworth/82nd to Clackamas TC","extraBlockID":null,"locationInScheduleDay":31097,"longitude":-122.703865,"blockID":7234,"offRoute":false,"nextLocID":8681,"vehicleID":3054,"signMessage":"72 Clackamas TC","extraTripID":null,"nextStopSeq":2,"routeNumber":72,"vehicleLoad":"unknown","bearing":159,"lastStopSeq":1,"inCongestion":false,"delay":0,"latitude":45.5567629},{"tripID":4419234,"serviceDate":1395730800000,"direction":1,"garage":"POWELL","type":"bus","lastLocID":9481,"messageCode":813,"time":1395761915175,"expires":1395762333000,"signMessageLong":"77  Broadway/Halsey to Montgomery Park","extraBlockID":null,"locationInScheduleDay":31113,"longitude":-122.3982117,"blockID":7734,"offRoute":false,"nextLocID":9471,"vehicleID":3046,"signMessage":"77 Montgomry Pk","extraTripID":null,"nextStopSeq":2,"routeNumber":77,"vehicleLoad":"unknown","bearing":85,"lastStopSeq":1,"inCongestion":false,"delay":0,"latitude":45.5443612},{"tripID":4419095,"serviceDate":1395730800000,"direction":0,"garage":"POWELL","type":"bus","lastLocID":11817,"messageCode":809,"time":1395761906361,"expires":1395762323000,"signMessageLong":"77  Broadway/Halsey to Troutdale","extraBlockID":null,"locationInScheduleDay":30894,"longitude":-122.6635125,"blockID":7738,"offRoute":false,"nextLocID":13708,"vehicleID":3035,"signMessage":"77 To Troutdale","extraTripID":null,"nextStopSeq":20,"routeNumber":77,"vehicleLoad":"unknown","bearing":70,"lastStopSeq":19,"inCongestion":false,"delay":-209,"latitude":45.5308386},{"tripID":4417877,"serviceDate":1395730800000,"direction":0,"garage":"POWELL","type":"bus","lastLocID":5890,"messageCode":766,"time":1395761903116,"expires":1395762321000,"signMessageLong":"72  Killingsworth/82nd to Swan Island-Anchor St","extraBlockID":null,"locationInScheduleDay":31195,"longitude":-122.6613767,"blockID":7243,"offRoute":false,"nextLocID":10957,"vehicleID":3025,"signMessage":"72 Swan Island","extraTripID":null,"nextStopSeq":93,"routeNumber":72,"vehicleLoad":"unknown","bearing":0,"lastStopSeq":92,"inCongestion":false,"delay":94,"latitude":45.5624429},{"tripID":4419096,"serviceDate":1395730800000,"direction":0,"garage":"CENTER","type":"bus","lastLocID":7132,"messageCode":809,"time":1395761915186,"expires":1395762333000,"signMessageLong":"77  Broadway/Halsey to Troutdale","extraBlockID":null,"locationInScheduleDay":31194,"longitude":-122.6946566,"blockID":7702,"offRoute":false,"nextLocID":7127,"vehicleID":2005,"signMessage":"77 To Troutdale","extraTripID":null,"nextStopSeq":7,"routeNumber":77,"vehicleLoad":"unknown","bearing":178,"lastStopSeq":6,"inCongestion":false,"delay":81,"latitude":45.5324368}],"queryTime":1395761929075}}
