{"resultSet":{"vehicle":[{"tripID":4411642,"serviceDate":1395644400000,"direction":1,"garage":"CENTER","type":"bus","lastLocID":2624,"messageCode":268,"time":1395735682307,"expires":1395736099000,"signMessageLong":"14  Hawthorne to Portland","extraBlockID":null,"locationInScheduleDay":91388,"longitude":-122.6293389,"blockID":1406,"offRoute":false,"nextLocID":12892,"vehicleID":3128,"signMessage":"14 To Portland","extraTripID":null,"nextStopSeq":30,"routeNumber":14,"vehicleLoad":"unknown","bearing":270,"lastStopSeq":29,"inCongestion":false,"delay":109,"latitude":45.5120587},{"tripID":4418298,"serviceDate":1395644400000,"direction":1,"garage":"POWELL","type":"bus","lastLocID":7958,"messageCode":760,"time":1395735681065,"expires":1395736099000,"signMessageLong":"72  Killingsworth/82nd to Clackamas TC","extraBlockID":null,"locationInScheduleDay":91371,"longitude":-122.5787017,"blockID":7236,"offRoute":false,"nextLocID":7948,"vehicleID":3022,"signMessage":"72 Clackamas TC","extraTripID":null,"nextStopSeq":80,"routeNumber":72,"vehicleLoad":"unknown","bearing":180,"lastStopSeq":79,"inCongestion":false,"delay":92,"latitude":45.504201},{"tripID":4417969,"serviceDate":1395644400000,"direction":0,"garage":"POWELL","type":"bus","lastLocID":5890,"messageCode":766,"time":1395735617911,"expires":1395736036000,"signMessageLong":"72  Killingsworth/82nd to Swan Island-Anchor St","extraBlockID":null,"locationInScheduleDay":91401,"longitude":-122.6614691,"blockID":7238,"offRoute":false,"nextLocID":10957,"vehicleID":3035,"signMessage":"72 Swan Island","extraTripID":null,"nextStopSeq":93,"routeNumber":72,"vehicleLoad":"unknown","bearing":0,"lastStopSeq":92,"inCongestion":false,"delay":185,"latitude":45.5609373}],"queryTime":1395735707713}}
