{"resultSet":{"vehicle":[{"tripID":4411566,"serviceDate":1395730800000,"direction":1,"garage":"POWELL","type":"bus","lastLocID":7659,"messageCode":268,"time":1395758126138,"expires":1395758544000,"signMessageLong":"14  Hawthorne to Portland","extraBlockID":null,"locationInScheduleDay":27364,"longitude":-122.6112802,"blockID":1436,"offRoute":false,"nextLocID":12917,"vehicleID":2206,"signMessage":"14 To Portland","extraTripID":null,"nextStopSeq":23,"routeNumber":14,"vehicleLoad":"unknown","bearing":359,"lastStopSeq":22,"inCongestion":false,"delay":40,"latitude":45.5079414},{"tripID":4419089,"serviceDate":1395730800000,"direction":0,"garage":"POWELL","type":"bus","lastLocID":2408,"messageCode":809,"time":1395758135026,"expires":1395758552000,"signMessageLong":"77  Broadway/Halsey to Troutdale","extraBlockID":null,"locationInScheduleDay":27231,"longitude":-122.4644138,"blockID":7735,"offRoute":false,"nextLocID":2409,"vehicleID":2222,"signMessage":"77 To Troutdale","extraTripID":null,"nextStopSeq":82,"routeNumber":77,"vehicleLoad":"unknown","bearing":90,"lastStopSeq":81,"inCongestion":false,"delay":-101,"latitude":45.5336554},{"tripID":4419092,"serviceDate":1395730800000,"direction":0,"garage":"POWELL","type":"bus","lastLocID":1611,"messageCode":809,"time":1395758126151,"expires":1395758544000,"signMessageLong":"77  Broadway/Halsey to Troutdale","extraBlockID":null,"locationInScheduleDay":27201,"longitude":-122.6873394,"blockID":7736,"offRoute":false,"nextLocID":1608,"vehicleID":2221,"signMessage":"77 To Troutdale","extraTripID":null,"nextStopSeq":13,"routeNumber":77,"vehicleLoad":"unknown","bearing":91,"lastStopSeq":12,"inCongestion":false,"delay":-123,"latitude":45.5250122},{"tripID":4411565,"serviceDate":1395730800000,"direction":1,"garage":"POWELL","type":"bus","lastLocID":12892,"messageCode":268,"time":1395758126146,"expires":1395758544000,"signMessageLong":"14  Hawthorne to Portland","extraBlockID":null,"locationInScheduleDay":27344,"longitude":-122.6294293,"blockID":1438,"offRoute":false,"nextLocID":2619,"vehicleID":2220,"signMessage":"14 To Portland","extraTripID":null,"nextStopSeq":31,"routeNumber":14,"vehicleLoad":"unknown","bearing":270,"lastStopSeq":30,"inCongestion":false,"delay":20,"latitude":45.5120589},{"tripID":4418202,"serviceDate":1395730800000,"direction":1,"garage":"POWELL","type":"bus","lastLocID":7327,"messageCode":760,"time":1395758132743,"expires":1395758550000,"signMessageLong":"72  Killingsworth/82nd to Clackamas TC","extraBlockID":null,"locationInScheduleDay":27395,"longitude":-122.6348966,"blockID":7248,"offRoute":false,"nextLocID":7329,"vehicleID":2215,"signMessage":"72 Clackamas TC","extraTripID":null,"nextStopSeq":34,"routeNumber":72,"vehicleLoad":"unknown","bearing":359,"lastStopSeq":33,"inCongestion":false,"delay":65,"latitude":45.5624778},{"tripID":4411316,"serviceDate":1395730800000,"direction":0,"garage":"POWELL","type":"bus","lastLocID":2620,"messageCode":266,"time":1395758045351,"expires":1395758463000,"signMessageLong":"14  Hawthorne to 94th & Foster","extraBlockID":null,"locationInScheduleDay":27374,"longitude":-122.6264834,"blockID":1437,"offRoute":false,"nextLocID":2623,"vehicleID":2264,"signMessage":"14 To 94-Foster","extraTripID":null,"nextStopSeq":17,"routeNumber":14,"vehicleLoad":"unknown","bearing":90,"lastStopSeq":16,"inCongestion":false,"delay":131,"latitude":45.5120525},{"tripID":4418200,"serviceDate":1395730800000,"direction":1,"garage":"POWELL","type":"bus","lastLocID":8038,"messageCode":760,"time":1395758089978,"expires":1395758508000,"signMessageLong":"72  Killingsworth/82nd to Clackamas TC","extraBlockID":null,"locationInScheduleDay":27280,"longitude":-122.5787129,"blockID":7247,"offRoute":false,"nextLocID":7934,"vehicleID":2250,"signMessage":"72 Clackamas TC","extraTripID":null,"nextStopSeq":56,"routeNumber":72,"vehicleLoad":"unknown","bearing":180,"lastStopSeq":55,"inCongestion":false,"delay":-8,"latitude":45.5512997},{"tripID":4417876,"serviceDate":1395730800000,"direction":0,"garage":"POWELL","type":"bus","lastLocID":8017,"messageCode":766,"time":1395758126181,"expires":1395758544000,"signMessageLong":"72  Killingsworth/82nd to Swan Island-Anchor St","extraBlockID":null,"locationInScheduleDay":27240,"longitude":-122.5791055,"blockID":7250,"offRoute":false,"nextLocID":7983,"vehicleID":2242,"signMessage":"72 Swan Island","extraTripID":null,"nextStopSeq":9,"routeNumber":72,"vehicleLoad":"unknown","bearing":359,"lastStopSeq":8,"inCongestion":false,"delay":-84,"latitude":45.4568994},{"tripID":4418198,"serviceDate":1395730800000,"direction":1,"garage":"POWELL","type":"bus","lastLocID":8024,"messageCode":760,"time":1395758135026,"expires":1395758552000,"signMessageLong":"72  Killingsworth/82nd to Clackamas TC","extraBlockID":null,"locationInScheduleDay":27311,"longitude":-122.5787454,"blockID":7246,"offRoute":false,"nextLocID":13707,"vehicleID":2296,"signMessage":"72 Clackamas TC","extraTripID":null,"nextStopSeq":84,"routeNumber":72,"vehicleLoad":"unknown","bearing":180,"lastStopSeq":83,"inCongestion":false,"delay":-21,"latitude":45.4966585},{"tripID":4419093,"serviceDate":1395730800000,"direction":0,"garage":"POWELL","type":"bus","lastLocID":8484,"messageCode":809,"time":1395758138259,"expires":1395758556000,"signMessageLong":"77  Broadway/Halsey to Troutdale","extraBlockID":null,"locationInScheduleDay":27336,"longitude":-122.7069049,"blockID":7737,"offRoute":false,"nextLocID":8385,"vehicleID":2285,"signMessage":"77 To Troutdale","extraTripID":null,"nextStopSeq":2,"routeNumber":77,"vehicleLoad":"unknown","bearing":178,"lastStopSeq":1,"inCongestion":false,"delay":0,"latitude":45.5370429},{"tripID":4417869,"serviceDate":1395730800000,"direction":0,"garage":"POWELL","type":"bus","lastLocID":2161,"messageCode":766,"time":1395758126233,"expires":1395758544000,"signMessageLong":"72  Killingsworth/82nd to Swan Island-Anchor St","extraBlockID":null,"locationInScheduleDay":26479,"longitude":-122.7021093,"blockID":7244,"offRoute":false,"nextLocID":115,"vehicleID":2276,"signMessage":"72 Swan Island","extraTripID":null,"nextStopSeq":108,"routeNumber":72,"vehicleLoad":"unknown","bearing":307,"lastStopSeq":107,"inCongestion":false,"delay":-65,"latitude":45.5573054},{"tripID":4411567,"serviceDate":1395730800000,"direction":1,"garage":"POWELL","type":"bus","lastLocID":1793,"messageCode":268,"time":1395758126228,"expires":1395758544000,"signMessageLong":"14  Hawthorne to Portland","extraBlockID":null,"locationInScheduleDay":27391,"longitude":-122.6106183,"blockID":1439,"offRoute":false,"nextLocID":7656,"vehicleID":2275,"signMessage":"14 To Portland","extraTripID":null,"nextStopSeq":18,"routeNumber":14,"vehicleLoad":"unknown","bearing":313,"lastStopSeq":17,"inCongestion":false,"delay":67,"latitude":45.4967511},{"tripID":4417318,"serviceDate":1395730800000,"direction":1,"garage":"CENTER","type":"bus","lastLocID":6580,"messageCode":790,"time":1395758140838,"expires":1395758559000,"signMessageLong":"70  12th Ave to Milwaukie via 13th & Tacoma","extraBlockID":null,"locationInScheduleDay":27339,"longitude":-122.6535957,"blockID":7005,"offRoute":false,"nextLocID":6577,"vehicleID":2132,"signMessage":"70 To Milw via 13","extraTripID":null,"nextStopSeq":47,"routeNumber":70,"vehicleLoad":"unknown","bearing":180,"lastStopSeq":46,"inCongestion":false,"delay":0,"latitude":45.5259032},{"tripID":4413880,"serviceDate":1395730800000,"direction":1,"garage":"CENTER","type":"bus","lastLocID":3858,"messageCode":454,"time":1395758128867,"expires":1395758546000,"signMessageLong":"31E Portland Express","extraBlockID":null,"locationInScheduleDay":27074,"longitude":-122.6605216,"blockID":3002,"offRoute":false,"nextLocID":2171,"vehicleID":2134,"signMessage":"31E Portland Express","extraTripID":null,"nextStopSeq":3,"routeNumber":31,"vehicleLoad":"unknown","bearing":350,"lastStopSeq":2,"inCongestion":false,"delay":-252,"latitude":45.5009745},{"tripID":4417166,"serviceDate":1395730800000,"direction":0,"garage":"CENTER","type":"bus","lastLocID":7365,"messageCode":783,"time":1395758078103,"expires":1395758496000,"signMessageLong":"70  33rd Ave to NE Sunderland","extraBlockID":null,"locationInScheduleDay":26969,"longitude":-122.6307054,"blockID":7006,"offRoute":false,"nextLocID":7385,"vehicleID":2150,"signMessage":"70 To Sunderlnd","extraTripID":null,"nextStopSeq":48,"routeNumber":70,"vehicleLoad":"unknown","bearing":359,"lastStopSeq":47,"inCongestion":false,"delay":-307,"latitude":45.5421887},{"tripID":4417170,"serviceDate":1395730800000,"direction":0,"garage":"CENTER","type":"bus","lastLocID":13477,"messageCode":781,"time":1395758126044,"expires":1395758544000,"signMessageLong":"70  12th/NE 33rd Ave to NE Sunderland via 17th & Tacoma","extraBlockID":null,"locationInScheduleDay":27324,"longitude":-122.6407309,"blockID":7008,"offRoute":false,"nextLocID":8225,"vehicleID":2506,"signMessage":"70 To Sunderland via 17th","extraTripID":null,"nextStopSeq":2,"routeNumber":70,"vehicleLoad":"unknown","bearing":81,"lastStopSeq":1,"inCongestion":false,"delay":0,"latitude":45.4448667},{"tripID":4418197,"serviceDate":1395730800000,"direction":1,"garage":"POWELL","type":"bus","lastLocID":8013,"messageCode":760,"time":1395758140945,"expires":1395758559000,"signMessageLong":"72  Killingsworth/82nd to Clackamas TC","extraBlockID":null,"locationInScheduleDay":27348,"longitude":-122.5790573,"blockID":7238,"offRoute":false,"nextLocID":7963,"vehicleID":2527,"signMessage":"72 Clackamas TC","extraTripID":null,"nextStopSeq":97,"routeNumber":72,"vehicleLoad":"unknown","bearing":179,"lastStopSeq":96,"inCongestion":false,"delay":9,"latitude":45.4696761},{"tripID":4417165,"serviceDate":1395730800000,"direction":0,"garage":"CENTER","type":"bus","lastLocID":13040,"messageCode":783,"time":1395758135001,"expires":1395758552000,"signMessageLong":"70  33rd Ave to NE Sunderland","extraBlockID":null,"locationInScheduleDay":26820,"longitude":-122.6357648,"blockID":7002,"offRoute":false,"nextLocID":9368,"vehicleID":2524,"signMessage":"70 To Sunderlnd","extraTripID":null,"nextStopSeq":83,"routeNumber":70,"vehicleLoad":"unknown","bearing":180,"lastStopSeq":82,"inCongestion":false,"delay":0,"latitude":45.5898735},{"tripID":4419230,"serviceDate":1395730800000,"direction":1,"garage":"CENTER","type":"bus","lastLocID":9481,"messageCode":813,"time":1395758123628,"expires":1395758540000,"signMessageLong":"77  Broadway/Halsey to Montgomery Park","extraBlockID":null,"locationInScheduleDay":27320,"longitude":-122.3982117,"blockID":7701,"offRoute":false,"nextLocID":9471,"vehicleID":2512,"signMessage":"77 Montgomry Pk","extraTripID":null,"nextStopSeq":2,"routeNumber":77,"vehicleLoad":"unknown","bearing":85,"lastStopSeq":1,"inCongestion":false,"delay":0,"latitude":45.5443612},{"tripID":4417872,"serviceDate":1395730800000,"direction":0,"garage":"POWELL","type":"bus","lastLocID":3210,"messageCode":768,"time":1395758138167,"expires":1395758555000,"signMessageLong":"72  Killingsworth/82nd to Swan Island-Shipyards","extraBlockID":null,"locationInScheduleDay":27238,"longitude":-122.6006361,"blockID":7239,"offRoute":false,"nextLocID":3209,"vehicleID":2540,"signMessage":"72 Swan Island","extraTripID":null,"nextStopSeq":69,"routeNumber":72,"vehicleLoad":"unknown","bearing":270,"lastStopSeq":68,"inCongestion":false,"delay":-97,"latitude":45.5627549},{"tripID":4418199,"serviceDate":1395730800000,"direction":1,"garage":"POWELL","type":"bus","lastLocID":7973,"messageCode":760,"time":1395758128934,"expires":1395758546000,"signMessageLong":"72  Killingsworth/82nd to Clackamas TC","extraBlockID":null,"locationInScheduleDay":27321,"longitude":-122.5790678,"blockID":7240,"offRoute":false,"nextLocID":7956,"vehicleID":2533,"signMessage":"72 Clackamas TC","extraTripID":null,"nextStopSeq":69,"routeNumber":72,"vehicleLoad":"unknown","bearing":180,"lastStopSeq":68,"inCongestion":false,"delay":-5,"latitude":45.5256505},{"tripID":4417874,"serviceDate":1395730800000,"direction":0,"garage":"POWELL","type":"bus","lastLocID":8037,"messageCode":768,"time":1395758135122,"expires":1395758553000,"signMessageLong":"72  Killingsworth/82nd to Swan Island-Shipyards","extraBlockID":null,"locationInScheduleDay":27312,"longitude":-122.5789112,"blockID":7249,"offRoute":false,"nextLocID":8065,"vehicleID":2558,"signMessage":"72 Swan Island","extraTripID":null,"nextStopSeq":38,"routeNumber":72,"vehicleLoad":"unknown","bearing":357,"lastStopSeq":37,"inCongestion":false,"delay":-21,"latitude":45.5159364},{"tripID":4418196,"serviceDate":1395730800000,"direction":1,"garage":"POWELL","type":"bus","lastLocID":7942,"messageCode":760,"time":1395758141112,"expires":1395758559000,"signMessageLong":"72  Killingsworth/82nd to Clackamas TC","extraBlockID":null,"locationInScheduleDay":27337,"longitude":-122.5789283,"blockID":7236,"offRoute":false,"nextLocID":12921,"vehicleID":2552,"signMessage":"72 Clackamas TC","extraTripID":null,"nextStopSeq":110,"routeNumber":72,"vehicleLoad":"unknown","bearing":180,"lastStopSeq":109,"inCongestion":false,"delay":-2,"latitude":45.4415529},{"tripID":4418203,"serviceDate":1395730800000,"direction":1,"garage":"POWELL","type":"bus","lastLocID":3165,"messageCode":760,"time":1395758135145,"expires":1395758552000,"signMessageLong":"72  Killingsworth/82nd to Clackamas TC","extraBlockID":null,"locationInScheduleDay":27336,"longitude":-122.6623531,"blockID":7242,"offRoute":false,"nextLocID":5927,"vehicleID":2548,"signMessage":"72 Clackamas TC","extraTripID":null,"nextStopSeq":20,"routeNumber":72,"vehicleLoad":"unknown","bearing":87,"lastStopSeq":19,"inCongestion":false,"delay":4,"latitude":45.5627386},{"tripID":4411569,"serviceDate":1395730800000,"direction":1,"garage":"POWELL","type":"bus","lastLocID":1831,"messageCode":268,"time":1395758129059,"expires":1395758546000,"signMessageLong":"14  Hawthorne to Portland","extraBlockID":null,"locationInScheduleDay":27543,"longitude":-122.5664615,"blockID":1440,"offRoute":false,"nextLocID":13236,"vehicleID":2308,"signMessage":"14 To Portland","extraTripID":null,"nextStopSeq":2,"routeNumber":14,"vehicleLoad":"unknown","bearing":291,"lastStopSeq":1,"inCongestion":false,"delay":217,"latitude":45.4792225},{"tripID":4411315,"serviceDate":1395730800000,"direction":0,"garage":"POWELL","type":"bus","lastLocID":1812,"messageCode":266,"time":1395758135091,"expires":1395758552000,"signMessageLong":"14  Hawthorne to 94th & Foster","extraBlockID":null,"locationInScheduleDay":27407,"longitude":-122.5851834,"blockID":1435,"offRoute":false,"nextLocID":1814,"vehicleID":2316,"signMessage":"14 To 94-Foster","extraTripID":null,"nextStopSeq":40,"routeNumber":14,"vehicleLoad":"unknown","bearing":115,"lastStopSeq":39,"inCongestion":false,"delay":75,"latitude":45.4851491},{"tripID":4419231,"serviceDate":1395730800000,"direction":1,"garage":"CENTER","type":"bus","lastLocID":9481,"messageCode":813,"time":1395758132695,"expires":1395758551000,"signMessageLong":"77  Broadway/Halsey to Montgomery Park","extraBlockID":null,"locationInScheduleDay":27331,"longitude":-122.3982117,"blockID":7705,"offRoute":false,"nextLocID":9471,"vehicleID":2720,"signMessage":"77 Montgomry Pk","extraTripID":null,"nextStopSeq":2,"routeNumber":77,"vehicleLoad":"unknown","bearing":85,"lastStopSeq":1,"inCongestion":false,"delay":0,"latitude":45.5443612},{"tripID":4411563,"serviceDate":1395730800000,"direction":1,"garage":"CENTER","type":"bus","lastLocID":11956,"messageCode":267,"time":1395758140934,"expires":1395758560000,"signMessageLong":"14  Downtown Only","extraBlockID":null,"locationInScheduleDay":27158,"longitude":-122.6769474,"blockID":1404,"offRoute":false,"nextLocID":13169,"vehicleID":2718,"signMessage":"14 Downtown Only","extraTripID":null,"nextStopSeq":44,"routeNumber":14,"vehicleLoad":"unknown","bearing":290,"lastStopSeq":43,"inCongestion":false,"delay":-182,"latitude":45.5155804},{"tripID":4413881,"serviceDate":1395730800000,"direction":1,"garage":"CENTER","type":"bus","lastLocID":8223,"messageCode":466,"time":1395758138149,"expires":1395758556000,"signMessageLong":"31  Portland","extraBlockID":null,"locationInScheduleDay":27313,"longitude":-122.6416747,"blockID":3101,"offRoute":false,"nextLocID":3672,"vehicleID":2714,"signMessage":"31 To Portland","extraTripID":null,"nextStopSeq":26,"routeNumber":31,"vehicleLoad":"unknown","bearing":350,"lastStopSeq":25,"inCongestion":false,"delay":-23,"latitude":45.4456029},{"tripID":4417320,"serviceDate":1395730800000,"direction":1,"garage":"CENTER","type":"bus","lastLocID":8507,"messageCode":788,"time":1395758134970,"expires":1395758552000,"signMessageLong":"70  12th/NE 33rd Ave to Milwaukie","extraBlockID":null,"locationInScheduleDay":27303,"longitude":-122.6387636,"blockID":7007,"offRoute":false,"nextLocID":8500,"vehicleID":2709,"signMessage":"70 To Milwaukie","extraTripID":null,"nextStopSeq":11,"routeNumber":70,"vehicleLoad":"unknown","bearing":107,"lastStopSeq":10,"inCongestion":false,"delay":-29,"latitude":45.5753989},{"tripID":4417168,"serviceDate":1395730800000,"direction":0,"garage":"CENTER","type":"bus","lastLocID":6882,"messageCode":780,"time":1395758126027,"expires":1395758544000,"signMessageLong":"70  12th/NE 33rd Ave to NE Sunderland","extraBlockID":null,"locationInScheduleDay":27211,"longitude":-122.6483694,"blockID":7001,"offRoute":false,"nextLocID":6893,"vehicleID":2704,"signMessage":"70 To Sunderlnd","extraTripID":null,"nextStopSeq":18,"routeNumber":70,"vehicleLoad":"unknown","bearing":0,"lastStopSeq":17,"inCongestion":false,"delay":-113,"latitude":45.4858383},{"tripID":4417317,"serviceDate":1395730800000,"direction":1,"garage":"CENTER","type":"bus","lastLocID":6846,"messageCode":789,"time":1395758140922,"expires":1395758559000,"signMessageLong":"70  12th Ave to Milwaukie via 17th & Tacoma","extraBlockID":null,"locationInScheduleDay":27246,"longitude":-122.6483712,"blockID":7003,"offRoute":false,"nextLocID":6862,"vehicleID":2705,"signMessage":"70 To Milw via 17","extraTripID":null,"nextStopSeq":65,"routeNumber":70,"vehicleLoad":"unknown","bearing":180,"lastStopSeq":64,"inCongestion":false,"delay":-93,"latitude":45.485453},{"tripID":4417167,"serviceDate":1395730800000,"direction":0,"garage":"CENTER","type":"bus","lastLocID":8513,"messageCode":783,"time":1395758138141,"expires":1395758555000,"signMessageLong":"70  33rd Ave to NE Sunderland","extraBlockID":null,"locationInScheduleDay":27480,"longitude":-122.6545979,"blockID":7004,"offRoute":false,"nextLocID":8938,"vehicleID":2701,"signMessage":"70 To Sunderlnd","extraTripID":null,"nextStopSeq":37,"routeNumber":70,"vehicleLoad":"unknown","bearing":0,"lastStopSeq":36,"inCongestion":false,"delay":145,"latitude":45.5298956},{"tripID":4419225,"serviceDate":1395730800000,"direction":1,"garage":"CENTER","type":"bus","lastLocID":8481,"messageCode":813,"time":1395758126301,"expires":1395758544000,"signMessageLong":"77  Broadway/Halsey to Montgomery Park","extraBlockID":null,"locationInScheduleDay":27217,"longitude":-122.710675,"blockID":7704,"offRoute":false,"nextLocID":8482,"vehicleID":2614,"signMessage":"77 Montgomry Pk","extraTripID":null,"nextStopSeq":106,"routeNumber":77,"vehicleLoad":"unknown","bearing":46,"lastStopSeq":105,"inCongestion":false,"delay":-107,"latitude":45.5385515},{"tripID":4411564,"serviceDate":1395730800000,"direction":1,"garage":"CENTER","type":"bus","lastLocID":3633,"messageCode":268,"time":1395758132875,"expires":1395758550000,"signMessageLong":"14  Hawthorne to Portland","extraBlockID":null,"locationInScheduleDay":27382,"longitude":-122.6630753,"blockID":1401,"offRoute":false,"nextLocID":2642,"vehicleID":2608,"signMessage":"14 To Portland","extraTripID":null,"nextStopSeq":42,"routeNumber":14,"vehicleLoad":"unknown","bearing":270,"lastStopSeq":41,"inCongestion":false,"delay":52,"latitude":45.5129477},{"tripID":4417169,"serviceDate":1395730800000,"direction":0,"garage":"CENTER","type":"bus","lastLocID":6871,"messageCode":782,"time":1395758135041,"expires":1395758553000,"signMessageLong":"70  12th/NE 33rd Ave to NE Sunderland via 13th & Tacoma","extraBlockID":null,"locationInScheduleDay":27257,"longitude":-122.6444662,"blockID":7010,"offRoute":false,"nextLocID":6901,"vehicleID":2623,"signMessage":"70 To Sunderland via 13th","extraTripID":null,"nextStopSeq":4,"routeNumber":70,"vehicleLoad":"unknown","bearing":341,"lastStopSeq":3,"inCongestion":false,"delay":-76,"latitude":45.4498078},{"tripID":4419229,"serviceDate":1395730800000,"direction":1,"garage":"CENTER","type":"bus","lastLocID":2406,"messageCode":813,"time":1395758060233,"expires":1395758477000,"signMessageLong":"77  Broadway/Halsey to Montgomery Park","extraBlockID":null,"locationInScheduleDay":27286,"longitude":-122.4717739,"blockID":7707,"offRoute":false,"nextLocID":8860,"vehicleID":2653,"signMessage":"77 Montgomry Pk","extraTripID":null,"nextStopSeq":22,"routeNumber":77,"vehicleLoad":"unknown","bearing":270,"lastStopSeq":21,"inCongestion":false,"delay":29,"latitude":45.5336732},{"tripID":4417319,"serviceDate":1395730800000,"direction":1,"garage":"CENTER","type":"bus","lastLocID":7377,"messageCode":788,"time":1395758138250,"expires":1395758555000,"signMessageLong":"70  12th/NE 33rd Ave to Milwaukie","extraBlockID":null,"locationInScheduleDay":27352,"longitude":-122.6306824,"blockID":7009,"offRoute":false,"nextLocID":644,"vehicleID":2626,"signMessage":"70 To Milwaukie","extraTripID":null,"nextStopSeq":32,"routeNumber":70,"vehicleLoad":"unknown","bearing":179,"lastStopSeq":31,"inCongestion":false,"delay":17,"latitude":45.5351907},{"tripID":4419228,"serviceDate":1395730800000,"direction":1,"garage":"CENTER","type":"bus","lastLocID":6225,"messageCode":813,"time":1395758141027,"expires":1395758560000,"signMessageLong":"77  Broadway/Halsey to Montgomery Park","extraBlockID":null,"locationInScheduleDay":27070,"longitude":-122.5508619,"blockID":7703,"offRoute":false,"nextLocID":6224,"vehicleID":2630,"signMessage":"77 Montgomry Pk","extraTripID":null,"nextStopSeq":44,"routeNumber":77,"vehicleLoad":"unknown","bearing":270,"lastStopSeq":43,"inCongestion":false,"delay":-270,"latitude":45.5341533},{"tripID":4419090,"serviceDate":1395730800000,"direction":0,"garage":"CENTER","type":"bus","lastLocID":7999,"messageCode":809,"time":1395758105188,"expires":1395758522000,"signMessageLong":"77  Broadway/Halsey to Troutdale","extraBlockID":null,"locationInScheduleDay":27263,"longitude":-122.5775223,"blockID":7706,"offRoute":false,"nextLocID":2456,"vehicleID":2632,"signMessage":"77 To Troutdale","extraTripID":null,"nextStopSeq":53,"routeNumber":77,"vehicleLoad":"unknown","bearing":106,"lastStopSeq":52,"inCongestion":false,"delay":-39,"latitude":45.5335818},{"tripID":4417870,"serviceDate":1395730800000,"direction":0,"garage":"POWELL","type":"bus","lastLocID":3315,"messageCode":768,"time":1395758132620,"expires":1395758548000,"signMessageLong":"72  Killingsworth/82nd to Swan Island-Shipyards","extraBlockID":null,"locationInScheduleDay":27420,"longitude":-122.7026464,"blockID":7237,"offRoute":false,"nextLocID":3316,"vehicleID":3004,"signMessage":"72 Swan Island","extraTripID":null,"nextStopSeq":109,"routeNumber":72,"vehicleLoad":"unknown","bearing":307,"lastStopSeq":108,"inCongestion":false,"delay":92,"latitude":45.5575955},{"tripID":4417878,"serviceDate":1395730800000,"direction":0,"garage":"POWELL","type":"bus","lastLocID":12922,"messageCode":766,"time":1395758125994,"expires":1395758544000,"signMessageLong":"72  Killingsworth/82nd to Swan Island-Anchor St","extraBlockID":null,"locationInScheduleDay":27314,"longitude":-122.5789982,"blockID":7251,"offRoute":false,"nextLocID":7941,"vehicleID":3003,"signMessage":"72 Swan Island","extraTripID":null,"nextStopSeq":3,"routeNumber":72,"vehicleLoad":"unknown","bearing":1,"lastStopSeq":2,"inCongestion":false,"delay":-10,"latitude":45.4384014},{"tripID":4417873,"serviceDate":1395730800000,"direction":0,"garage":"POWELL","type":"bus","lastLocID":8039,"messageCode":766,"time":1395758132661,"expires":1395758548000,"signMessageLong":"72  Killingsworth/82nd to Swan Island-Anchor St","extraBlockID":null,"locationInScheduleDay":27455,"longitude":-122.5786589,"blockID":7241,"offRoute":false,"nextLocID":8026,"vehicleID":3048,"signMessage":"72 Swan Island","extraTripID":null,"nextStopSeq":59,"routeNumber":72,"vehicleLoad":"unknown","bearing":0,"lastStopSeq":58,"inCongestion":false,"delay":127,"latitude":45.5538929},{"tripID":4418201,"serviceDate":1395730800000,"direction":1,"garage":"POWELL","type":"bus","lastLocID":10600,"messageCode":760,"time":1395758144170,"expires":1395758561000,"signMessageLong":"72  Killingsworth/82nd to Clackamas TC","extraBlockID":null,"locationInScheduleDay":27380,"longitude":-122.5923016,"blockID":7235,"offRoute":false,"nextLocID":3211,"vehicleID":3053,"signMessage":"72 Clackamas TC","extraTripID":null,"nextStopSeq":49,"routeNumber":72,"vehicleLoad":"unknown","bearing":90,"lastStopSeq":48,"inCongestion":false,"delay":39,"latitude":45.5627066},{"tripID":4417871,"serviceDate":1395730800000,"direction":0,"garage":"POWELL","type":"bus","lastLocID":5890,"messageCode":766,"time":1395758134983,"expires":1395758553000,"signMessageLong":"72  Killingsworth/82nd to Swan Island-Anchor St","extraBlockID":null,"locationInScheduleDay":27426,"longitude":-122.6613738,"blockID":7245,"offRoute":false,"nextLocID":10957,"vehicleID":3052,"signMessage":"72 Swan Island","extraTripID":null,"nextStopSeq":93,"routeNumber":72,"vehicleLoad":"unknown","bearing":0,"lastStopSeq":92,"inCongestion":false,"delay":93,"latitude":45.562618},{"tripID":4417875,"serviceDate":1395730800000,"direction":0,"garage":"POWELL","type":"bus","lastLocID":7984,"messageCode":766,"time":1395758132672,"expires":1395758548000,"signMessageLong":"72  Killingsworth/82nd to Swan Island-Anchor St","extraBlockID":null,"locationInScheduleDay":27379,"longitude":-122.5788044,"blockID":7234,"offRoute":false,"nextLocID":7935,"vehicleID":3054,"signMessage":"72 Swan Island","extraTripID":null,"nextStopSeq":26,"routeNumber":72,"vehicleLoad":"unknown","bearing":0,"lastStopSeq":25,"inCongestion":false,"delay":51,"latitude":45.4922172},{"tripID":4419091,"serviceDate":1395730800000,"direction":0,"garage":"POWELL","type":"bus","lastLocID":6239,"messageCode":809,"time":1395758138163,"expires":1395758556000,"signMessageLong":"77  Broadway/Halsey to Troutdale","extraBlockID":null,"locationInScheduleDay":27226,"longitude":-122.6410367,"blockID":7734,"offRoute":false,"nextLocID":636,"vehicleID":3046,"signMessage":"77 To Troutdale","extraTripID":null,"nextStopSeq":29,"routeNumber":77,"vehicleLoad":"unknown","bearing":68,"lastStopSeq":28,"inCongestion":false,"delay":-110,"latitude":45.5350765},{"tripID":4419226,"serviceDate":1395730800000,"direction":1,"garage":"POWELL","type":"bus","lastLocID":2592,"messageCode":813,"time":1395758132654,"expires":1395758550000,"signMessageLong":"77  Broadway/Halsey to Montgomery Park","extraBlockID":null,"locationInScheduleDay":27240,"longitude":-122.66644,"blockID":7738,"offRoute":false,"nextLocID":9311,"vehicleID":3035,"signMessage":"77 Montgomry Pk","extraTripID":null,"nextStopSeq":87,"routeNumber":77,"vehicleLoad":"unknown","bearing":218,"lastStopSeq":86,"inCongestion":false,"delay":-90,"latitude":45.5299851},{"tripID":4411570,"serviceDate":1395730800000,"direction":1,"garage":"POWELL","type":"bus","lastLocID":1831,"messageCode":268,"time":1395758140892,"expires":1395758558000,"signMessageLong":"14  Hawthorne to Portland","extraBlockID":null,"locationInScheduleDay":27338,"longitude":-122.5662917,"blockID":1434,"offRoute":false,"nextLocID":13236,"vehicleID":3027,"signMessage":"14 To Portland","extraTripID":null,"nextStopSeq":2,"routeNumber":14,"vehicleLoad":"unknown","bearing":291,"lastStopSeq":1,"inCongestion":false,"delay":0,"latitude":45.4791765},{"tripID":4419227,"serviceDate":1395730800000,"direction":1,"garage":"CENTER","type":"bus","lastLocID":7484,"messageCode":813,"time":1395758132718,"expires":1395758550000,"signMessageLong":"77  Broadway/Halsey to Montgomery Park","extraBlockID":null,"locationInScheduleDay":27283,"longitude":-122.6231055,"blockID":7702,"offRoute":false,"nextLocID":649,"vehicleID":2005,"signMessage":"77 Montgomry Pk","extraTripID":null,"nextStopSeq":70,"routeNumber":77,"vehicleLoad":"unknown","bearing":269,"lastStopSeq":69,"inCongestion":false,"delay":-47,"latitude":45.5351491},{"tripID":4411568,"serviceDate":1395730800000,"direction":1,"garage":"CENTER","type":"bus","lastLocID":1815,"messageCode":268,"time":1395758138176,"expires":1395758555000,"signMessageLong":"14  Hawthorne to Portland","extraBlockID":null,"locationInScheduleDay":27328,"longitude":-122.5846868,"blockID":1402,"offRoute":false,"nextLocID":12948,"vehicleID":2014,"signMessage":"14 To Portland","extraTripID":null,"nextStopSeq":8,"routeNumber":14,"vehicleLoad":"unknown","bearing":295,"lastStopSeq":7,"inCongestion":false,"delay":-7,"latitude":45.4849814}],"queryTime":1395758148919}}
