{"resultSet":{"vehicle":[{"tripID":4411566,"serviceDate":1395730800000,"direction":1,"garage":"POWELL","type":"bus","lastLocID":11956,"messageCode":267,"time":1395759500202,"expires":1395759916000,"signMessageLong":"14  Downtown Only","extraBlockID":null,"locationInScheduleDay":28652,"longitude":-122.677423,"blockID":1436,"offRoute":false,"nextLocID":13169,"vehicleID":2206,"signMessage":"14 Downtown Only","extraTripID":null,"nextStopSeq":44,"routeNumber":14,"vehicleLoad":"unknown","bearing":309,"lastStopSeq":43,"inCongestion":false,"delay":-44,"latitude":45.5157581},{"tripID":4419089,"serviceDate":1395730800000,"direction":0,"garage":"POWELL","type":"bus","lastLocID":9472,"messageCode":809,"time":1395759511971,"expires":1395759931000,"signMessageLong":"77  Broadway/Halsey to Troutdale","extraBlockID":null,"locationInScheduleDay":28128,"longitude":-122.3993762,"blockID":7735,"offRoute":false,"nextLocID":9481,"vehicleID":2222,"signMessage":"77 To Troutdale","extraTripID":null,"nextStopSeq":102,"routeNumber":77,"vehicleLoad":"unknown","bearing":79,"lastStopSeq":101,"inCongestion":false,"delay":0,"latitude":45.5442656},{"tripID":4419092,"serviceDate":1395730800000,"direction":0,"garage":"POWELL","type":"bus","lastLocID":10870,"messageCode":809,"time":1395759500214,"expires":1395759919000,"signMessageLong":"77  Broadway/Halsey to Troutdale","extraBlockID":null,"locationInScheduleDay":28641,"longitude":-122.62031,"blockID":7736,"offRoute":false,"nextLocID":7509,"vehicleID":2221,"signMessage":"77 To Troutdale","extraTripID":null,"nextStopSeq":36,"routeNumber":77,"vehicleLoad":"unknown","bearing":359,"lastStopSeq":35,"inCongestion":false,"delay":-58,"latitude":45.5343152},{"tripID":4411318,"serviceDate":1395730800000,"direction":0,"garage":"POWELL","type":"bus","lastLocID":2594,"messageCode":266,"time":1395759523227,"expires":1395759934000,"signMessageLong":"14  Hawthorne to 94th & Foster","extraBlockID":null,"locationInScheduleDay":28725,"longitude":-122.6584163,"blockID":1438,"offRoute":false,"nextLocID":2597,"vehicleID":2220,"signMessage":"14 To 94-Foster","extraTripID":null,"nextStopSeq":5,"routeNumber":14,"vehicleLoad":"unknown","bearing":90,"lastStopSeq":4,"inCongestion":false,"delay":11,"latitude":45.5122365},{"tripID":4418202,"serviceDate":1395730800000,"direction":1,"garage":"POWELL","type":"bus","lastLocID":8000,"messageCode":760,"time":1395759500222,"expires":1395759919000,"signMessageLong":"72  Killingsworth/82nd to Clackamas TC","extraBlockID":null,"locationInScheduleDay":28699,"longitude":-122.5791014,"blockID":7248,"offRoute":false,"nextLocID":7978,"vehicleID":2215,"signMessage":"72 Clackamas TC","extraTripID":null,"nextStopSeq":66,"routeNumber":72,"vehicleLoad":"unknown","bearing":180,"lastStopSeq":65,"inCongestion":false,"delay":0,"latitude":45.5334929},{"tripID":4411575,"serviceDate":1395730800000,"direction":1,"garage":"POWELL","type":"bus","lastLocID":1829,"messageCode":null,"time":1395759504000,"expires":1395759924000,"signMessageLong":null,"extraBlockID":null,"locationInScheduleDay":null,"longitude":-122.568517,"blockID":1437,"offRoute":false,"nextLocID":1826,"vehicleID":2264,"signMessage":null,"extraTripID":null,"nextStopSeq":null,"routeNumber":14,"vehicleLoad":"unknown","bearing":null,"lastStopSeq":null,"inCongestion":false,"delay":1378,"latitude":45.494267},{"tripID":4418200,"serviceDate":1395730800000,"direction":1,"garage":"POWELL","type":"bus","lastLocID":7965,"messageCode":760,"time":1395759523351,"expires":1395759935000,"signMessageLong":"72  Killingsworth/82nd to Clackamas TC","extraBlockID":null,"locationInScheduleDay":28646,"longitude":-122.5789596,"blockID":7247,"offRoute":false,"nextLocID":8028,"vehicleID":2250,"signMessage":"72 Clackamas TC","extraTripID":null,"nextStopSeq":91,"routeNumber":72,"vehicleLoad":"unknown","bearing":180,"lastStopSeq":90,"inCongestion":false,"delay":-69,"latitude":45.4834164},{"tripID":4417876,"serviceDate":1395730800000,"direction":0,"garage":"POWELL","type":"bus","lastLocID":7987,"messageCode":766,"time":1395759500275,"expires":1395759919000,"signMessageLong":"72  Killingsworth/82nd to Swan Island-Anchor St","extraBlockID":null,"locationInScheduleDay":28684,"longitude":-122.5790395,"blockID":7250,"offRoute":false,"nextLocID":8010,"vehicleID":2242,"signMessage":"72 Swan Island","extraTripID":null,"nextStopSeq":47,"routeNumber":72,"vehicleLoad":"unknown","bearing":359,"lastStopSeq":46,"inCongestion":false,"delay":-15,"latitude":45.5310397},{"tripID":4418198,"serviceDate":1395730800000,"direction":1,"garage":"POWELL","type":"bus","lastLocID":12921,"messageCode":760,"time":1395759395321,"expires":1395759811000,"signMessageLong":"72  Killingsworth/82nd to Clackamas TC","extraBlockID":null,"locationInScheduleDay":28557,"longitude":-122.5682645,"blockID":7246,"offRoute":false,"nextLocID":13247,"vehicleID":2296,"signMessage":"72 Clackamas TC","extraTripID":null,"nextStopSeq":111,"routeNumber":72,"vehicleLoad":"unknown","bearing":82,"lastStopSeq":110,"inCongestion":false,"delay":0,"latitude":45.4355895},{"tripID":4419093,"serviceDate":1395730800000,"direction":0,"garage":"POWELL","type":"bus","lastLocID":13708,"messageCode":809,"time":1395759515182,"expires":1395759933000,"signMessageLong":"77  Broadway/Halsey to Troutdale","extraBlockID":null,"locationInScheduleDay":28819,"longitude":-122.6619157,"blockID":7737,"offRoute":false,"nextLocID":4042,"vehicleID":2285,"signMessage":"77 To Troutdale","extraTripID":null,"nextStopSeq":21,"routeNumber":77,"vehicleLoad":"unknown","bearing":87,"lastStopSeq":20,"inCongestion":false,"delay":106,"latitude":45.5315135},{"tripID":4418205,"serviceDate":1395730800000,"direction":1,"garage":"POWELL","type":"bus","lastLocID":3165,"messageCode":760,"time":1395759503187,"expires":1395759922000,"signMessageLong":"72  Killingsworth/82nd to Clackamas TC","extraBlockID":null,"locationInScheduleDay":28827,"longitude":-122.6630681,"blockID":7252,"offRoute":false,"nextLocID":5927,"vehicleID":2283,"signMessage":"72 Clackamas TC","extraTripID":null,"nextStopSeq":20,"routeNumber":72,"vehicleLoad":"unknown","bearing":90,"lastStopSeq":19,"inCongestion":false,"delay":125,"latitude":45.5627417},{"tripID":4418204,"serviceDate":1395730800000,"direction":1,"garage":"POWELL","type":"bus","lastLocID":3198,"messageCode":760,"time":1395759470371,"expires":1395759888000,"signMessageLong":"72  Killingsworth/82nd to Clackamas TC","extraBlockID":null,"locationInScheduleDay":28743,"longitude":-122.6208215,"blockID":7244,"offRoute":false,"nextLocID":3199,"vehicleID":2276,"signMessage":"72 Clackamas TC","extraTripID":null,"nextStopSeq":40,"routeNumber":72,"vehicleLoad":"unknown","bearing":89,"lastStopSeq":39,"inCongestion":false,"delay":75,"latitude":45.5628092},{"tripID":4411567,"serviceDate":1395730800000,"direction":1,"garage":"POWELL","type":"bus","lastLocID":3633,"messageCode":268,"time":1395759507635,"expires":1395759923000,"signMessageLong":"14  Hawthorne to Portland","extraBlockID":null,"locationInScheduleDay":28612,"longitude":-122.6606011,"blockID":1439,"offRoute":false,"nextLocID":2642,"vehicleID":2275,"signMessage":"14 To Portland","extraTripID":null,"nextStopSeq":42,"routeNumber":14,"vehicleLoad":"unknown","bearing":270,"lastStopSeq":41,"inCongestion":false,"delay":-91,"latitude":45.5129375},{"tripID":4417318,"serviceDate":1395730800000,"direction":1,"garage":"CENTER","type":"bus","lastLocID":6709,"messageCode":791,"time":1395759502916,"expires":1395759919000,"signMessageLong":"70  To Milwaukie","extraBlockID":null,"locationInScheduleDay":28753,"longitude":-122.6530088,"blockID":7005,"offRoute":false,"nextLocID":5884,"vehicleID":2132,"signMessage":"70 To Milwaukie","extraTripID":null,"nextStopSeq":76,"routeNumber":70,"vehicleLoad":"unknown","bearing":180,"lastStopSeq":75,"inCongestion":false,"delay":54,"latitude":45.4632687},{"tripID":4417166,"serviceDate":1395730800000,"direction":0,"garage":"CENTER","type":"bus","lastLocID":13040,"messageCode":783,"time":1395759500044,"expires":1395759916000,"signMessageLong":"70  33rd Ave to NE Sunderland","extraBlockID":null,"locationInScheduleDay":27900,"longitude":-122.6357648,"blockID":7006,"offRoute":false,"nextLocID":9368,"vehicleID":2150,"signMessage":"70 To Sunderlnd","extraTripID":null,"nextStopSeq":80,"routeNumber":70,"vehicleLoad":"unknown","bearing":180,"lastStopSeq":79,"inCongestion":false,"delay":-16,"latitude":45.5898735},{"tripID":4417170,"serviceDate":1395730800000,"direction":0,"garage":"CENTER","type":"bus","lastLocID":6897,"messageCode":781,"time":1395759500143,"expires":1395759917000,"signMessageLong":"70  12th/NE 33rd Ave to NE Sunderland via 17th & Tacoma","extraBlockID":null,"locationInScheduleDay":28537,"longitude":-122.6470579,"blockID":7008,"offRoute":false,"nextLocID":10302,"vehicleID":2506,"signMessage":"70 To Sunderland via 17th","extraTripID":null,"nextStopSeq":9,"routeNumber":70,"vehicleLoad":"unknown","bearing":359,"lastStopSeq":8,"inCongestion":false,"delay":-160,"latitude":45.4634656},{"tripID":4413800,"serviceDate":1395730800000,"direction":0,"garage":"CENTER","type":"bus","lastLocID":2569,"messageCode":457,"time":1395759515083,"expires":1395759933000,"signMessageLong":"31  Clackamas Town Center, continuing to Estacada","extraBlockID":null,"locationInScheduleDay":28367,"longitude":-122.6379251,"blockID":3102,"offRoute":false,"nextLocID":2572,"vehicleID":2526,"signMessage":"31 To Estacada via Clackamas","extraTripID":null,"nextStopSeq":3,"routeNumber":31,"vehicleLoad":"unknown","bearing":88,"lastStopSeq":2,"inCongestion":false,"delay":-346,"latitude":45.4464144},{"tripID":4417321,"serviceDate":1395730800000,"direction":1,"garage":"CENTER","type":"bus","lastLocID":7363,"messageCode":788,"time":1395759434093,"expires":1395759850000,"signMessageLong":"70  12th/NE 33rd Ave to Milwaukie","extraBlockID":null,"locationInScheduleDay":28473,"longitude":-122.6307025,"blockID":7002,"offRoute":false,"nextLocID":7391,"vehicleID":2524,"signMessage":"70 To Milwaukie","extraTripID":null,"nextStopSeq":21,"routeNumber":70,"vehicleLoad":"unknown","bearing":180,"lastStopSeq":20,"inCongestion":false,"delay":-157,"latitude":45.5555228},{"tripID":4419230,"serviceDate":1395730800000,"direction":1,"garage":"CENTER","type":"bus","lastLocID":2373,"messageCode":813,"time":1395759523088,"expires":1395759934000,"signMessageLong":"77  Broadway/Halsey to Montgomery Park","extraBlockID":null,"locationInScheduleDay":28846,"longitude":-122.5300363,"blockID":7701,"offRoute":false,"nextLocID":2369,"vehicleID":2512,"signMessage":"77 Montgomry Pk","extraTripID":null,"nextStopSeq":37,"routeNumber":77,"vehicleLoad":"unknown","bearing":270,"lastStopSeq":36,"inCongestion":false,"delay":132,"latitude":45.5335306},{"tripID":4417872,"serviceDate":1395730800000,"direction":0,"garage":"POWELL","type":"bus","lastLocID":3161,"messageCode":768,"time":1395759515085,"expires":1395759932000,"signMessageLong":"72  Killingsworth/82nd to Swan Island-Shipyards","extraBlockID":null,"locationInScheduleDay":28673,"longitude":-122.695152,"blockID":7239,"offRoute":false,"nextLocID":3167,"vehicleID":2540,"signMessage":"72 Swan Island","extraTripID":null,"nextStopSeq":104,"routeNumber":72,"vehicleLoad":"unknown","bearing":270,"lastStopSeq":103,"inCongestion":false,"delay":-39,"latitude":45.5627447},{"tripID":4418199,"serviceDate":1395730800000,"direction":1,"garage":"POWELL","type":"bus","lastLocID":8016,"messageCode":760,"time":1395759515086,"expires":1395759933000,"signMessageLong":"72  Killingsworth/82nd to Clackamas TC","extraBlockID":null,"locationInScheduleDay":28630,"longitude":-122.5790436,"blockID":7240,"offRoute":false,"nextLocID":7969,"vehicleID":2533,"signMessage":"72 Clackamas TC","extraTripID":null,"nextStopSeq":106,"routeNumber":72,"vehicleLoad":"unknown","bearing":178,"lastStopSeq":105,"inCongestion":false,"delay":-83,"latitude":45.4503606},{"tripID":4417874,"serviceDate":1395730800000,"direction":0,"garage":"POWELL","type":"bus","lastLocID":3203,"messageCode":768,"time":1395759523655,"expires":1395759939000,"signMessageLong":"72  Killingsworth/82nd to Swan Island-Shipyards","extraBlockID":null,"locationInScheduleDay":28614,"longitude":-122.6142652,"blockID":7249,"offRoute":false,"nextLocID":3201,"vehicleID":2558,"signMessage":"72 Swan Island","extraTripID":null,"nextStopSeq":73,"routeNumber":72,"vehicleLoad":"unknown","bearing":270,"lastStopSeq":72,"inCongestion":false,"delay":-105,"latitude":45.5627832},{"tripID":4417880,"serviceDate":1395730800000,"direction":0,"garage":"POWELL","type":"bus","lastLocID":12922,"messageCode":766,"time":1395759523666,"expires":1395759938000,"signMessageLong":"72  Killingsworth/82nd to Swan Island-Anchor St","extraBlockID":null,"locationInScheduleDay":28722,"longitude":-122.5789308,"blockID":7236,"offRoute":false,"nextLocID":7941,"vehicleID":2552,"signMessage":"72 Swan Island","extraTripID":null,"nextStopSeq":3,"routeNumber":72,"vehicleLoad":"unknown","bearing":0,"lastStopSeq":2,"inCongestion":false,"delay":4,"latitude":45.4402155},{"tripID":4418203,"serviceDate":1395730800000,"direction":1,"garage":"POWELL","type":"bus","lastLocID":8025,"messageCode":760,"time":1395759500383,"expires":1395759919000,"signMessageLong":"72  Killingsworth/82nd to Clackamas TC","extraBlockID":null,"locationInScheduleDay":28714,"longitude":-122.5786405,"blockID":7242,"offRoute":false,"nextLocID":8038,"vehicleID":2548,"signMessage":"72 Clackamas TC","extraTripID":null,"nextStopSeq":55,"routeNumber":72,"vehicleLoad":"unknown","bearing":180,"lastStopSeq":54,"inCongestion":false,"delay":15,"latitude":45.5549956},{"tripID":4411569,"serviceDate":1395730800000,"direction":1,"garage":"POWELL","type":"bus","lastLocID":7658,"messageCode":268,"time":1395759500382,"expires":1395759919000,"signMessageLong":"14  Hawthorne to Portland","extraBlockID":null,"locationInScheduleDay":28761,"longitude":-122.6139296,"blockID":1440,"offRoute":false,"nextLocID":13734,"vehicleID":2308,"signMessage":"14 To Portland","extraTripID":null,"nextStopSeq":25,"routeNumber":14,"vehicleLoad":"unknown","bearing":270,"lastStopSeq":24,"inCongestion":false,"delay":62,"latitude":45.5120271},{"tripID":4417879,"serviceDate":1395730800000,"direction":0,"garage":"POWELL","type":"bus","lastLocID":7960,"messageCode":766,"time":1395759470403,"expires":1395759886000,"signMessageLong":"72  Killingsworth/82nd to Swan Island-Anchor St","extraBlockID":null,"locationInScheduleDay":28689,"longitude":-122.5790962,"blockID":7253,"offRoute":false,"nextLocID":8057,"vehicleID":2318,"signMessage":"72 Swan Island","extraTripID":null,"nextStopSeq":19,"routeNumber":72,"vehicleLoad":"unknown","bearing":0,"lastStopSeq":18,"inCongestion":false,"delay":23,"latitude":45.4757332},{"tripID":4411572,"serviceDate":1395730800000,"direction":1,"garage":"POWELL","type":"bus","lastLocID":1826,"messageCode":268,"time":1395759511989,"expires":1395759931000,"signMessageLong":"14  Hawthorne to Portland","extraBlockID":null,"locationInScheduleDay":28609,"longitude":-122.5724066,"blockID":1435,"offRoute":false,"nextLocID":1824,"vehicleID":2316,"signMessage":"14 To Portland","extraTripID":null,"nextStopSeq":5,"routeNumber":14,"vehicleLoad":"unknown","bearing":293,"lastStopSeq":4,"inCongestion":false,"delay":-102,"latitude":45.4809717},{"tripID":4411573,"serviceDate":1395730800000,"direction":1,"garage":"CENTER","type":"bus","lastLocID":1831,"messageCode":268,"time":1395759500170,"expires":1395759916000,"signMessageLong":"14  Hawthorne to Portland","extraBlockID":null,"locationInScheduleDay":28696,"longitude":-122.5662917,"blockID":1403,"offRoute":false,"nextLocID":13236,"vehicleID":2725,"signMessage":"14 To Portland","extraTripID":null,"nextStopSeq":2,"routeNumber":14,"vehicleLoad":"unknown","bearing":291,"lastStopSeq":1,"inCongestion":false,"delay":0,"latitude":45.4791765},{"tripID":4419231,"serviceDate":1395730800000,"direction":1,"garage":"CENTER","type":"bus","lastLocID":8746,"messageCode":813,"time":1395759511957,"expires":1395759931000,"signMessageLong":"77  Broadway/Halsey to Montgomery Park","extraBlockID":null,"locationInScheduleDay":28504,"longitude":-122.3913001,"blockID":7705,"offRoute":false,"nextLocID":2346,"vehicleID":2720,"signMessage":"77 Montgomry Pk","extraTripID":null,"nextStopSeq":4,"routeNumber":77,"vehicleLoad":"unknown","bearing":270,"lastStopSeq":3,"inCongestion":false,"delay":-207,"latitude":45.5407703},{"tripID":4411574,"serviceDate":1395730800000,"direction":1,"garage":"CENTER","type":"bus","lastLocID":1831,"messageCode":268,"time":1395759515069,"expires":1395759932000,"signMessageLong":"14  Hawthorne to Portland","extraBlockID":null,"locationInScheduleDay":28561,"longitude":-122.5662917,"blockID":1404,"offRoute":false,"nextLocID":13236,"vehicleID":2718,"signMessage":"14 To Portland","extraTripID":null,"nextStopSeq":2,"routeNumber":14,"vehicleLoad":"unknown","bearing":291,"lastStopSeq":1,"inCongestion":false,"delay":0,"latitude":45.4791765},{"tripID":4413881,"serviceDate":1395730800000,"direction":1,"garage":"CENTER","type":"bus","lastLocID":11956,"messageCode":467,"time":1395759523027,"expires":1395759940000,"signMessageLong":"31  Downtown Only","extraBlockID":null,"locationInScheduleDay":28741,"longitude":-122.6797474,"blockID":3101,"offRoute":false,"nextLocID":7800,"vehicleID":2714,"signMessage":"31 Downtown Only","extraTripID":null,"nextStopSeq":39,"routeNumber":31,"vehicleLoad":"unknown","bearing":21,"lastStopSeq":38,"inCongestion":false,"delay":21,"latitude":45.517048},{"tripID":4417320,"serviceDate":1395730800000,"direction":1,"garage":"CENTER","type":"bus","lastLocID":8937,"messageCode":790,"time":1395759488403,"expires":1395759906000,"signMessageLong":"70  12th Ave to Milwaukie via 13th & Tacoma","extraBlockID":null,"locationInScheduleDay":28740,"longitude":-122.6548037,"blockID":7007,"offRoute":false,"nextLocID":6583,"vehicleID":2709,"signMessage":"70 To Milw via 13","extraTripID":null,"nextStopSeq":45,"routeNumber":70,"vehicleLoad":"unknown","bearing":90,"lastStopSeq":44,"inCongestion":false,"delay":54,"latitude":45.5299993},{"tripID":4417168,"serviceDate":1395730800000,"direction":0,"garage":"CENTER","type":"bus","lastLocID":7107,"messageCode":783,"time":1395759505882,"expires":1395759925000,"signMessageLong":"70  33rd Ave to NE Sunderland","extraBlockID":null,"locationInScheduleDay":28649,"longitude":-122.6448489,"blockID":7001,"offRoute":false,"nextLocID":7138,"vehicleID":2704,"signMessage":"70 To Sunderlnd","extraTripID":null,"nextStopSeq":39,"routeNumber":70,"vehicleLoad":"unknown","bearing":0,"lastStopSeq":38,"inCongestion":false,"delay":-56,"latitude":45.5328012},{"tripID":4417171,"serviceDate":1395730800000,"direction":0,"garage":"CENTER","type":"bus","lastLocID":13477,"messageCode":782,"time":1395759522954,"expires":1395759939000,"signMessageLong":"70  12th/NE 33rd Ave to NE Sunderland via 13th & Tacoma","extraBlockID":null,"locationInScheduleDay":28719,"longitude":-122.6407309,"blockID":7003,"offRoute":false,"nextLocID":8225,"vehicleID":2705,"signMessage":"70 To Sunderland via 13th","extraTripID":null,"nextStopSeq":2,"routeNumber":70,"vehicleLoad":"unknown","bearing":81,"lastStopSeq":1,"inCongestion":false,"delay":0,"latitude":45.4448667},{"tripID":4417167,"serviceDate":1395730800000,"direction":0,"garage":"CENTER","type":"bus","lastLocID":10452,"messageCode":783,"time":1395759505867,"expires":1395759925000,"signMessageLong":"70  33rd Ave to NE Sunderland","extraBlockID":null,"locationInScheduleDay":28822,"longitude":-122.6319708,"blockID":7004,"offRoute":false,"nextLocID":9339,"vehicleID":2701,"signMessage":"70 To Sunderlnd","extraTripID":null,"nextStopSeq":79,"routeNumber":70,"vehicleLoad":"unknown","bearing":0,"lastStopSeq":78,"inCongestion":false,"delay":117,"latitude":45.5874454},{"tripID":4419094,"serviceDate":1395730800000,"direction":0,"garage":"CENTER","type":"bus","lastLocID":7132,"messageCode":809,"time":1395759503225,"expires":1395759920000,"signMessageLong":"77  Broadway/Halsey to Troutdale","extraBlockID":null,"locationInScheduleDay":28757,"longitude":-122.694622,"blockID":7704,"offRoute":false,"nextLocID":7127,"vehicleID":2614,"signMessage":"77 To Troutdale","extraTripID":null,"nextStopSeq":7,"routeNumber":77,"vehicleLoad":"unknown","bearing":178,"lastStopSeq":6,"inCongestion":false,"delay":57,"latitude":45.531575},{"tripID":4411317,"serviceDate":1395730800000,"direction":0,"garage":"CENTER","type":"bus","lastLocID":2633,"messageCode":266,"time":1395759503216,"expires":1395759919000,"signMessageLong":"14  Hawthorne to 94th & Foster","extraBlockID":null,"locationInScheduleDay":28764,"longitude":-122.6119828,"blockID":1401,"offRoute":false,"nextLocID":7651,"vehicleID":2608,"signMessage":"14 To 94-Foster","extraTripID":null,"nextStopSeq":22,"routeNumber":14,"vehicleLoad":"unknown","bearing":93,"lastStopSeq":21,"inCongestion":false,"delay":65,"latitude":45.5120178},{"tripID":4417169,"serviceDate":1395730800000,"direction":0,"garage":"CENTER","type":"bus","lastLocID":6581,"messageCode":780,"time":1395759500320,"expires":1395759916000,"signMessageLong":"70  12th/NE 33rd Ave to NE Sunderland","extraBlockID":null,"locationInScheduleDay":28860,"longitude":-122.6536941,"blockID":7010,"offRoute":false,"nextLocID":6576,"vehicleID":2623,"signMessage":"70 To Sunderlnd","extraTripID":null,"nextStopSeq":29,"routeNumber":70,"vehicleLoad":"unknown","bearing":0,"lastStopSeq":28,"inCongestion":false,"delay":164,"latitude":45.5109148},{"tripID":4419229,"serviceDate":1395730800000,"direction":1,"garage":"CENTER","type":"bus","lastLocID":2451,"messageCode":813,"time":1395759503143,"expires":1395759919000,"signMessageLong":"77  Broadway/Halsey to Montgomery Park","extraBlockID":null,"locationInScheduleDay":28502,"longitude":-122.5913212,"blockID":7707,"offRoute":false,"nextLocID":2445,"vehicleID":2653,"signMessage":"77 Montgomry Pk","extraTripID":null,"nextStopSeq":57,"routeNumber":77,"vehicleLoad":"unknown","bearing":270,"lastStopSeq":56,"inCongestion":false,"delay":-197,"latitude":45.5336304},{"tripID":4417319,"serviceDate":1395730800000,"direction":1,"garage":"CENTER","type":"bus","lastLocID":6544,"messageCode":789,"time":1395759503169,"expires":1395759919000,"signMessageLong":"70  12th Ave to Milwaukie via 17th & Tacoma","extraBlockID":null,"locationInScheduleDay":28789,"longitude":-122.654223,"blockID":7009,"offRoute":false,"nextLocID":10472,"vehicleID":2626,"signMessage":"70 To Milw via 17","extraTripID":null,"nextStopSeq":57,"routeNumber":70,"vehicleLoad":"unknown","bearing":179,"lastStopSeq":56,"inCongestion":false,"delay":90,"latitude":45.5011069},{"tripID":4419228,"serviceDate":1395730800000,"direction":1,"garage":"CENTER","type":"bus","lastLocID":647,"messageCode":813,"time":1395759507646,"expires":1395759923000,"signMessageLong":"77  Broadway/Halsey to Montgomery Park","extraBlockID":null,"locationInScheduleDay":28498,"longitude":-122.6304456,"blockID":7703,"offRoute":false,"nextLocID":644,"vehicleID":2630,"signMessage":"77 Montgomry Pk","extraTripID":null,"nextStopSeq":72,"routeNumber":77,"vehicleLoad":"unknown","bearing":270,"lastStopSeq":71,"inCongestion":false,"delay":-205,"latitude":45.535158},{"tripID":4419090,"serviceDate":1395730800000,"direction":0,"garage":"CENTER","type":"bus","lastLocID":2421,"messageCode":809,"time":1395759515170,"expires":1395759932000,"signMessageLong":"77  Broadway/Halsey to Troutdale","extraBlockID":null,"locationInScheduleDay":28682,"longitude":-122.4157832,"blockID":7706,"offRoute":false,"nextLocID":2422,"vehicleID":2632,"signMessage":"77 To Troutdale","extraTripID":null,"nextStopSeq":94,"routeNumber":77,"vehicleLoad":"unknown","bearing":78,"lastStopSeq":93,"inCongestion":false,"delay":-30,"latitude":45.5374707},{"tripID":4413882,"serviceDate":1395730800000,"direction":1,"garage":"POWELL","type":"bus","lastLocID":2570,"messageCode":464,"time":1395759522821,"expires":1395759936000,"signMessageLong":"31  To Portland via Milwaukie","extraBlockID":null,"locationInScheduleDay":28650,"longitude":-122.6402081,"blockID":3136,"offRoute":false,"nextLocID":13339,"vehicleID":3007,"signMessage":"31 To Portland","extraTripID":null,"nextStopSeq":23,"routeNumber":31,"vehicleLoad":"unknown","bearing":259,"lastStopSeq":22,"inCongestion":false,"delay":-66,"latitude":45.4456893},{"tripID":4417878,"serviceDate":1395730800000,"direction":0,"garage":"POWELL","type":"bus","lastLocID":7972,"messageCode":766,"time":1395759500042,"expires":1395759917000,"signMessageLong":"72  Killingsworth/82nd to Swan Island-Anchor St","extraBlockID":null,"locationInScheduleDay":28969,"longitude":-122.5790556,"blockID":7251,"offRoute":false,"nextLocID":8014,"vehicleID":3003,"signMessage":"72 Swan Island","extraTripID":null,"nextStopSeq":45,"routeNumber":72,"vehicleLoad":"unknown","bearing":0,"lastStopSeq":44,"inCongestion":false,"delay":272,"latitude":45.5275709},{"tripID":4417873,"serviceDate":1395730800000,"direction":0,"garage":"POWELL","type":"bus","lastLocID":3154,"messageCode":766,"time":1395759509226,"expires":1395759926000,"signMessageLong":"72  Killingsworth/82nd to Swan Island-Anchor St","extraBlockID":null,"locationInScheduleDay":29035,"longitude":-122.6762669,"blockID":7241,"offRoute":false,"nextLocID":3174,"vehicleID":3048,"signMessage":"72 Swan Island","extraTripID":null,"nextStopSeq":98,"routeNumber":72,"vehicleLoad":"unknown","bearing":269,"lastStopSeq":97,"inCongestion":false,"delay":329,"latitude":45.5626813},{"tripID":4418201,"serviceDate":1395730800000,"direction":1,"garage":"POWELL","type":"bus","lastLocID":7958,"messageCode":760,"time":1395759502977,"expires":1395759919000,"signMessageLong":"72  Killingsworth/82nd to Clackamas TC","extraBlockID":null,"locationInScheduleDay":28713,"longitude":-122.5786978,"blockID":7235,"offRoute":false,"nextLocID":7948,"vehicleID":3053,"signMessage":"72 Clackamas TC","extraTripID":null,"nextStopSeq":80,"routeNumber":72,"vehicleLoad":"unknown","bearing":180,"lastStopSeq":79,"inCongestion":false,"delay":14,"latitude":45.5050686},{"tripID":4418207,"serviceDate":1395730800000,"direction":1,"garage":"POWELL","type":"bus","lastLocID":115,"messageCode":760,"time":1395759515056,"expires":1395759933000,"signMessageLong":"72  Killingsworth/82nd to Clackamas TC","extraBlockID":null,"locationInScheduleDay":28713,"longitude":-122.703865,"blockID":7245,"offRoute":false,"nextLocID":8681,"vehicleID":3052,"signMessage":"72 Clackamas TC","extraTripID":null,"nextStopSeq":2,"routeNumber":72,"vehicleLoad":"unknown","bearing":159,"lastStopSeq":1,"inCongestion":false,"delay":0,"latitude":45.5567629},{"tripID":4417875,"serviceDate":1395730800000,"direction":0,"garage":"POWELL","type":"bus","lastLocID":7933,"messageCode":766,"time":1395759446253,"expires":1395759863000,"signMessageLong":"72  Killingsworth/82nd to Swan Island-Anchor St","extraBlockID":null,"locationInScheduleDay":28680,"longitude":-122.578703,"blockID":7234,"offRoute":false,"nextLocID":8039,"vehicleID":3054,"signMessage":"72 Swan Island","extraTripID":null,"nextStopSeq":58,"routeNumber":72,"vehicleLoad":"unknown","bearing":0,"lastStopSeq":57,"inCongestion":false,"delay":37,"latitude":45.5517758},{"tripID":4419091,"serviceDate":1395730800000,"direction":0,"garage":"POWELL","type":"bus","lastLocID":10747,"messageCode":809,"time":1395759500159,"expires":1395759919000,"signMessageLong":"77  Broadway/Halsey to Troutdale","extraBlockID":null,"locationInScheduleDay":28499,"longitude":-122.5585797,"blockID":7734,"offRoute":false,"nextLocID":2356,"vehicleID":3046,"signMessage":"77 To Troutdale","extraTripID":null,"nextStopSeq":57,"routeNumber":77,"vehicleLoad":"unknown","bearing":89,"lastStopSeq":56,"inCongestion":false,"delay":-200,"latitude":45.5335425},{"tripID":4419226,"serviceDate":1395730800000,"direction":1,"garage":"POWELL","type":"bus","lastLocID":8483,"messageCode":813,"time":1395759505841,"expires":1395759924000,"signMessageLong":"77  Broadway/Halsey to Montgomery Park","extraBlockID":null,"locationInScheduleDay":28360,"longitude":-122.7069345,"blockID":7738,"offRoute":false,"nextLocID":8484,"vehicleID":3035,"signMessage":"77 Montgomry Pk","extraTripID":null,"nextStopSeq":109,"routeNumber":77,"vehicleLoad":"unknown","bearing":178,"lastStopSeq":108,"inCongestion":false,"delay":0,"latitude":45.5377966},{"tripID":4411570,"serviceDate":1395730800000,"direction":1,"garage":"POWELL","type":"bus","lastLocID":7665,"messageCode":268,"time":1395759522894,"expires":1395759936000,"signMessageLong":"14  Hawthorne to Portland","extraBlockID":null,"locationInScheduleDay":28744,"longitude":-122.6113692,"blockID":1434,"offRoute":false,"nextLocID":8242,"vehicleID":3027,"signMessage":"14 To Portland","extraTripID":null,"nextStopSeq":20,"routeNumber":14,"vehicleLoad":"unknown","bearing":359,"lastStopSeq":19,"inCongestion":false,"delay":28,"latitude":45.5006456},{"tripID":4417877,"serviceDate":1395730800000,"direction":0,"garage":"POWELL","type":"bus","lastLocID":8023,"messageCode":766,"time":1395759522904,"expires":1395759935000,"signMessageLong":"72  Killingsworth/82nd to Swan Island-Anchor St","extraBlockID":null,"locationInScheduleDay":28682,"longitude":-122.578734,"blockID":7243,"offRoute":false,"nextLocID":8052,"vehicleID":3025,"signMessage":"72 Swan Island","extraTripID":null,"nextStopSeq":30,"routeNumber":72,"vehicleLoad":"unknown","bearing":0,"lastStopSeq":29,"inCongestion":false,"delay":-33,"latitude":45.4980002},{"tripID":4419227,"serviceDate":1395730800000,"direction":1,"garage":"CENTER","type":"bus","lastLocID":7113,"messageCode":813,"time":1395759509259,"expires":1395759926000,"signMessageLong":"77  Broadway/Halsey to Montgomery Park","extraBlockID":null,"locationInScheduleDay":28663,"longitude":-122.6945372,"blockID":7702,"offRoute":false,"nextLocID":7122,"vehicleID":2005,"signMessage":"77 Montgomry Pk","extraTripID":null,"nextStopSeq":96,"routeNumber":77,"vehicleLoad":"unknown","bearing":358,"lastStopSeq":95,"inCongestion":false,"delay":-43,"latitude":45.5292217},{"tripID":4411568,"serviceDate":1395730800000,"direction":1,"garage":"CENTER","type":"bus","lastLocID":2609,"messageCode":268,"time":1395759523245,"expires":1395759936000,"signMessageLong":"14  Hawthorne to Portland","extraBlockID":null,"locationInScheduleDay":28718,"longitude":-122.6433961,"blockID":1402,"offRoute":false,"nextLocID":2606,"vehicleID":2014,"signMessage":"14 To Portland","extraTripID":null,"nextStopSeq":36,"routeNumber":14,"vehicleLoad":"unknown","bearing":269,"lastStopSeq":35,"inCongestion":false,"delay":2,"latitude":45.5120922}],"queryTime":1395759528976}}
