{"resultSet":{"vehicle":[{"tripID":4419089,"serviceDate":1395730800000,"direction":0,"garage":"POWELL","type":"bus","lastLocID":9472,"messageCode":809,"time":1395759755487,"expires":1395760172000,"signMessageLong":"77  Broadway/Halsey to Troutdale","extraBlockID":null,"locationInScheduleDay":28136,"longitude":-122.3986014,"blockID":7735,"offRoute":false,"nextLocID":9481,"vehicleID":2222,"signMessage":"77 To Troutdale","extraTripID":null,"nextStopSeq":102,"routeNumber":77,"vehicleLoad":"unknown","bearing":85,"lastStopSeq":101,"inCongestion":false,"delay":0,"latitude":45.5443378},{"tripID":4419092,"serviceDate":1395730800000,"direction":0,"garage":"POWELL","type":"bus","lastLocID":2439,"messageCode":809,"time":1395759740434,"expires":1395760158000,"signMessageLong":"77  Broadway/Halsey to Troutdale","extraBlockID":null,"locationInScheduleDay":28942,"longitude":-122.6001259,"blockID":7736,"offRoute":false,"nextLocID":2440,"vehicleID":2221,"signMessage":"77 To Troutdale","extraTripID":null,"nextStopSeq":44,"routeNumber":77,"vehicleLoad":"unknown","bearing":90,"lastStopSeq":43,"inCongestion":false,"delay":4,"latitude":45.5337102},{"tripID":4411318,"serviceDate":1395730800000,"direction":0,"garage":"POWELL","type":"bus","lastLocID":2612,"messageCode":266,"time":1395759755403,"expires":1395760174000,"signMessageLong":"14  Hawthorne to 94th & Foster","extraBlockID":null,"locationInScheduleDay":28995,"longitude":-122.6395825,"blockID":1438,"offRoute":false,"nextLocID":2614,"vehicleID":2220,"signMessage":"14 To 94-Foster","extraTripID":null,"nextStopSeq":13,"routeNumber":14,"vehicleLoad":"unknown","bearing":90,"lastStopSeq":12,"inCongestion":false,"delay":41,"latitude":45.5120854},{"tripID":4418202,"serviceDate":1395730800000,"direction":1,"garage":"POWELL","type":"bus","lastLocID":7937,"messageCode":760,"time":1395759740456,"expires":1395760158000,"signMessageLong":"72  Killingsworth/82nd to Clackamas TC","extraBlockID":null,"locationInScheduleDay":28946,"longitude":-122.5790806,"blockID":7248,"offRoute":false,"nextLocID":7931,"vehicleID":2215,"signMessage":"72 Clackamas TC","extraTripID":null,"nextStopSeq":71,"routeNumber":72,"vehicleLoad":"unknown","bearing":180,"lastStopSeq":70,"inCongestion":false,"delay":8,"latitude":45.5220713},{"tripID":4418200,"serviceDate":1395730800000,"direction":1,"garage":"POWELL","type":"bus","lastLocID":7994,"messageCode":760,"time":1395759758459,"expires":1395760175000,"signMessageLong":"72  Killingsworth/82nd to Clackamas TC","extraBlockID":null,"locationInScheduleDay":28910,"longitude":-122.5790509,"blockID":7247,"offRoute":false,"nextLocID":7954,"vehicleID":2250,"signMessage":"72 Clackamas TC","extraTripID":null,"nextStopSeq":99,"routeNumber":72,"vehicleLoad":"unknown","bearing":179,"lastStopSeq":98,"inCongestion":false,"delay":-45,"latitude":45.4658909},{"tripID":4417876,"serviceDate":1395730800000,"direction":0,"garage":"POWELL","type":"bus","lastLocID":8036,"messageCode":766,"time":1395759740540,"expires":1395760158000,"signMessageLong":"72  Killingsworth/82nd to Swan Island-Anchor St","extraBlockID":null,"locationInScheduleDay":28959,"longitude":-122.5789366,"blockID":7250,"offRoute":false,"nextLocID":8033,"vehicleID":2242,"signMessage":"72 Swan Island","extraTripID":null,"nextStopSeq":52,"routeNumber":72,"vehicleLoad":"unknown","bearing":0,"lastStopSeq":51,"inCongestion":false,"delay":21,"latitude":45.5396104},{"tripID":4418198,"serviceDate":1395730800000,"direction":1,"garage":"POWELL","type":"bus","lastLocID":12921,"messageCode":760,"time":1395759395321,"expires":1395759811000,"signMessageLong":"72  Killingsworth/82nd to Clackamas TC","extraBlockID":null,"locationInScheduleDay":28557,"longitude":-122.5682645,"blockID":7246,"offRoute":false,"nextLocID":13247,"vehicleID":2296,"signMessage":"72 Clackamas TC","extraTripID":null,"nextStopSeq":111,"routeNumber":72,"vehicleLoad":"unknown","bearing":82,"lastStopSeq":110,"inCongestion":false,"delay":0,"latitude":45.4355895},{"tripID":4419093,"serviceDate":1395730800000,"direction":0,"garage":"POWELL","type":"bus","lastLocID":4042,"messageCode":809,"time":1395759755532,"expires":1395760174000,"signMessageLong":"77  Broadway/Halsey to Troutdale","extraBlockID":null,"locationInScheduleDay":28963,"longitude":-122.6565903,"blockID":7737,"offRoute":false,"nextLocID":10866,"vehicleID":2285,"signMessage":"77 To Troutdale","extraTripID":null,"nextStopSeq":22,"routeNumber":77,"vehicleLoad":"unknown","bearing":0,"lastStopSeq":21,"inCongestion":false,"delay":9,"latitude":45.5333761},{"tripID":4418205,"serviceDate":1395730800000,"direction":1,"garage":"POWELL","type":"bus","lastLocID":46,"messageCode":760,"time":1395759743811,"expires":1395760161000,"signMessageLong":"72  Killingsworth/82nd to Clackamas TC","extraBlockID":null,"locationInScheduleDay":28949,"longitude":-122.6589517,"blockID":7252,"offRoute":false,"nextLocID":11478,"vehicleID":2283,"signMessage":"72 Clackamas TC","extraTripID":null,"nextStopSeq":22,"routeNumber":72,"vehicleLoad":"unknown","bearing":90,"lastStopSeq":21,"inCongestion":false,"delay":8,"latitude":45.5591225},{"tripID":4418204,"serviceDate":1395730800000,"direction":1,"garage":"POWELL","type":"bus","lastLocID":3146,"messageCode":760,"time":1395759704531,"expires":1395760121000,"signMessageLong":"72  Killingsworth/82nd to Clackamas TC","extraBlockID":null,"locationInScheduleDay":29001,"longitude":-122.5973931,"blockID":7244,"offRoute":false,"nextLocID":3148,"vehicleID":2276,"signMessage":"72 Clackamas TC","extraTripID":null,"nextStopSeq":47,"routeNumber":72,"vehicleLoad":"unknown","bearing":90,"lastStopSeq":46,"inCongestion":false,"delay":100,"latitude":45.562746},{"tripID":4411567,"serviceDate":1395730800000,"direction":1,"garage":"POWELL","type":"bus","lastLocID":11956,"messageCode":266,"time":1395759746931,"expires":1395760162000,"signMessageLong":"14  Hawthorne to 94th & Foster","extraBlockID":null,"locationInScheduleDay":28940,"longitude":-122.6768543,"blockID":1439,"offRoute":false,"nextLocID":13169,"vehicleID":2275,"signMessage":"14 To 94-Foster","extraTripID":null,"nextStopSeq":44,"routeNumber":14,"vehicleLoad":"unknown","bearing":290,"lastStopSeq":43,"inCongestion":false,"delay":-2,"latitude":45.5155554},{"tripID":4417318,"serviceDate":1395730800000,"direction":1,"garage":"CENTER","type":"bus","lastLocID":6886,"messageCode":791,"time":1395759740203,"expires":1395760159000,"signMessageLong":"70  To Milwaukie","extraBlockID":null,"locationInScheduleDay":28937,"longitude":-122.6465732,"blockID":7005,"offRoute":false,"nextLocID":6902,"vehicleID":2132,"signMessage":"70 To Milwaukie","extraTripID":null,"nextStopSeq":80,"routeNumber":70,"vehicleLoad":"unknown","bearing":175,"lastStopSeq":79,"inCongestion":false,"delay":-2,"latitude":45.456251},{"tripID":4417322,"serviceDate":1395730800000,"direction":1,"garage":"CENTER","type":"bus","lastLocID":9368,"messageCode":788,"time":1395759740260,"expires":1395760157000,"signMessageLong":"70  12th/NE 33rd Ave to Milwaukie","extraBlockID":null,"locationInScheduleDay":28703,"longitude":-122.6339718,"blockID":7006,"offRoute":false,"nextLocID":9414,"vehicleID":2150,"signMessage":"70 To Milwaukie","extraTripID":null,"nextStopSeq":2,"routeNumber":70,"vehicleLoad":"unknown","bearing":89,"lastStopSeq":1,"inCongestion":false,"delay":-234,"latitude":45.5893951},{"tripID":4417170,"serviceDate":1395730800000,"direction":0,"garage":"CENTER","type":"bus","lastLocID":6856,"messageCode":780,"time":1395759740350,"expires":1395760158000,"signMessageLong":"70  12th/NE 33rd Ave to NE Sunderland","extraBlockID":null,"locationInScheduleDay":28782,"longitude":-122.6480971,"blockID":7008,"offRoute":false,"nextLocID":6898,"vehicleID":2506,"signMessage":"70 To Sunderlnd","extraTripID":null,"nextStopSeq":14,"routeNumber":70,"vehicleLoad":"unknown","bearing":355,"lastStopSeq":13,"inCongestion":false,"delay":-156,"latitude":45.4767883},{"tripID":4413800,"serviceDate":1395730800000,"direction":0,"garage":"CENTER","type":"bus","lastLocID":2582,"messageCode":457,"time":1395759755355,"expires":1395760174000,"signMessageLong":"31  Clackamas Town Center, continuing to Estacada","extraBlockID":null,"locationInScheduleDay":28564,"longitude":-122.6195921,"blockID":3102,"offRoute":false,"nextLocID":7523,"vehicleID":2526,"signMessage":"31 To Estacada via Clackamas","extraTripID":null,"nextStopSeq":8,"routeNumber":31,"vehicleLoad":"unknown","bearing":89,"lastStopSeq":7,"inCongestion":false,"delay":-390,"latitude":45.4466145},{"tripID":4417321,"serviceDate":1395730800000,"direction":1,"garage":"CENTER","type":"bus","lastLocID":7377,"messageCode":788,"time":1395759746750,"expires":1395760163000,"signMessageLong":"70  12th/NE 33rd Ave to Milwaukie","extraBlockID":null,"locationInScheduleDay":28903,"longitude":-122.6306883,"blockID":7002,"offRoute":false,"nextLocID":644,"vehicleID":2524,"signMessage":"70 To Milwaukie","extraTripID":null,"nextStopSeq":32,"routeNumber":70,"vehicleLoad":"unknown","bearing":179,"lastStopSeq":31,"inCongestion":false,"delay":-40,"latitude":45.5355984},{"tripID":4419230,"serviceDate":1395730800000,"direction":1,"garage":"CENTER","type":"bus","lastLocID":2361,"messageCode":813,"time":1395759758310,"expires":1395760175000,"signMessageLong":"77  Broadway/Halsey to Montgomery Park","extraBlockID":null,"locationInScheduleDay":28992,"longitude":-122.5453796,"blockID":7701,"offRoute":false,"nextLocID":6226,"vehicleID":2512,"signMessage":"77 Montgomry Pk","extraTripID":null,"nextStopSeq":42,"routeNumber":77,"vehicleLoad":"unknown","bearing":275,"lastStopSeq":41,"inCongestion":false,"delay":37,"latitude":45.5335365},{"tripID":4417872,"serviceDate":1395730800000,"direction":0,"garage":"POWELL","type":"bus","lastLocID":3315,"messageCode":768,"time":1395759755344,"expires":1395760172000,"signMessageLong":"72  Killingsworth/82nd to Swan Island-Shipyards","extraBlockID":null,"locationInScheduleDay":29040,"longitude":-122.7026464,"blockID":7239,"offRoute":false,"nextLocID":3316,"vehicleID":2540,"signMessage":"72 Swan Island","extraTripID":null,"nextStopSeq":109,"routeNumber":72,"vehicleLoad":"unknown","bearing":307,"lastStopSeq":108,"inCongestion":false,"delay":88,"latitude":45.5575955},{"tripID":4418199,"serviceDate":1395730800000,"direction":1,"garage":"POWELL","type":"bus","lastLocID":12921,"messageCode":760,"time":1395759755373,"expires":1395760174000,"signMessageLong":"72  Killingsworth/82nd to Clackamas TC","extraBlockID":null,"locationInScheduleDay":28920,"longitude":-122.57331,"blockID":7240,"offRoute":false,"nextLocID":13247,"vehicleID":2533,"signMessage":"72 Clackamas TC","extraTripID":null,"nextStopSeq":111,"routeNumber":72,"vehicleLoad":"unknown","bearing":91,"lastStopSeq":110,"inCongestion":false,"delay":0,"latitude":45.4374017},{"tripID":4417874,"serviceDate":1395730800000,"direction":0,"garage":"POWELL","type":"bus","lastLocID":7328,"messageCode":768,"time":1395759763525,"expires":1395760178000,"signMessageLong":"72  Killingsworth/82nd to Swan Island-Shipyards","extraBlockID":null,"locationInScheduleDay":28892,"longitude":-122.6348941,"blockID":7249,"offRoute":false,"nextLocID":7331,"vehicleID":2558,"signMessage":"72 Swan Island","extraTripID":null,"nextStopSeq":81,"routeNumber":72,"vehicleLoad":"unknown","bearing":179,"lastStopSeq":80,"inCongestion":false,"delay":-66,"latitude":45.5607875},{"tripID":4417880,"serviceDate":1395730800000,"direction":0,"garage":"POWELL","type":"bus","lastLocID":8015,"messageCode":766,"time":1395759763546,"expires":1395760178000,"signMessageLong":"72  Killingsworth/82nd to Swan Island-Anchor St","extraBlockID":null,"locationInScheduleDay":28942,"longitude":-122.5791432,"blockID":7236,"offRoute":false,"nextLocID":8017,"vehicleID":2552,"signMessage":"72 Swan Island","extraTripID":null,"nextStopSeq":8,"routeNumber":72,"vehicleLoad":"unknown","bearing":0,"lastStopSeq":7,"inCongestion":false,"delay":-16,"latitude":45.4544387},{"tripID":4418203,"serviceDate":1395730800000,"direction":1,"garage":"POWELL","type":"bus","lastLocID":8034,"messageCode":760,"time":1395759747003,"expires":1395760162000,"signMessageLong":"72  Killingsworth/82nd to Clackamas TC","extraBlockID":null,"locationInScheduleDay":28968,"longitude":-122.5789121,"blockID":7242,"offRoute":false,"nextLocID":8035,"vehicleID":2548,"signMessage":"72 Clackamas TC","extraTripID":null,"nextStopSeq":62,"routeNumber":72,"vehicleLoad":"unknown","bearing":180,"lastStopSeq":61,"inCongestion":false,"delay":26,"latitude":45.5408449},{"tripID":4411569,"serviceDate":1395730800000,"direction":1,"garage":"POWELL","type":"bus","lastLocID":2624,"messageCode":268,"time":1395759767257,"expires":1395760186000,"signMessageLong":"14  Hawthorne to Portland","extraBlockID":null,"locationInScheduleDay":28989,"longitude":-122.62732,"blockID":1440,"offRoute":false,"nextLocID":12892,"vehicleID":2308,"signMessage":"14 To Portland","extraTripID":null,"nextStopSeq":30,"routeNumber":14,"vehicleLoad":"unknown","bearing":270,"lastStopSeq":29,"inCongestion":false,"delay":23,"latitude":45.5120534},{"tripID":4417879,"serviceDate":1395730800000,"direction":0,"garage":"POWELL","type":"bus","lastLocID":7935,"messageCode":766,"time":1395759755615,"expires":1395760173000,"signMessageLong":"72  Killingsworth/82nd to Swan Island-Anchor St","extraBlockID":null,"locationInScheduleDay":29043,"longitude":-122.5787864,"blockID":7253,"offRoute":false,"nextLocID":7943,"vehicleID":2318,"signMessage":"72 Swan Island","extraTripID":null,"nextStopSeq":27,"routeNumber":72,"vehicleLoad":"unknown","bearing":0,"lastStopSeq":26,"inCongestion":false,"delay":90,"latitude":45.4937515},{"tripID":4411572,"serviceDate":1395730800000,"direction":1,"garage":"POWELL","type":"bus","lastLocID":12948,"messageCode":268,"time":1395759755618,"expires":1395760172000,"signMessageLong":"14  Hawthorne to Portland","extraBlockID":null,"locationInScheduleDay":28912,"longitude":-122.5895836,"blockID":1435,"offRoute":false,"nextLocID":1811,"vehicleID":2316,"signMessage":"14 To Portland","extraTripID":null,"nextStopSeq":9,"routeNumber":14,"vehicleLoad":"unknown","bearing":299,"lastStopSeq":8,"inCongestion":false,"delay":-40,"latitude":45.4866737},{"tripID":4411573,"serviceDate":1395730800000,"direction":1,"garage":"CENTER","type":"bus","lastLocID":13236,"messageCode":268,"time":1395759740381,"expires":1395760157000,"signMessageLong":"14  Hawthorne to Portland","extraBlockID":null,"locationInScheduleDay":28942,"longitude":-122.5675341,"blockID":1403,"offRoute":false,"nextLocID":1829,"vehicleID":2725,"signMessage":"14 To Portland","extraTripID":null,"nextStopSeq":3,"routeNumber":14,"vehicleLoad":"unknown","bearing":291,"lastStopSeq":2,"inCongestion":false,"delay":5,"latitude":45.4795188},{"tripID":4419231,"serviceDate":1395730800000,"direction":1,"garage":"CENTER","type":"bus","lastLocID":2419,"messageCode":813,"time":1395759764143,"expires":1395760181000,"signMessageLong":"77  Broadway/Halsey to Montgomery Park","extraBlockID":null,"locationInScheduleDay":28868,"longitude":-122.4286047,"blockID":7705,"offRoute":false,"nextLocID":2417,"vehicleID":2720,"signMessage":"77 Montgomry Pk","extraTripID":null,"nextStopSeq":12,"routeNumber":77,"vehicleLoad":"unknown","bearing":259,"lastStopSeq":11,"inCongestion":false,"delay":-93,"latitude":45.535772},{"tripID":4411574,"serviceDate":1395730800000,"direction":1,"garage":"CENTER","type":"bus","lastLocID":1829,"messageCode":null,"time":1395759752000,"expires":1395760172000,"signMessageLong":null,"extraBlockID":null,"locationInScheduleDay":null,"longitude":-122.56555,"blockID":1404,"offRoute":false,"nextLocID":1826,"vehicleID":2718,"signMessage":null,"extraTripID":null,"nextStopSeq":null,"routeNumber":14,"vehicleLoad":"unknown","bearing":null,"lastStopSeq":null,"inCongestion":false,"delay":678,"latitude":45.479033},{"tripID":4417320,"serviceDate":1395730800000,"direction":1,"garage":"CENTER","type":"bus","lastLocID":6577,"messageCode":790,"time":1395759749068,"expires":1395760165000,"signMessageLong":"70  12th Ave to Milwaukie via 13th & Tacoma","extraBlockID":null,"locationInScheduleDay":28980,"longitude":-122.6535905,"blockID":7007,"offRoute":false,"nextLocID":6541,"vehicleID":2709,"signMessage":"70 To Milw via 13","extraTripID":null,"nextStopSeq":48,"routeNumber":70,"vehicleLoad":"unknown","bearing":183,"lastStopSeq":47,"inCongestion":false,"delay":35,"latitude":45.5233645},{"tripID":4417168,"serviceDate":1395730800000,"direction":0,"garage":"CENTER","type":"bus","lastLocID":7392,"messageCode":783,"time":1395759746710,"expires":1395760164000,"signMessageLong":"70  33rd Ave to NE Sunderland","extraBlockID":null,"locationInScheduleDay":28950,"longitude":-122.6306909,"blockID":7001,"offRoute":false,"nextLocID":7402,"vehicleID":2704,"signMessage":"70 To Sunderlnd","extraTripID":null,"nextStopSeq":46,"routeNumber":70,"vehicleLoad":"unknown","bearing":359,"lastStopSeq":45,"inCongestion":false,"delay":6,"latitude":45.5378841},{"tripID":4417171,"serviceDate":1395730800000,"direction":0,"garage":"CENTER","type":"bus","lastLocID":13477,"messageCode":782,"time":1395759763056,"expires":1395760178000,"signMessageLong":"70  12th/NE 33rd Ave to NE Sunderland via 13th & Tacoma","extraBlockID":null,"locationInScheduleDay":28958,"longitude":-122.6407309,"blockID":7003,"offRoute":false,"nextLocID":8225,"vehicleID":2705,"signMessage":"70 To Sunderland via 13th","extraTripID":null,"nextStopSeq":2,"routeNumber":70,"vehicleLoad":"unknown","bearing":81,"lastStopSeq":1,"inCongestion":false,"delay":0,"latitude":45.4448667},{"tripID":4417167,"serviceDate":1395730800000,"direction":0,"garage":"CENTER","type":"bus","lastLocID":13040,"messageCode":783,"time":1395759755264,"expires":1395760172000,"signMessageLong":"70  33rd Ave to NE Sunderland","extraBlockID":null,"locationInScheduleDay":28980,"longitude":-122.6357648,"blockID":7004,"offRoute":false,"nextLocID":9368,"vehicleID":2701,"signMessage":"70 To Sunderlnd","extraTripID":null,"nextStopSeq":83,"routeNumber":70,"vehicleLoad":"unknown","bearing":180,"lastStopSeq":82,"inCongestion":false,"delay":0,"latitude":45.5898735},{"tripID":4419094,"serviceDate":1395730800000,"direction":0,"garage":"CENTER","type":"bus","lastLocID":7112,"messageCode":809,"time":1395759743888,"expires":1395760160000,"signMessageLong":"77  Broadway/Halsey to Troutdale","extraBlockID":null,"locationInScheduleDay":28937,"longitude":-122.6943825,"blockID":7704,"offRoute":false,"nextLocID":1615,"vehicleID":2614,"signMessage":"77 To Troutdale","extraTripID":null,"nextStopSeq":11,"routeNumber":77,"vehicleLoad":"unknown","bearing":178,"lastStopSeq":10,"inCongestion":false,"delay":-3,"latitude":45.5250726},{"tripID":4411317,"serviceDate":1395730800000,"direction":0,"garage":"CENTER","type":"bus","lastLocID":7666,"messageCode":266,"time":1395759743832,"expires":1395760160000,"signMessageLong":"14  Hawthorne to 94th & Foster","extraBlockID":null,"locationInScheduleDay":29036,"longitude":-122.6113676,"blockID":1401,"offRoute":false,"nextLocID":1792,"vehicleID":2608,"signMessage":"14 To 94-Foster","extraTripID":null,"nextStopSeq":29,"routeNumber":14,"vehicleLoad":"unknown","bearing":174,"lastStopSeq":28,"inCongestion":false,"delay":96,"latitude":45.4974862},{"tripID":4417169,"serviceDate":1395730800000,"direction":0,"garage":"CENTER","type":"bus","lastLocID":6594,"messageCode":780,"time":1395759767247,"expires":1395760186000,"signMessageLong":"70  12th/NE 33rd Ave to NE Sunderland","extraBlockID":null,"locationInScheduleDay":29102,"longitude":-122.6536406,"blockID":7010,"offRoute":false,"nextLocID":6589,"vehicleID":2623,"signMessage":"70 To Sunderlnd","extraTripID":null,"nextStopSeq":33,"routeNumber":70,"vehicleLoad":"unknown","bearing":0,"lastStopSeq":32,"inCongestion":false,"delay":136,"latitude":45.5192286},{"tripID":4419229,"serviceDate":1395730800000,"direction":1,"garage":"CENTER","type":"bus","lastLocID":2428,"messageCode":813,"time":1395759764156,"expires":1395760181000,"signMessageLong":"77  Broadway/Halsey to Montgomery Park","extraBlockID":null,"locationInScheduleDay":28892,"longitude":-122.6126769,"blockID":7707,"offRoute":false,"nextLocID":2425,"vehicleID":2653,"signMessage":"77 Montgomry Pk","extraTripID":null,"nextStopSeq":64,"routeNumber":77,"vehicleLoad":"unknown","bearing":270,"lastStopSeq":63,"inCongestion":false,"delay":-69,"latitude":45.5337516},{"tripID":4417319,"serviceDate":1395730800000,"direction":1,"garage":"CENTER","type":"bus","lastLocID":13658,"messageCode":789,"time":1395759740638,"expires":1395760159000,"signMessageLong":"70  12th Ave to Milwaukie via 17th & Tacoma","extraBlockID":null,"locationInScheduleDay":28931,"longitude":-122.6483511,"blockID":7009,"offRoute":false,"nextLocID":6864,"vehicleID":2626,"signMessage":"70 To Milw via 17","extraTripID":null,"nextStopSeq":62,"routeNumber":70,"vehicleLoad":"unknown","bearing":180,"lastStopSeq":61,"inCongestion":false,"delay":-8,"latitude":45.4924175},{"tripID":4419228,"serviceDate":1395730800000,"direction":1,"garage":"CENTER","type":"bus","lastLocID":634,"messageCode":813,"time":1395759740670,"expires":1395760158000,"signMessageLong":"77  Broadway/Halsey to Montgomery Park","extraBlockID":null,"locationInScheduleDay":28793,"longitude":-122.6464803,"blockID":7703,"offRoute":false,"nextLocID":632,"vehicleID":2630,"signMessage":"77 Montgomry Pk","extraTripID":null,"nextStopSeq":79,"routeNumber":77,"vehicleLoad":"unknown","bearing":270,"lastStopSeq":78,"inCongestion":false,"delay":-145,"latitude":45.5350272},{"tripID":4419090,"serviceDate":1395730800000,"direction":0,"garage":"CENTER","type":"bus","lastLocID":13532,"messageCode":809,"time":1395759665974,"expires":1395760082000,"signMessageLong":"77  Broadway/Halsey to Troutdale","extraBlockID":null,"locationInScheduleDay":28979,"longitude":-122.3904881,"blockID":7706,"offRoute":false,"nextLocID":9470,"vehicleID":2632,"signMessage":"77 To Troutdale","extraTripID":null,"nextStopSeq":99,"routeNumber":77,"vehicleLoad":"unknown","bearing":1,"lastStopSeq":98,"inCongestion":false,"delay":117,"latitude":45.542666},{"tripID":4418206,"serviceDate":1395730800000,"direction":1,"garage":"POWELL","type":"bus","lastLocID":9399,"messageCode":760,"time":1395759731425,"expires":1395760148000,"signMessageLong":"72  Killingsworth/82nd to Clackamas TC","extraBlockID":null,"locationInScheduleDay":28954,"longitude":-122.6967707,"blockID":7237,"offRoute":false,"nextLocID":2195,"vehicleID":3004,"signMessage":"72 Clackamas TC","extraTripID":null,"nextStopSeq":4,"routeNumber":72,"vehicleLoad":"unknown","bearing":91,"lastStopSeq":3,"inCongestion":false,"delay":26,"latitude":45.55601},{"tripID":4413882,"serviceDate":1395730800000,"direction":1,"garage":"POWELL","type":"bus","lastLocID":3657,"messageCode":466,"time":1395759762975,"expires":1395760177000,"signMessageLong":"31  Portland","extraBlockID":null,"locationInScheduleDay":28785,"longitude":-122.6406077,"blockID":3136,"offRoute":false,"nextLocID":3658,"vehicleID":3007,"signMessage":"31 To Portland","extraTripID":null,"nextStopSeq":28,"routeNumber":31,"vehicleLoad":"unknown","bearing":16,"lastStopSeq":27,"inCongestion":false,"delay":-172,"latitude":45.4525616},{"tripID":4417878,"serviceDate":1395730800000,"direction":0,"garage":"POWELL","type":"bus","lastLocID":8010,"messageCode":766,"time":1395759746595,"expires":1395760163000,"signMessageLong":"72  Killingsworth/82nd to Swan Island-Anchor St","extraBlockID":null,"locationInScheduleDay":29081,"longitude":-122.5790367,"blockID":7251,"offRoute":false,"nextLocID":7999,"vehicleID":3003,"signMessage":"72 Swan Island","extraTripID":null,"nextStopSeq":48,"routeNumber":72,"vehicleLoad":"unknown","bearing":0,"lastStopSeq":47,"inCongestion":false,"delay":138,"latitude":45.5327531},{"tripID":4417873,"serviceDate":1395730800000,"direction":0,"garage":"POWELL","type":"bus","lastLocID":3161,"messageCode":766,"time":1395759749066,"expires":1395760166000,"signMessageLong":"72  Killingsworth/82nd to Swan Island-Anchor St","extraBlockID":null,"locationInScheduleDay":29323,"longitude":-122.6952123,"blockID":7241,"offRoute":false,"nextLocID":3167,"vehicleID":3048,"signMessage":"72 Swan Island","extraTripID":null,"nextStopSeq":104,"routeNumber":72,"vehicleLoad":"unknown","bearing":270,"lastStopSeq":103,"inCongestion":false,"delay":377,"latitude":45.5627448},{"tripID":4418201,"serviceDate":1395730800000,"direction":1,"garage":"POWELL","type":"bus","lastLocID":8024,"messageCode":760,"time":1395759740348,"expires":1395760159000,"signMessageLong":"72  Killingsworth/82nd to Clackamas TC","extraBlockID":null,"locationInScheduleDay":28955,"longitude":-122.5787589,"blockID":7235,"offRoute":false,"nextLocID":13707,"vehicleID":3053,"signMessage":"72 Clackamas TC","extraTripID":null,"nextStopSeq":84,"routeNumber":72,"vehicleLoad":"unknown","bearing":180,"lastStopSeq":83,"inCongestion":false,"delay":16,"latitude":45.4956742},{"tripID":4418207,"serviceDate":1395730800000,"direction":1,"garage":"POWELL","type":"bus","lastLocID":115,"messageCode":760,"time":1395759755265,"expires":1395760173000,"signMessageLong":"72  Killingsworth/82nd to Clackamas TC","extraBlockID":null,"locationInScheduleDay":28953,"longitude":-122.703865,"blockID":7245,"offRoute":false,"nextLocID":8681,"vehicleID":3052,"signMessage":"72 Clackamas TC","extraTripID":null,"nextStopSeq":2,"routeNumber":72,"vehicleLoad":"unknown","bearing":159,"lastStopSeq":1,"inCongestion":false,"delay":0,"latitude":45.5567629},{"tripID":4417875,"serviceDate":1395730800000,"direction":0,"garage":"POWELL","type":"bus","lastLocID":3215,"messageCode":766,"time":1395759755283,"expires":1395760172000,"signMessageLong":"72  Killingsworth/82nd to Swan Island-Anchor St","extraBlockID":null,"locationInScheduleDay":28968,"longitude":-122.5877421,"blockID":7234,"offRoute":false,"nextLocID":3212,"vehicleID":3054,"signMessage":"72 Swan Island","extraTripID":null,"nextStopSeq":65,"routeNumber":72,"vehicleLoad":"unknown","bearing":270,"lastStopSeq":64,"inCongestion":false,"delay":16,"latitude":45.5626643},{"tripID":4419091,"serviceDate":1395730800000,"direction":0,"garage":"POWELL","type":"bus","lastLocID":2364,"messageCode":809,"time":1395759740374,"expires":1395760158000,"signMessageLong":"77  Broadway/Halsey to Troutdale","extraBlockID":null,"locationInScheduleDay":28738,"longitude":-122.537264,"blockID":7734,"offRoute":false,"nextLocID":2366,"vehicleID":3046,"signMessage":"77 To Troutdale","extraTripID":null,"nextStopSeq":62,"routeNumber":77,"vehicleLoad":"unknown","bearing":90,"lastStopSeq":61,"inCongestion":false,"delay":-200,"latitude":45.5335711},{"tripID":4419226,"serviceDate":1395730800000,"direction":1,"garage":"POWELL","type":"bus","lastLocID":8483,"messageCode":813,"time":1395759746699,"expires":1395760163000,"signMessageLong":"77  Broadway/Halsey to Montgomery Park","extraBlockID":null,"locationInScheduleDay":28360,"longitude":-122.7069345,"blockID":7738,"offRoute":false,"nextLocID":8484,"vehicleID":3035,"signMessage":"77 Montgomry Pk","extraTripID":null,"nextStopSeq":109,"routeNumber":77,"vehicleLoad":"unknown","bearing":178,"lastStopSeq":108,"inCongestion":false,"delay":0,"latitude":45.5377966},{"tripID":4411570,"serviceDate":1395730800000,"direction":1,"garage":"POWELL","type":"bus","lastLocID":7658,"messageCode":268,"time":1395759758197,"expires":1395760177000,"signMessageLong":"14  Hawthorne to Portland","extraBlockID":null,"locationInScheduleDay":29017,"longitude":-122.6115671,"blockID":1434,"offRoute":false,"nextLocID":13734,"vehicleID":3027,"signMessage":"14 To Portland","extraTripID":null,"nextStopSeq":25,"routeNumber":14,"vehicleLoad":"unknown","bearing":356,"lastStopSeq":24,"inCongestion":false,"delay":60,"latitude":45.5117721},{"tripID":4417877,"serviceDate":1395730800000,"direction":0,"garage":"POWELL","type":"bus","lastLocID":7979,"messageCode":766,"time":1395759758199,"expires":1395760176000,"signMessageLong":"72  Killingsworth/82nd to Swan Island-Anchor St","extraBlockID":null,"locationInScheduleDay":28944,"longitude":-122.5787296,"blockID":7243,"offRoute":false,"nextLocID":8037,"vehicleID":3025,"signMessage":"72 Swan Island","extraTripID":null,"nextStopSeq":37,"routeNumber":72,"vehicleLoad":"unknown","bearing":357,"lastStopSeq":36,"inCongestion":false,"delay":-12,"latitude":45.5125576},{"tripID":4419227,"serviceDate":1395730800000,"direction":1,"garage":"CENTER","type":"bus","lastLocID":10694,"messageCode":813,"time":1395759749099,"expires":1395760166000,"signMessageLong":"77  Broadway/Halsey to Montgomery Park","extraBlockID":null,"locationInScheduleDay":28816,"longitude":-122.6947597,"blockID":7702,"offRoute":false,"nextLocID":4788,"vehicleID":2005,"signMessage":"77 Montgomry Pk","extraTripID":null,"nextStopSeq":100,"routeNumber":77,"vehicleLoad":"unknown","bearing":358,"lastStopSeq":99,"inCongestion":false,"delay":-130,"latitude":45.5351865},{"tripID":4411568,"serviceDate":1395730800000,"direction":1,"garage":"CENTER","type":"bus","lastLocID":2602,"messageCode":268,"time":1395759746779,"expires":1395760164000,"signMessageLong":"14  Hawthorne to Portland","extraBlockID":null,"locationInScheduleDay":28878,"longitude":-122.6528743,"blockID":1402,"offRoute":false,"nextLocID":3637,"vehicleID":2014,"signMessage":"14 To Portland","extraTripID":null,"nextStopSeq":39,"routeNumber":14,"vehicleLoad":"unknown","bearing":270,"lastStopSeq":38,"inCongestion":false,"delay":-66,"latitude":45.512212}],"queryTime":1395759768986}}
