{"resultSet":{"vehicle":[{"tripID":4411313,"serviceDate":1395730800000,"direction":0,"garage":"POWELL","type":"bus","lastLocID":1821,"messageCode":266,"time":1395755963526,"expires":1395756379000,"signMessageLong":"14  Hawthorne to 94th & Foster","extraBlockID":null,"locationInScheduleDay":25251,"longitude":-122.5759857,"blockID":1436,"offRoute":false,"nextLocID":1823,"vehicleID":2206,"signMessage":"14 To 94-Foster","extraTripID":null,"nextStopSeq":44,"routeNumber":14,"vehicleLoad":"unknown","bearing":109,"lastStopSeq":43,"inCongestion":false,"delay":92,"latitude":45.4818948},{"tripID":4419089,"serviceDate":1395730800000,"direction":0,"garage":"POWELL","type":"bus","lastLocID":6235,"messageCode":809,"time":1395755963626,"expires":1395756382000,"signMessageLong":"77  Broadway/Halsey to Troutdale","extraBlockID":null,"locationInScheduleDay":25104,"longitude":-122.6449753,"blockID":7735,"offRoute":false,"nextLocID":6237,"vehicleID":2222,"signMessage":"77 To Troutdale","extraTripID":null,"nextStopSeq":27,"routeNumber":77,"vehicleLoad":"unknown","bearing":90,"lastStopSeq":26,"inCongestion":false,"delay":-58,"latitude":45.5343062},{"tripID":4419223,"serviceDate":1395730800000,"direction":1,"garage":"POWELL","type":"bus","lastLocID":8802,"messageCode":813,"time":1395755965972,"expires":1395756384000,"signMessageLong":"77  Broadway/Halsey to Montgomery Park","extraBlockID":null,"locationInScheduleDay":25152,"longitude":-122.7066904,"blockID":7736,"offRoute":false,"nextLocID":8481,"vehicleID":2221,"signMessage":"77 Montgomry Pk","extraTripID":null,"nextStopSeq":105,"routeNumber":77,"vehicleLoad":"unknown","bearing":268,"lastStopSeq":104,"inCongestion":false,"delay":-12,"latitude":45.5367882},{"tripID":4411562,"serviceDate":1395730800000,"direction":1,"garage":"POWELL","type":"bus","lastLocID":7654,"messageCode":268,"time":1395755965991,"expires":1395756382000,"signMessageLong":"14  Hawthorne to Portland","extraBlockID":null,"locationInScheduleDay":25215,"longitude":-122.6110231,"blockID":1437,"offRoute":false,"nextLocID":7659,"vehicleID":2264,"signMessage":"14 To Portland","extraTripID":null,"nextStopSeq":22,"routeNumber":14,"vehicleLoad":"unknown","bearing":353,"lastStopSeq":21,"inCongestion":false,"delay":53,"latitude":45.505117},{"tripID":4418198,"serviceDate":1395730800000,"direction":1,"garage":"POWELL","type":"bus","lastLocID":11471,"messageCode":760,"time":1395755986951,"expires":1395756406000,"signMessageLong":"72  Killingsworth/82nd to Clackamas TC","extraBlockID":null,"locationInScheduleDay":25194,"longitude":-122.6428225,"blockID":7246,"offRoute":false,"nextLocID":60,"vehicleID":2296,"signMessage":"72 Clackamas TC","extraTripID":null,"nextStopSeq":29,"routeNumber":72,"vehicleLoad":"unknown","bearing":90,"lastStopSeq":28,"inCongestion":false,"delay":8,"latitude":45.5590756},{"tripID":4419224,"serviceDate":1395730800000,"direction":1,"garage":"POWELL","type":"bus","lastLocID":10867,"messageCode":813,"time":1395755963780,"expires":1395756381000,"signMessageLong":"77  Broadway/Halsey to Montgomery Park","extraBlockID":null,"locationInScheduleDay":25107,"longitude":-122.656596,"blockID":7737,"offRoute":false,"nextLocID":10876,"vehicleID":2285,"signMessage":"77 Montgomry Pk","extraTripID":null,"nextStopSeq":83,"routeNumber":77,"vehicleLoad":"unknown","bearing":180,"lastStopSeq":82,"inCongestion":false,"delay":-54,"latitude":45.5317931},{"tripID":4417869,"serviceDate":1395730800000,"direction":0,"garage":"POWELL","type":"bus","lastLocID":3200,"messageCode":766,"time":1395755963750,"expires":1395756377000,"signMessageLong":"72  Killingsworth/82nd to Swan Island-Anchor St","extraBlockID":null,"locationInScheduleDay":25035,"longitude":-122.6220183,"blockID":7244,"offRoute":false,"nextLocID":3197,"vehicleID":2276,"signMessage":"72 Swan Island","extraTripID":null,"nextStopSeq":75,"routeNumber":72,"vehicleLoad":"unknown","bearing":269,"lastStopSeq":74,"inCongestion":false,"delay":-122,"latitude":45.5627981},{"tripID":4417318,"serviceDate":1395730800000,"direction":1,"garage":"CENTER","type":"bus","lastLocID":9368,"messageCode":788,"time":1395755986916,"expires":1395756406000,"signMessageLong":"70  12th/NE 33rd Ave to Milwaukie","extraBlockID":null,"locationInScheduleDay":25186,"longitude":-122.6357648,"blockID":7005,"offRoute":false,"nextLocID":9414,"vehicleID":2132,"signMessage":"70 To Milwaukie","extraTripID":null,"nextStopSeq":2,"routeNumber":70,"vehicleLoad":"unknown","bearing":180,"lastStopSeq":1,"inCongestion":false,"delay":0,"latitude":45.5898735},{"tripID":4413878,"serviceDate":1395730800000,"direction":1,"garage":"CENTER","type":"bus","lastLocID":3858,"messageCode":462,"time":1395755963276,"expires":1395756382000,"signMessageLong":"31L Portland Limited","extraBlockID":null,"locationInScheduleDay":24665,"longitude":-122.6607696,"blockID":3001,"offRoute":false,"nextLocID":2171,"vehicleID":2123,"signMessage":"31L To Portland Limited","extraTripID":null,"nextStopSeq":7,"routeNumber":31,"vehicleLoad":"unknown","bearing":358,"lastStopSeq":6,"inCongestion":false,"delay":-497,"latitude":45.5033012},{"tripID":4417166,"serviceDate":1395730800000,"direction":0,"garage":"CENTER","type":"bus","lastLocID":6873,"messageCode":781,"time":1395755975688,"expires":1395756393000,"signMessageLong":"70  12th/NE 33rd Ave to NE Sunderland via 17th & Tacoma","extraBlockID":null,"locationInScheduleDay":24935,"longitude":-122.6470584,"blockID":7006,"offRoute":false,"nextLocID":6889,"vehicleID":2150,"signMessage":"70 To Sunderland via 17th","extraTripID":null,"nextStopSeq":11,"routeNumber":70,"vehicleLoad":"unknown","bearing":359,"lastStopSeq":10,"inCongestion":false,"delay":-238,"latitude":45.4669939},{"tripID":4417316,"serviceDate":1395730800000,"direction":1,"garage":"CENTER","type":"bus","lastLocID":6577,"messageCode":738,"time":1395755975865,"expires":1395756392000,"signMessageLong":"70  12th Ave to Milwaukie via 13th & Tacoma","extraBlockID":null,"locationInScheduleDay":25200,"longitude":-122.6535905,"blockID":7008,"offRoute":false,"nextLocID":6541,"vehicleID":2506,"signMessage":"70 To Milwaukie","extraTripID":null,"nextStopSeq":5,"routeNumber":70,"vehicleLoad":"unknown","bearing":183,"lastStopSeq":4,"inCongestion":false,"delay":28,"latitude":45.5233645},{"tripID":4418197,"serviceDate":1395730800000,"direction":1,"garage":"POWELL","type":"bus","lastLocID":3199,"messageCode":760,"time":1395755954037,"expires":1395756371000,"signMessageLong":"72  Killingsworth/82nd to Clackamas TC","extraBlockID":null,"locationInScheduleDay":25131,"longitude":-122.6199059,"blockID":7238,"offRoute":false,"nextLocID":3144,"vehicleID":2527,"signMessage":"72 Clackamas TC","extraTripID":null,"nextStopSeq":41,"routeNumber":72,"vehicleLoad":"unknown","bearing":90,"lastStopSeq":40,"inCongestion":false,"delay":-20,"latitude":45.5628108},{"tripID":4417165,"serviceDate":1395730800000,"direction":0,"garage":"CENTER","type":"bus","lastLocID":6592,"messageCode":780,"time":1395755975962,"expires":1395756393000,"signMessageLong":"70  12th/NE 33rd Ave to NE Sunderland","extraBlockID":null,"locationInScheduleDay":25144,"longitude":-122.6535908,"blockID":7002,"offRoute":false,"nextLocID":6582,"vehicleID":2524,"signMessage":"70 To Sunderlnd","extraTripID":null,"nextStopSeq":35,"routeNumber":70,"vehicleLoad":"unknown","bearing":3,"lastStopSeq":34,"inCongestion":false,"delay":-29,"latitude":45.523361},{"tripID":4419087,"serviceDate":1395730800000,"direction":0,"garage":"CENTER","type":"bus","lastLocID":2400,"messageCode":809,"time":1395755963467,"expires":1395756376000,"signMessageLong":"77  Broadway/Halsey to Troutdale","extraBlockID":null,"locationInScheduleDay":25085,"longitude":-122.4858277,"blockID":7701,"offRoute":false,"nextLocID":2322,"vehicleID":2512,"signMessage":"77 To Troutdale","extraTripID":null,"nextStopSeq":77,"routeNumber":77,"vehicleLoad":"unknown","bearing":89,"lastStopSeq":76,"inCongestion":false,"delay":-71,"latitude":45.5347009},{"tripID":4417872,"serviceDate":1395730800000,"direction":0,"garage":"POWELL","type":"bus","lastLocID":8017,"messageCode":768,"time":1395755965964,"expires":1395756382000,"signMessageLong":"72  Killingsworth/82nd to Swan Island-Shipyards","extraBlockID":null,"locationInScheduleDay":25034,"longitude":-122.5791122,"blockID":7239,"offRoute":false,"nextLocID":7983,"vehicleID":2540,"signMessage":"72 Swan Island","extraTripID":null,"nextStopSeq":9,"routeNumber":72,"vehicleLoad":"unknown","bearing":1,"lastStopSeq":8,"inCongestion":false,"delay":-128,"latitude":45.4564321},{"tripID":4418199,"serviceDate":1395730800000,"direction":1,"garage":"POWELL","type":"bus","lastLocID":3169,"messageCode":760,"time":1395755983859,"expires":1395756401000,"signMessageLong":"72  Killingsworth/82nd to Clackamas TC","extraBlockID":null,"locationInScheduleDay":25195,"longitude":-122.6813451,"blockID":7240,"offRoute":false,"nextLocID":3173,"vehicleID":2533,"signMessage":"72 Clackamas TC","extraTripID":null,"nextStopSeq":13,"routeNumber":72,"vehicleLoad":"unknown","bearing":90,"lastStopSeq":12,"inCongestion":false,"delay":14,"latitude":45.5626665},{"tripID":4418196,"serviceDate":1395730800000,"direction":1,"garage":"POWELL","type":"bus","lastLocID":8064,"messageCode":760,"time":1395755963883,"expires":1395756377000,"signMessageLong":"72  Killingsworth/82nd to Clackamas TC","extraBlockID":null,"locationInScheduleDay":25192,"longitude":-122.5785953,"blockID":7236,"offRoute":false,"nextLocID":8025,"vehicleID":2552,"signMessage":"72 Clackamas TC","extraTripID":null,"nextStopSeq":54,"routeNumber":72,"vehicleLoad":"unknown","bearing":180,"lastStopSeq":53,"inCongestion":false,"delay":35,"latitude":45.5573082},{"tripID":4417868,"serviceDate":1395730800000,"direction":0,"garage":"POWELL","type":"bus","lastLocID":10957,"messageCode":768,"time":1395755978036,"expires":1395756395000,"signMessageLong":"72  Killingsworth/82nd to Swan Island-Shipyards","extraBlockID":null,"locationInScheduleDay":24849,"longitude":-122.6630422,"blockID":7242,"offRoute":false,"nextLocID":3187,"vehicleID":2548,"signMessage":"72 Swan Island","extraTripID":null,"nextStopSeq":94,"routeNumber":72,"vehicleLoad":"unknown","bearing":270,"lastStopSeq":93,"inCongestion":false,"delay":-326,"latitude":45.5627415},{"tripID":4411561,"serviceDate":1395730800000,"direction":1,"garage":"POWELL","type":"bus","lastLocID":2609,"messageCode":268,"time":1395755945302,"expires":1395756362000,"signMessageLong":"14  Hawthorne to Portland","extraBlockID":null,"locationInScheduleDay":25083,"longitude":-122.6448856,"blockID":1435,"offRoute":false,"nextLocID":2606,"vehicleID":2316,"signMessage":"14 To Portland","extraTripID":null,"nextStopSeq":36,"routeNumber":14,"vehicleLoad":"unknown","bearing":270,"lastStopSeq":35,"inCongestion":false,"delay":-59,"latitude":45.5120969},{"tripID":4413879,"serviceDate":1395730800000,"direction":1,"garage":"CENTER","type":"bus","lastLocID":2574,"messageCode":464,"time":1395755981133,"expires":1395756398000,"signMessageLong":"31  To Portland via Milwaukie","extraBlockID":null,"locationInScheduleDay":25161,"longitude":-122.6308077,"blockID":1403,"offRoute":false,"nextLocID":2573,"vehicleID":2725,"signMessage":"31 To Portland","extraTripID":null,"nextStopSeq":21,"routeNumber":31,"vehicleLoad":"unknown","bearing":268,"lastStopSeq":20,"inCongestion":false,"delay":-17,"latitude":45.4465704},{"tripID":4419088,"serviceDate":1395730800000,"direction":0,"garage":"CENTER","type":"bus","lastLocID":7999,"messageCode":809,"time":1395755977859,"expires":1395756397000,"signMessageLong":"77  Broadway/Halsey to Troutdale","extraBlockID":null,"locationInScheduleDay":25200,"longitude":-122.578962,"blockID":7705,"offRoute":false,"nextLocID":2456,"vehicleID":2720,"signMessage":"77 To Troutdale","extraTripID":null,"nextStopSeq":53,"routeNumber":77,"vehicleLoad":"unknown","bearing":0,"lastStopSeq":52,"inCongestion":false,"delay":23,"latitude":45.533614},{"tripID":4411563,"serviceDate":1395730800000,"direction":1,"garage":"CENTER","type":"bus","lastLocID":1824,"messageCode":268,"time":1395755977846,"expires":1395756395000,"signMessageLong":"14  Hawthorne to Portland","extraBlockID":null,"locationInScheduleDay":25124,"longitude":-122.5785748,"blockID":1404,"offRoute":false,"nextLocID":1818,"vehicleID":2718,"signMessage":"14 To Portland","extraTripID":null,"nextStopSeq":6,"routeNumber":14,"vehicleLoad":"unknown","bearing":297,"lastStopSeq":5,"inCongestion":false,"delay":-51,"latitude":45.4826651},{"tripID":4417164,"serviceDate":1395730800000,"direction":0,"garage":"CENTER","type":"bus","lastLocID":7369,"messageCode":783,"time":1395755981128,"expires":1395756399000,"signMessageLong":"70  33rd Ave to NE Sunderland","extraBlockID":null,"locationInScheduleDay":25144,"longitude":-122.630728,"blockID":7007,"offRoute":false,"nextLocID":8508,"vehicleID":2709,"signMessage":"70 To Sunderlnd","extraTripID":null,"nextStopSeq":65,"routeNumber":70,"vehicleLoad":"unknown","bearing":284,"lastStopSeq":64,"inCongestion":false,"delay":-35,"latitude":45.5738087},{"tripID":4417315,"serviceDate":1395730800000,"direction":1,"garage":"CENTER","type":"bus","lastLocID":6890,"messageCode":791,"time":1395755963414,"expires":1395756378000,"signMessageLong":"70  To Milwaukie","extraBlockID":null,"locationInScheduleDay":25145,"longitude":-122.6470592,"blockID":7001,"offRoute":false,"nextLocID":6874,"vehicleID":2704,"signMessage":"70 To Milwaukie","extraTripID":null,"nextStopSeq":71,"routeNumber":70,"vehicleLoad":"unknown","bearing":179,"lastStopSeq":70,"inCongestion":false,"delay":-13,"latitude":45.4676306},{"tripID":4417317,"serviceDate":1395730800000,"direction":1,"garage":"CENTER","type":"bus","lastLocID":7368,"messageCode":788,"time":1395755977830,"expires":1395756396000,"signMessageLong":"70  12th/NE 33rd Ave to Milwaukie","extraBlockID":null,"locationInScheduleDay":25241,"longitude":-122.6307163,"blockID":7003,"offRoute":false,"nextLocID":7374,"vehicleID":2705,"signMessage":"70 To Milwaukie","extraTripID":null,"nextStopSeq":25,"routeNumber":70,"vehicleLoad":"unknown","bearing":180,"lastStopSeq":24,"inCongestion":false,"delay":65,"latitude":45.5493109},{"tripID":4417167,"serviceDate":1395730800000,"direction":0,"garage":"CENTER","type":"bus","lastLocID":13477,"messageCode":782,"time":1395755963403,"expires":1395756377000,"signMessageLong":"70  12th/NE 33rd Ave to NE Sunderland via 13th & Tacoma","extraBlockID":null,"locationInScheduleDay":25157,"longitude":-122.6407309,"blockID":7004,"offRoute":false,"nextLocID":8225,"vehicleID":2701,"signMessage":"70 To Sunderland via 13th","extraTripID":null,"nextStopSeq":2,"routeNumber":70,"vehicleLoad":"unknown","bearing":81,"lastStopSeq":1,"inCongestion":false,"delay":0,"latitude":45.4448667},{"tripID":4419225,"serviceDate":1395730800000,"direction":1,"garage":"CENTER","type":"bus","lastLocID":7510,"messageCode":813,"time":1395755983881,"expires":1395756402000,"signMessageLong":"77  Broadway/Halsey to Montgomery Park","extraBlockID":null,"locationInScheduleDay":25247,"longitude":-122.620309,"blockID":7704,"offRoute":false,"nextLocID":10869,"vehicleID":2614,"signMessage":"77 Montgomry Pk","extraTripID":null,"nextStopSeq":68,"routeNumber":77,"vehicleLoad":"unknown","bearing":179,"lastStopSeq":67,"inCongestion":false,"delay":65,"latitude":45.5347788},{"tripID":4411564,"serviceDate":1395730800000,"direction":1,"garage":"CENTER","type":"bus","lastLocID":1831,"messageCode":268,"time":1395755977979,"expires":1395756395000,"signMessageLong":"14  Hawthorne to Portland","extraBlockID":null,"locationInScheduleDay":25175,"longitude":-122.5662917,"blockID":1401,"offRoute":false,"nextLocID":13236,"vehicleID":2608,"signMessage":"14 To Portland","extraTripID":null,"nextStopSeq":2,"routeNumber":14,"vehicleLoad":"unknown","bearing":291,"lastStopSeq":1,"inCongestion":false,"delay":0,"latitude":45.4791765},{"tripID":4419228,"serviceDate":1395730800000,"direction":1,"garage":"CENTER","type":"bus","lastLocID":9481,"messageCode":813,"time":1395755986960,"expires":1395756406000,"signMessageLong":"77  Broadway/Halsey to Montgomery Park","extraBlockID":null,"locationInScheduleDay":25186,"longitude":-122.3982117,"blockID":7703,"offRoute":false,"nextLocID":9471,"vehicleID":2630,"signMessage":"77 Montgomry Pk","extraTripID":null,"nextStopSeq":2,"routeNumber":77,"vehicleLoad":"unknown","bearing":85,"lastStopSeq":1,"inCongestion":false,"delay":0,"latitude":45.5443612},{"tripID":4419090,"serviceDate":1395730800000,"direction":0,"garage":"CENTER","type":"bus","lastLocID":1615,"messageCode":809,"time":1395755966015,"expires":1395756383000,"signMessageLong":"77  Broadway/Halsey to Troutdale","extraBlockID":null,"locationInScheduleDay":25077,"longitude":-122.6919404,"blockID":7706,"offRoute":false,"nextLocID":1611,"vehicleID":2632,"signMessage":"77 To Troutdale","extraTripID":null,"nextStopSeq":12,"routeNumber":77,"vehicleLoad":"unknown","bearing":88,"lastStopSeq":11,"inCongestion":false,"delay":-86,"latitude":45.5249206},{"tripID":4417870,"serviceDate":1395730800000,"direction":0,"garage":"POWELL","type":"bus","lastLocID":7955,"messageCode":768,"time":1395755963305,"expires":1395756379000,"signMessageLong":"72  Killingsworth/82nd to Swan Island-Shipyards","extraBlockID":null,"locationInScheduleDay":24702,"longitude":-122.5790751,"blockID":7237,"offRoute":false,"nextLocID":7972,"vehicleID":3004,"signMessage":"72 Swan Island","extraTripID":null,"nextStopSeq":44,"routeNumber":72,"vehicleLoad":"unknown","bearing":359,"lastStopSeq":43,"inCongestion":false,"delay":-457,"latitude":45.5248623},{"tripID":4417873,"serviceDate":1395730800000,"direction":0,"garage":"POWELL","type":"bus","lastLocID":13248,"messageCode":766,"time":1395755965950,"expires":1395756382000,"signMessageLong":"72  Killingsworth/82nd to Swan Island-Anchor St","extraBlockID":null,"locationInScheduleDay":25171,"longitude":-122.5691165,"blockID":7241,"offRoute":false,"nextLocID":12922,"vehicleID":3048,"signMessage":"72 Swan Island","extraTripID":null,"nextStopSeq":2,"routeNumber":72,"vehicleLoad":"unknown","bearing":353,"lastStopSeq":1,"inCongestion":false,"delay":9,"latitude":45.4360312},{"tripID":4418201,"serviceDate":1395730800000,"direction":1,"garage":"POWELL","type":"bus","lastLocID":8681,"messageCode":760,"time":1395755975876,"expires":1395756392000,"signMessageLong":"72  Killingsworth/82nd to Clackamas TC","extraBlockID":null,"locationInScheduleDay":25737,"longitude":-122.6992945,"blockID":7235,"offRoute":false,"nextLocID":9399,"vehicleID":3053,"signMessage":"72 Clackamas TC","extraTripID":null,"nextStopSeq":3,"routeNumber":72,"vehicleLoad":"unknown","bearing":101,"lastStopSeq":2,"inCongestion":false,"delay":565,"latitude":45.5562453},{"tripID":4417871,"serviceDate":1395730800000,"direction":0,"garage":"POWELL","type":"bus","lastLocID":7979,"messageCode":766,"time":1395755975866,"expires":1395756394000,"signMessageLong":"72  Killingsworth/82nd to Swan Island-Anchor St","extraBlockID":null,"locationInScheduleDay":25253,"longitude":-122.5786939,"blockID":7245,"offRoute":false,"nextLocID":8037,"vehicleID":3052,"signMessage":"72 Swan Island","extraTripID":null,"nextStopSeq":37,"routeNumber":72,"vehicleLoad":"unknown","bearing":0,"lastStopSeq":36,"inCongestion":false,"delay":79,"latitude":45.5119126},{"tripID":4418194,"serviceDate":1395730800000,"direction":1,"garage":"POWELL","type":"bus","lastLocID":12921,"messageCode":760,"time":1395755963424,"expires":1395756378000,"signMessageLong":"72  Killingsworth/82nd to Clackamas TC","extraBlockID":null,"locationInScheduleDay":25320,"longitude":-122.57331,"blockID":7234,"offRoute":false,"nextLocID":13247,"vehicleID":3054,"signMessage":"72 Clackamas TC","extraTripID":null,"nextStopSeq":111,"routeNumber":72,"vehicleLoad":"unknown","bearing":91,"lastStopSeq":110,"inCongestion":false,"delay":0,"latitude":45.4374017},{"tripID":4419222,"serviceDate":1395730800000,"direction":1,"garage":"POWELL","type":"bus","lastLocID":8483,"messageCode":813,"time":1395755963480,"expires":1395756381000,"signMessageLong":"77  Broadway/Halsey to Montgomery Park","extraBlockID":null,"locationInScheduleDay":24042,"longitude":-122.7069345,"blockID":7734,"offRoute":false,"nextLocID":8484,"vehicleID":3046,"signMessage":"77 Montgomry Pk","extraTripID":null,"nextStopSeq":109,"routeNumber":77,"vehicleLoad":"unknown","bearing":178,"lastStopSeq":108,"inCongestion":false,"delay":0,"latitude":45.5377966},{"tripID":4419226,"serviceDate":1395730800000,"direction":1,"garage":"POWELL","type":"bus","lastLocID":2352,"messageCode":813,"time":1395755963377,"expires":1395756378000,"signMessageLong":"77  Broadway/Halsey to Montgomery Park","extraBlockID":null,"locationInScheduleDay":25013,"longitude":-122.5373926,"blockID":7738,"offRoute":false,"nextLocID":2367,"vehicleID":3035,"signMessage":"77 Montgomry Pk","extraTripID":null,"nextStopSeq":39,"routeNumber":77,"vehicleLoad":"unknown","bearing":270,"lastStopSeq":38,"inCongestion":false,"delay":-145,"latitude":45.5335717},{"tripID":4411314,"serviceDate":1395730800000,"direction":0,"garage":"POWELL","type":"bus","lastLocID":2594,"messageCode":266,"time":1395755963365,"expires":1395756378000,"signMessageLong":"14  Hawthorne to 94th & Foster","extraBlockID":null,"locationInScheduleDay":25041,"longitude":-122.6598924,"blockID":1434,"offRoute":false,"nextLocID":2597,"vehicleID":3027,"signMessage":"14 To 94-Foster","extraTripID":null,"nextStopSeq":5,"routeNumber":14,"vehicleLoad":"unknown","bearing":90,"lastStopSeq":4,"inCongestion":false,"delay":-117,"latitude":45.5122413},{"tripID":4418195,"serviceDate":1395730800000,"direction":1,"garage":"POWELL","type":"bus","lastLocID":8048,"messageCode":760,"time":1395755977804,"expires":1395756396000,"signMessageLong":"72  Killingsworth/82nd to Clackamas TC","extraBlockID":null,"locationInScheduleDay":24887,"longitude":-122.5790811,"blockID":7243,"offRoute":false,"nextLocID":7929,"vehicleID":3025,"signMessage":"72 Clackamas TC","extraTripID":null,"nextStopSeq":73,"routeNumber":72,"vehicleLoad":"unknown","bearing":179,"lastStopSeq":72,"inCongestion":false,"delay":-289,"latitude":45.5192953},{"tripID":4419227,"serviceDate":1395730800000,"direction":1,"garage":"CENTER","type":"bus","lastLocID":2326,"messageCode":813,"time":1395755977888,"expires":1395756396000,"signMessageLong":"77  Broadway/Halsey to Montgomery Park","extraBlockID":null,"locationInScheduleDay":25325,"longitude":-122.4663615,"blockID":7702,"offRoute":false,"nextLocID":2407,"vehicleID":2005,"signMessage":"77 Montgomry Pk","extraTripID":null,"nextStopSeq":20,"routeNumber":77,"vehicleLoad":"unknown","bearing":270,"lastStopSeq":19,"inCongestion":false,"delay":149,"latitude":45.5336702},{"tripID":4413877,"serviceDate":1395730800000,"direction":1,"garage":"CENTER","type":"bus","lastLocID":7797,"messageCode":467,"time":1395755963529,"expires":1395756381000,"signMessageLong":"31  Downtown Only","extraBlockID":null,"locationInScheduleDay":24860,"longitude":-122.6776346,"blockID":1402,"offRoute":false,"nextLocID":7751,"vehicleID":2014,"signMessage":"31 Downtown Only","extraTripID":null,"nextStopSeq":41,"routeNumber":31,"vehicleLoad":"unknown","bearing":21,"lastStopSeq":40,"inCongestion":false,"delay":-301,"latitude":45.5209618}],"queryTime":1395755988846}}
