{"resultSet":{"vehicle":[{"tripID":4411577,"serviceDate":1395730800000,"direction":1,"garage":"POWELL","type":"bus","lastLocID":1793,"messageCode":268,"time":1395762263443,"expires":1395762681000,"signMessageLong":"14  Hawthorne to Portland","extraBlockID":null,"locationInScheduleDay":31550,"longitude":-122.6088324,"blockID":1436,"offRoute":false,"nextLocID":7656,"vehicleID":2206,"signMessage":"14 To Portland","extraTripID":null,"nextStopSeq":18,"routeNumber":14,"vehicleLoad":"unknown","bearing":307,"lastStopSeq":17,"inCongestion":false,"delay":89,"latitude":45.495596},{"tripID":4419232,"serviceDate":1395730800000,"direction":1,"garage":"POWELL","type":"bus","lastLocID":7916,"messageCode":813,"time":1395762263479,"expires":1395762681000,"signMessageLong":"77  Broadway/Halsey to Montgomery Park","extraBlockID":null,"locationInScheduleDay":31439,"longitude":-122.5803404,"blockID":7735,"offRoute":false,"nextLocID":2455,"vehicleID":2222,"signMessage":"77 Montgomry Pk","extraTripID":null,"nextStopSeq":54,"routeNumber":77,"vehicleLoad":"unknown","bearing":293,"lastStopSeq":53,"inCongestion":false,"delay":-22,"latitude":45.5335856},{"tripID":4419092,"serviceDate":1395730800000,"direction":0,"garage":"POWELL","type":"bus","lastLocID":9472,"messageCode":809,"time":1395762272381,"expires":1395762691000,"signMessageLong":"77  Broadway/Halsey to Troutdale","extraBlockID":null,"locationInScheduleDay":31195,"longitude":-122.3986988,"blockID":7736,"offRoute":false,"nextLocID":9481,"vehicleID":2221,"signMessage":"77 To Troutdale","extraTripID":null,"nextStopSeq":102,"routeNumber":77,"vehicleLoad":"unknown","bearing":83,"lastStopSeq":101,"inCongestion":false,"delay":0,"latitude":45.5443317},{"tripID":4411578,"serviceDate":1395730800000,"direction":1,"garage":"POWELL","type":"bus","lastLocID":13236,"messageCode":268,"time":1395762276628,"expires":1395762693000,"signMessageLong":"14  Hawthorne to Portland","extraBlockID":null,"locationInScheduleDay":31294,"longitude":-122.5682107,"blockID":1438,"offRoute":false,"nextLocID":1829,"vehicleID":2220,"signMessage":"14 To Portland","extraTripID":null,"nextStopSeq":3,"routeNumber":14,"vehicleLoad":"unknown","bearing":291,"lastStopSeq":2,"inCongestion":false,"delay":-179,"latitude":45.4797052},{"tripID":4411575,"serviceDate":1395730800000,"direction":1,"garage":"POWELL","type":"bus","lastLocID":2616,"messageCode":268,"time":1395762260245,"expires":1395762678000,"signMessageLong":"14  Hawthorne to Portland","extraBlockID":null,"locationInScheduleDay":31502,"longitude":-122.6376441,"blockID":1437,"offRoute":false,"nextLocID":2613,"vehicleID":2270,"signMessage":"14 To Portland","extraTripID":null,"nextStopSeq":33,"routeNumber":14,"vehicleLoad":"unknown","bearing":271,"lastStopSeq":32,"inCongestion":false,"delay":44,"latitude":45.5120786},{"tripID":4417884,"serviceDate":1395730800000,"direction":0,"garage":"POWELL","type":"bus","lastLocID":7953,"messageCode":766,"time":1395762278416,"expires":1395762695000,"signMessageLong":"72  Killingsworth/82nd to Swan Island-Anchor St","extraBlockID":null,"locationInScheduleDay":31518,"longitude":-122.5790508,"blockID":7247,"offRoute":false,"nextLocID":7993,"vehicleID":2250,"signMessage":"72 Swan Island","extraTripID":null,"nextStopSeq":14,"routeNumber":72,"vehicleLoad":"unknown","bearing":359,"lastStopSeq":13,"inCongestion":false,"delay":43,"latitude":45.4657883},{"tripID":4417882,"serviceDate":1395730800000,"direction":0,"garage":"POWELL","type":"bus","lastLocID":7955,"messageCode":766,"time":1395762272389,"expires":1395762691000,"signMessageLong":"72  Killingsworth/82nd to Swan Island-Anchor St","extraBlockID":null,"locationInScheduleDay":31504,"longitude":-122.5790702,"blockID":7246,"offRoute":false,"nextLocID":7972,"vehicleID":2296,"signMessage":"72 Swan Island","extraTripID":null,"nextStopSeq":44,"routeNumber":72,"vehicleLoad":"unknown","bearing":0,"lastStopSeq":43,"inCongestion":false,"delay":33,"latitude":45.525499},{"tripID":4419093,"serviceDate":1395730800000,"direction":0,"garage":"POWELL","type":"bus","lastLocID":2401,"messageCode":809,"time":1395762272401,"expires":1395762691000,"signMessageLong":"77  Broadway/Halsey to Troutdale","extraBlockID":null,"locationInScheduleDay":31289,"longitude":-122.4747524,"blockID":7737,"offRoute":false,"nextLocID":2405,"vehicleID":2285,"signMessage":"77 To Troutdale","extraTripID":null,"nextStopSeq":79,"routeNumber":77,"vehicleLoad":"unknown","bearing":124,"lastStopSeq":78,"inCongestion":false,"delay":-182,"latitude":45.5339017},{"tripID":4418205,"serviceDate":1395730800000,"direction":1,"garage":"POWELL","type":"bus","lastLocID":8030,"messageCode":760,"time":1395762276707,"expires":1395762692000,"signMessageLong":"72  Killingsworth/82nd to Clackamas TC","extraBlockID":null,"locationInScheduleDay":31538,"longitude":-122.5788971,"blockID":7252,"offRoute":false,"nextLocID":8009,"vehicleID":2283,"signMessage":"72 Clackamas TC","extraTripID":null,"nextStopSeq":89,"routeNumber":72,"vehicleLoad":"unknown","bearing":180,"lastStopSeq":88,"inCongestion":false,"delay":66,"latitude":45.4866784},{"tripID":4418204,"serviceDate":1395730800000,"direction":1,"garage":"POWELL","type":"bus","lastLocID":7942,"messageCode":760,"time":1395762266218,"expires":1395762685000,"signMessageLong":"72  Killingsworth/82nd to Clackamas TC","extraBlockID":null,"locationInScheduleDay":31605,"longitude":-122.5790331,"blockID":7244,"offRoute":false,"nextLocID":12921,"vehicleID":2276,"signMessage":"72 Clackamas TC","extraTripID":null,"nextStopSeq":110,"routeNumber":72,"vehicleLoad":"unknown","bearing":181,"lastStopSeq":109,"inCongestion":false,"delay":140,"latitude":45.4374837},{"tripID":4413883,"serviceDate":1395730800000,"direction":1,"garage":"CENTER","type":"bus","lastLocID":11956,"messageCode":467,"time":1395762278282,"expires":1395762696000,"signMessageLong":"31  Downtown Only","extraBlockID":null,"locationInScheduleDay":31659,"longitude":-122.6794555,"blockID":3003,"offRoute":false,"nextLocID":7800,"vehicleID":2119,"signMessage":"31 Downtown Only","extraTripID":null,"nextStopSeq":38,"routeNumber":31,"vehicleLoad":"unknown","bearing":290,"lastStopSeq":37,"inCongestion":false,"delay":183,"latitude":45.5162515},{"tripID":4417322,"serviceDate":1395730800000,"direction":1,"garage":"CENTER","type":"bus","lastLocID":6551,"messageCode":790,"time":1395762263366,"expires":1395762681000,"signMessageLong":"70  12th Ave to Milwaukie via 13th & Tacoma","extraBlockID":null,"locationInScheduleDay":31080,"longitude":-122.6546947,"blockID":7006,"offRoute":false,"nextLocID":6543,"vehicleID":2150,"signMessage":"70 To Milw via 13","extraTripID":null,"nextStopSeq":52,"routeNumber":70,"vehicleLoad":"unknown","bearing":180,"lastStopSeq":51,"inCongestion":false,"delay":-381,"latitude":45.5127364},{"tripID":4417170,"serviceDate":1395730800000,"direction":0,"garage":"CENTER","type":"bus","lastLocID":8854,"messageCode":783,"time":1395762281123,"expires":1395762698000,"signMessageLong":"70  33rd Ave to NE Sunderland","extraBlockID":null,"locationInScheduleDay":31404,"longitude":-122.6387132,"blockID":7008,"offRoute":false,"nextLocID":9550,"vehicleID":2506,"signMessage":"70 To Sunderlnd","extraTripID":null,"nextStopSeq":72,"routeNumber":70,"vehicleLoad":"unknown","bearing":115,"lastStopSeq":71,"inCongestion":false,"delay":-74,"latitude":45.5805774},{"tripID":4417881,"serviceDate":1395730800000,"direction":0,"garage":"POWELL","type":"bus","lastLocID":7933,"messageCode":766,"time":1395762251282,"expires":1395762668000,"signMessageLong":"72  Killingsworth/82nd to Swan Island-Anchor St","extraBlockID":null,"locationInScheduleDay":31503,"longitude":-122.5786993,"blockID":7238,"offRoute":false,"nextLocID":8039,"vehicleID":2527,"signMessage":"72 Swan Island","extraTripID":null,"nextStopSeq":58,"routeNumber":72,"vehicleLoad":"unknown","bearing":0,"lastStopSeq":57,"inCongestion":false,"delay":55,"latitude":45.5519576},{"tripID":4417174,"serviceDate":1395730800000,"direction":0,"garage":"CENTER","type":"bus","lastLocID":13477,"messageCode":781,"time":1395762266154,"expires":1395762685000,"signMessageLong":"70  12th/NE 33rd Ave to NE Sunderland via 17th & Tacoma","extraBlockID":null,"locationInScheduleDay":31465,"longitude":-122.6407309,"blockID":7002,"offRoute":false,"nextLocID":8225,"vehicleID":2524,"signMessage":"70 To Sunderland via 17th","extraTripID":null,"nextStopSeq":2,"routeNumber":70,"vehicleLoad":"unknown","bearing":81,"lastStopSeq":1,"inCongestion":false,"delay":0,"latitude":45.4448667},{"tripID":4411571,"serviceDate":1395730800000,"direction":1,"garage":"CENTER","type":"bus","lastLocID":13169,"messageCode":267,"time":1395762281198,"expires":1395762698000,"signMessageLong":"14  Downtown Only","extraBlockID":null,"locationInScheduleDay":30600,"longitude":-122.6813717,"blockID":1405,"offRoute":false,"nextLocID":3639,"vehicleID":2520,"signMessage":"14 Downtown Only","extraTripID":null,"nextStopSeq":45,"routeNumber":14,"vehicleLoad":"unknown","bearing":200,"lastStopSeq":44,"inCongestion":false,"delay":-878,"latitude":45.5161083},{"tripID":4419230,"serviceDate":1395730800000,"direction":1,"garage":"CENTER","type":"bus","lastLocID":9311,"messageCode":813,"time":1395762281167,"expires":1395762700000,"signMessageLong":"77  Broadway/Halsey to Montgomery Park","extraBlockID":null,"locationInScheduleDay":31472,"longitude":-122.6755661,"blockID":7701,"offRoute":false,"nextLocID":1997,"vehicleID":2512,"signMessage":"77 Montgomry Pk","extraTripID":null,"nextStopSeq":88,"routeNumber":77,"vehicleLoad":"unknown","bearing":267,"lastStopSeq":87,"inCongestion":false,"delay":-8,"latitude":45.5266468},{"tripID":4418208,"serviceDate":1395730800000,"direction":1,"garage":"POWELL","type":"bus","lastLocID":7327,"messageCode":760,"time":1395762263426,"expires":1395762682000,"signMessageLong":"72  Killingsworth/82nd to Clackamas TC","extraBlockID":null,"locationInScheduleDay":31564,"longitude":-122.6348964,"blockID":7239,"offRoute":false,"nextLocID":7329,"vehicleID":2540,"signMessage":"72 Clackamas TC","extraTripID":null,"nextStopSeq":34,"routeNumber":72,"vehicleLoad":"unknown","bearing":359,"lastStopSeq":33,"inCongestion":false,"delay":102,"latitude":45.5623602},{"tripID":4417883,"serviceDate":1395730800000,"direction":0,"garage":"POWELL","type":"bus","lastLocID":8023,"messageCode":766,"time":1395762281202,"expires":1395762700000,"signMessageLong":"72  Killingsworth/82nd to Swan Island-Anchor St","extraBlockID":null,"locationInScheduleDay":31560,"longitude":-122.578735,"blockID":7240,"offRoute":false,"nextLocID":8052,"vehicleID":2533,"signMessage":"72 Swan Island","extraTripID":null,"nextStopSeq":30,"routeNumber":72,"vehicleLoad":"unknown","bearing":0,"lastStopSeq":29,"inCongestion":false,"delay":80,"latitude":45.4978227},{"tripID":4417880,"serviceDate":1395730800000,"direction":0,"garage":"POWELL","type":"bus","lastLocID":3205,"messageCode":766,"time":1395762263601,"expires":1395762682000,"signMessageLong":"72  Killingsworth/82nd to Swan Island-Anchor St","extraBlockID":null,"locationInScheduleDay":31385,"longitude":-122.6094254,"blockID":7236,"offRoute":false,"nextLocID":3203,"vehicleID":2552,"signMessage":"72 Swan Island","extraTripID":null,"nextStopSeq":72,"routeNumber":72,"vehicleLoad":"unknown","bearing":270,"lastStopSeq":71,"inCongestion":false,"delay":-77,"latitude":45.5627595},{"tripID":4413884,"serviceDate":1395730800000,"direction":1,"garage":"POWELL","type":"bus","lastLocID":3254,"messageCode":458,"time":1395762266282,"expires":1395762685000,"signMessageLong":"31  To Milwaukie","extraBlockID":null,"locationInScheduleDay":31467,"longitude":-122.5879603,"blockID":3134,"offRoute":false,"nextLocID":12956,"vehicleID":2555,"signMessage":"31 To Milwaukie","extraTripID":null,"nextStopSeq":6,"routeNumber":31,"vehicleLoad":"unknown","bearing":269,"lastStopSeq":5,"inCongestion":false,"delay":2,"latitude":45.4470604},{"tripID":4418203,"serviceDate":1395730800000,"direction":1,"garage":"POWELL","type":"bus","lastLocID":12921,"messageCode":760,"time":1395761915245,"expires":1395762333000,"signMessageLong":"72  Killingsworth/82nd to Clackamas TC","extraBlockID":null,"locationInScheduleDay":31113,"longitude":-122.5690497,"blockID":7242,"offRoute":false,"nextLocID":13247,"vehicleID":2548,"signMessage":"72 Clackamas TC","extraTripID":null,"nextStopSeq":111,"routeNumber":72,"vehicleLoad":"unknown","bearing":173,"lastStopSeq":110,"inCongestion":false,"delay":0,"latitude":45.4356321},{"tripID":4411320,"serviceDate":1395730800000,"direction":0,"garage":"POWELL","type":"bus","lastLocID":1794,"messageCode":266,"time":1395762263578,"expires":1395762680000,"signMessageLong":"14  Hawthorne to 94th & Foster","extraBlockID":null,"locationInScheduleDay":31422,"longitude":-122.6085788,"blockID":1440,"offRoute":false,"nextLocID":12946,"vehicleID":2308,"signMessage":"14 To 94-Foster","extraTripID":null,"nextStopSeq":31,"routeNumber":14,"vehicleLoad":"unknown","bearing":127,"lastStopSeq":30,"inCongestion":false,"delay":-38,"latitude":45.4954612},{"tripID":4417879,"serviceDate":1395730800000,"direction":0,"garage":"POWELL","type":"bus","lastLocID":10184,"messageCode":766,"time":1395762281343,"expires":1395762700000,"signMessageLong":"72  Killingsworth/82nd to Swan Island-Anchor St","extraBlockID":null,"locationInScheduleDay":31556,"longitude":-122.6614297,"blockID":7253,"offRoute":false,"nextLocID":5890,"vehicleID":2318,"signMessage":"72 Swan Island","extraTripID":null,"nextStopSeq":92,"routeNumber":72,"vehicleLoad":"unknown","bearing":0,"lastStopSeq":91,"inCongestion":false,"delay":76,"latitude":45.5593996},{"tripID":4411321,"serviceDate":1395730800000,"direction":0,"garage":"POWELL","type":"bus","lastLocID":2599,"messageCode":266,"time":1395762281348,"expires":1395762699000,"signMessageLong":"14  Hawthorne to 94th & Foster","extraBlockID":null,"locationInScheduleDay":31440,"longitude":-122.6538685,"blockID":1435,"offRoute":false,"nextLocID":2595,"vehicleID":2316,"signMessage":"14 To 94-Foster","extraTripID":null,"nextStopSeq":7,"routeNumber":14,"vehicleLoad":"unknown","bearing":90,"lastStopSeq":6,"inCongestion":false,"delay":-39,"latitude":45.5121915},{"tripID":4419231,"serviceDate":1395730800000,"direction":1,"garage":"CENTER","type":"bus","lastLocID":7484,"messageCode":813,"time":1395762276523,"expires":1395762693000,"signMessageLong":"77  Broadway/Halsey to Montgomery Park","extraBlockID":null,"locationInScheduleDay":31413,"longitude":-122.6228772,"blockID":7705,"offRoute":false,"nextLocID":649,"vehicleID":2720,"signMessage":"77 Montgomry Pk","extraTripID":null,"nextStopSeq":70,"routeNumber":77,"vehicleLoad":"unknown","bearing":2,"lastStopSeq":69,"inCongestion":false,"delay":-60,"latitude":45.5348768},{"tripID":4411574,"serviceDate":1395730800000,"direction":1,"garage":"CENTER","type":"bus","lastLocID":3637,"messageCode":268,"time":1395762284386,"expires":1395762702000,"signMessageLong":"14  Hawthorne to Portland","extraBlockID":null,"locationInScheduleDay":31364,"longitude":-122.6569441,"blockID":1404,"offRoute":false,"nextLocID":3641,"vehicleID":2718,"signMessage":"14 To Portland","extraTripID":null,"nextStopSeq":40,"routeNumber":14,"vehicleLoad":"unknown","bearing":270,"lastStopSeq":39,"inCongestion":false,"delay":-118,"latitude":45.5129162},{"tripID":4413801,"serviceDate":1395730800000,"direction":0,"garage":"CENTER","type":"bus","lastLocID":3226,"messageCode":456,"time":1395762281141,"expires":1395762699000,"signMessageLong":"31  Clackamas Town Center","extraBlockID":null,"locationInScheduleDay":31417,"longitude":-122.5789031,"blockID":3101,"offRoute":false,"nextLocID":7990,"vehicleID":2714,"signMessage":"31 To Clackamas Town Ctr","extraTripID":null,"nextStopSeq":20,"routeNumber":31,"vehicleLoad":"unknown","bearing":177,"lastStopSeq":19,"inCongestion":false,"delay":-62,"latitude":45.4470155},{"tripID":4417173,"serviceDate":1395730800000,"direction":0,"garage":"CENTER","type":"bus","lastLocID":13477,"messageCode":782,"time":1395762263386,"expires":1395762681000,"signMessageLong":"70  12th/NE 33rd Ave to NE Sunderland via 13th & Tacoma","extraBlockID":null,"locationInScheduleDay":31461,"longitude":-122.6407309,"blockID":7007,"offRoute":false,"nextLocID":8225,"vehicleID":2709,"signMessage":"70 To Sunderland via 13th","extraTripID":null,"nextStopSeq":2,"routeNumber":70,"vehicleLoad":"unknown","bearing":81,"lastStopSeq":1,"inCongestion":false,"delay":0,"latitude":45.4448667},{"tripID":4417324,"serviceDate":1395730800000,"direction":1,"garage":"CENTER","type":"bus","lastLocID":8304,"messageCode":788,"time":1395762278334,"expires":1395762695000,"signMessageLong":"70  12th/NE 33rd Ave to Milwaukie","extraBlockID":null,"locationInScheduleDay":31315,"longitude":-122.6418046,"blockID":7001,"offRoute":false,"nextLocID":8507,"vehicleID":2704,"signMessage":"70 To Milwaukie","extraTripID":null,"nextStopSeq":10,"routeNumber":70,"vehicleLoad":"unknown","bearing":107,"lastStopSeq":9,"inCongestion":false,"delay":-160,"latitude":45.576067},{"tripID":4417171,"serviceDate":1395730800000,"direction":0,"garage":"CENTER","type":"bus","lastLocID":8938,"messageCode":783,"time":1395762276488,"expires":1395762694000,"signMessageLong":"70  33rd Ave to NE Sunderland","extraBlockID":null,"locationInScheduleDay":31509,"longitude":-122.6522696,"blockID":7003,"offRoute":false,"nextLocID":4047,"vehicleID":2705,"signMessage":"70 To Sunderlnd","extraTripID":null,"nextStopSeq":38,"routeNumber":70,"vehicleLoad":"unknown","bearing":90,"lastStopSeq":37,"inCongestion":false,"delay":35,"latitude":45.5314876},{"tripID":4417323,"serviceDate":1395730800000,"direction":1,"garage":"CENTER","type":"bus","lastLocID":8937,"messageCode":789,"time":1395762263385,"expires":1395762682000,"signMessageLong":"70  12th Ave to Milwaukie via 17th & Tacoma","extraBlockID":null,"locationInScheduleDay":31560,"longitude":-122.6548037,"blockID":7004,"offRoute":false,"nextLocID":6583,"vehicleID":2701,"signMessage":"70 To Milw via 17","extraTripID":null,"nextStopSeq":45,"routeNumber":70,"vehicleLoad":"unknown","bearing":90,"lastStopSeq":44,"inCongestion":false,"delay":98,"latitude":45.5299993},{"tripID":4419094,"serviceDate":1395730800000,"direction":0,"garage":"CENTER","type":"bus","lastLocID":2460,"messageCode":809,"time":1395762260296,"expires":1395762677000,"signMessageLong":"77  Broadway/Halsey to Troutdale","extraBlockID":null,"locationInScheduleDay":31469,"longitude":-122.5664037,"blockID":7704,"offRoute":false,"nextLocID":10747,"vehicleID":2614,"signMessage":"77 To Troutdale","extraTripID":null,"nextStopSeq":56,"routeNumber":77,"vehicleLoad":"unknown","bearing":63,"lastStopSeq":55,"inCongestion":false,"delay":12,"latitude":45.5337586},{"tripID":4411576,"serviceDate":1395730800000,"direction":1,"garage":"CENTER","type":"bus","lastLocID":13734,"messageCode":268,"time":1395762266229,"expires":1395762685000,"signMessageLong":"14  Hawthorne to Portland","extraBlockID":null,"locationInScheduleDay":31536,"longitude":-122.6148004,"blockID":1401,"offRoute":false,"nextLocID":2632,"vehicleID":2608,"signMessage":"14 To Portland","extraTripID":null,"nextStopSeq":26,"routeNumber":14,"vehicleLoad":"unknown","bearing":269,"lastStopSeq":25,"inCongestion":false,"delay":71,"latitude":45.5120275},{"tripID":4417325,"serviceDate":1395730800000,"direction":1,"garage":"CENTER","type":"bus","lastLocID":9368,"messageCode":788,"time":1395762260230,"expires":1395762676000,"signMessageLong":"70  12th/NE 33rd Ave to Milwaukie","extraBlockID":null,"locationInScheduleDay":31456,"longitude":-122.6357648,"blockID":7010,"offRoute":false,"nextLocID":9414,"vehicleID":2623,"signMessage":"70 To Milwaukie","extraTripID":null,"nextStopSeq":2,"routeNumber":70,"vehicleLoad":"unknown","bearing":180,"lastStopSeq":1,"inCongestion":false,"delay":0,"latitude":45.5898735},{"tripID":4419229,"serviceDate":1395730800000,"direction":1,"garage":"CENTER","type":"bus","lastLocID":4105,"messageCode":813,"time":1395762266199,"expires":1395762685000,"signMessageLong":"77  Broadway/Halsey to Montgomery Park","extraBlockID":null,"locationInScheduleDay":31339,"longitude":-122.7069837,"blockID":7707,"offRoute":false,"nextLocID":8483,"vehicleID":2653,"signMessage":"77 Montgomry Pk","extraTripID":null,"nextStopSeq":108,"routeNumber":77,"vehicleLoad":"unknown","bearing":177,"lastStopSeq":107,"inCongestion":false,"delay":-126,"latitude":45.5387275},{"tripID":4417172,"serviceDate":1395730800000,"direction":0,"garage":"CENTER","type":"bus","lastLocID":6882,"messageCode":780,"time":1395762278468,"expires":1395762696000,"signMessageLong":"70  12th/NE 33rd Ave to NE Sunderland","extraBlockID":null,"locationInScheduleDay":31351,"longitude":-122.6483694,"blockID":7009,"offRoute":false,"nextLocID":6893,"vehicleID":2626,"signMessage":"70 To Sunderlnd","extraTripID":null,"nextStopSeq":18,"routeNumber":70,"vehicleLoad":"unknown","bearing":0,"lastStopSeq":17,"inCongestion":false,"delay":-125,"latitude":45.4858383},{"tripID":4419228,"serviceDate":1395730800000,"direction":1,"garage":"CENTER","type":"bus","lastLocID":8483,"messageCode":813,"time":1395762266223,"expires":1395762685000,"signMessageLong":"77  Broadway/Halsey to Montgomery Park","extraBlockID":null,"locationInScheduleDay":30400,"longitude":-122.7069345,"blockID":7703,"offRoute":false,"nextLocID":8484,"vehicleID":2630,"signMessage":"77 Montgomry Pk","extraTripID":null,"nextStopSeq":109,"routeNumber":77,"vehicleLoad":"unknown","bearing":178,"lastStopSeq":108,"inCongestion":false,"delay":0,"latitude":45.5377966},{"tripID":4419233,"serviceDate":1395730800000,"direction":1,"garage":"CENTER","type":"bus","lastLocID":2406,"messageCode":813,"time":1395762260248,"expires":1395762677000,"signMessageLong":"77  Broadway/Halsey to Montgomery Park","extraBlockID":null,"locationInScheduleDay":31482,"longitude":-122.4766227,"blockID":7706,"offRoute":false,"nextLocID":8860,"vehicleID":2632,"signMessage":"77 Montgomry Pk","extraTripID":null,"nextStopSeq":22,"routeNumber":77,"vehicleLoad":"unknown","bearing":281,"lastStopSeq":21,"inCongestion":false,"delay":25,"latitude":45.5346799},{"tripID":4418206,"serviceDate":1395730800000,"direction":1,"garage":"POWELL","type":"bus","lastLocID":7932,"messageCode":760,"time":1395762263360,"expires":1395762682000,"signMessageLong":"72  Killingsworth/82nd to Clackamas TC","extraBlockID":null,"locationInScheduleDay":31475,"longitude":-122.5790529,"blockID":7237,"offRoute":false,"nextLocID":7973,"vehicleID":3004,"signMessage":"72 Clackamas TC","extraTripID":null,"nextStopSeq":68,"routeNumber":72,"vehicleLoad":"unknown","bearing":180,"lastStopSeq":67,"inCongestion":false,"delay":13,"latitude":45.5282395},{"tripID":4417878,"serviceDate":1395730800000,"direction":0,"garage":"POWELL","type":"bus","lastLocID":2161,"messageCode":766,"time":1395762269300,"expires":1395762688000,"signMessageLong":"72  Killingsworth/82nd to Swan Island-Anchor St","extraBlockID":null,"locationInScheduleDay":31696,"longitude":-122.7019321,"blockID":7251,"offRoute":false,"nextLocID":115,"vehicleID":3003,"signMessage":"72 Swan Island","extraTripID":null,"nextStopSeq":108,"routeNumber":72,"vehicleLoad":"unknown","bearing":307,"lastStopSeq":107,"inCongestion":false,"delay":0,"latitude":45.5572096},{"tripID":4418209,"serviceDate":1395730800000,"direction":1,"garage":"POWELL","type":"bus","lastLocID":3162,"messageCode":760,"time":1395762260043,"expires":1395762676000,"signMessageLong":"72  Killingsworth/82nd to Clackamas TC","extraBlockID":null,"locationInScheduleDay":31475,"longitude":-122.6858011,"blockID":7241,"offRoute":false,"nextLocID":3158,"vehicleID":3048,"signMessage":"72 Clackamas TC","extraTripID":null,"nextStopSeq":11,"routeNumber":72,"vehicleLoad":"unknown","bearing":91,"lastStopSeq":10,"inCongestion":false,"delay":19,"latitude":45.5626911},{"tripID":4417885,"serviceDate":1395730800000,"direction":0,"garage":"POWELL","type":"bus","lastLocID":13248,"messageCode":766,"time":1395762260055,"expires":1395762679000,"signMessageLong":"72  Killingsworth/82nd to Swan Island-Anchor St","extraBlockID":null,"locationInScheduleDay":31503,"longitude":-122.5692263,"blockID":7235,"offRoute":false,"nextLocID":12922,"vehicleID":3053,"signMessage":"72 Swan Island","extraTripID":null,"nextStopSeq":2,"routeNumber":72,"vehicleLoad":"unknown","bearing":1,"lastStopSeq":1,"inCongestion":false,"delay":44,"latitude":45.436989},{"tripID":4418207,"serviceDate":1395730800000,"direction":1,"garage":"POWELL","type":"bus","lastLocID":3185,"messageCode":760,"time":1395762260048,"expires":1395762677000,"signMessageLong":"72  Killingsworth/82nd to Clackamas TC","extraBlockID":null,"locationInScheduleDay":31528,"longitude":-122.5785238,"blockID":7245,"offRoute":false,"nextLocID":8889,"vehicleID":3052,"signMessage":"72 Clackamas TC","extraTripID":null,"nextStopSeq":52,"routeNumber":72,"vehicleLoad":"unknown","bearing":180,"lastStopSeq":51,"inCongestion":false,"delay":71,"latitude":45.5609463},{"tripID":4418210,"serviceDate":1395730800000,"direction":1,"garage":"POWELL","type":"bus","lastLocID":115,"messageCode":760,"time":1395762278340,"expires":1395762695000,"signMessageLong":"72  Killingsworth/82nd to Clackamas TC","extraBlockID":null,"locationInScheduleDay":31475,"longitude":-122.703865,"blockID":7234,"offRoute":false,"nextLocID":8681,"vehicleID":3054,"signMessage":"72 Clackamas TC","extraTripID":null,"nextStopSeq":2,"routeNumber":72,"vehicleLoad":"unknown","bearing":159,"lastStopSeq":1,"inCongestion":false,"delay":0,"latitude":45.5567629},{"tripID":4419234,"serviceDate":1395730800000,"direction":1,"garage":"POWELL","type":"bus","lastLocID":8746,"messageCode":813,"time":1395762276518,"expires":1395762692000,"signMessageLong":"77  Broadway/Halsey to Montgomery Park","extraBlockID":null,"locationInScheduleDay":31511,"longitude":-122.3920376,"blockID":7734,"offRoute":false,"nextLocID":2346,"vehicleID":3046,"signMessage":"77 Montgomry Pk","extraTripID":null,"nextStopSeq":4,"routeNumber":77,"vehicleLoad":"unknown","bearing":251,"lastStopSeq":3,"inCongestion":false,"delay":39,"latitude":45.5407606},{"tripID":4419095,"serviceDate":1395730800000,"direction":0,"garage":"POWELL","type":"bus","lastLocID":6235,"messageCode":809,"time":1395762206625,"expires":1395762623000,"signMessageLong":"77  Broadway/Halsey to Troutdale","extraBlockID":null,"locationInScheduleDay":31359,"longitude":-122.6449753,"blockID":7738,"offRoute":false,"nextLocID":6237,"vehicleID":3035,"signMessage":"77 To Troutdale","extraTripID":null,"nextStopSeq":27,"routeNumber":77,"vehicleLoad":"unknown","bearing":90,"lastStopSeq":26,"inCongestion":false,"delay":-44,"latitude":45.5343062},{"tripID":4417877,"serviceDate":1395730800000,"direction":0,"garage":"POWELL","type":"bus","lastLocID":3159,"messageCode":766,"time":1395762263375,"expires":1395762680000,"signMessageLong":"72  Killingsworth/82nd to Swan Island-Anchor St","extraBlockID":null,"locationInScheduleDay":31548,"longitude":-122.6872385,"blockID":7243,"offRoute":false,"nextLocID":3163,"vehicleID":3025,"signMessage":"72 Swan Island","extraTripID":null,"nextStopSeq":101,"routeNumber":72,"vehicleLoad":"unknown","bearing":270,"lastStopSeq":100,"inCongestion":false,"delay":88,"latitude":45.5627043},{"tripID":4419096,"serviceDate":1395730800000,"direction":0,"garage":"CENTER","type":"bus","lastLocID":1615,"messageCode":809,"time":1395762276537,"expires":1395762692000,"signMessageLong":"77  Broadway/Halsey to Troutdale","extraBlockID":null,"locationInScheduleDay":31450,"longitude":-122.6912224,"blockID":7702,"offRoute":false,"nextLocID":1611,"vehicleID":2005,"signMessage":"77 To Troutdale","extraTripID":null,"nextStopSeq":12,"routeNumber":77,"vehicleLoad":"unknown","bearing":87,"lastStopSeq":11,"inCongestion":false,"delay":-22,"latitude":45.5249342}],"queryTime":1395762289097}}
