{"resultSet":{"vehicle":[{"tripID":4419221,"serviceDate":1395730800000,"direction":1,"garage":"POWELL","type":"bus","lastLocID":4043,"messageCode":813,"time":1395752065827,"expires":1395752483000,"signMessageLong":"77  Broadway/Halsey to Montgomery Park","extraBlockID":null,"locationInScheduleDay":21268,"longitude":-122.6625384,"blockID":7735,"offRoute":false,"nextLocID":11492,"vehicleID":2222,"signMessage":"77 Montgomry Pk","extraTripID":null,"nextStopSeq":39,"routeNumber":77,"vehicleLoad":"unknown","bearing":234,"lastStopSeq":38,"inCongestion":false,"delay":5,"latitude":45.5312942},{"tripID":4419223,"serviceDate":1395730800000,"direction":1,"garage":"POWELL","type":"bus","lastLocID":2333,"messageCode":813,"time":1395752063049,"expires":1395752477000,"signMessageLong":"77  Broadway/Halsey to Montgomery Park","extraBlockID":null,"locationInScheduleDay":21264,"longitude":-122.4178556,"blockID":7736,"offRoute":false,"nextLocID":2420,"vehicleID":2221,"signMessage":"77 Montgomry Pk","extraTripID":null,"nextStopSeq":9,"routeNumber":77,"vehicleLoad":"unknown","bearing":259,"lastStopSeq":8,"inCongestion":false,"delay":7,"latitude":45.5371885},{"tripID":4413875,"serviceDate":1395730800000,"direction":1,"garage":"POWELL","type":"bus","lastLocID":3232,"messageCode":464,"time":1395752044624,"expires":1395752464000,"signMessageLong":"31  To Portland via Milwaukie","extraBlockID":null,"locationInScheduleDay":21118,"longitude":-122.6036889,"blockID":3137,"offRoute":false,"nextLocID":3237,"vehicleID":2258,"signMessage":"31 To Portland","extraTripID":null,"nextStopSeq":12,"routeNumber":31,"vehicleLoad":"unknown","bearing":270,"lastStopSeq":11,"inCongestion":false,"delay":-126,"latitude":45.4479724},{"tripID":4417163,"serviceDate":1395730800000,"direction":0,"garage":"CENTER","type":"bus","lastLocID":6885,"messageCode":782,"time":1395752062762,"expires":1395752479000,"signMessageLong":"70  12th/NE 33rd Ave to NE Sunderland via 13th & Tacoma","extraBlockID":null,"locationInScheduleDay":21294,"longitude":-122.6487274,"blockID":7005,"offRoute":false,"nextLocID":3421,"vehicleID":2132,"signMessage":"70 To Sunderland via 13th","extraTripID":null,"nextStopSeq":6,"routeNumber":70,"vehicleLoad":"unknown","bearing":269,"lastStopSeq":5,"inCongestion":false,"delay":35,"latitude":45.4593289},{"tripID":4417865,"serviceDate":1395730800000,"direction":0,"garage":"POWELL","type":"bus","lastLocID":7927,"messageCode":768,"time":1395752062988,"expires":1395752477000,"signMessageLong":"72  Killingsworth/82nd to Swan Island-Shipyards","extraBlockID":null,"locationInScheduleDay":21190,"longitude":-122.5785135,"blockID":7238,"offRoute":false,"nextLocID":3216,"vehicleID":2527,"signMessage":"72 Swan Island","extraTripID":null,"nextStopSeq":62,"routeNumber":72,"vehicleLoad":"unknown","bearing":0,"lastStopSeq":61,"inCongestion":false,"delay":-67,"latitude":45.5622426},{"tripID":4417312,"serviceDate":1395730800000,"direction":1,"garage":"CENTER","type":"bus","lastLocID":6542,"messageCode":789,"time":1395752062988,"expires":1395752482000,"signMessageLong":"70  12th Ave to Milwaukie via 17th & Tacoma","extraBlockID":null,"locationInScheduleDay":21133,"longitude":-122.6546692,"blockID":7002,"offRoute":false,"nextLocID":6551,"vehicleID":2524,"signMessage":"70 To Milw via 17","extraTripID":null,"nextStopSeq":51,"routeNumber":70,"vehicleLoad":"unknown","bearing":179,"lastStopSeq":50,"inCongestion":false,"delay":-129,"latitude":45.5166627},{"tripID":4419087,"serviceDate":1395730800000,"direction":0,"garage":"CENTER","type":"bus","lastLocID":8484,"messageCode":809,"time":1395752062902,"expires":1395752478000,"signMessageLong":"77  Broadway/Halsey to Troutdale","extraBlockID":null,"locationInScheduleDay":21258,"longitude":-122.7069049,"blockID":7701,"offRoute":false,"nextLocID":8385,"vehicleID":2512,"signMessage":"77 To Troutdale","extraTripID":null,"nextStopSeq":2,"routeNumber":77,"vehicleLoad":"unknown","bearing":178,"lastStopSeq":1,"inCongestion":false,"delay":0,"latitude":45.5370429},{"tripID":4418192,"serviceDate":1395730800000,"direction":1,"garage":"POWELL","type":"bus","lastLocID":3211,"messageCode":760,"time":1395752075013,"expires":1395752492000,"signMessageLong":"72  Killingsworth/82nd to Clackamas TC","extraBlockID":null,"locationInScheduleDay":21248,"longitude":-122.5881235,"blockID":7239,"offRoute":false,"nextLocID":3186,"vehicleID":2540,"signMessage":"72 Clackamas TC","extraTripID":null,"nextStopSeq":50,"routeNumber":72,"vehicleLoad":"unknown","bearing":90,"lastStopSeq":49,"inCongestion":false,"delay":-24,"latitude":45.5626677},{"tripID":4417866,"serviceDate":1395730800000,"direction":0,"garage":"POWELL","type":"bus","lastLocID":8052,"messageCode":766,"time":1395752063025,"expires":1395752478000,"signMessageLong":"72  Killingsworth/82nd to Swan Island-Anchor St","extraBlockID":null,"locationInScheduleDay":21158,"longitude":-122.5787186,"blockID":7240,"offRoute":false,"nextLocID":8061,"vehicleID":2533,"signMessage":"72 Swan Island","extraTripID":null,"nextStopSeq":31,"routeNumber":72,"vehicleLoad":"unknown","bearing":0,"lastStopSeq":30,"inCongestion":false,"delay":-100,"latitude":45.5012227},{"tripID":4417864,"serviceDate":1395730800000,"direction":0,"garage":"POWELL","type":"bus","lastLocID":61,"messageCode":768,"time":1395752081065,"expires":1395752498000,"signMessageLong":"72  Killingsworth/82nd to Swan Island-Shipyards","extraBlockID":null,"locationInScheduleDay":20897,"longitude":-122.6431399,"blockID":7236,"offRoute":false,"nextLocID":11472,"vehicleID":2552,"signMessage":"72 Swan Island","extraTripID":null,"nextStopSeq":85,"routeNumber":72,"vehicleLoad":"unknown","bearing":270,"lastStopSeq":84,"inCongestion":false,"delay":-381,"latitude":45.5590764},{"tripID":4413874,"serviceDate":1395730800000,"direction":1,"garage":"POWELL","type":"bus","lastLocID":13488,"messageCode":466,"time":1395752075213,"expires":1395752493000,"signMessageLong":"31  Portland","extraBlockID":null,"locationInScheduleDay":21409,"longitude":-122.6608091,"blockID":3134,"offRoute":false,"nextLocID":2171,"vehicleID":2555,"signMessage":"31 To Portland","extraTripID":null,"nextStopSeq":35,"routeNumber":31,"vehicleLoad":"unknown","bearing":359,"lastStopSeq":34,"inCongestion":false,"delay":136,"latitude":45.5050649},{"tripID":4411557,"serviceDate":1395730800000,"direction":1,"garage":"POWELL","type":"bus","lastLocID":13169,"messageCode":266,"time":1395752081059,"expires":1395752498000,"signMessageLong":"14  Hawthorne to 94th & Foster","extraBlockID":null,"locationInScheduleDay":21262,"longitude":-122.680931,"blockID":1435,"offRoute":false,"nextLocID":3639,"vehicleID":2316,"signMessage":"14 To 94-Foster","extraTripID":null,"nextStopSeq":45,"routeNumber":14,"vehicleLoad":"unknown","bearing":111,"lastStopSeq":44,"inCongestion":false,"delay":-16,"latitude":45.515879},{"tripID":4417161,"serviceDate":1395730800000,"direction":0,"garage":"CENTER","type":"bus","lastLocID":10452,"messageCode":783,"time":1395752062857,"expires":1395752480000,"signMessageLong":"70  33rd Ave to NE Sunderland","extraBlockID":null,"locationInScheduleDay":21101,"longitude":-122.6329403,"blockID":7001,"offRoute":false,"nextLocID":9339,"vehicleID":2704,"signMessage":"70 To Sunderlnd","extraTripID":null,"nextStopSeq":79,"routeNumber":70,"vehicleLoad":"unknown","bearing":6,"lastStopSeq":78,"inCongestion":false,"delay":-159,"latitude":45.583583},{"tripID":4417162,"serviceDate":1395730800000,"direction":0,"garage":"CENTER","type":"bus","lastLocID":6588,"messageCode":780,"time":1395752062849,"expires":1395752477000,"signMessageLong":"70  12th/NE 33rd Ave to NE Sunderland","extraBlockID":null,"locationInScheduleDay":21357,"longitude":-122.6536532,"blockID":7003,"offRoute":false,"nextLocID":6594,"vehicleID":2705,"signMessage":"70 To Sunderlnd","extraTripID":null,"nextStopSeq":29,"routeNumber":70,"vehicleLoad":"unknown","bearing":0,"lastStopSeq":28,"inCongestion":false,"delay":100,"latitude":45.5170609},{"tripID":4417314,"serviceDate":1395730800000,"direction":1,"garage":"CENTER","type":"bus","lastLocID":9414,"messageCode":788,"time":1395752062840,"expires":1395752477000,"signMessageLong":"70  12th/NE 33rd Ave to Milwaukie","extraBlockID":null,"locationInScheduleDay":21203,"longitude":-122.632004,"blockID":7004,"offRoute":false,"nextLocID":10450,"vehicleID":2701,"signMessage":"70 To Milwaukie","extraTripID":null,"nextStopSeq":3,"routeNumber":70,"vehicleLoad":"unknown","bearing":189,"lastStopSeq":2,"inCongestion":false,"delay":-54,"latitude":45.5859951},{"tripID":4411558,"serviceDate":1395730800000,"direction":1,"garage":"CENTER","type":"bus","lastLocID":8242,"messageCode":268,"time":1395752081032,"expires":1395752497000,"signMessageLong":"14  Hawthorne to Portland","extraBlockID":null,"locationInScheduleDay":21274,"longitude":-122.6110273,"blockID":1401,"offRoute":false,"nextLocID":7654,"vehicleID":2608,"signMessage":"14 To Portland","extraTripID":null,"nextStopSeq":21,"routeNumber":14,"vehicleLoad":"unknown","bearing":0,"lastStopSeq":20,"inCongestion":false,"delay":-3,"latitude":45.5029322},{"tripID":4418191,"serviceDate":1395730800000,"direction":1,"garage":"POWELL","type":"bus","lastLocID":8024,"messageCode":760,"time":1395752080770,"expires":1395752497000,"signMessageLong":"72  Killingsworth/82nd to Clackamas TC","extraBlockID":null,"locationInScheduleDay":21186,"longitude":-122.5787417,"blockID":7237,"offRoute":false,"nextLocID":13707,"vehicleID":3004,"signMessage":"72 Clackamas TC","extraTripID":null,"nextStopSeq":84,"routeNumber":72,"vehicleLoad":"unknown","bearing":180,"lastStopSeq":83,"inCongestion":false,"delay":-91,"latitude":45.4968308},{"tripID":4413796,"serviceDate":1395730800000,"direction":0,"garage":"POWELL","type":"bus","lastLocID":3226,"messageCode":457,"time":1395752080771,"expires":1395752495000,"signMessageLong":"31  Clackamas Town Center, continuing to Estacada","extraBlockID":null,"locationInScheduleDay":21354,"longitude":-122.5795058,"blockID":3136,"offRoute":false,"nextLocID":7990,"vehicleID":3007,"signMessage":"31 To Estacada via Clackamas","extraTripID":null,"nextStopSeq":20,"routeNumber":31,"vehicleLoad":"unknown","bearing":90,"lastStopSeq":19,"inCongestion":false,"delay":79,"latitude":45.4470289},{"tripID":4418193,"serviceDate":1395730800000,"direction":1,"garage":"POWELL","type":"bus","lastLocID":3188,"messageCode":760,"time":1395752062816,"expires":1395752480000,"signMessageLong":"72  Killingsworth/82nd to Clackamas TC","extraBlockID":null,"locationInScheduleDay":21252,"longitude":-122.6664913,"blockID":7241,"offRoute":false,"nextLocID":3165,"vehicleID":3048,"signMessage":"72 Clackamas TC","extraTripID":null,"nextStopSeq":19,"routeNumber":72,"vehicleLoad":"unknown","bearing":89,"lastStopSeq":18,"inCongestion":false,"delay":-8,"latitude":45.5627288},{"tripID":4417867,"serviceDate":1395730800000,"direction":0,"garage":"POWELL","type":"bus","lastLocID":12922,"messageCode":768,"time":1395752062865,"expires":1395752477000,"signMessageLong":"72  Killingsworth/82nd to Swan Island-Shipyards","extraBlockID":null,"locationInScheduleDay":21269,"longitude":-122.5789314,"blockID":7235,"offRoute":false,"nextLocID":7941,"vehicleID":3053,"signMessage":"72 Swan Island","extraTripID":null,"nextStopSeq":3,"routeNumber":72,"vehicleLoad":"unknown","bearing":0,"lastStopSeq":2,"inCongestion":false,"delay":12,"latitude":45.440101},{"tripID":4417863,"serviceDate":1395730800000,"direction":0,"garage":"POWELL","type":"bus","lastLocID":1042,"messageCode":768,"time":1395752080805,"expires":1395752495000,"signMessageLong":"72  Killingsworth/82nd to Swan Island-Shipyards","extraBlockID":null,"locationInScheduleDay":20758,"longitude":-122.7041941,"blockID":7234,"offRoute":false,"nextLocID":1041,"vehicleID":3054,"signMessage":"72 Swan Island","extraTripID":null,"nextStopSeq":117,"routeNumber":72,"vehicleLoad":"unknown","bearing":94,"lastStopSeq":116,"inCongestion":false,"delay":0,"latitude":45.5566863},{"tripID":4419222,"serviceDate":1395730800000,"direction":1,"garage":"POWELL","type":"bus","lastLocID":2375,"messageCode":813,"time":1395752062916,"expires":1395752479000,"signMessageLong":"77  Broadway/Halsey to Montgomery Park","extraBlockID":null,"locationInScheduleDay":20981,"longitude":-122.5269819,"blockID":7734,"offRoute":false,"nextLocID":2373,"vehicleID":3046,"signMessage":"77 Montgomry Pk","extraTripID":null,"nextStopSeq":36,"routeNumber":77,"vehicleLoad":"unknown","bearing":268,"lastStopSeq":35,"inCongestion":false,"delay":-278,"latitude":45.533521},{"tripID":4411310,"serviceDate":1395730800000,"direction":0,"garage":"POWELL","type":"bus","lastLocID":6398,"messageCode":null,"time":1395752061000,"expires":1395752481000,"signMessageLong":null,"extraBlockID":null,"locationInScheduleDay":null,"longitude":-122.565767,"blockID":1434,"offRoute":false,"nextLocID":8134,"vehicleID":3027,"signMessage":null,"extraTripID":null,"nextStopSeq":null,"routeNumber":14,"vehicleLoad":"unknown","bearing":null,"lastStopSeq":null,"inCongestion":false,"delay":55,"latitude":45.47905},{"tripID":4419085,"serviceDate":1395730800000,"direction":0,"garage":"CENTER","type":"bus","lastLocID":2440,"messageCode":809,"time":1395752063036,"expires":1395752478000,"signMessageLong":"77  Broadway/Halsey to Troutdale","extraBlockID":null,"locationInScheduleDay":21282,"longitude":-122.5986942,"blockID":7702,"offRoute":false,"nextLocID":2442,"vehicleID":2005,"signMessage":"77 To Troutdale","extraTripID":null,"nextStopSeq":45,"routeNumber":77,"vehicleLoad":"unknown","bearing":90,"lastStopSeq":44,"inCongestion":false,"delay":24,"latitude":45.5337001}],"queryTime":1395752088684}}
