{"resultSet":{"vehicle":[{"tripID":4419220,"serviceDate":1395730800000,"direction":1,"garage":"CENTER","type":"bus","lastLocID":2438,"messageCode":813,"time":1395749314619,"expires":1395749731000,"signMessageLong":"77  Broadway/Halsey to Montgomery Park","extraBlockID":null,"locationInScheduleDay":18583,"longitude":-122.6040439,"blockID":7701,"offRoute":false,"nextLocID":2432,"vehicleID":2512,"signMessage":"77 Montgomry Pk","extraTripID":null,"nextStopSeq":15,"routeNumber":77,"vehicleLoad":"unknown","bearing":269,"lastStopSeq":14,"inCongestion":false,"delay":72,"latitude":45.5337177},{"tripID":4417864,"serviceDate":1395730800000,"direction":0,"garage":"POWELL","type":"bus","lastLocID":12922,"messageCode":768,"time":1395749317781,"expires":1395749735000,"signMessageLong":"72  Killingsworth/82nd to Swan Island-Shipyards","extraBlockID":null,"locationInScheduleDay":18498,"longitude":-122.5761013,"blockID":7236,"offRoute":false,"nextLocID":7941,"vehicleID":2552,"signMessage":"72 Swan Island","extraTripID":null,"nextStopSeq":3,"routeNumber":72,"vehicleLoad":"unknown","bearing":262,"lastStopSeq":2,"inCongestion":false,"delay":-17,"latitude":45.4372594},{"tripID":4417161,"serviceDate":1395730800000,"direction":0,"garage":"CENTER","type":"bus","lastLocID":6699,"messageCode":782,"time":1395749314613,"expires":1395749732000,"signMessageLong":"70  12th/NE 33rd Ave to NE Sunderland via 13th & Tacoma","extraBlockID":null,"locationInScheduleDay":18550,"longitude":-122.6530186,"blockID":7001,"offRoute":false,"nextLocID":6693,"vehicleID":2704,"signMessage":"70 To Sunderland via 13th","extraTripID":null,"nextStopSeq":12,"routeNumber":70,"vehicleLoad":"unknown","bearing":359,"lastStopSeq":11,"inCongestion":false,"delay":38,"latitude":45.4684232},{"tripID":4417863,"serviceDate":1395730800000,"direction":0,"garage":"POWELL","type":"bus","lastLocID":8010,"messageCode":768,"time":1395749272405,"expires":1395749690000,"signMessageLong":"72  Killingsworth/82nd to Swan Island-Shipyards","extraBlockID":null,"locationInScheduleDay":18457,"longitude":-122.5790349,"blockID":7234,"offRoute":false,"nextLocID":7999,"vehicleID":3054,"signMessage":"72 Swan Island","extraTripID":null,"nextStopSeq":48,"routeNumber":72,"vehicleLoad":"unknown","bearing":0,"lastStopSeq":47,"inCongestion":false,"delay":-13,"latitude":45.5321704},{"tripID":4411556,"serviceDate":1395730800000,"direction":1,"garage":"POWELL","type":"bus","lastLocID":7654,"messageCode":268,"time":1395749317723,"expires":1395749735000,"signMessageLong":"14  Hawthorne to Portland","extraBlockID":null,"locationInScheduleDay":18543,"longitude":-122.6112211,"blockID":1434,"offRoute":false,"nextLocID":7659,"vehicleID":3027,"signMessage":"14 To Portland","extraTripID":null,"nextStopSeq":22,"routeNumber":14,"vehicleLoad":"unknown","bearing":348,"lastStopSeq":21,"inCongestion":false,"delay":28,"latitude":45.5055249}],"queryTime":1395749328574}}
