{"resultSet":{"vehicle":[{"tripID":4411577,"serviceDate":1395730800000,"direction":1,"garage":"POWELL","type":"bus","lastLocID":11956,"messageCode":267,"time":1395763775324,"expires":1395764192000,"signMessageLong":"14  Downtown Only","extraBlockID":null,"locationInScheduleDay":33131,"longitude":-122.6787865,"blockID":1436,"offRoute":false,"nextLocID":13169,"vehicleID":2206,"signMessage":"14 Downtown Only","extraTripID":null,"nextStopSeq":44,"routeNumber":14,"vehicleLoad":"unknown","bearing":291,"lastStopSeq":43,"inCongestion":false,"delay":159,"latitude":45.5160737},{"tripID":4419232,"serviceDate":1395730800000,"direction":1,"garage":"POWELL","type":"bus","lastLocID":629,"messageCode":813,"time":1395763826613,"expires":1395764245000,"signMessageLong":"77  Broadway/Halsey to Montgomery Park","extraBlockID":null,"locationInScheduleDay":33000,"longitude":-122.6534068,"blockID":7735,"offRoute":false,"nextLocID":10867,"vehicleID":2222,"signMessage":"77 Montgomry Pk","extraTripID":null,"nextStopSeq":82,"routeNumber":77,"vehicleLoad":"unknown","bearing":270,"lastStopSeq":81,"inCongestion":false,"delay":-25,"latitude":45.5350518},{"tripID":4419235,"serviceDate":1395730800000,"direction":1,"garage":"POWELL","type":"bus","lastLocID":2437,"messageCode":813,"time":1395763790086,"expires":1395764207000,"signMessageLong":"77  Broadway/Halsey to Montgomery Park","extraBlockID":null,"locationInScheduleDay":32975,"longitude":-122.4426384,"blockID":7736,"offRoute":false,"nextLocID":2414,"vehicleID":2221,"signMessage":"77 Montgomry Pk","extraTripID":null,"nextStopSeq":15,"routeNumber":77,"vehicleLoad":"unknown","bearing":263,"lastStopSeq":14,"inCongestion":false,"delay":-12,"latitude":45.5338129},{"tripID":4411578,"serviceDate":1395730800000,"direction":1,"garage":"POWELL","type":"bus","lastLocID":2609,"messageCode":268,"time":1395763781317,"expires":1395764199000,"signMessageLong":"14  Hawthorne to Portland","extraBlockID":null,"locationInScheduleDay":32998,"longitude":-122.6445877,"blockID":1438,"offRoute":false,"nextLocID":2606,"vehicleID":2220,"signMessage":"14 To Portland","extraTripID":null,"nextStopSeq":36,"routeNumber":14,"vehicleLoad":"unknown","bearing":270,"lastStopSeq":35,"inCongestion":false,"delay":19,"latitude":45.5120958},{"tripID":4417884,"serviceDate":1395730800000,"direction":0,"garage":"POWELL","type":"bus","lastLocID":7999,"messageCode":766,"time":1395763838665,"expires":1395764255000,"signMessageLong":"72  Killingsworth/82nd to Swan Island-Anchor St","extraBlockID":null,"locationInScheduleDay":33000,"longitude":-122.578962,"blockID":7247,"offRoute":false,"nextLocID":8042,"vehicleID":2250,"signMessage":"72 Swan Island","extraTripID":null,"nextStopSeq":49,"routeNumber":72,"vehicleLoad":"unknown","bearing":0,"lastStopSeq":48,"inCongestion":false,"delay":-35,"latitude":45.533614},{"tripID":4417882,"serviceDate":1395730800000,"direction":0,"garage":"POWELL","type":"bus","lastLocID":64,"messageCode":766,"time":1395763820314,"expires":1395764239000,"signMessageLong":"72  Killingsworth/82nd to Swan Island-Anchor St","extraBlockID":null,"locationInScheduleDay":32987,"longitude":-122.6387886,"blockID":7246,"offRoute":false,"nextLocID":61,"vehicleID":2296,"signMessage":"72 Swan Island","extraTripID":null,"nextStopSeq":84,"routeNumber":72,"vehicleLoad":"unknown","bearing":270,"lastStopSeq":83,"inCongestion":false,"delay":-32,"latitude":45.5590584},{"tripID":4417887,"serviceDate":1395730800000,"direction":0,"garage":"POWELL","type":"bus","lastLocID":13248,"messageCode":766,"time":1395763826662,"expires":1395764245000,"signMessageLong":"72  Killingsworth/82nd to Swan Island-Anchor St","extraBlockID":null,"locationInScheduleDay":32944,"longitude":-122.5685794,"blockID":7244,"offRoute":false,"nextLocID":12922,"vehicleID":2276,"signMessage":"72 Swan Island","extraTripID":null,"nextStopSeq":2,"routeNumber":72,"vehicleLoad":"unknown","bearing":289,"lastStopSeq":1,"inCongestion":false,"delay":-81,"latitude":45.4355661},{"tripID":4411579,"serviceDate":1395730800000,"direction":1,"garage":"POWELL","type":"bus","lastLocID":1793,"messageCode":268,"time":1395763820336,"expires":1395764237000,"signMessageLong":"14  Hawthorne to Portland","extraBlockID":null,"locationInScheduleDay":32982,"longitude":-122.6111784,"blockID":1439,"offRoute":false,"nextLocID":7656,"vehicleID":2275,"signMessage":"14 To Portland","extraTripID":null,"nextStopSeq":18,"routeNumber":14,"vehicleLoad":"unknown","bearing":323,"lastStopSeq":17,"inCongestion":false,"delay":-35,"latitude":45.4971376},{"tripID":4417326,"serviceDate":1395730800000,"direction":1,"garage":"CENTER","type":"bus","lastLocID":9368,"messageCode":788,"time":1395763823405,"expires":1395764241000,"signMessageLong":"70  12th/NE 33rd Ave to Milwaukie","extraBlockID":null,"locationInScheduleDay":33021,"longitude":-122.6357648,"blockID":7008,"offRoute":false,"nextLocID":9414,"vehicleID":2506,"signMessage":"70 To Milwaukie","extraTripID":null,"nextStopSeq":2,"routeNumber":70,"vehicleLoad":"unknown","bearing":180,"lastStopSeq":1,"inCongestion":false,"delay":0,"latitude":45.5898735},{"tripID":4417881,"serviceDate":1395730800000,"direction":0,"garage":"POWELL","type":"bus","lastLocID":3170,"messageCode":766,"time":1395763829252,"expires":1395764246000,"signMessageLong":"72  Killingsworth/82nd to Swan Island-Anchor St","extraBlockID":null,"locationInScheduleDay":33074,"longitude":-122.681948,"blockID":7238,"offRoute":false,"nextLocID":3159,"vehicleID":2527,"signMessage":"72 Swan Island","extraTripID":null,"nextStopSeq":100,"routeNumber":72,"vehicleLoad":"unknown","bearing":270,"lastStopSeq":99,"inCongestion":false,"delay":48,"latitude":45.5626672},{"tripID":4417174,"serviceDate":1395730800000,"direction":0,"garage":"CENTER","type":"bus","lastLocID":8225,"messageCode":781,"time":1395763826553,"expires":1395764244000,"signMessageLong":"70  12th/NE 33rd Ave to NE Sunderland via 17th & Tacoma","extraBlockID":null,"locationInScheduleDay":33003,"longitude":-122.6405049,"blockID":7002,"offRoute":false,"nextLocID":6871,"vehicleID":2524,"signMessage":"70 To Sunderland via 17th","extraTripID":null,"nextStopSeq":3,"routeNumber":70,"vehicleLoad":"unknown","bearing":81,"lastStopSeq":2,"inCongestion":false,"delay":-21,"latitude":45.4448916},{"tripID":4418208,"serviceDate":1395730800000,"direction":1,"garage":"POWELL","type":"bus","lastLocID":8048,"messageCode":760,"time":1395763838620,"expires":1395764257000,"signMessageLong":"72  Killingsworth/82nd to Clackamas TC","extraBlockID":null,"locationInScheduleDay":33076,"longitude":-122.5790811,"blockID":7239,"offRoute":false,"nextLocID":7929,"vehicleID":2540,"signMessage":"72 Clackamas TC","extraTripID":null,"nextStopSeq":73,"routeNumber":72,"vehicleLoad":"unknown","bearing":179,"lastStopSeq":72,"inCongestion":false,"delay":39,"latitude":45.5192953},{"tripID":4417883,"serviceDate":1395730800000,"direction":0,"garage":"POWELL","type":"bus","lastLocID":10601,"messageCode":766,"time":1395763805127,"expires":1395764224000,"signMessageLong":"72  Killingsworth/82nd to Swan Island-Anchor St","extraBlockID":null,"locationInScheduleDay":33060,"longitude":-122.5938595,"blockID":7240,"offRoute":false,"nextLocID":3147,"vehicleID":2533,"signMessage":"72 Swan Island","extraTripID":null,"nextStopSeq":67,"routeNumber":72,"vehicleLoad":"unknown","bearing":270,"lastStopSeq":66,"inCongestion":false,"delay":56,"latitude":45.5627143},{"tripID":4417880,"serviceDate":1395730800000,"direction":0,"garage":"POWELL","type":"bus","lastLocID":2161,"messageCode":766,"time":1395763826727,"expires":1395764242000,"signMessageLong":"72  Killingsworth/82nd to Swan Island-Anchor St","extraBlockID":null,"locationInScheduleDay":33019,"longitude":-122.7021093,"blockID":7236,"offRoute":false,"nextLocID":115,"vehicleID":2552,"signMessage":"72 Swan Island","extraTripID":null,"nextStopSeq":108,"routeNumber":72,"vehicleLoad":"unknown","bearing":307,"lastStopSeq":107,"inCongestion":false,"delay":0,"latitude":45.5573054},{"tripID":4417886,"serviceDate":1395730800000,"direction":0,"garage":"POWELL","type":"bus","lastLocID":7970,"messageCode":766,"time":1395763835547,"expires":1395764253000,"signMessageLong":"72  Killingsworth/82nd to Swan Island-Anchor St","extraBlockID":null,"locationInScheduleDay":32986,"longitude":-122.579091,"blockID":7242,"offRoute":false,"nextLocID":7960,"vehicleID":2548,"signMessage":"72 Swan Island","extraTripID":null,"nextStopSeq":18,"routeNumber":72,"vehicleLoad":"unknown","bearing":359,"lastStopSeq":17,"inCongestion":false,"delay":-47,"latitude":45.4738835},{"tripID":4411580,"serviceDate":1395730800000,"direction":1,"garage":"POWELL","type":"bus","lastLocID":1831,"messageCode":268,"time":1395763823489,"expires":1395764241000,"signMessageLong":"14  Hawthorne to Portland","extraBlockID":null,"locationInScheduleDay":33021,"longitude":-122.5662917,"blockID":1440,"offRoute":false,"nextLocID":13236,"vehicleID":2308,"signMessage":"14 To Portland","extraTripID":null,"nextStopSeq":2,"routeNumber":14,"vehicleLoad":"unknown","bearing":291,"lastStopSeq":1,"inCongestion":false,"delay":0,"latitude":45.4791765},{"tripID":4418212,"serviceDate":1395730800000,"direction":1,"garage":"POWELL","type":"bus","lastLocID":8681,"messageCode":760,"time":1395763841480,"expires":1395764260000,"signMessageLong":"72  Killingsworth/82nd to Clackamas TC","extraBlockID":null,"locationInScheduleDay":33242,"longitude":-122.6992441,"blockID":7253,"offRoute":false,"nextLocID":9399,"vehicleID":2318,"signMessage":"72 Clackamas TC","extraTripID":null,"nextStopSeq":3,"routeNumber":72,"vehicleLoad":"unknown","bearing":101,"lastStopSeq":2,"inCongestion":false,"delay":202,"latitude":45.5562381},{"tripID":4411321,"serviceDate":1395730800000,"direction":0,"garage":"POWELL","type":"bus","lastLocID":8134,"messageCode":266,"time":1395763835534,"expires":1395764252000,"signMessageLong":"14  Hawthorne to 94th & Foster","extraBlockID":null,"locationInScheduleDay":33040,"longitude":-122.5649342,"blockID":1435,"offRoute":false,"nextLocID":1831,"vehicleID":2316,"signMessage":"14 To 94-Foster","extraTripID":null,"nextStopSeq":49,"routeNumber":14,"vehicleLoad":"unknown","bearing":291,"lastStopSeq":48,"inCongestion":false,"delay":0,"latitude":45.4788085},{"tripID":4419231,"serviceDate":1395730800000,"direction":1,"garage":"CENTER","type":"bus","lastLocID":7130,"messageCode":813,"time":1395763838611,"expires":1395764257000,"signMessageLong":"77  Broadway/Halsey to Montgomery Park","extraBlockID":null,"locationInScheduleDay":32965,"longitude":-122.6946868,"blockID":7705,"offRoute":false,"nextLocID":10694,"vehicleID":2720,"signMessage":"77 Montgomry Pk","extraTripID":null,"nextStopSeq":99,"routeNumber":77,"vehicleLoad":"unknown","bearing":358,"lastStopSeq":98,"inCongestion":false,"delay":-72,"latitude":45.5332656},{"tripID":4411322,"serviceDate":1395730800000,"direction":0,"garage":"CENTER","type":"bus","lastLocID":2628,"messageCode":266,"time":1395763841366,"expires":1395764259000,"signMessageLong":"14  Hawthorne to 94th & Foster","extraBlockID":null,"locationInScheduleDay":32862,"longitude":-122.6198119,"blockID":1404,"offRoute":false,"nextLocID":2630,"vehicleID":2718,"signMessage":"14 To 94-Foster","extraTripID":null,"nextStopSeq":20,"routeNumber":14,"vehicleLoad":"unknown","bearing":90,"lastStopSeq":19,"inCongestion":false,"delay":-177,"latitude":45.5120393},{"tripID":4417173,"serviceDate":1395730800000,"direction":0,"garage":"CENTER","type":"bus","lastLocID":4539,"messageCode":780,"time":1395763823403,"expires":1395764241000,"signMessageLong":"70  12th/NE 33rd Ave to NE Sunderland","extraBlockID":null,"locationInScheduleDay":32929,"longitude":-122.6542273,"blockID":7007,"offRoute":false,"nextLocID":6578,"vehicleID":2709,"signMessage":"70 To Sunderlnd","extraTripID":null,"nextStopSeq":27,"routeNumber":70,"vehicleLoad":"unknown","bearing":359,"lastStopSeq":26,"inCongestion":false,"delay":-92,"latitude":45.5016631},{"tripID":4417324,"serviceDate":1395730800000,"direction":1,"garage":"CENTER","type":"bus","lastLocID":6577,"messageCode":790,"time":1395763835309,"expires":1395764254000,"signMessageLong":"70  12th Ave to Milwaukie via 13th & Tacoma","extraBlockID":null,"locationInScheduleDay":32838,"longitude":-122.653642,"blockID":7001,"offRoute":false,"nextLocID":6541,"vehicleID":2704,"signMessage":"70 To Milw via 13","extraTripID":null,"nextStopSeq":48,"routeNumber":70,"vehicleLoad":"unknown","bearing":180,"lastStopSeq":47,"inCongestion":false,"delay":-196,"latitude":45.5227063},{"tripID":4417327,"serviceDate":1395730800000,"direction":1,"garage":"CENTER","type":"bus","lastLocID":9368,"messageCode":788,"time":1395763820206,"expires":1395764237000,"signMessageLong":"70  12th/NE 33rd Ave to Milwaukie","extraBlockID":null,"locationInScheduleDay":33017,"longitude":-122.6357648,"blockID":7003,"offRoute":false,"nextLocID":9414,"vehicleID":2705,"signMessage":"70 To Milwaukie","extraTripID":null,"nextStopSeq":2,"routeNumber":70,"vehicleLoad":"unknown","bearing":180,"lastStopSeq":1,"inCongestion":false,"delay":0,"latitude":45.5898735},{"tripID":4417323,"serviceDate":1395730800000,"direction":1,"garage":"CENTER","type":"bus","lastLocID":6896,"messageCode":791,"time":1395763841353,"expires":1395764259000,"signMessageLong":"70  To Milwaukie","extraBlockID":null,"locationInScheduleDay":33060,"longitude":-122.6470529,"blockID":7004,"offRoute":false,"nextLocID":6900,"vehicleID":2701,"signMessage":"70 To Milwaukie","extraTripID":null,"nextStopSeq":73,"routeNumber":70,"vehicleLoad":"unknown","bearing":179,"lastStopSeq":72,"inCongestion":false,"delay":21,"latitude":45.4644562},{"tripID":4419094,"serviceDate":1395730800000,"direction":0,"garage":"CENTER","type":"bus","lastLocID":2345,"messageCode":809,"time":1395763820367,"expires":1395764237000,"signMessageLong":"77  Broadway/Halsey to Troutdale","extraBlockID":null,"locationInScheduleDay":32990,"longitude":-122.3938635,"blockID":7704,"offRoute":false,"nextLocID":13532,"vehicleID":2614,"signMessage":"77 To Troutdale","extraTripID":null,"nextStopSeq":98,"routeNumber":77,"vehicleLoad":"unknown","bearing":58,"lastStopSeq":97,"inCongestion":false,"delay":-27,"latitude":45.5395592},{"tripID":4411323,"serviceDate":1395730800000,"direction":0,"garage":"CENTER","type":"bus","lastLocID":2594,"messageCode":266,"time":1395763844526,"expires":1395764260000,"signMessageLong":"14  Hawthorne to 94th & Foster","extraBlockID":null,"locationInScheduleDay":33154,"longitude":-122.6590928,"blockID":1401,"offRoute":false,"nextLocID":2597,"vehicleID":2608,"signMessage":"14 To 94-Foster","extraTripID":null,"nextStopSeq":5,"routeNumber":14,"vehicleLoad":"unknown","bearing":90,"lastStopSeq":4,"inCongestion":false,"delay":114,"latitude":45.5122389},{"tripID":4417325,"serviceDate":1395730800000,"direction":1,"garage":"CENTER","type":"bus","lastLocID":7374,"messageCode":788,"time":1395763823448,"expires":1395764241000,"signMessageLong":"70  12th/NE 33rd Ave to Milwaukie","extraBlockID":null,"locationInScheduleDay":33029,"longitude":-122.6307347,"blockID":7010,"offRoute":false,"nextLocID":7396,"vehicleID":2623,"signMessage":"70 To Milwaukie","extraTripID":null,"nextStopSeq":26,"routeNumber":70,"vehicleLoad":"unknown","bearing":152,"lastStopSeq":25,"inCongestion":false,"delay":8,"latitude":45.5467616},{"tripID":4419229,"serviceDate":1395730800000,"direction":1,"garage":"CENTER","type":"bus","lastLocID":8483,"messageCode":813,"time":1395763826647,"expires":1395764244000,"signMessageLong":"77  Broadway/Halsey to Montgomery Park","extraBlockID":null,"locationInScheduleDay":31362,"longitude":-122.7069345,"blockID":7707,"offRoute":false,"nextLocID":8484,"vehicleID":2653,"signMessage":"77 Montgomry Pk","extraTripID":null,"nextStopSeq":109,"routeNumber":77,"vehicleLoad":"unknown","bearing":178,"lastStopSeq":108,"inCongestion":false,"delay":0,"latitude":45.5377966},{"tripID":4417172,"serviceDate":1395730800000,"direction":0,"garage":"CENTER","type":"bus","lastLocID":642,"messageCode":783,"time":1395763835490,"expires":1395764252000,"signMessageLong":"70  33rd Ave to NE Sunderland","extraBlockID":null,"locationInScheduleDay":33045,"longitude":-122.6309088,"blockID":7009,"offRoute":false,"nextLocID":7392,"vehicleID":2626,"signMessage":"70 To Sunderlnd","extraTripID":null,"nextStopSeq":45,"routeNumber":70,"vehicleLoad":"unknown","bearing":90,"lastStopSeq":44,"inCongestion":false,"delay":13,"latitude":45.5351595},{"tripID":4419097,"serviceDate":1395730800000,"direction":0,"garage":"CENTER","type":"bus","lastLocID":1612,"messageCode":809,"time":1395763838734,"expires":1395764255000,"signMessageLong":"77  Broadway/Halsey to Troutdale","extraBlockID":null,"locationInScheduleDay":32935,"longitude":-122.6658285,"blockID":7703,"offRoute":false,"nextLocID":11817,"vehicleID":2630,"signMessage":"77 To Troutdale","extraTripID":null,"nextStopSeq":19,"routeNumber":77,"vehicleLoad":"unknown","bearing":337,"lastStopSeq":18,"inCongestion":false,"delay":-100,"latitude":45.5292076},{"tripID":4419233,"serviceDate":1395730800000,"direction":1,"garage":"CENTER","type":"bus","lastLocID":650,"messageCode":813,"time":1395763835492,"expires":1395764254000,"signMessageLong":"77  Broadway/Halsey to Montgomery Park","extraBlockID":null,"locationInScheduleDay":33254,"longitude":-122.6199069,"blockID":7706,"offRoute":false,"nextLocID":7510,"vehicleID":2632,"signMessage":"77 Montgomry Pk","extraTripID":null,"nextStopSeq":67,"routeNumber":77,"vehicleLoad":"unknown","bearing":269,"lastStopSeq":66,"inCongestion":false,"delay":220,"latitude":45.5351288},{"tripID":4418206,"serviceDate":1395730800000,"direction":1,"garage":"POWELL","type":"bus","lastLocID":7942,"messageCode":760,"time":1395763823393,"expires":1395764241000,"signMessageLong":"72  Killingsworth/82nd to Clackamas TC","extraBlockID":null,"locationInScheduleDay":33151,"longitude":-122.5757359,"blockID":7237,"offRoute":false,"nextLocID":12921,"vehicleID":3004,"signMessage":"72 Clackamas TC","extraTripID":null,"nextStopSeq":110,"routeNumber":72,"vehicleLoad":"unknown","bearing":90,"lastStopSeq":109,"inCongestion":false,"delay":130,"latitude":45.4372636},{"tripID":4413802,"serviceDate":1395730800000,"direction":0,"garage":"POWELL","type":"bus","lastLocID":3238,"messageCode":457,"time":1395763841339,"expires":1395764258000,"signMessageLong":"31  Clackamas Town Center, continuing to Estacada","extraBlockID":null,"locationInScheduleDay":32829,"longitude":-122.6042752,"blockID":3136,"offRoute":false,"nextLocID":3231,"vehicleID":3007,"signMessage":"31 To Estacada via Clackamas","extraTripID":null,"nextStopSeq":13,"routeNumber":31,"vehicleLoad":"unknown","bearing":90,"lastStopSeq":12,"inCongestion":false,"delay":-209,"latitude":45.4479757},{"tripID":4418211,"serviceDate":1395730800000,"direction":1,"garage":"POWELL","type":"bus","lastLocID":3153,"messageCode":760,"time":1395763829242,"expires":1395764247000,"signMessageLong":"72  Killingsworth/82nd to Clackamas TC","extraBlockID":null,"locationInScheduleDay":33052,"longitude":-122.6751271,"blockID":7251,"offRoute":false,"nextLocID":3171,"vehicleID":3003,"signMessage":"72 Clackamas TC","extraTripID":null,"nextStopSeq":15,"routeNumber":72,"vehicleLoad":"unknown","bearing":89,"lastStopSeq":14,"inCongestion":false,"delay":25,"latitude":45.5626892},{"tripID":4418209,"serviceDate":1395730800000,"direction":1,"garage":"POWELL","type":"bus","lastLocID":8889,"messageCode":760,"time":1395763838566,"expires":1395764257000,"signMessageLong":"72  Killingsworth/82nd to Clackamas TC","extraBlockID":null,"locationInScheduleDay":33002,"longitude":-122.5785667,"blockID":7241,"offRoute":false,"nextLocID":8064,"vehicleID":3048,"signMessage":"72 Clackamas TC","extraTripID":null,"nextStopSeq":53,"routeNumber":72,"vehicleLoad":"unknown","bearing":180,"lastStopSeq":52,"inCongestion":false,"delay":-35,"latitude":45.5588648},{"tripID":4417885,"serviceDate":1395730800000,"direction":0,"garage":"POWELL","type":"bus","lastLocID":8047,"messageCode":766,"time":1395763829245,"expires":1395764246000,"signMessageLong":"72  Killingsworth/82nd to Swan Island-Anchor St","extraBlockID":null,"locationInScheduleDay":33174,"longitude":-122.579084,"blockID":7235,"offRoute":false,"nextLocID":7930,"vehicleID":3053,"signMessage":"72 Swan Island","extraTripID":null,"nextStopSeq":41,"routeNumber":72,"vehicleLoad":"unknown","bearing":359,"lastStopSeq":40,"inCongestion":false,"delay":148,"latitude":45.5194708},{"tripID":4418207,"serviceDate":1395730800000,"direction":1,"garage":"POWELL","type":"bus","lastLocID":7965,"messageCode":760,"time":1395763826534,"expires":1395764244000,"signMessageLong":"72  Killingsworth/82nd to Clackamas TC","extraBlockID":null,"locationInScheduleDay":33083,"longitude":-122.5789564,"blockID":7245,"offRoute":false,"nextLocID":8028,"vehicleID":3052,"signMessage":"72 Clackamas TC","extraTripID":null,"nextStopSeq":91,"routeNumber":72,"vehicleLoad":"unknown","bearing":181,"lastStopSeq":90,"inCongestion":false,"delay":59,"latitude":45.4836186},{"tripID":4418210,"serviceDate":1395730800000,"direction":1,"garage":"POWELL","type":"bus","lastLocID":7327,"messageCode":760,"time":1395763835316,"expires":1395764252000,"signMessageLong":"72  Killingsworth/82nd to Clackamas TC","extraBlockID":null,"locationInScheduleDay":33008,"longitude":-122.6348967,"blockID":7234,"offRoute":false,"nextLocID":7329,"vehicleID":3054,"signMessage":"72 Clackamas TC","extraTripID":null,"nextStopSeq":34,"routeNumber":72,"vehicleLoad":"unknown","bearing":359,"lastStopSeq":33,"inCongestion":false,"delay":-24,"latitude":45.5625702},{"tripID":4419234,"serviceDate":1395730800000,"direction":1,"garage":"POWELL","type":"bus","lastLocID":6223,"messageCode":813,"time":1395763838600,"expires":1395764257000,"signMessageLong":"77  Broadway/Halsey to Montgomery Park","extraBlockID":null,"locationInScheduleDay":33055,"longitude":-122.5553647,"blockID":7734,"offRoute":false,"nextLocID":10746,"vehicleID":3046,"signMessage":"77 Montgomry Pk","extraTripID":null,"nextStopSeq":46,"routeNumber":77,"vehicleLoad":"unknown","bearing":270,"lastStopSeq":45,"inCongestion":false,"delay":18,"latitude":45.5341764},{"tripID":4419095,"serviceDate":1395730800000,"direction":0,"garage":"POWELL","type":"bus","lastLocID":2364,"messageCode":809,"time":1395763820178,"expires":1395764238000,"signMessageLong":"77  Broadway/Halsey to Troutdale","extraBlockID":null,"locationInScheduleDay":33048,"longitude":-122.5380382,"blockID":7738,"offRoute":false,"nextLocID":2366,"vehicleID":3035,"signMessage":"77 To Troutdale","extraTripID":null,"nextStopSeq":62,"routeNumber":77,"vehicleLoad":"unknown","bearing":89,"lastStopSeq":61,"inCongestion":false,"delay":30,"latitude":45.53357},{"tripID":4419096,"serviceDate":1395730800000,"direction":0,"garage":"CENTER","type":"bus","lastLocID":10870,"messageCode":809,"time":1395763841394,"expires":1395764260000,"signMessageLong":"77  Broadway/Halsey to Troutdale","extraBlockID":null,"locationInScheduleDay":33120,"longitude":-122.6206027,"blockID":7702,"offRoute":false,"nextLocID":7509,"vehicleID":2005,"signMessage":"77 To Troutdale","extraTripID":null,"nextStopSeq":36,"routeNumber":77,"vehicleLoad":"unknown","bearing":91,"lastStopSeq":35,"inCongestion":false,"delay":80,"latitude":45.5333119}],"queryTime":1395763849149}}
