{"resultSet":{"vehicle":[{"tripID":4419221,"serviceDate":1395730800000,"direction":1,"garage":"POWELL","type":"bus","lastLocID":2592,"messageCode":813,"time":1395752243110,"expires":1395752662000,"signMessageLong":"77  Broadway/Halsey to Montgomery Park","extraBlockID":null,"locationInScheduleDay":21409,"longitude":-122.6688708,"blockID":7735,"offRoute":false,"nextLocID":9311,"vehicleID":2222,"signMessage":"77 Montgomry Pk","extraTripID":null,"nextStopSeq":41,"routeNumber":77,"vehicleLoad":"unknown","bearing":236,"lastStopSeq":40,"inCongestion":false,"delay":-33,"latitude":45.5277732},{"tripID":4419223,"serviceDate":1395730800000,"direction":1,"garage":"POWELL","type":"bus","lastLocID":2342,"messageCode":813,"time":1395752231014,"expires":1395752648000,"signMessageLong":"77  Broadway/Halsey to Montgomery Park","extraBlockID":null,"locationInScheduleDay":21420,"longitude":-122.4340101,"blockID":7736,"offRoute":false,"nextLocID":2437,"vehicleID":2221,"signMessage":"77 Montgomry Pk","extraTripID":null,"nextStopSeq":14,"routeNumber":77,"vehicleLoad":"unknown","bearing":252,"lastStopSeq":13,"inCongestion":false,"delay":-8,"latitude":45.5350001},{"tripID":4413875,"serviceDate":1395730800000,"direction":1,"garage":"POWELL","type":"bus","lastLocID":2577,"messageCode":464,"time":1395752256381,"expires":1395752673000,"signMessageLong":"31  To Portland via Milwaukie","extraBlockID":null,"locationInScheduleDay":21442,"longitude":-122.6295831,"blockID":3137,"offRoute":false,"nextLocID":2574,"vehicleID":2258,"signMessage":"31 To Portland","extraTripID":null,"nextStopSeq":20,"routeNumber":31,"vehicleLoad":"unknown","bearing":268,"lastStopSeq":19,"inCongestion":false,"delay":-11,"latitude":45.4465927},{"tripID":4417163,"serviceDate":1395730800000,"direction":0,"garage":"CENTER","type":"bus","lastLocID":6708,"messageCode":782,"time":1395752239634,"expires":1395752659000,"signMessageLong":"70  12th/NE 33rd Ave to NE Sunderland via 13th & Tacoma","extraBlockID":null,"locationInScheduleDay":21420,"longitude":-122.653005,"blockID":7005,"offRoute":false,"nextLocID":6699,"vehicleID":2132,"signMessage":"70 To Sunderland via 13th","extraTripID":null,"nextStopSeq":11,"routeNumber":70,"vehicleLoad":"unknown","bearing":0,"lastStopSeq":10,"inCongestion":false,"delay":-19,"latitude":45.4642023},{"tripID":4417865,"serviceDate":1395730800000,"direction":0,"garage":"POWELL","type":"bus","lastLocID":3147,"messageCode":768,"time":1395752256289,"expires":1395752674000,"signMessageLong":"72  Killingsworth/82nd to Swan Island-Shipyards","extraBlockID":null,"locationInScheduleDay":21385,"longitude":-122.5981701,"blockID":7238,"offRoute":false,"nextLocID":3210,"vehicleID":2527,"signMessage":"72 Swan Island","extraTripID":null,"nextStopSeq":68,"routeNumber":72,"vehicleLoad":"unknown","bearing":270,"lastStopSeq":67,"inCongestion":false,"delay":-69,"latitude":45.5627493},{"tripID":4417312,"serviceDate":1395730800000,"direction":1,"garage":"CENTER","type":"bus","lastLocID":6545,"messageCode":789,"time":1395752243041,"expires":1395752661000,"signMessageLong":"70  12th Ave to Milwaukie via 17th & Tacoma","extraBlockID":null,"locationInScheduleDay":21394,"longitude":-122.6547486,"blockID":7002,"offRoute":false,"nextLocID":6544,"vehicleID":2524,"signMessage":"70 To Milw via 17","extraTripID":null,"nextStopSeq":56,"routeNumber":70,"vehicleLoad":"unknown","bearing":180,"lastStopSeq":55,"inCongestion":false,"delay":-47,"latitude":45.5049482},{"tripID":4419087,"serviceDate":1395730800000,"direction":0,"garage":"CENTER","type":"bus","lastLocID":8484,"messageCode":809,"time":1395752239714,"expires":1395752658000,"signMessageLong":"77  Broadway/Halsey to Troutdale","extraBlockID":null,"locationInScheduleDay":21438,"longitude":-122.7069049,"blockID":7701,"offRoute":false,"nextLocID":8385,"vehicleID":2512,"signMessage":"77 To Troutdale","extraTripID":null,"nextStopSeq":2,"routeNumber":77,"vehicleLoad":"unknown","bearing":178,"lastStopSeq":1,"inCongestion":false,"delay":0,"latitude":45.5370429},{"tripID":4418192,"serviceDate":1395730800000,"direction":1,"garage":"POWELL","type":"bus","lastLocID":8064,"messageCode":760,"time":1395752239731,"expires":1395752657000,"signMessageLong":"72  Killingsworth/82nd to Clackamas TC","extraBlockID":null,"locationInScheduleDay":21485,"longitude":-122.5786395,"blockID":7239,"offRoute":false,"nextLocID":8025,"vehicleID":2540,"signMessage":"72 Clackamas TC","extraTripID":null,"nextStopSeq":54,"routeNumber":72,"vehicleLoad":"unknown","bearing":180,"lastStopSeq":53,"inCongestion":false,"delay":48,"latitude":45.5550557},{"tripID":4417866,"serviceDate":1395730800000,"direction":0,"garage":"POWELL","type":"bus","lastLocID":8037,"messageCode":766,"time":1395752245802,"expires":1395752663000,"signMessageLong":"72  Killingsworth/82nd to Swan Island-Anchor St","extraBlockID":null,"locationInScheduleDay":21381,"longitude":-122.5789104,"blockID":7240,"offRoute":false,"nextLocID":8065,"vehicleID":2533,"signMessage":"72 Swan Island","extraTripID":null,"nextStopSeq":38,"routeNumber":72,"vehicleLoad":"unknown","bearing":357,"lastStopSeq":37,"inCongestion":false,"delay":-62,"latitude":45.5159214},{"tripID":4417864,"serviceDate":1395730800000,"direction":0,"garage":"POWELL","type":"bus","lastLocID":70,"messageCode":768,"time":1395752260924,"expires":1395752678000,"signMessageLong":"72  Killingsworth/82nd to Swan Island-Shipyards","extraBlockID":null,"locationInScheduleDay":21076,"longitude":-122.6583002,"blockID":7236,"offRoute":false,"nextLocID":10184,"vehicleID":2552,"signMessage":"72 Swan Island","extraTripID":null,"nextStopSeq":91,"routeNumber":72,"vehicleLoad":"unknown","bearing":269,"lastStopSeq":90,"inCongestion":false,"delay":-382,"latitude":45.5591204},{"tripID":4413874,"serviceDate":1395730800000,"direction":1,"garage":"POWELL","type":"bus","lastLocID":2642,"messageCode":467,"time":1395752256580,"expires":1395752673000,"signMessageLong":"31  Downtown Only","extraBlockID":null,"locationInScheduleDay":21615,"longitude":-122.667154,"blockID":3134,"offRoute":false,"nextLocID":11956,"vehicleID":2555,"signMessage":"31 Downtown Only","extraTripID":null,"nextStopSeq":37,"routeNumber":31,"vehicleLoad":"unknown","bearing":245,"lastStopSeq":36,"inCongestion":false,"delay":162,"latitude":45.5125845},{"tripID":4411311,"serviceDate":1395730800000,"direction":0,"garage":"POWELL","type":"bus","lastLocID":3635,"messageCode":266,"time":1395752260915,"expires":1395752677000,"signMessageLong":"14  Hawthorne to 94th & Foster","extraBlockID":null,"locationInScheduleDay":21434,"longitude":-122.6679192,"blockID":1435,"offRoute":false,"nextLocID":2641,"vehicleID":2316,"signMessage":"14 To 94-Foster","extraTripID":null,"nextStopSeq":3,"routeNumber":14,"vehicleLoad":"unknown","bearing":103,"lastStopSeq":2,"inCongestion":false,"delay":-23,"latitude":45.5123936},{"tripID":4417161,"serviceDate":1395730800000,"direction":0,"garage":"CENTER","type":"bus","lastLocID":13040,"messageCode":783,"time":1395752212835,"expires":1395752631000,"signMessageLong":"70  33rd Ave to NE Sunderland","extraBlockID":null,"locationInScheduleDay":21290,"longitude":-122.6357635,"blockID":7001,"offRoute":false,"nextLocID":9368,"vehicleID":2704,"signMessage":"70 To Sunderlnd","extraTripID":null,"nextStopSeq":83,"routeNumber":70,"vehicleLoad":"unknown","bearing":179,"lastStopSeq":82,"inCongestion":false,"delay":0,"latitude":45.5908162},{"tripID":4417162,"serviceDate":1395730800000,"direction":0,"garage":"CENTER","type":"bus","lastLocID":6589,"messageCode":780,"time":1395752239668,"expires":1395752657000,"signMessageLong":"70  12th/NE 33rd Ave to NE Sunderland","extraBlockID":null,"locationInScheduleDay":21532,"longitude":-122.6536298,"blockID":7003,"offRoute":false,"nextLocID":6592,"vehicleID":2705,"signMessage":"70 To Sunderlnd","extraTripID":null,"nextStopSeq":31,"routeNumber":70,"vehicleLoad":"unknown","bearing":5,"lastStopSeq":30,"inCongestion":false,"delay":95,"latitude":45.5229275},{"tripID":4417314,"serviceDate":1395730800000,"direction":1,"garage":"CENTER","type":"bus","lastLocID":8304,"messageCode":788,"time":1395752257620,"expires":1395752676000,"signMessageLong":"70  12th/NE 33rd Ave to Milwaukie","extraBlockID":null,"locationInScheduleDay":21452,"longitude":-122.6439627,"blockID":7004,"offRoute":false,"nextLocID":8507,"vehicleID":2701,"signMessage":"70 To Milwaukie","extraTripID":null,"nextStopSeq":10,"routeNumber":70,"vehicleLoad":"unknown","bearing":198,"lastStopSeq":9,"inCongestion":false,"delay":-4,"latitude":45.5766804},{"tripID":4411558,"serviceDate":1395730800000,"direction":1,"garage":"CENTER","type":"bus","lastLocID":7658,"messageCode":268,"time":1395752260893,"expires":1395752679000,"signMessageLong":"14  Hawthorne to Portland","extraBlockID":null,"locationInScheduleDay":21442,"longitude":-122.6115671,"blockID":1401,"offRoute":false,"nextLocID":13734,"vehicleID":2608,"signMessage":"14 To Portland","extraTripID":null,"nextStopSeq":25,"routeNumber":14,"vehicleLoad":"unknown","bearing":356,"lastStopSeq":24,"inCongestion":false,"delay":-17,"latitude":45.5117721},{"tripID":4419086,"serviceDate":1395730800000,"direction":0,"garage":"CENTER","type":"bus","lastLocID":6013,"messageCode":809,"time":1395752243209,"expires":1395752660000,"signMessageLong":"77  Broadway/Halsey to Troutdale","extraBlockID":null,"locationInScheduleDay":20393,"longitude":-122.6988895,"blockID":7703,"offRoute":false,"nextLocID":7168,"vehicleID":2630,"signMessage":"77 To Troutdale","extraTripID":null,"nextStopSeq":4,"routeNumber":77,"vehicleLoad":"unknown","bearing":179,"lastStopSeq":3,"inCongestion":false,"delay":-1047,"latitude":45.5368549},{"tripID":4418191,"serviceDate":1395730800000,"direction":1,"garage":"POWELL","type":"bus","lastLocID":8030,"messageCode":760,"time":1395752260796,"expires":1395752677000,"signMessageLong":"72  Killingsworth/82nd to Clackamas TC","extraBlockID":null,"locationInScheduleDay":21371,"longitude":-122.5788971,"blockID":7237,"offRoute":false,"nextLocID":8009,"vehicleID":3004,"signMessage":"72 Clackamas TC","extraTripID":null,"nextStopSeq":89,"routeNumber":72,"vehicleLoad":"unknown","bearing":180,"lastStopSeq":88,"inCongestion":false,"delay":-86,"latitude":45.4866784},{"tripID":4413796,"serviceDate":1395730800000,"direction":0,"garage":"POWELL","type":"bus","lastLocID":4002,"messageCode":457,"time":1395752257612,"expires":1395752675000,"signMessageLong":"31  Clackamas Town Center, continuing to Estacada","extraBlockID":null,"locationInScheduleDay":21527,"longitude":-122.5770595,"blockID":3136,"offRoute":false,"nextLocID":12922,"vehicleID":3007,"signMessage":"31 To Estacada via Clackamas","extraTripID":null,"nextStopSeq":24,"routeNumber":31,"vehicleLoad":"unknown","bearing":89,"lastStopSeq":23,"inCongestion":false,"delay":72,"latitude":45.4382801},{"tripID":4418193,"serviceDate":1395730800000,"direction":1,"garage":"POWELL","type":"bus","lastLocID":11478,"messageCode":760,"time":1395752242964,"expires":1395752660000,"signMessageLong":"72  Killingsworth/82nd to Clackamas TC","extraBlockID":null,"locationInScheduleDay":21386,"longitude":-122.6587333,"blockID":7241,"offRoute":false,"nextLocID":69,"vehicleID":3048,"signMessage":"72 Clackamas TC","extraTripID":null,"nextStopSeq":23,"routeNumber":72,"vehicleLoad":"unknown","bearing":90,"lastStopSeq":22,"inCongestion":false,"delay":-54,"latitude":45.5591214},{"tripID":4417867,"serviceDate":1395730800000,"direction":0,"garage":"POWELL","type":"bus","lastLocID":8015,"messageCode":768,"time":1395752239684,"expires":1395752657000,"signMessageLong":"72  Killingsworth/82nd to Swan Island-Shipyards","extraBlockID":null,"locationInScheduleDay":21465,"longitude":-122.5791431,"blockID":7235,"offRoute":false,"nextLocID":8017,"vehicleID":3053,"signMessage":"72 Swan Island","extraTripID":null,"nextStopSeq":8,"routeNumber":72,"vehicleLoad":"unknown","bearing":359,"lastStopSeq":7,"inCongestion":false,"delay":28,"latitude":45.4543454},{"tripID":4417863,"serviceDate":1395730800000,"direction":0,"garage":"POWELL","type":"bus","lastLocID":1042,"messageCode":768,"time":1395752257631,"expires":1395752675000,"signMessageLong":"72  Killingsworth/82nd to Swan Island-Shipyards","extraBlockID":null,"locationInScheduleDay":20758,"longitude":-122.7041941,"blockID":7234,"offRoute":false,"nextLocID":1041,"vehicleID":3054,"signMessage":"72 Swan Island","extraTripID":null,"nextStopSeq":117,"routeNumber":72,"vehicleLoad":"unknown","bearing":94,"lastStopSeq":116,"inCongestion":false,"delay":0,"latitude":45.5566863},{"tripID":4419222,"serviceDate":1395730800000,"direction":1,"garage":"POWELL","type":"bus","lastLocID":2365,"messageCode":813,"time":1395752239720,"expires":1395752659000,"signMessageLong":"77  Broadway/Halsey to Montgomery Park","extraBlockID":null,"locationInScheduleDay":21095,"longitude":-122.5423176,"blockID":7734,"offRoute":false,"nextLocID":2361,"vehicleID":3046,"signMessage":"77 Montgomry Pk","extraTripID":null,"nextStopSeq":41,"routeNumber":77,"vehicleLoad":"unknown","bearing":269,"lastStopSeq":40,"inCongestion":false,"delay":-344,"latitude":45.5335318},{"tripID":4411310,"serviceDate":1395730800000,"direction":0,"garage":"POWELL","type":"bus","lastLocID":6398,"messageCode":null,"time":1395752241000,"expires":1395752661000,"signMessageLong":null,"extraBlockID":null,"locationInScheduleDay":null,"longitude":-122.565767,"blockID":1434,"offRoute":false,"nextLocID":8134,"vehicleID":3027,"signMessage":null,"extraTripID":null,"nextStopSeq":null,"routeNumber":14,"vehicleLoad":"unknown","bearing":null,"lastStopSeq":null,"inCongestion":false,"delay":55,"latitude":45.47905},{"tripID":4419085,"serviceDate":1395730800000,"direction":0,"garage":"CENTER","type":"bus","lastLocID":2454,"messageCode":809,"time":1395752239736,"expires":1395752658000,"signMessageLong":"77  Broadway/Halsey to Troutdale","extraBlockID":null,"locationInScheduleDay":21568,"longitude":-122.5796416,"blockID":7702,"offRoute":false,"nextLocID":9217,"vehicleID":2005,"signMessage":"77 To Troutdale","extraTripID":null,"nextStopSeq":51,"routeNumber":77,"vehicleLoad":"unknown","bearing":89,"lastStopSeq":50,"inCongestion":false,"delay":130,"latitude":45.5324158}],"queryTime":1395752268690}}
