{"resultSet":{"vehicle":[{"tripID":4411313,"serviceDate":1395730800000,"direction":0,"garage":"POWELL","type":"bus","lastLocID":1802,"messageCode":266,"time":1395755723170,"expires":1395756139000,"signMessageLong":"14  Hawthorne to 94th & Foster","extraBlockID":null,"locationInScheduleDay":25009,"longitude":-122.5945561,"blockID":1436,"offRoute":false,"nextLocID":1804,"vehicleID":2206,"signMessage":"14 To 94-Foster","extraTripID":null,"nextStopSeq":36,"routeNumber":14,"vehicleLoad":"unknown","bearing":120,"lastStopSeq":35,"inCongestion":false,"delay":90,"latitude":45.488732},{"tripID":4419089,"serviceDate":1395730800000,"direction":0,"garage":"POWELL","type":"bus","lastLocID":4042,"messageCode":809,"time":1395755725998,"expires":1395756142000,"signMessageLong":"77  Broadway/Halsey to Troutdale","extraBlockID":null,"locationInScheduleDay":24856,"longitude":-122.6565941,"blockID":7735,"offRoute":false,"nextLocID":10866,"vehicleID":2222,"signMessage":"77 To Troutdale","extraTripID":null,"nextStopSeq":22,"routeNumber":77,"vehicleLoad":"unknown","bearing":0,"lastStopSeq":21,"inCongestion":false,"delay":-66,"latitude":45.5323249},{"tripID":4419223,"serviceDate":1395730800000,"direction":1,"garage":"POWELL","type":"bus","lastLocID":10694,"messageCode":813,"time":1395755725983,"expires":1395756144000,"signMessageLong":"77  Broadway/Halsey to Montgomery Park","extraBlockID":null,"locationInScheduleDay":24904,"longitude":-122.6947597,"blockID":7736,"offRoute":false,"nextLocID":4788,"vehicleID":2221,"signMessage":"77 Montgomry Pk","extraTripID":null,"nextStopSeq":100,"routeNumber":77,"vehicleLoad":"unknown","bearing":358,"lastStopSeq":99,"inCongestion":false,"delay":-20,"latitude":45.5351865},{"tripID":4411562,"serviceDate":1395730800000,"direction":1,"garage":"POWELL","type":"bus","lastLocID":1793,"messageCode":268,"time":1395755725998,"expires":1395756143000,"signMessageLong":"14  Hawthorne to Portland","extraBlockID":null,"locationInScheduleDay":25017,"longitude":-122.6088324,"blockID":1437,"offRoute":false,"nextLocID":7656,"vehicleID":2264,"signMessage":"14 To Portland","extraTripID":null,"nextStopSeq":18,"routeNumber":14,"vehicleLoad":"unknown","bearing":307,"lastStopSeq":17,"inCongestion":false,"delay":94,"latitude":45.495596},{"tripID":4418198,"serviceDate":1395730800000,"direction":1,"garage":"POWELL","type":"bus","lastLocID":5927,"messageCode":760,"time":1395755747058,"expires":1395756166000,"signMessageLong":"72  Killingsworth/82nd to Clackamas TC","extraBlockID":null,"locationInScheduleDay":24904,"longitude":-122.6615093,"blockID":7246,"offRoute":false,"nextLocID":46,"vehicleID":2296,"signMessage":"72 Clackamas TC","extraTripID":null,"nextStopSeq":21,"routeNumber":72,"vehicleLoad":"unknown","bearing":180,"lastStopSeq":20,"inCongestion":false,"delay":-42,"latitude":45.562344},{"tripID":4419224,"serviceDate":1395730800000,"direction":1,"garage":"POWELL","type":"bus","lastLocID":637,"messageCode":813,"time":1395755704893,"expires":1395756122000,"signMessageLong":"77  Broadway/Halsey to Montgomery Park","extraBlockID":null,"locationInScheduleDay":24752,"longitude":-122.6395676,"blockID":7737,"offRoute":false,"nextLocID":635,"vehicleID":2285,"signMessage":"77 Montgomry Pk","extraTripID":null,"nextStopSeq":77,"routeNumber":77,"vehicleLoad":"unknown","bearing":269,"lastStopSeq":76,"inCongestion":false,"delay":-150,"latitude":45.5351617},{"tripID":4417869,"serviceDate":1395730800000,"direction":0,"garage":"POWELL","type":"bus","lastLocID":3207,"messageCode":766,"time":1395755719946,"expires":1395756137000,"signMessageLong":"72  Killingsworth/82nd to Swan Island-Anchor St","extraBlockID":null,"locationInScheduleDay":24931,"longitude":-122.6070468,"blockID":7244,"offRoute":false,"nextLocID":3205,"vehicleID":2276,"signMessage":"72 Swan Island","extraTripID":null,"nextStopSeq":71,"routeNumber":72,"vehicleLoad":"unknown","bearing":270,"lastStopSeq":70,"inCongestion":false,"delay":14,"latitude":45.5627579},{"tripID":4417318,"serviceDate":1395730800000,"direction":1,"garage":"CENTER","type":"bus","lastLocID":9368,"messageCode":788,"time":1395755747047,"expires":1395756166000,"signMessageLong":"70  12th/NE 33rd Ave to Milwaukie","extraBlockID":null,"locationInScheduleDay":24946,"longitude":-122.6357648,"blockID":7005,"offRoute":false,"nextLocID":9414,"vehicleID":2132,"signMessage":"70 To Milwaukie","extraTripID":null,"nextStopSeq":2,"routeNumber":70,"vehicleLoad":"unknown","bearing":180,"lastStopSeq":1,"inCongestion":false,"delay":0,"latitude":45.5898735},{"tripID":4413878,"serviceDate":1395730800000,"direction":1,"garage":"CENTER","type":"bus","lastLocID":2574,"messageCode":462,"time":1395755725876,"expires":1395756142000,"signMessageLong":"31L Portland Limited","extraBlockID":null,"locationInScheduleDay":24253,"longitude":-122.6419251,"blockID":3001,"offRoute":false,"nextLocID":3858,"vehicleID":2123,"signMessage":"31L To Portland Limited","extraTripID":null,"nextStopSeq":6,"routeNumber":31,"vehicleLoad":"unknown","bearing":344,"lastStopSeq":5,"inCongestion":false,"delay":-669,"latitude":45.4805686},{"tripID":4417166,"serviceDate":1395730800000,"direction":0,"garage":"CENTER","type":"bus","lastLocID":6885,"messageCode":781,"time":1395755734832,"expires":1395756154000,"signMessageLong":"70  12th/NE 33rd Ave to NE Sunderland via 17th & Tacoma","extraBlockID":null,"locationInScheduleDay":24800,"longitude":-122.6469271,"blockID":7006,"offRoute":false,"nextLocID":6853,"vehicleID":2150,"signMessage":"70 To Sunderland via 17th","extraTripID":null,"nextStopSeq":6,"routeNumber":70,"vehicleLoad":"unknown","bearing":341,"lastStopSeq":5,"inCongestion":false,"delay":-134,"latitude":45.4585763},{"tripID":4418197,"serviceDate":1395730800000,"direction":1,"garage":"POWELL","type":"bus","lastLocID":7327,"messageCode":760,"time":1395755743849,"expires":1395756162000,"signMessageLong":"72  Killingsworth/82nd to Clackamas TC","extraBlockID":null,"locationInScheduleDay":24971,"longitude":-122.6348967,"blockID":7238,"offRoute":false,"nextLocID":7329,"vehicleID":2527,"signMessage":"72 Clackamas TC","extraTripID":null,"nextStopSeq":34,"routeNumber":72,"vehicleLoad":"unknown","bearing":359,"lastStopSeq":33,"inCongestion":false,"delay":29,"latitude":45.5625652},{"tripID":4417165,"serviceDate":1395730800000,"direction":0,"garage":"CENTER","type":"bus","lastLocID":6588,"messageCode":780,"time":1395755734908,"expires":1395756153000,"signMessageLong":"70  12th/NE 33rd Ave to NE Sunderland","extraBlockID":null,"locationInScheduleDay":24957,"longitude":-122.6536532,"blockID":7002,"offRoute":false,"nextLocID":6594,"vehicleID":2524,"signMessage":"70 To Sunderlnd","extraTripID":null,"nextStopSeq":32,"routeNumber":70,"vehicleLoad":"unknown","bearing":0,"lastStopSeq":31,"inCongestion":false,"delay":24,"latitude":45.5170609},{"tripID":4419087,"serviceDate":1395730800000,"direction":0,"garage":"CENTER","type":"bus","lastLocID":2320,"messageCode":809,"time":1395755719870,"expires":1395756137000,"signMessageLong":"77  Broadway/Halsey to Troutdale","extraBlockID":null,"locationInScheduleDay":24936,"longitude":-122.506654,"blockID":7701,"offRoute":false,"nextLocID":2389,"vehicleID":2512,"signMessage":"77 To Troutdale","extraTripID":null,"nextStopSeq":71,"routeNumber":77,"vehicleLoad":"unknown","bearing":90,"lastStopSeq":70,"inCongestion":false,"delay":19,"latitude":45.5336695},{"tripID":4417872,"serviceDate":1395730800000,"direction":0,"garage":"POWELL","type":"bus","lastLocID":7920,"messageCode":768,"time":1395755725950,"expires":1395756143000,"signMessageLong":"72  Killingsworth/82nd to Swan Island-Shipyards","extraBlockID":null,"locationInScheduleDay":24890,"longitude":-122.5789143,"blockID":7239,"offRoute":false,"nextLocID":7918,"vehicleID":2540,"signMessage":"72 Swan Island","extraTripID":null,"nextStopSeq":5,"routeNumber":72,"vehicleLoad":"unknown","bearing":2,"lastStopSeq":4,"inCongestion":false,"delay":-33,"latitude":45.4459583},{"tripID":4418199,"serviceDate":1395730800000,"direction":1,"garage":"POWELL","type":"bus","lastLocID":9403,"messageCode":760,"time":1395755743857,"expires":1395756160000,"signMessageLong":"72  Killingsworth/82nd to Clackamas TC","extraBlockID":null,"locationInScheduleDay":25058,"longitude":-122.6928694,"blockID":7240,"offRoute":false,"nextLocID":3160,"vehicleID":2533,"signMessage":"72 Clackamas TC","extraTripID":null,"nextStopSeq":8,"routeNumber":72,"vehicleLoad":"unknown","bearing":89,"lastStopSeq":7,"inCongestion":false,"delay":118,"latitude":45.5627513},{"tripID":4418196,"serviceDate":1395730800000,"direction":1,"garage":"POWELL","type":"bus","lastLocID":10600,"messageCode":760,"time":1395755711089,"expires":1395756129000,"signMessageLong":"72  Killingsworth/82nd to Clackamas TC","extraBlockID":null,"locationInScheduleDay":24900,"longitude":-122.5938935,"blockID":7236,"offRoute":false,"nextLocID":3211,"vehicleID":2552,"signMessage":"72 Clackamas TC","extraTripID":null,"nextStopSeq":49,"routeNumber":72,"vehicleLoad":"unknown","bearing":90,"lastStopSeq":48,"inCongestion":false,"delay":-9,"latitude":45.5627145},{"tripID":4417868,"serviceDate":1395730800000,"direction":0,"garage":"POWELL","type":"bus","lastLocID":53,"messageCode":768,"time":1395755738246,"expires":1395756155000,"signMessageLong":"72  Killingsworth/82nd to Swan Island-Shipyards","extraBlockID":null,"locationInScheduleDay":24641,"longitude":-122.6520903,"blockID":7242,"offRoute":false,"nextLocID":51,"vehicleID":2548,"signMessage":"72 Swan Island","extraTripID":null,"nextStopSeq":88,"routeNumber":72,"vehicleLoad":"unknown","bearing":270,"lastStopSeq":87,"inCongestion":false,"delay":-294,"latitude":45.5591005},{"tripID":4411561,"serviceDate":1395730800000,"direction":1,"garage":"POWELL","type":"bus","lastLocID":12892,"messageCode":268,"time":1395755735082,"expires":1395756153000,"signMessageLong":"14  Hawthorne to Portland","extraBlockID":null,"locationInScheduleDay":24854,"longitude":-122.6312232,"blockID":1435,"offRoute":false,"nextLocID":2619,"vehicleID":2316,"signMessage":"14 To Portland","extraTripID":null,"nextStopSeq":31,"routeNumber":14,"vehicleLoad":"unknown","bearing":270,"lastStopSeq":30,"inCongestion":false,"delay":-79,"latitude":45.5120612},{"tripID":4413879,"serviceDate":1395730800000,"direction":1,"garage":"CENTER","type":"bus","lastLocID":3246,"messageCode":464,"time":1395755740931,"expires":1395756159000,"signMessageLong":"31  To Portland via Milwaukie","extraBlockID":null,"locationInScheduleDay":24887,"longitude":-122.6115825,"blockID":1403,"offRoute":false,"nextLocID":10303,"vehicleID":2725,"signMessage":"31 To Portland","extraTripID":null,"nextStopSeq":14,"routeNumber":31,"vehicleLoad":"unknown","bearing":270,"lastStopSeq":13,"inCongestion":false,"delay":-52,"latitude":45.4480079},{"tripID":4419088,"serviceDate":1395730800000,"direction":0,"garage":"CENTER","type":"bus","lastLocID":2442,"messageCode":809,"time":1395755734896,"expires":1395756154000,"signMessageLong":"77  Broadway/Halsey to Troutdale","extraBlockID":null,"locationInScheduleDay":24948,"longitude":-122.5939467,"blockID":7705,"offRoute":false,"nextLocID":2446,"vehicleID":2720,"signMessage":"77 To Troutdale","extraTripID":null,"nextStopSeq":46,"routeNumber":77,"vehicleLoad":"unknown","bearing":90,"lastStopSeq":45,"inCongestion":false,"delay":14,"latitude":45.5336531},{"tripID":4417164,"serviceDate":1395730800000,"direction":0,"garage":"CENTER","type":"bus","lastLocID":7390,"messageCode":783,"time":1395755740904,"expires":1395756159000,"signMessageLong":"70  33rd Ave to NE Sunderland","extraBlockID":null,"locationInScheduleDay":24915,"longitude":-122.6306983,"blockID":7007,"offRoute":false,"nextLocID":7375,"vehicleID":2709,"signMessage":"70 To Sunderlnd","extraTripID":null,"nextStopSeq":55,"routeNumber":70,"vehicleLoad":"unknown","bearing":0,"lastStopSeq":54,"inCongestion":false,"delay":-24,"latitude":45.5565768},{"tripID":4417315,"serviceDate":1395730800000,"direction":1,"garage":"CENTER","type":"bus","lastLocID":6894,"messageCode":789,"time":1395755723114,"expires":1395756139000,"signMessageLong":"70  12th Ave to Milwaukie via 17th & Tacoma","extraBlockID":null,"locationInScheduleDay":24826,"longitude":-122.6483729,"blockID":7001,"offRoute":false,"nextLocID":6846,"vehicleID":2704,"signMessage":"70 To Milw via 17","extraTripID":null,"nextStopSeq":64,"routeNumber":70,"vehicleLoad":"unknown","bearing":179,"lastStopSeq":63,"inCongestion":false,"delay":-93,"latitude":45.4866545},{"tripID":4417317,"serviceDate":1395730800000,"direction":1,"garage":"CENTER","type":"bus","lastLocID":7372,"messageCode":788,"time":1395755740881,"expires":1395756159000,"signMessageLong":"70  12th/NE 33rd Ave to Milwaukie","extraBlockID":null,"locationInScheduleDay":25001,"longitude":-122.6306863,"blockID":7003,"offRoute":false,"nextLocID":7363,"vehicleID":2705,"signMessage":"70 To Milwaukie","extraTripID":null,"nextStopSeq":20,"routeNumber":70,"vehicleLoad":"unknown","bearing":180,"lastStopSeq":19,"inCongestion":false,"delay":62,"latitude":45.5610153},{"tripID":4417167,"serviceDate":1395730800000,"direction":0,"garage":"CENTER","type":"bus","lastLocID":13477,"messageCode":782,"time":1395755719850,"expires":1395756137000,"signMessageLong":"70  12th/NE 33rd Ave to NE Sunderland via 13th & Tacoma","extraBlockID":null,"locationInScheduleDay":24917,"longitude":-122.6407309,"blockID":7004,"offRoute":false,"nextLocID":8225,"vehicleID":2701,"signMessage":"70 To Sunderland via 13th","extraTripID":null,"nextStopSeq":2,"routeNumber":70,"vehicleLoad":"unknown","bearing":81,"lastStopSeq":1,"inCongestion":false,"delay":0,"latitude":45.4448667},{"tripID":4419225,"serviceDate":1395730800000,"direction":1,"garage":"CENTER","type":"bus","lastLocID":2438,"messageCode":813,"time":1395755743881,"expires":1395756162000,"signMessageLong":"77  Broadway/Halsey to Montgomery Park","extraBlockID":null,"locationInScheduleDay":24750,"longitude":-122.6031077,"blockID":7704,"offRoute":false,"nextLocID":2432,"vehicleID":2614,"signMessage":"77 Montgomry Pk","extraTripID":null,"nextStopSeq":61,"routeNumber":77,"vehicleLoad":"unknown","bearing":269,"lastStopSeq":60,"inCongestion":false,"delay":-192,"latitude":45.5337159},{"tripID":4411564,"serviceDate":1395730800000,"direction":1,"garage":"CENTER","type":"bus","lastLocID":1831,"messageCode":268,"time":1395755738209,"expires":1395756155000,"signMessageLong":"14  Hawthorne to Portland","extraBlockID":null,"locationInScheduleDay":24935,"longitude":-122.5662917,"blockID":1401,"offRoute":false,"nextLocID":13236,"vehicleID":2608,"signMessage":"14 To Portland","extraTripID":null,"nextStopSeq":2,"routeNumber":14,"vehicleLoad":"unknown","bearing":291,"lastStopSeq":1,"inCongestion":false,"delay":0,"latitude":45.4791765},{"tripID":4419228,"serviceDate":1395730800000,"direction":1,"garage":"CENTER","type":"bus","lastLocID":9481,"messageCode":813,"time":1395755747064,"expires":1395756166000,"signMessageLong":"77  Broadway/Halsey to Montgomery Park","extraBlockID":null,"locationInScheduleDay":24946,"longitude":-122.3982117,"blockID":7703,"offRoute":false,"nextLocID":9471,"vehicleID":2630,"signMessage":"77 Montgomry Pk","extraTripID":null,"nextStopSeq":2,"routeNumber":77,"vehicleLoad":"unknown","bearing":85,"lastStopSeq":1,"inCongestion":false,"delay":0,"latitude":45.5443612},{"tripID":4419090,"serviceDate":1395730800000,"direction":0,"garage":"CENTER","type":"bus","lastLocID":7127,"messageCode":809,"time":1395755726036,"expires":1395756143000,"signMessageLong":"77  Broadway/Halsey to Troutdale","extraBlockID":null,"locationInScheduleDay":24878,"longitude":-122.6945987,"blockID":7706,"offRoute":false,"nextLocID":7121,"vehicleID":2632,"signMessage":"77 To Troutdale","extraTripID":null,"nextStopSeq":8,"routeNumber":77,"vehicleLoad":"unknown","bearing":178,"lastStopSeq":7,"inCongestion":false,"delay":-45,"latitude":45.5309449},{"tripID":4417870,"serviceDate":1395730800000,"direction":0,"garage":"POWELL","type":"bus","lastLocID":8007,"messageCode":768,"time":1395755723067,"expires":1395756139000,"signMessageLong":"72  Killingsworth/82nd to Swan Island-Shipyards","extraBlockID":null,"locationInScheduleDay":24492,"longitude":-122.5786939,"blockID":7237,"offRoute":false,"nextLocID":7979,"vehicleID":3004,"signMessage":"72 Swan Island","extraTripID":null,"nextStopSeq":36,"routeNumber":72,"vehicleLoad":"unknown","bearing":0,"lastStopSeq":35,"inCongestion":false,"delay":-427,"latitude":45.5115262},{"tripID":4417873,"serviceDate":1395730800000,"direction":0,"garage":"POWELL","type":"bus","lastLocID":13248,"messageCode":766,"time":1395755725925,"expires":1395756142000,"signMessageLong":"72  Killingsworth/82nd to Swan Island-Anchor St","extraBlockID":null,"locationInScheduleDay":25171,"longitude":-122.5691165,"blockID":7241,"offRoute":false,"nextLocID":12922,"vehicleID":3048,"signMessage":"72 Swan Island","extraTripID":null,"nextStopSeq":2,"routeNumber":72,"vehicleLoad":"unknown","bearing":353,"lastStopSeq":1,"inCongestion":false,"delay":249,"latitude":45.4360312},{"tripID":4417867,"serviceDate":1395730800000,"direction":0,"garage":"POWELL","type":"bus","lastLocID":1042,"messageCode":768,"time":1395755704743,"expires":1395756122000,"signMessageLong":"72  Killingsworth/82nd to Swan Island-Shipyards","extraBlockID":null,"locationInScheduleDay":25017,"longitude":-122.7043425,"blockID":7235,"offRoute":false,"nextLocID":1041,"vehicleID":3053,"signMessage":"72 Swan Island","extraTripID":null,"nextStopSeq":117,"routeNumber":72,"vehicleLoad":"unknown","bearing":89,"lastStopSeq":116,"inCongestion":false,"delay":0,"latitude":45.556692},{"tripID":4417871,"serviceDate":1395730800000,"direction":0,"garage":"POWELL","type":"bus","lastLocID":8031,"messageCode":766,"time":1395755734873,"expires":1395756154000,"signMessageLong":"72  Killingsworth/82nd to Swan Island-Anchor St","extraBlockID":null,"locationInScheduleDay":25014,"longitude":-122.5787365,"blockID":7245,"offRoute":false,"nextLocID":8023,"vehicleID":3052,"signMessage":"72 Swan Island","extraTripID":null,"nextStopSeq":29,"routeNumber":72,"vehicleLoad":"unknown","bearing":0,"lastStopSeq":28,"inCongestion":false,"delay":80,"latitude":45.4975603},{"tripID":4418194,"serviceDate":1395730800000,"direction":1,"garage":"POWELL","type":"bus","lastLocID":8016,"messageCode":760,"time":1395755723115,"expires":1395756139000,"signMessageLong":"72  Killingsworth/82nd to Clackamas TC","extraBlockID":null,"locationInScheduleDay":25048,"longitude":-122.5790135,"blockID":7234,"offRoute":false,"nextLocID":7969,"vehicleID":3054,"signMessage":"72 Clackamas TC","extraTripID":null,"nextStopSeq":106,"routeNumber":72,"vehicleLoad":"unknown","bearing":178,"lastStopSeq":105,"inCongestion":false,"delay":129,"latitude":45.449288},{"tripID":4419222,"serviceDate":1395730800000,"direction":1,"garage":"POWELL","type":"bus","lastLocID":8483,"messageCode":813,"time":1395755723157,"expires":1395756140000,"signMessageLong":"77  Broadway/Halsey to Montgomery Park","extraBlockID":null,"locationInScheduleDay":24042,"longitude":-122.7069345,"blockID":7734,"offRoute":false,"nextLocID":8484,"vehicleID":3046,"signMessage":"77 Montgomry Pk","extraTripID":null,"nextStopSeq":109,"routeNumber":77,"vehicleLoad":"unknown","bearing":178,"lastStopSeq":108,"inCongestion":false,"delay":0,"latitude":45.5377966},{"tripID":4419226,"serviceDate":1395730800000,"direction":1,"garage":"POWELL","type":"bus","lastLocID":13026,"messageCode":813,"time":1395755633241,"expires":1395756051000,"signMessageLong":"77  Broadway/Halsey to Montgomery Park","extraBlockID":null,"locationInScheduleDay":24706,"longitude":-122.4988742,"blockID":7738,"offRoute":false,"nextLocID":2392,"vehicleID":3035,"signMessage":"77 Montgomry Pk","extraTripID":null,"nextStopSeq":28,"routeNumber":77,"vehicleLoad":"unknown","bearing":269,"lastStopSeq":27,"inCongestion":false,"delay":-125,"latitude":45.5336687},{"tripID":4411560,"serviceDate":1395730800000,"direction":1,"garage":"POWELL","type":"bus","lastLocID":11956,"messageCode":266,"time":1395755664651,"expires":1395756080000,"signMessageLong":"14  Hawthorne to 94th & Foster","extraBlockID":null,"locationInScheduleDay":24608,"longitude":-122.6786168,"blockID":1434,"offRoute":false,"nextLocID":13169,"vehicleID":3027,"signMessage":"14 To 94-Foster","extraTripID":null,"nextStopSeq":44,"routeNumber":14,"vehicleLoad":"unknown","bearing":291,"lastStopSeq":43,"inCongestion":false,"delay":-252,"latitude":45.516028},{"tripID":4418195,"serviceDate":1395730800000,"direction":1,"garage":"POWELL","type":"bus","lastLocID":8000,"messageCode":760,"time":1395755737868,"expires":1395756156000,"signMessageLong":"72  Killingsworth/82nd to Clackamas TC","extraBlockID":null,"locationInScheduleDay":24698,"longitude":-122.5790395,"blockID":7243,"offRoute":false,"nextLocID":7978,"vehicleID":3025,"signMessage":"72 Clackamas TC","extraTripID":null,"nextStopSeq":66,"routeNumber":72,"vehicleLoad":"unknown","bearing":179,"lastStopSeq":65,"inCongestion":false,"delay":-238,"latitude":45.5311196},{"tripID":4419227,"serviceDate":1395730800000,"direction":1,"garage":"CENTER","type":"bus","lastLocID":2417,"messageCode":813,"time":1395755734929,"expires":1395756153000,"signMessageLong":"77  Broadway/Halsey to Montgomery Park","extraBlockID":null,"locationInScheduleDay":25012,"longitude":-122.4331832,"blockID":7702,"offRoute":false,"nextLocID":2342,"vehicleID":2005,"signMessage":"77 Montgomry Pk","extraTripID":null,"nextStopSeq":13,"routeNumber":77,"vehicleLoad":"unknown","bearing":258,"lastStopSeq":12,"inCongestion":false,"delay":79,"latitude":45.5351348},{"tripID":4413877,"serviceDate":1395730800000,"direction":1,"garage":"CENTER","type":"bus","lastLocID":11956,"messageCode":467,"time":1395755723186,"expires":1395756140000,"signMessageLong":"31  Downtown Only","extraBlockID":null,"locationInScheduleDay":24762,"longitude":-122.6796648,"blockID":1402,"offRoute":false,"nextLocID":7800,"vehicleID":2014,"signMessage":"31 Downtown Only","extraTripID":null,"nextStopSeq":39,"routeNumber":31,"vehicleLoad":"unknown","bearing":290,"lastStopSeq":38,"inCongestion":false,"delay":-158,"latitude":45.5163061}],"queryTime":1395755748826}}
