{"resultSet":{"vehicle":[{"tripID":4411559,"serviceDate":1395730800000,"direction":1,"garage":"POWELL","type":"bus","lastLocID":1829,"messageCode":268,"time":1395752425890,"expires":1395752842000,"signMessageLong":"14  Hawthorne to Portland","extraBlockID":null,"locationInScheduleDay":21592,"longitude":-122.570153,"blockID":1436,"offRoute":false,"nextLocID":1826,"vehicleID":2206,"signMessage":"14 To Portland","extraTripID":null,"nextStopSeq":4,"routeNumber":14,"vehicleLoad":"unknown","bearing":296,"lastStopSeq":3,"inCongestion":false,"delay":-30,"latitude":45.4803001},{"tripID":4419221,"serviceDate":1395730800000,"direction":1,"garage":"POWELL","type":"bus","lastLocID":9311,"messageCode":813,"time":1395752333281,"expires":1395752752000,"signMessageLong":"77  Broadway/Halsey to Montgomery Park","extraBlockID":null,"locationInScheduleDay":21522,"longitude":-122.6779823,"blockID":7735,"offRoute":false,"nextLocID":1997,"vehicleID":2222,"signMessage":"77 Montgomry Pk","extraTripID":null,"nextStopSeq":42,"routeNumber":77,"vehicleLoad":"unknown","bearing":268,"lastStopSeq":41,"inCongestion":false,"delay":-10,"latitude":45.5266035},{"tripID":4419223,"serviceDate":1395730800000,"direction":1,"garage":"POWELL","type":"bus","lastLocID":13505,"messageCode":813,"time":1395752425894,"expires":1395752840000,"signMessageLong":"77  Broadway/Halsey to Montgomery Park","extraBlockID":null,"locationInScheduleDay":21583,"longitude":-122.4540973,"blockID":7736,"offRoute":false,"nextLocID":2411,"vehicleID":2221,"signMessage":"77 Montgomry Pk","extraTripID":null,"nextStopSeq":17,"routeNumber":77,"vehicleLoad":"unknown","bearing":271,"lastStopSeq":16,"inCongestion":false,"delay":-37,"latitude":45.5334176},{"tripID":4413875,"serviceDate":1395730800000,"direction":1,"garage":"POWELL","type":"bus","lastLocID":8223,"messageCode":466,"time":1395752434703,"expires":1395752853000,"signMessageLong":"31  Portland","extraBlockID":null,"locationInScheduleDay":21600,"longitude":-122.641251,"blockID":3137,"offRoute":false,"nextLocID":3672,"vehicleID":2258,"signMessage":"31 To Portland","extraTripID":null,"nextStopSeq":26,"routeNumber":31,"vehicleLoad":"unknown","bearing":261,"lastStopSeq":25,"inCongestion":false,"delay":-33,"latitude":45.4448095},{"tripID":4417163,"serviceDate":1395730800000,"direction":0,"garage":"CENTER","type":"bus","lastLocID":844,"messageCode":782,"time":1395752419539,"expires":1395752838000,"signMessageLong":"70  12th/NE 33rd Ave to NE Sunderland via 13th & Tacoma","extraBlockID":null,"locationInScheduleDay":21628,"longitude":-122.6495452,"blockID":7005,"offRoute":false,"nextLocID":839,"vehicleID":2132,"signMessage":"70 To Sunderland via 13th","extraTripID":null,"nextStopSeq":15,"routeNumber":70,"vehicleLoad":"unknown","bearing":88,"lastStopSeq":14,"inCongestion":false,"delay":10,"latitude":45.4737065},{"tripID":4417865,"serviceDate":1395730800000,"direction":0,"garage":"POWELL","type":"bus","lastLocID":3201,"messageCode":768,"time":1395752434660,"expires":1395752854000,"signMessageLong":"72  Killingsworth/82nd to Swan Island-Shipyards","extraBlockID":null,"locationInScheduleDay":21484,"longitude":-122.6149804,"blockID":7238,"offRoute":false,"nextLocID":3200,"vehicleID":2527,"signMessage":"72 Swan Island","extraTripID":null,"nextStopSeq":74,"routeNumber":72,"vehicleLoad":"unknown","bearing":270,"lastStopSeq":73,"inCongestion":false,"delay":-150,"latitude":45.5627863},{"tripID":4417312,"serviceDate":1395730800000,"direction":1,"garage":"CENTER","type":"bus","lastLocID":10472,"messageCode":789,"time":1395752440978,"expires":1395752858000,"signMessageLong":"70  12th Ave to Milwaukie via 17th & Tacoma","extraBlockID":null,"locationInScheduleDay":21480,"longitude":-122.6542223,"blockID":7002,"offRoute":false,"nextLocID":3916,"vehicleID":2524,"signMessage":"70 To Milw via 17","extraTripID":null,"nextStopSeq":58,"routeNumber":70,"vehicleLoad":"unknown","bearing":180,"lastStopSeq":57,"inCongestion":false,"delay":-158,"latitude":45.5006625},{"tripID":4419087,"serviceDate":1395730800000,"direction":0,"garage":"CENTER","type":"bus","lastLocID":6013,"messageCode":809,"time":1395752419619,"expires":1395752837000,"signMessageLong":"77  Broadway/Halsey to Troutdale","extraBlockID":null,"locationInScheduleDay":21650,"longitude":-122.6990163,"blockID":7701,"offRoute":false,"nextLocID":7168,"vehicleID":2512,"signMessage":"77 To Troutdale","extraTripID":null,"nextStopSeq":4,"routeNumber":77,"vehicleLoad":"unknown","bearing":88,"lastStopSeq":3,"inCongestion":false,"delay":33,"latitude":45.5369215},{"tripID":4418192,"serviceDate":1395730800000,"direction":1,"garage":"POWELL","type":"bus","lastLocID":7966,"messageCode":760,"time":1395752425857,"expires":1395752843000,"signMessageLong":"72  Killingsworth/82nd to Clackamas TC","extraBlockID":null,"locationInScheduleDay":21618,"longitude":-122.5787936,"blockID":7239,"offRoute":false,"nextLocID":7992,"vehicleID":2540,"signMessage":"72 Clackamas TC","extraTripID":null,"nextStopSeq":58,"routeNumber":72,"vehicleLoad":"unknown","bearing":180,"lastStopSeq":57,"inCongestion":false,"delay":-5,"latitude":45.5469633},{"tripID":4417866,"serviceDate":1395730800000,"direction":0,"garage":"POWELL","type":"bus","lastLocID":7936,"messageCode":766,"time":1395752425882,"expires":1395752843000,"signMessageLong":"72  Killingsworth/82nd to Swan Island-Anchor St","extraBlockID":null,"locationInScheduleDay":21489,"longitude":-122.5790774,"blockID":7240,"offRoute":false,"nextLocID":7955,"vehicleID":2533,"signMessage":"72 Swan Island","extraTripID":null,"nextStopSeq":43,"routeNumber":72,"vehicleLoad":"unknown","bearing":359,"lastStopSeq":42,"inCongestion":false,"delay":-134,"latitude":45.522783},{"tripID":4417864,"serviceDate":1395730800000,"direction":0,"garage":"POWELL","type":"bus","lastLocID":5890,"messageCode":768,"time":1395752320752,"expires":1395752738000,"signMessageLong":"72  Killingsworth/82nd to Swan Island-Shipyards","extraBlockID":null,"locationInScheduleDay":21120,"longitude":-122.6614271,"blockID":7236,"offRoute":false,"nextLocID":10957,"vehicleID":2552,"signMessage":"72 Swan Island","extraTripID":null,"nextStopSeq":93,"routeNumber":72,"vehicleLoad":"unknown","bearing":0,"lastStopSeq":92,"inCongestion":false,"delay":-398,"latitude":45.5595755},{"tripID":4413874,"serviceDate":1395730800000,"direction":1,"garage":"POWELL","type":"bus","lastLocID":11956,"messageCode":467,"time":1395752434804,"expires":1395752853000,"signMessageLong":"31  Downtown Only","extraBlockID":null,"locationInScheduleDay":21779,"longitude":-122.6796541,"blockID":3134,"offRoute":false,"nextLocID":7800,"vehicleID":2555,"signMessage":"31 Downtown Only","extraTripID":null,"nextStopSeq":38,"routeNumber":31,"vehicleLoad":"unknown","bearing":290,"lastStopSeq":37,"inCongestion":false,"delay":146,"latitude":45.5163033},{"tripID":4411311,"serviceDate":1395730800000,"direction":0,"garage":"POWELL","type":"bus","lastLocID":2594,"messageCode":266,"time":1395752320743,"expires":1395752738000,"signMessageLong":"14  Hawthorne to 94th & Foster","extraBlockID":null,"locationInScheduleDay":21546,"longitude":-122.6584286,"blockID":1435,"offRoute":false,"nextLocID":2597,"vehicleID":2316,"signMessage":"14 To 94-Foster","extraTripID":null,"nextStopSeq":5,"routeNumber":14,"vehicleLoad":"unknown","bearing":90,"lastStopSeq":4,"inCongestion":false,"delay":28,"latitude":45.5122365},{"tripID":4417161,"serviceDate":1395730800000,"direction":0,"garage":"CENTER","type":"bus","lastLocID":13040,"messageCode":783,"time":1395752434627,"expires":1395752852000,"signMessageLong":"70  33rd Ave to NE Sunderland","extraBlockID":null,"locationInScheduleDay":21300,"longitude":-122.6357648,"blockID":7001,"offRoute":false,"nextLocID":9368,"vehicleID":2704,"signMessage":"70 To Sunderlnd","extraTripID":null,"nextStopSeq":83,"routeNumber":70,"vehicleLoad":"unknown","bearing":180,"lastStopSeq":82,"inCongestion":false,"delay":0,"latitude":45.5898735},{"tripID":4417162,"serviceDate":1395730800000,"direction":0,"garage":"CENTER","type":"bus","lastLocID":8513,"messageCode":783,"time":1395752434621,"expires":1395752854000,"signMessageLong":"70  33rd Ave to NE Sunderland","extraBlockID":null,"locationInScheduleDay":21720,"longitude":-122.6545979,"blockID":7003,"offRoute":false,"nextLocID":8938,"vehicleID":2705,"signMessage":"70 To Sunderlnd","extraTripID":null,"nextStopSeq":34,"routeNumber":70,"vehicleLoad":"unknown","bearing":0,"lastStopSeq":33,"inCongestion":false,"delay":86,"latitude":45.5298956},{"tripID":4417314,"serviceDate":1395730800000,"direction":1,"garage":"CENTER","type":"bus","lastLocID":7370,"messageCode":788,"time":1395752434619,"expires":1395752852000,"signMessageLong":"70  12th/NE 33rd Ave to Milwaukie","extraBlockID":null,"locationInScheduleDay":21626,"longitude":-122.6306727,"blockID":7004,"offRoute":false,"nextLocID":7388,"vehicleID":2701,"signMessage":"70 To Milwaukie","extraTripID":null,"nextStopSeq":14,"routeNumber":70,"vehicleLoad":"unknown","bearing":180,"lastStopSeq":13,"inCongestion":false,"delay":-6,"latitude":45.5702089},{"tripID":4411558,"serviceDate":1395730800000,"direction":1,"garage":"CENTER","type":"bus","lastLocID":2626,"messageCode":268,"time":1395752419690,"expires":1395752838000,"signMessageLong":"14  Hawthorne to Portland","extraBlockID":null,"locationInScheduleDay":21600,"longitude":-122.623213,"blockID":1401,"offRoute":false,"nextLocID":2624,"vehicleID":2608,"signMessage":"14 To Portland","extraTripID":null,"nextStopSeq":29,"routeNumber":14,"vehicleLoad":"unknown","bearing":270,"lastStopSeq":28,"inCongestion":false,"delay":-18,"latitude":45.5120449},{"tripID":4419086,"serviceDate":1395730800000,"direction":0,"garage":"CENTER","type":"bus","lastLocID":7121,"messageCode":null,"time":1395752330000,"expires":1395752750000,"signMessageLong":null,"extraBlockID":null,"locationInScheduleDay":null,"longitude":-122.687267,"blockID":7703,"offRoute":false,"nextLocID":7114,"vehicleID":2630,"signMessage":null,"extraTripID":null,"nextStopSeq":null,"routeNumber":77,"vehicleLoad":"unknown","bearing":null,"lastStopSeq":null,"inCongestion":false,"delay":-895,"latitude":45.52685},{"tripID":4418191,"serviceDate":1395730800000,"direction":1,"garage":"POWELL","type":"bus","lastLocID":8058,"messageCode":760,"time":1395752437834,"expires":1395752857000,"signMessageLong":"72  Killingsworth/82nd to Clackamas TC","extraBlockID":null,"locationInScheduleDay":21489,"longitude":-122.5790695,"blockID":7237,"offRoute":false,"nextLocID":7961,"vehicleID":3004,"signMessage":"72 Clackamas TC","extraTripID":null,"nextStopSeq":94,"routeNumber":72,"vehicleLoad":"unknown","bearing":180,"lastStopSeq":93,"inCongestion":false,"delay":-148,"latitude":45.4774991},{"tripID":4413796,"serviceDate":1395730800000,"direction":0,"garage":"POWELL","type":"bus","lastLocID":4002,"messageCode":457,"time":1395752437835,"expires":1395752855000,"signMessageLong":"31  Clackamas Town Center, continuing to Estacada","extraBlockID":null,"locationInScheduleDay":21600,"longitude":-122.5740057,"blockID":3136,"offRoute":false,"nextLocID":12922,"vehicleID":3007,"signMessage":"31 To Estacada via Clackamas","extraTripID":null,"nextStopSeq":24,"routeNumber":31,"vehicleLoad":"unknown","bearing":271,"lastStopSeq":23,"inCongestion":false,"delay":-35,"latitude":45.4374107},{"tripID":4418193,"serviceDate":1395730800000,"direction":1,"garage":"POWELL","type":"bus","lastLocID":11471,"messageCode":760,"time":1395752419561,"expires":1395752836000,"signMessageLong":"72  Killingsworth/82nd to Clackamas TC","extraBlockID":null,"locationInScheduleDay":21548,"longitude":-122.6439838,"blockID":7241,"offRoute":false,"nextLocID":60,"vehicleID":3048,"signMessage":"72 Clackamas TC","extraTripID":null,"nextStopSeq":29,"routeNumber":72,"vehicleLoad":"unknown","bearing":90,"lastStopSeq":28,"inCongestion":false,"delay":-68,"latitude":45.5590795},{"tripID":4417867,"serviceDate":1395730800000,"direction":0,"garage":"POWELL","type":"bus","lastLocID":7962,"messageCode":768,"time":1395752419574,"expires":1395752836000,"signMessageLong":"72  Killingsworth/82nd to Swan Island-Shipyards","extraBlockID":null,"locationInScheduleDay":21660,"longitude":-122.5790515,"blockID":7235,"offRoute":false,"nextLocID":7982,"vehicleID":3053,"signMessage":"72 Swan Island","extraTripID":null,"nextStopSeq":16,"routeNumber":72,"vehicleLoad":"unknown","bearing":0,"lastStopSeq":15,"inCongestion":false,"delay":44,"latitude":45.4684883},{"tripID":4417863,"serviceDate":1395730800000,"direction":0,"garage":"POWELL","type":"bus","lastLocID":1042,"messageCode":768,"time":1395752419599,"expires":1395752836000,"signMessageLong":"72  Killingsworth/82nd to Swan Island-Shipyards","extraBlockID":null,"locationInScheduleDay":20758,"longitude":-122.7041941,"blockID":7234,"offRoute":false,"nextLocID":1041,"vehicleID":3054,"signMessage":"72 Swan Island","extraTripID":null,"nextStopSeq":117,"routeNumber":72,"vehicleLoad":"unknown","bearing":94,"lastStopSeq":116,"inCongestion":false,"delay":-18,"latitude":45.5566863},{"tripID":4419222,"serviceDate":1395730800000,"direction":1,"garage":"POWELL","type":"bus","lastLocID":10973,"messageCode":813,"time":1395752419620,"expires":1395752838000,"signMessageLong":"77  Broadway/Halsey to Montgomery Park","extraBlockID":null,"locationInScheduleDay":21256,"longitude":-122.5604861,"blockID":7734,"offRoute":false,"nextLocID":2343,"vehicleID":3046,"signMessage":"77 Montgomry Pk","extraTripID":null,"nextStopSeq":48,"routeNumber":77,"vehicleLoad":"unknown","bearing":269,"lastStopSeq":47,"inCongestion":false,"delay":-362,"latitude":45.5335582},{"tripID":4411310,"serviceDate":1395730800000,"direction":0,"garage":"POWELL","type":"bus","lastLocID":6398,"messageCode":null,"time":1395752420000,"expires":1395752840000,"signMessageLong":null,"extraBlockID":null,"locationInScheduleDay":null,"longitude":-122.565767,"blockID":1434,"offRoute":false,"nextLocID":8134,"vehicleID":3027,"signMessage":null,"extraTripID":null,"nextStopSeq":null,"routeNumber":14,"vehicleLoad":"unknown","bearing":null,"lastStopSeq":null,"inCongestion":false,"delay":55,"latitude":45.47905},{"tripID":4419085,"serviceDate":1395730800000,"direction":0,"garage":"CENTER","type":"bus","lastLocID":7999,"messageCode":809,"time":1395752329912,"expires":1395752748000,"signMessageLong":"77  Broadway/Halsey to Troutdale","extraBlockID":null,"locationInScheduleDay":21600,"longitude":-122.578962,"blockID":7702,"offRoute":false,"nextLocID":2456,"vehicleID":2005,"signMessage":"77 To Troutdale","extraTripID":null,"nextStopSeq":53,"routeNumber":77,"vehicleLoad":"unknown","bearing":0,"lastStopSeq":52,"inCongestion":false,"delay":72,"latitude":45.533614}],"queryTime":1395752448698}}
