{"resultSet":{"vehicle":[{"tripID":4411642,"serviceDate":1395644400000,"direction":1,"garage":"CENTER","type":"bus","lastLocID":8242,"messageCode":268,"time":1395735380817,"expires":1395735798000,"signMessageLong":"14  Hawthorne to Portland","extraBlockID":null,"locationInScheduleDay":91066,"longitude":-122.6110219,"blockID":1406,"offRoute":false,"nextLocID":7654,"vehicleID":3128,"signMessage":"14 To Portland","extraTripID":null,"nextStopSeq":21,"routeNumber":14,"vehicleLoad":"unknown","bearing":0,"lastStopSeq":20,"inCongestion":false,"delay":88,"latitude":45.5045033},{"tripID":4418298,"serviceDate":1395644400000,"direction":1,"garage":"POWELL","type":"bus","lastLocID":7978,"messageCode":760,"time":1395735380782,"expires":1395735799000,"signMessageLong":"72  Killingsworth/82nd to Clackamas TC","extraBlockID":null,"locationInScheduleDay":91012,"longitude":-122.5790459,"blockID":7236,"offRoute":false,"nextLocID":7932,"vehicleID":3022,"signMessage":"72 Clackamas TC","extraTripID":null,"nextStopSeq":67,"routeNumber":72,"vehicleLoad":"unknown","bearing":180,"lastStopSeq":66,"inCongestion":false,"delay":33,"latitude":45.5298044},{"tripID":4417969,"serviceDate":1395644400000,"direction":0,"garage":"POWELL","type":"bus","lastLocID":61,"messageCode":766,"time":1395735377729,"expires":1395735796000,"signMessageLong":"72  Killingsworth/82nd to Swan Island-Anchor St","extraBlockID":null,"locationInScheduleDay":91107,"longitude":-122.6408047,"blockID":7238,"offRoute":false,"nextLocID":11472,"vehicleID":3035,"signMessage":"72 Swan Island","extraTripID":null,"nextStopSeq":85,"routeNumber":72,"vehicleLoad":"unknown","bearing":270,"lastStopSeq":84,"inCongestion":false,"delay":131,"latitude":45.5590662}],"queryTime":1395735407702}}
