{"resultSet":{"vehicle":[{"tripID":4419220,"serviceDate":1395730800000,"direction":1,"garage":"CENTER","type":"bus","lastLocID":10869,"messageCode":813,"time":1395749674769,"expires":1395750091000,"signMessageLong":"77  Broadway/Halsey to Montgomery Park","extraBlockID":null,"locationInScheduleDay":19020,"longitude":-122.6206252,"blockID":7701,"offRoute":false,"nextLocID":7484,"vehicleID":2512,"signMessage":"77 Montgomry Pk","extraTripID":null,"nextStopSeq":23,"routeNumber":77,"vehicleLoad":"unknown","bearing":89,"lastStopSeq":22,"inCongestion":false,"delay":149,"latitude":45.5332523},{"tripID":4417864,"serviceDate":1395730800000,"direction":0,"garage":"POWELL","type":"bus","lastLocID":7946,"messageCode":768,"time":1395749677481,"expires":1395750096000,"signMessageLong":"72  Killingsworth/82nd to Swan Island-Shipyards","extraBlockID":null,"locationInScheduleDay":18817,"longitude":-122.5790521,"blockID":7236,"offRoute":false,"nextLocID":7953,"vehicleID":2552,"signMessage":"72 Swan Island","extraTripID":null,"nextStopSeq":13,"routeNumber":72,"vehicleLoad":"unknown","bearing":0,"lastStopSeq":12,"inCongestion":false,"delay":-59,"latitude":45.4616325},{"tripID":4417161,"serviceDate":1395730800000,"direction":0,"garage":"CENTER","type":"bus","lastLocID":6861,"messageCode":780,"time":1395749674760,"expires":1395750093000,"signMessageLong":"70  12th/NE 33rd Ave to NE Sunderland","extraBlockID":null,"locationInScheduleDay":18885,"longitude":-122.6483703,"blockID":7001,"offRoute":false,"nextLocID":6882,"vehicleID":2704,"signMessage":"70 To Sunderlnd","extraTripID":null,"nextStopSeq":20,"routeNumber":70,"vehicleLoad":"unknown","bearing":0,"lastStopSeq":19,"inCongestion":false,"delay":12,"latitude":45.4856568},{"tripID":4418191,"serviceDate":1395730800000,"direction":1,"garage":"POWELL","type":"bus","lastLocID":9399,"messageCode":760,"time":1395749632593,"expires":1395750050000,"signMessageLong":"72  Killingsworth/82nd to Clackamas TC","extraBlockID":null,"locationInScheduleDay":18747,"longitude":-122.6924609,"blockID":7237,"offRoute":false,"nextLocID":2195,"vehicleID":3004,"signMessage":"72 Clackamas TC","extraTripID":null,"nextStopSeq":4,"routeNumber":72,"vehicleLoad":"unknown","bearing":338,"lastStopSeq":3,"inCongestion":false,"delay":-83,"latitude":45.5553972},{"tripID":4418190,"serviceDate":1395730800000,"direction":1,"garage":"POWELL","type":"bus","lastLocID":7978,"messageCode":760,"time":1395749656544,"expires":1395750076000,"signMessageLong":"72  Killingsworth/82nd to Clackamas TC","extraBlockID":null,"locationInScheduleDay":18838,"longitude":-122.5790483,"blockID":7235,"offRoute":false,"nextLocID":7932,"vehicleID":3053,"signMessage":"72 Clackamas TC","extraTripID":null,"nextStopSeq":13,"routeNumber":72,"vehicleLoad":"unknown","bearing":180,"lastStopSeq":12,"inCongestion":false,"delay":-18,"latitude":45.5293846},{"tripID":4417863,"serviceDate":1395730800000,"direction":0,"garage":"POWELL","type":"bus","lastLocID":7933,"messageCode":768,"time":1395749602630,"expires":1395750020000,"signMessageLong":"72  Killingsworth/82nd to Swan Island-Shipyards","extraBlockID":null,"locationInScheduleDay":18759,"longitude":-122.5786946,"blockID":7234,"offRoute":false,"nextLocID":8039,"vehicleID":3054,"signMessage":"72 Swan Island","extraTripID":null,"nextStopSeq":58,"routeNumber":72,"vehicleLoad":"unknown","bearing":0,"lastStopSeq":57,"inCongestion":false,"delay":-41,"latitude":45.5521834},{"tripID":4411556,"serviceDate":1395730800000,"direction":1,"garage":"POWELL","type":"bus","lastLocID":2616,"messageCode":268,"time":1395749674756,"expires":1395750093000,"signMessageLong":"14  Hawthorne to Portland","extraBlockID":null,"locationInScheduleDay":18945,"longitude":-122.6358443,"blockID":1434,"offRoute":false,"nextLocID":2613,"vehicleID":3027,"signMessage":"14 To Portland","extraTripID":null,"nextStopSeq":33,"routeNumber":14,"vehicleLoad":"unknown","bearing":270,"lastStopSeq":32,"inCongestion":false,"delay":72,"latitude":45.5120703}],"queryTime":1395749688588}}
