{"resultSet":{"vehicle":[{"tripID":4411313,"serviceDate":1395730800000,"direction":0,"garage":"POWELL","type":"bus","lastLocID":8134,"messageCode":266,"time":1395756263444,"expires":1395756680000,"signMessageLong":"14  Hawthorne to 94th & Foster","extraBlockID":null,"locationInScheduleDay":25460,"longitude":-122.5635808,"blockID":1436,"offRoute":false,"nextLocID":1831,"vehicleID":2206,"signMessage":"14 To 94-Foster","extraTripID":null,"nextStopSeq":49,"routeNumber":14,"vehicleLoad":"unknown","bearing":291,"lastStopSeq":48,"inCongestion":false,"delay":0,"latitude":45.478433},{"tripID":4419089,"serviceDate":1395730800000,"direction":0,"garage":"POWELL","type":"bus","lastLocID":648,"messageCode":809,"time":1395756266795,"expires":1395756682000,"signMessageLong":"77  Broadway/Halsey to Troutdale","extraBlockID":null,"locationInScheduleDay":25443,"longitude":-122.6255222,"blockID":7735,"offRoute":false,"nextLocID":10870,"vehicleID":2222,"signMessage":"77 To Troutdale","extraTripID":null,"nextStopSeq":35,"routeNumber":77,"vehicleLoad":"unknown","bearing":90,"lastStopSeq":34,"inCongestion":false,"delay":-19,"latitude":45.5351527},{"tripID":4419223,"serviceDate":1395730800000,"direction":1,"garage":"POWELL","type":"bus","lastLocID":8483,"messageCode":813,"time":1395756260536,"expires":1395756678000,"signMessageLong":"77  Broadway/Halsey to Montgomery Park","extraBlockID":null,"locationInScheduleDay":25369,"longitude":-122.7069249,"blockID":7736,"offRoute":false,"nextLocID":8484,"vehicleID":2221,"signMessage":"77 Montgomry Pk","extraTripID":null,"nextStopSeq":109,"routeNumber":77,"vehicleLoad":"unknown","bearing":178,"lastStopSeq":108,"inCongestion":false,"delay":0,"latitude":45.5375035},{"tripID":4411562,"serviceDate":1395730800000,"direction":1,"garage":"POWELL","type":"bus","lastLocID":2626,"messageCode":268,"time":1395756266779,"expires":1395756683000,"signMessageLong":"14  Hawthorne to Portland","extraBlockID":null,"locationInScheduleDay":25520,"longitude":-122.6243932,"blockID":1437,"offRoute":false,"nextLocID":2624,"vehicleID":2264,"signMessage":"14 To Portland","extraTripID":null,"nextStopSeq":29,"routeNumber":14,"vehicleLoad":"unknown","bearing":270,"lastStopSeq":28,"inCongestion":false,"delay":57,"latitude":45.5120479},{"tripID":4418200,"serviceDate":1395730800000,"direction":1,"garage":"POWELL","type":"bus","lastLocID":3179,"messageCode":760,"time":1395756281728,"expires":1395756699000,"signMessageLong":"72  Killingsworth/82nd to Clackamas TC","extraBlockID":null,"locationInScheduleDay":25591,"longitude":-122.6884357,"blockID":7247,"offRoute":false,"nextLocID":3162,"vehicleID":2250,"signMessage":"72 Clackamas TC","extraTripID":null,"nextStopSeq":10,"routeNumber":72,"vehicleLoad":"unknown","bearing":90,"lastStopSeq":9,"inCongestion":false,"delay":112,"latitude":45.5627155},{"tripID":4418198,"serviceDate":1395730800000,"direction":1,"garage":"POWELL","type":"bus","lastLocID":3191,"messageCode":760,"time":1395756260629,"expires":1395756676000,"signMessageLong":"72  Killingsworth/82nd to Clackamas TC","extraBlockID":null,"locationInScheduleDay":25422,"longitude":-122.6303349,"blockID":7246,"offRoute":false,"nextLocID":3193,"vehicleID":2296,"signMessage":"72 Clackamas TC","extraTripID":null,"nextStopSeq":37,"routeNumber":72,"vehicleLoad":"unknown","bearing":89,"lastStopSeq":36,"inCongestion":false,"delay":-34,"latitude":45.5627254},{"tripID":4419224,"serviceDate":1395730800000,"direction":1,"garage":"POWELL","type":"bus","lastLocID":2592,"messageCode":813,"time":1395756275798,"expires":1395756694000,"signMessageLong":"77  Broadway/Halsey to Montgomery Park","extraBlockID":null,"locationInScheduleDay":25358,"longitude":-122.6680881,"blockID":7737,"offRoute":false,"nextLocID":9311,"vehicleID":2285,"signMessage":"77 Montgomry Pk","extraTripID":null,"nextStopSeq":87,"routeNumber":77,"vehicleLoad":"unknown","bearing":236,"lastStopSeq":86,"inCongestion":false,"delay":-116,"latitude":45.5281295},{"tripID":4417869,"serviceDate":1395730800000,"direction":0,"garage":"POWELL","type":"bus","lastLocID":64,"messageCode":766,"time":1395756260657,"expires":1395756678000,"signMessageLong":"72  Killingsworth/82nd to Swan Island-Anchor St","extraBlockID":null,"locationInScheduleDay":25291,"longitude":-122.6384286,"blockID":7244,"offRoute":false,"nextLocID":61,"vehicleID":2276,"signMessage":"72 Swan Island","extraTripID":null,"nextStopSeq":84,"routeNumber":72,"vehicleLoad":"unknown","bearing":270,"lastStopSeq":83,"inCongestion":false,"delay":-167,"latitude":45.5590578},{"tripID":4417318,"serviceDate":1395730800000,"direction":1,"garage":"CENTER","type":"bus","lastLocID":10450,"messageCode":788,"time":1395756260377,"expires":1395756676000,"signMessageLong":"70  12th/NE 33rd Ave to Milwaukie","extraBlockID":null,"locationInScheduleDay":25440,"longitude":-122.6328491,"blockID":7005,"offRoute":false,"nextLocID":9369,"vehicleID":2132,"signMessage":"70 To Milwaukie","extraTripID":null,"nextStopSeq":4,"routeNumber":70,"vehicleLoad":"unknown","bearing":192,"lastStopSeq":3,"inCongestion":false,"delay":-16,"latitude":45.584049},{"tripID":4413878,"serviceDate":1395730800000,"direction":1,"garage":"CENTER","type":"bus","lastLocID":2642,"messageCode":467,"time":1395756266608,"expires":1395756682000,"signMessageLong":"31  Downtown Only","extraBlockID":null,"locationInScheduleDay":24969,"longitude":-122.6696513,"blockID":3001,"offRoute":false,"nextLocID":11956,"vehicleID":2123,"signMessage":"31 Downtown Only","extraTripID":null,"nextStopSeq":9,"routeNumber":31,"vehicleLoad":"unknown","bearing":290,"lastStopSeq":8,"inCongestion":false,"delay":-493,"latitude":45.512954},{"tripID":4417166,"serviceDate":1395730800000,"direction":0,"garage":"CENTER","type":"bus","lastLocID":6861,"messageCode":780,"time":1395756275650,"expires":1395756693000,"signMessageLong":"70  12th/NE 33rd Ave to NE Sunderland","extraBlockID":null,"locationInScheduleDay":25221,"longitude":-122.6483718,"blockID":7006,"offRoute":false,"nextLocID":6882,"vehicleID":2150,"signMessage":"70 To Sunderlnd","extraTripID":null,"nextStopSeq":17,"routeNumber":70,"vehicleLoad":"unknown","bearing":0,"lastStopSeq":16,"inCongestion":false,"delay":-252,"latitude":45.4842653},{"tripID":4417316,"serviceDate":1395730800000,"direction":1,"garage":"CENTER","type":"bus","lastLocID":6542,"messageCode":738,"time":1395756275677,"expires":1395756692000,"signMessageLong":"70  12th Ave to Milwaukie via 13th & Tacoma","extraBlockID":null,"locationInScheduleDay":25468,"longitude":-122.6546882,"blockID":7008,"offRoute":false,"nextLocID":6551,"vehicleID":2506,"signMessage":"70 To Milwaukie","extraTripID":null,"nextStopSeq":8,"routeNumber":70,"vehicleLoad":"unknown","bearing":180,"lastStopSeq":7,"inCongestion":false,"delay":-4,"latitude":45.5139106},{"tripID":4418197,"serviceDate":1395730800000,"direction":1,"garage":"POWELL","type":"bus","lastLocID":3211,"messageCode":760,"time":1395756266682,"expires":1395756684000,"signMessageLong":"72  Killingsworth/82nd to Clackamas TC","extraBlockID":null,"locationInScheduleDay":25454,"longitude":-122.5881235,"blockID":7238,"offRoute":false,"nextLocID":3186,"vehicleID":2527,"signMessage":"72 Clackamas TC","extraTripID":null,"nextStopSeq":50,"routeNumber":72,"vehicleLoad":"unknown","bearing":90,"lastStopSeq":49,"inCongestion":false,"delay":-10,"latitude":45.5626677},{"tripID":4417165,"serviceDate":1395730800000,"direction":0,"garage":"CENTER","type":"bus","lastLocID":8938,"messageCode":783,"time":1395756245662,"expires":1395756662000,"signMessageLong":"70  33rd Ave to NE Sunderland","extraBlockID":null,"locationInScheduleDay":25376,"longitude":-122.6531394,"blockID":7002,"offRoute":false,"nextLocID":4047,"vehicleID":2524,"signMessage":"70 To Sunderlnd","extraTripID":null,"nextStopSeq":38,"routeNumber":70,"vehicleLoad":"unknown","bearing":90,"lastStopSeq":37,"inCongestion":false,"delay":-66,"latitude":45.5314895},{"tripID":4419087,"serviceDate":1395730800000,"direction":0,"garage":"CENTER","type":"bus","lastLocID":2410,"messageCode":809,"time":1395756263392,"expires":1395756680000,"signMessageLong":"77  Broadway/Halsey to Troutdale","extraBlockID":null,"locationInScheduleDay":25368,"longitude":-122.4496059,"blockID":7701,"offRoute":false,"nextLocID":10125,"vehicleID":2512,"signMessage":"77 To Troutdale","extraTripID":null,"nextStopSeq":85,"routeNumber":77,"vehicleLoad":"unknown","bearing":86,"lastStopSeq":84,"inCongestion":false,"delay":-92,"latitude":45.5334356},{"tripID":4417872,"serviceDate":1395730800000,"direction":0,"garage":"POWELL","type":"bus","lastLocID":7982,"messageCode":768,"time":1395756266694,"expires":1395756683000,"signMessageLong":"72  Killingsworth/82nd to Swan Island-Shipyards","extraBlockID":null,"locationInScheduleDay":25242,"longitude":-122.5790619,"blockID":7239,"offRoute":false,"nextLocID":7970,"vehicleID":2540,"signMessage":"72 Swan Island","extraTripID":null,"nextStopSeq":17,"routeNumber":72,"vehicleLoad":"unknown","bearing":359,"lastStopSeq":16,"inCongestion":false,"delay":-221,"latitude":45.4710929},{"tripID":4418199,"serviceDate":1395730800000,"direction":1,"garage":"POWELL","type":"bus","lastLocID":46,"messageCode":760,"time":1395756281706,"expires":1395756700000,"signMessageLong":"72  Killingsworth/82nd to Clackamas TC","extraBlockID":null,"locationInScheduleDay":25523,"longitude":-122.659277,"blockID":7240,"offRoute":false,"nextLocID":11478,"vehicleID":2533,"signMessage":"72 Clackamas TC","extraTripID":null,"nextStopSeq":22,"routeNumber":72,"vehicleLoad":"unknown","bearing":90,"lastStopSeq":21,"inCongestion":false,"delay":43,"latitude":45.5591241},{"tripID":4418196,"serviceDate":1395730800000,"direction":1,"garage":"POWELL","type":"bus","lastLocID":8056,"messageCode":760,"time":1395756283952,"expires":1395756697000,"signMessageLong":"72  Killingsworth/82nd to Clackamas TC","extraBlockID":null,"locationInScheduleDay":25550,"longitude":-122.578979,"blockID":7236,"offRoute":false,"nextLocID":8043,"vehicleID":2552,"signMessage":"72 Clackamas TC","extraTripID":null,"nextStopSeq":64,"routeNumber":72,"vehicleLoad":"unknown","bearing":180,"lastStopSeq":63,"inCongestion":false,"delay":73,"latitude":45.537398},{"tripID":4417868,"serviceDate":1395730800000,"direction":0,"garage":"POWELL","type":"bus","lastLocID":3163,"messageCode":768,"time":1395756275846,"expires":1395756694000,"signMessageLong":"72  Killingsworth/82nd to Swan Island-Shipyards","extraBlockID":null,"locationInScheduleDay":25135,"longitude":-122.68874,"blockID":7242,"offRoute":false,"nextLocID":3180,"vehicleID":2548,"signMessage":"72 Swan Island","extraTripID":null,"nextStopSeq":102,"routeNumber":72,"vehicleLoad":"unknown","bearing":270,"lastStopSeq":101,"inCongestion":false,"delay":-339,"latitude":45.5627183},{"tripID":4411561,"serviceDate":1395730800000,"direction":1,"garage":"POWELL","type":"bus","lastLocID":3633,"messageCode":268,"time":1395756278564,"expires":1395756696000,"signMessageLong":"14  Hawthorne to Portland","extraBlockID":null,"locationInScheduleDay":25361,"longitude":-122.6606011,"blockID":1435,"offRoute":false,"nextLocID":2642,"vehicleID":2316,"signMessage":"14 To Portland","extraTripID":null,"nextStopSeq":42,"routeNumber":14,"vehicleLoad":"unknown","bearing":270,"lastStopSeq":41,"inCongestion":false,"delay":-115,"latitude":45.5129375},{"tripID":4413879,"serviceDate":1395730800000,"direction":1,"garage":"CENTER","type":"bus","lastLocID":8223,"messageCode":466,"time":1395756281674,"expires":1395756698000,"signMessageLong":"31  Portland","extraBlockID":null,"locationInScheduleDay":25336,"longitude":-122.6417283,"blockID":1403,"offRoute":false,"nextLocID":3672,"vehicleID":2725,"signMessage":"31 To Portland","extraTripID":null,"nextStopSeq":26,"routeNumber":31,"vehicleLoad":"unknown","bearing":350,"lastStopSeq":25,"inCongestion":false,"delay":-142,"latitude":45.4458276},{"tripID":4419088,"serviceDate":1395730800000,"direction":0,"garage":"CENTER","type":"bus","lastLocID":2360,"messageCode":809,"time":1395756281669,"expires":1395756697000,"signMessageLong":"77  Broadway/Halsey to Troutdale","extraBlockID":null,"locationInScheduleDay":25595,"longitude":-122.5447031,"blockID":7705,"offRoute":false,"nextLocID":2364,"vehicleID":2720,"signMessage":"77 To Troutdale","extraTripID":null,"nextStopSeq":61,"routeNumber":77,"vehicleLoad":"unknown","bearing":88,"lastStopSeq":60,"inCongestion":false,"delay":118,"latitude":45.5335125},{"tripID":4411563,"serviceDate":1395730800000,"direction":1,"garage":"CENTER","type":"bus","lastLocID":1803,"messageCode":268,"time":1395756281658,"expires":1395756697000,"signMessageLong":"14  Hawthorne to Portland","extraBlockID":null,"locationInScheduleDay":25422,"longitude":-122.5973994,"blockID":1404,"offRoute":false,"nextLocID":1778,"vehicleID":2718,"signMessage":"14 To Portland","extraTripID":null,"nextStopSeq":13,"routeNumber":14,"vehicleLoad":"unknown","bearing":300,"lastStopSeq":12,"inCongestion":false,"delay":-55,"latitude":45.4899119},{"tripID":4417164,"serviceDate":1395730800000,"direction":0,"garage":"CENTER","type":"bus","lastLocID":10452,"messageCode":783,"time":1395756281651,"expires":1395756698000,"signMessageLong":"70  33rd Ave to NE Sunderland","extraBlockID":null,"locationInScheduleDay":25451,"longitude":-122.631967,"blockID":7007,"offRoute":false,"nextLocID":9339,"vehicleID":2709,"signMessage":"70 To Sunderlnd","extraTripID":null,"nextStopSeq":76,"routeNumber":70,"vehicleLoad":"unknown","bearing":359,"lastStopSeq":75,"inCongestion":false,"delay":-27,"latitude":45.5863824},{"tripID":4417315,"serviceDate":1395730800000,"direction":1,"garage":"CENTER","type":"bus","lastLocID":6902,"messageCode":791,"time":1395756260450,"expires":1395756679000,"signMessageLong":"70  To Milwaukie","extraBlockID":null,"locationInScheduleDay":25391,"longitude":-122.6449179,"blockID":7001,"offRoute":false,"nextLocID":6903,"vehicleID":2704,"signMessage":"70 To Milwaukie","extraTripID":null,"nextStopSeq":77,"routeNumber":70,"vehicleLoad":"unknown","bearing":160,"lastStopSeq":76,"inCongestion":false,"delay":-68,"latitude":45.4507328},{"tripID":4417317,"serviceDate":1395730800000,"direction":1,"garage":"CENTER","type":"bus","lastLocID":7377,"messageCode":788,"time":1395756236581,"expires":1395756654000,"signMessageLong":"70  12th/NE 33rd Ave to Milwaukie","extraBlockID":null,"locationInScheduleDay":25546,"longitude":-122.6306863,"blockID":7003,"offRoute":false,"nextLocID":644,"vehicleID":2705,"signMessage":"70 To Milwaukie","extraTripID":null,"nextStopSeq":32,"routeNumber":70,"vehicleLoad":"unknown","bearing":179,"lastStopSeq":31,"inCongestion":false,"delay":112,"latitude":45.5354625},{"tripID":4417167,"serviceDate":1395730800000,"direction":0,"garage":"CENTER","type":"bus","lastLocID":8225,"messageCode":782,"time":1395756260446,"expires":1395756678000,"signMessageLong":"70  12th/NE 33rd Ave to NE Sunderland via 13th & Tacoma","extraBlockID":null,"locationInScheduleDay":25304,"longitude":-122.6425032,"blockID":7004,"offRoute":false,"nextLocID":6871,"vehicleID":2701,"signMessage":"70 To Sunderland via 13th","extraTripID":null,"nextStopSeq":3,"routeNumber":70,"vehicleLoad":"unknown","bearing":260,"lastStopSeq":2,"inCongestion":false,"delay":-154,"latitude":45.4454171},{"tripID":4419225,"serviceDate":1395730800000,"direction":1,"garage":"CENTER","type":"bus","lastLocID":10869,"messageCode":813,"time":1395756284530,"expires":1395756701000,"signMessageLong":"77  Broadway/Halsey to Montgomery Park","extraBlockID":null,"locationInScheduleDay":25385,"longitude":-122.6228828,"blockID":7704,"offRoute":false,"nextLocID":7484,"vehicleID":2614,"signMessage":"77 Montgomry Pk","extraTripID":null,"nextStopSeq":69,"routeNumber":77,"vehicleLoad":"unknown","bearing":0,"lastStopSeq":68,"inCongestion":false,"delay":-96,"latitude":45.5343589},{"tripID":4411564,"serviceDate":1395730800000,"direction":1,"garage":"CENTER","type":"bus","lastLocID":1831,"messageCode":268,"time":1395756278539,"expires":1395756695000,"signMessageLong":"14  Hawthorne to Portland","extraBlockID":null,"locationInScheduleDay":25440,"longitude":-122.5662917,"blockID":1401,"offRoute":false,"nextLocID":13236,"vehicleID":2608,"signMessage":"14 To Portland","extraTripID":null,"nextStopSeq":2,"routeNumber":14,"vehicleLoad":"unknown","bearing":291,"lastStopSeq":1,"inCongestion":false,"delay":-35,"latitude":45.4791765},{"tripID":4419228,"serviceDate":1395730800000,"direction":1,"garage":"CENTER","type":"bus","lastLocID":9481,"messageCode":813,"time":1395756260665,"expires":1395756676000,"signMessageLong":"77  Broadway/Halsey to Montgomery Park","extraBlockID":null,"locationInScheduleDay":25440,"longitude":-122.3982117,"blockID":7703,"offRoute":false,"nextLocID":9471,"vehicleID":2630,"signMessage":"77 Montgomry Pk","extraTripID":null,"nextStopSeq":2,"routeNumber":77,"vehicleLoad":"unknown","bearing":85,"lastStopSeq":1,"inCongestion":false,"delay":-16,"latitude":45.5443612},{"tripID":4419090,"serviceDate":1395730800000,"direction":0,"garage":"CENTER","type":"bus","lastLocID":8886,"messageCode":809,"time":1395756266873,"expires":1395756683000,"signMessageLong":"77  Broadway/Halsey to Troutdale","extraBlockID":null,"locationInScheduleDay":25408,"longitude":-122.6738033,"blockID":7706,"offRoute":false,"nextLocID":1612,"vehicleID":2632,"signMessage":"77 To Troutdale","extraTripID":null,"nextStopSeq":18,"routeNumber":77,"vehicleLoad":"unknown","bearing":88,"lastStopSeq":17,"inCongestion":false,"delay":-55,"latitude":45.5252537},{"tripID":4417870,"serviceDate":1395730800000,"direction":0,"garage":"POWELL","type":"bus","lastLocID":7991,"messageCode":768,"time":1395756260392,"expires":1395756679000,"signMessageLong":"72  Killingsworth/82nd to Swan Island-Shipyards","extraBlockID":null,"locationInScheduleDay":25175,"longitude":-122.5788001,"blockID":7237,"offRoute":false,"nextLocID":7967,"vehicleID":3004,"signMessage":"72 Swan Island","extraTripID":null,"nextStopSeq":56,"routeNumber":72,"vehicleLoad":"unknown","bearing":0,"lastStopSeq":55,"inCongestion":false,"delay":-284,"latitude":45.5466145},{"tripID":4417873,"serviceDate":1395730800000,"direction":0,"garage":"POWELL","type":"bus","lastLocID":12922,"messageCode":766,"time":1395756266651,"expires":1395756682000,"signMessageLong":"72  Killingsworth/82nd to Swan Island-Anchor St","extraBlockID":null,"locationInScheduleDay":25405,"longitude":-122.578934,"blockID":7241,"offRoute":false,"nextLocID":7941,"vehicleID":3048,"signMessage":"72 Swan Island","extraTripID":null,"nextStopSeq":3,"routeNumber":72,"vehicleLoad":"unknown","bearing":1,"lastStopSeq":2,"inCongestion":false,"delay":-57,"latitude":45.439809},{"tripID":4418201,"serviceDate":1395730800000,"direction":1,"garage":"POWELL","type":"bus","lastLocID":8681,"messageCode":760,"time":1395756272595,"expires":1395756691000,"signMessageLong":"72  Killingsworth/82nd to Clackamas TC","extraBlockID":null,"locationInScheduleDay":25737,"longitude":-122.6992945,"blockID":7235,"offRoute":false,"nextLocID":9399,"vehicleID":3053,"signMessage":"72 Clackamas TC","extraTripID":null,"nextStopSeq":3,"routeNumber":72,"vehicleLoad":"unknown","bearing":101,"lastStopSeq":2,"inCongestion":false,"delay":266,"latitude":45.5562453},{"tripID":4417871,"serviceDate":1395730800000,"direction":0,"garage":"POWELL","type":"bus","lastLocID":8014,"messageCode":766,"time":1395756275680,"expires":1395756694000,"signMessageLong":"72  Killingsworth/82nd to Swan Island-Anchor St","extraBlockID":null,"locationInScheduleDay":25600,"longitude":-122.5790474,"blockID":7245,"offRoute":false,"nextLocID":7987,"vehicleID":3052,"signMessage":"72 Swan Island","extraTripID":null,"nextStopSeq":46,"routeNumber":72,"vehicleLoad":"unknown","bearing":0,"lastStopSeq":45,"inCongestion":false,"delay":126,"latitude":45.5295725},{"tripID":4418194,"serviceDate":1395730800000,"direction":1,"garage":"POWELL","type":"bus","lastLocID":12921,"messageCode":760,"time":1395756230562,"expires":1395756649000,"signMessageLong":"72  Killingsworth/82nd to Clackamas TC","extraBlockID":null,"locationInScheduleDay":25472,"longitude":-122.5690545,"blockID":7234,"offRoute":false,"nextLocID":13247,"vehicleID":3054,"signMessage":"72 Clackamas TC","extraTripID":null,"nextStopSeq":111,"routeNumber":72,"vehicleLoad":"unknown","bearing":173,"lastStopSeq":110,"inCongestion":false,"delay":0,"latitude":45.4356606},{"tripID":4419222,"serviceDate":1395730800000,"direction":1,"garage":"POWELL","type":"bus","lastLocID":8483,"messageCode":813,"time":1395756263392,"expires":1395756680000,"signMessageLong":"77  Broadway/Halsey to Montgomery Park","extraBlockID":null,"locationInScheduleDay":24042,"longitude":-122.7069345,"blockID":7734,"offRoute":false,"nextLocID":8484,"vehicleID":3046,"signMessage":"77 Montgomry Pk","extraTripID":null,"nextStopSeq":109,"routeNumber":77,"vehicleLoad":"unknown","bearing":178,"lastStopSeq":108,"inCongestion":false,"delay":0,"latitude":45.5377966},{"tripID":4419226,"serviceDate":1395730800000,"direction":1,"garage":"POWELL","type":"bus","lastLocID":10973,"messageCode":813,"time":1395756260432,"expires":1395756679000,"signMessageLong":"77  Broadway/Halsey to Montgomery Park","extraBlockID":null,"locationInScheduleDay":25209,"longitude":-122.5596979,"blockID":7738,"offRoute":false,"nextLocID":2343,"vehicleID":3035,"signMessage":"77 Montgomry Pk","extraTripID":null,"nextStopSeq":48,"routeNumber":77,"vehicleLoad":"unknown","bearing":256,"lastStopSeq":47,"inCongestion":false,"delay":-250,"latitude":45.5336362},{"tripID":4411314,"serviceDate":1395730800000,"direction":0,"garage":"POWELL","type":"bus","lastLocID":2617,"messageCode":266,"time":1395756260427,"expires":1395756678000,"signMessageLong":"14  Hawthorne to 94th & Foster","extraBlockID":null,"locationInScheduleDay":25459,"longitude":-122.630492,"blockID":1434,"offRoute":false,"nextLocID":2620,"vehicleID":3027,"signMessage":"14 To 94-Foster","extraTripID":null,"nextStopSeq":16,"routeNumber":14,"vehicleLoad":"unknown","bearing":90,"lastStopSeq":15,"inCongestion":false,"delay":1,"latitude":45.5120599},{"tripID":4418195,"serviceDate":1395730800000,"direction":1,"garage":"POWELL","type":"bus","lastLocID":8053,"messageCode":760,"time":1395756278384,"expires":1395756696000,"signMessageLong":"72  Killingsworth/82nd to Clackamas TC","extraBlockID":null,"locationInScheduleDay":25203,"longitude":-122.5787227,"blockID":7243,"offRoute":false,"nextLocID":8024,"vehicleID":3025,"signMessage":"72 Clackamas TC","extraTripID":null,"nextStopSeq":83,"routeNumber":72,"vehicleLoad":"unknown","bearing":180,"lastStopSeq":82,"inCongestion":false,"delay":-273,"latitude":45.5001807},{"tripID":4419227,"serviceDate":1395730800000,"direction":1,"garage":"CENTER","type":"bus","lastLocID":2349,"messageCode":813,"time":1395756260509,"expires":1395756676000,"signMessageLong":"77  Broadway/Halsey to Montgomery Park","extraBlockID":null,"locationInScheduleDay":25479,"longitude":-122.483257,"blockID":7702,"offRoute":false,"nextLocID":2399,"vehicleID":2005,"signMessage":"77 Montgomry Pk","extraTripID":null,"nextStopSeq":24,"routeNumber":77,"vehicleLoad":"unknown","bearing":270,"lastStopSeq":23,"inCongestion":false,"delay":23,"latitude":45.5346991}],"queryTime":1395756288847}}
