{"resultSet":{"vehicle":[{"tripID":4419220,"serviceDate":1395730800000,"direction":1,"garage":"CENTER","type":"bus","lastLocID":10869,"messageCode":813,"time":1395749614714,"expires":1395750032000,"signMessageLong":"77  Broadway/Halsey to Montgomery Park","extraBlockID":null,"locationInScheduleDay":19020,"longitude":-122.6206252,"blockID":7701,"offRoute":false,"nextLocID":7484,"vehicleID":2512,"signMessage":"77 Montgomry Pk","extraTripID":null,"nextStopSeq":23,"routeNumber":77,"vehicleLoad":"unknown","bearing":89,"lastStopSeq":22,"inCongestion":false,"delay":208,"latitude":45.5332523},{"tripID":4417864,"serviceDate":1395730800000,"direction":0,"garage":"POWELL","type":"bus","lastLocID":8017,"messageCode":768,"time":1395749617889,"expires":1395750036000,"signMessageLong":"72  Killingsworth/82nd to Swan Island-Shipyards","extraBlockID":null,"locationInScheduleDay":18743,"longitude":-122.5791303,"blockID":7236,"offRoute":false,"nextLocID":7983,"vehicleID":2552,"signMessage":"72 Swan Island","extraTripID":null,"nextStopSeq":9,"routeNumber":72,"vehicleLoad":"unknown","bearing":0,"lastStopSeq":8,"inCongestion":false,"delay":-73,"latitude":45.4554644},{"tripID":4417161,"serviceDate":1395730800000,"direction":0,"garage":"CENTER","type":"bus","lastLocID":6861,"messageCode":780,"time":1395749614709,"expires":1395750032000,"signMessageLong":"70  12th/NE 33rd Ave to NE Sunderland","extraBlockID":null,"locationInScheduleDay":18842,"longitude":-122.6483831,"blockID":7001,"offRoute":false,"nextLocID":6882,"vehicleID":2704,"signMessage":"70 To Sunderlnd","extraTripID":null,"nextStopSeq":20,"routeNumber":70,"vehicleLoad":"unknown","bearing":0,"lastStopSeq":19,"inCongestion":false,"delay":30,"latitude":45.4830554},{"tripID":4418191,"serviceDate":1395730800000,"direction":1,"garage":"POWELL","type":"bus","lastLocID":9399,"messageCode":760,"time":1395749569502,"expires":1395749989000,"signMessageLong":"72  Killingsworth/82nd to Clackamas TC","extraBlockID":null,"locationInScheduleDay":18664,"longitude":-122.6977798,"blockID":7237,"offRoute":false,"nextLocID":2195,"vehicleID":3004,"signMessage":"72 Clackamas TC","extraTripID":null,"nextStopSeq":4,"routeNumber":72,"vehicleLoad":"unknown","bearing":98,"lastStopSeq":3,"inCongestion":false,"delay":-105,"latitude":45.5560623},{"tripID":4418190,"serviceDate":1395730800000,"direction":1,"garage":"POWELL","type":"bus","lastLocID":8000,"messageCode":760,"time":1395749599574,"expires":1395750017000,"signMessageLong":"72  Killingsworth/82nd to Clackamas TC","extraBlockID":null,"locationInScheduleDay":18780,"longitude":-122.5791014,"blockID":7235,"offRoute":false,"nextLocID":7978,"vehicleID":3053,"signMessage":"72 Clackamas TC","extraTripID":null,"nextStopSeq":12,"routeNumber":72,"vehicleLoad":"unknown","bearing":180,"lastStopSeq":11,"inCongestion":false,"delay":-17,"latitude":45.5334929},{"tripID":4417863,"serviceDate":1395730800000,"direction":0,"garage":"POWELL","type":"bus","lastLocID":7933,"messageCode":768,"time":1395749602630,"expires":1395750020000,"signMessageLong":"72  Killingsworth/82nd to Swan Island-Shipyards","extraBlockID":null,"locationInScheduleDay":18759,"longitude":-122.5786946,"blockID":7234,"offRoute":false,"nextLocID":8039,"vehicleID":3054,"signMessage":"72 Swan Island","extraTripID":null,"nextStopSeq":58,"routeNumber":72,"vehicleLoad":"unknown","bearing":0,"lastStopSeq":57,"inCongestion":false,"delay":-41,"latitude":45.5521834},{"tripID":4411556,"serviceDate":1395730800000,"direction":1,"garage":"POWELL","type":"bus","lastLocID":2624,"messageCode":268,"time":1395749617825,"expires":1395750035000,"signMessageLong":"14  Hawthorne to Portland","extraBlockID":null,"locationInScheduleDay":18857,"longitude":-122.6291193,"blockID":1434,"offRoute":false,"nextLocID":12892,"vehicleID":3027,"signMessage":"14 To Portland","extraTripID":null,"nextStopSeq":30,"routeNumber":14,"vehicleLoad":"unknown","bearing":270,"lastStopSeq":29,"inCongestion":false,"delay":42,"latitude":45.5120583}],"queryTime":1395749628588}}
