{"resultSet":{"vehicle":[{"tripID":4411313,"serviceDate":1395730800000,"direction":0,"garage":"POWELL","type":"bus","lastLocID":2597,"messageCode":266,"time":1395754657915,"expires":1395755077000,"signMessageLong":"14  Hawthorne to 94th & Foster","extraBlockID":null,"locationInScheduleDay":23999,"longitude":-122.6539387,"blockID":1436,"offRoute":false,"nextLocID":2599,"vehicleID":2206,"signMessage":"14 To 94-Foster","extraTripID":null,"nextStopSeq":6,"routeNumber":14,"vehicleLoad":"unknown","bearing":90,"lastStopSeq":5,"inCongestion":false,"delay":142,"latitude":45.5121924},{"tripID":4419089,"serviceDate":1395730800000,"direction":0,"garage":"POWELL","type":"bus","lastLocID":7132,"messageCode":809,"time":1395754643096,"expires":1395755062000,"signMessageLong":"77  Broadway/Halsey to Troutdale","extraBlockID":null,"locationInScheduleDay":23807,"longitude":-122.6946827,"blockID":7735,"offRoute":false,"nextLocID":7127,"vehicleID":2222,"signMessage":"77 To Troutdale","extraTripID":null,"nextStopSeq":7,"routeNumber":77,"vehicleLoad":"unknown","bearing":178,"lastStopSeq":6,"inCongestion":false,"delay":-35,"latitude":45.5331488},{"tripID":4419223,"serviceDate":1395730800000,"direction":1,"garage":"POWELL","type":"bus","lastLocID":641,"messageCode":813,"time":1395754646359,"expires":1395755064000,"signMessageLong":"77  Broadway/Halsey to Montgomery Park","extraBlockID":null,"locationInScheduleDay":23721,"longitude":-122.6348598,"blockID":7736,"offRoute":false,"nextLocID":639,"vehicleID":2221,"signMessage":"77 Montgomry Pk","extraTripID":null,"nextStopSeq":75,"routeNumber":77,"vehicleLoad":"unknown","bearing":269,"lastStopSeq":74,"inCongestion":false,"delay":-123,"latitude":45.535217},{"tripID":4419224,"serviceDate":1395730800000,"direction":1,"garage":"POWELL","type":"bus","lastLocID":2451,"messageCode":813,"time":1395754655289,"expires":1395755074000,"signMessageLong":"77  Broadway/Halsey to Montgomery Park","extraBlockID":null,"locationInScheduleDay":23696,"longitude":-122.5907798,"blockID":7737,"offRoute":false,"nextLocID":2445,"vehicleID":2285,"signMessage":"77 Montgomry Pk","extraTripID":null,"nextStopSeq":57,"routeNumber":77,"vehicleLoad":"unknown","bearing":272,"lastStopSeq":56,"inCongestion":false,"delay":-158,"latitude":45.5336229},{"tripID":4417869,"serviceDate":1395730800000,"direction":0,"garage":"POWELL","type":"bus","lastLocID":7979,"messageCode":766,"time":1395754643154,"expires":1395755060000,"signMessageLong":"72  Killingsworth/82nd to Swan Island-Anchor St","extraBlockID":null,"locationInScheduleDay":23793,"longitude":-122.5787454,"blockID":7244,"offRoute":false,"nextLocID":8037,"vehicleID":2276,"signMessage":"72 Swan Island","extraTripID":null,"nextStopSeq":37,"routeNumber":72,"vehicleLoad":"unknown","bearing":357,"lastStopSeq":36,"inCongestion":false,"delay":-47,"latitude":45.5128466},{"tripID":4417163,"serviceDate":1395730800000,"direction":0,"garage":"CENTER","type":"bus","lastLocID":7362,"messageCode":783,"time":1395754646292,"expires":1395755064000,"signMessageLong":"70  33rd Ave to NE Sunderland","extraBlockID":null,"locationInScheduleDay":23807,"longitude":-122.6306763,"blockID":7005,"offRoute":false,"nextLocID":7378,"vehicleID":2132,"signMessage":"70 To Sunderlnd","extraTripID":null,"nextStopSeq":65,"routeNumber":70,"vehicleLoad":"unknown","bearing":359,"lastStopSeq":64,"inCongestion":false,"delay":-37,"latitude":45.5670922},{"tripID":4413878,"serviceDate":1395730800000,"direction":1,"garage":"CENTER","type":"bus","lastLocID":12922,"messageCode":462,"time":1395754639991,"expires":1395755059000,"signMessageLong":"31L Portland Limited","extraBlockID":null,"locationInScheduleDay":23694,"longitude":-122.578898,"blockID":3001,"offRoute":false,"nextLocID":3228,"vehicleID":2123,"signMessage":"31L To Portland Limited","extraTripID":null,"nextStopSeq":2,"routeNumber":31,"vehicleLoad":"unknown","bearing":357,"lastStopSeq":1,"inCongestion":false,"delay":-145,"latitude":45.4469262},{"tripID":4417166,"serviceDate":1395730800000,"direction":0,"garage":"CENTER","type":"bus","lastLocID":13477,"messageCode":781,"time":1395754655097,"expires":1395755073000,"signMessageLong":"70  12th/NE 33rd Ave to NE Sunderland via 17th & Tacoma","extraBlockID":null,"locationInScheduleDay":23853,"longitude":-122.6407309,"blockID":7006,"offRoute":false,"nextLocID":8225,"vehicleID":2150,"signMessage":"70 To Sunderland via 17th","extraTripID":null,"nextStopSeq":2,"routeNumber":70,"vehicleLoad":"unknown","bearing":81,"lastStopSeq":1,"inCongestion":false,"delay":0,"latitude":45.4448667},{"tripID":4417165,"serviceDate":1395730800000,"direction":0,"garage":"CENTER","type":"bus","lastLocID":6699,"messageCode":782,"time":1395754660884,"expires":1395755078000,"signMessageLong":"70  12th/NE 33rd Ave to NE Sunderland via 13th & Tacoma","extraBlockID":null,"locationInScheduleDay":23792,"longitude":-122.6530178,"blockID":7002,"offRoute":false,"nextLocID":6693,"vehicleID":2524,"signMessage":"70 To Sunderland via 13th","extraTripID":null,"nextStopSeq":12,"routeNumber":70,"vehicleLoad":"unknown","bearing":0,"lastStopSeq":11,"inCongestion":false,"delay":-66,"latitude":45.4659384},{"tripID":4419087,"serviceDate":1395730800000,"direction":0,"garage":"CENTER","type":"bus","lastLocID":2434,"messageCode":809,"time":1395754655146,"expires":1395755072000,"signMessageLong":"77  Broadway/Halsey to Troutdale","extraBlockID":null,"locationInScheduleDay":23855,"longitude":-122.6036324,"blockID":7701,"offRoute":false,"nextLocID":2439,"vehicleID":2512,"signMessage":"77 To Troutdale","extraTripID":null,"nextStopSeq":43,"routeNumber":77,"vehicleLoad":"unknown","bearing":90,"lastStopSeq":42,"inCongestion":false,"delay":3,"latitude":45.5337191},{"tripID":4418192,"serviceDate":1395730800000,"direction":1,"garage":"POWELL","type":"bus","lastLocID":12921,"messageCode":760,"time":1395754346446,"expires":1395754764000,"signMessageLong":"72  Killingsworth/82nd to Clackamas TC","extraBlockID":null,"locationInScheduleDay":23450,"longitude":-122.5692301,"blockID":7239,"offRoute":false,"nextLocID":13247,"vehicleID":2540,"signMessage":"72 Clackamas TC","extraTripID":null,"nextStopSeq":111,"routeNumber":72,"vehicleLoad":"unknown","bearing":181,"lastStopSeq":110,"inCongestion":false,"delay":0,"latitude":45.4368594},{"tripID":4417866,"serviceDate":1395730800000,"direction":0,"garage":"POWELL","type":"bus","lastLocID":2161,"messageCode":766,"time":1395754643055,"expires":1395755060000,"signMessageLong":"72  Killingsworth/82nd to Swan Island-Anchor St","extraBlockID":null,"locationInScheduleDay":23780,"longitude":-122.7020054,"blockID":7240,"offRoute":false,"nextLocID":115,"vehicleID":2533,"signMessage":"72 Swan Island","extraTripID":null,"nextStopSeq":108,"routeNumber":72,"vehicleLoad":"unknown","bearing":307,"lastStopSeq":107,"inCongestion":false,"delay":0,"latitude":45.5572492},{"tripID":4418196,"serviceDate":1395730800000,"direction":1,"garage":"POWELL","type":"bus","lastLocID":3173,"messageCode":760,"time":1395754660988,"expires":1395755079000,"signMessageLong":"72  Killingsworth/82nd to Clackamas TC","extraBlockID":null,"locationInScheduleDay":23885,"longitude":-122.6771482,"blockID":7236,"offRoute":false,"nextLocID":3153,"vehicleID":2552,"signMessage":"72 Clackamas TC","extraTripID":null,"nextStopSeq":14,"routeNumber":72,"vehicleLoad":"unknown","bearing":89,"lastStopSeq":13,"inCongestion":false,"delay":26,"latitude":45.5626755},{"tripID":4413798,"serviceDate":1395730800000,"direction":0,"garage":"POWELL","type":"bus","lastLocID":8225,"messageCode":457,"time":1395754640422,"expires":1395755059000,"signMessageLong":"31  Clackamas Town Center, continuing to Estacada","extraBlockID":null,"locationInScheduleDay":23798,"longitude":-122.6387678,"blockID":3134,"offRoute":false,"nextLocID":2569,"vehicleID":2555,"signMessage":"31 To Estacada via Clackamas","extraTripID":null,"nextStopSeq":2,"routeNumber":31,"vehicleLoad":"unknown","bearing":88,"lastStopSeq":1,"inCongestion":false,"delay":-41,"latitude":45.4463962},{"tripID":4417868,"serviceDate":1395730800000,"direction":0,"garage":"POWELL","type":"bus","lastLocID":7933,"messageCode":768,"time":1395754640434,"expires":1395755059000,"signMessageLong":"72  Killingsworth/82nd to Swan Island-Shipyards","extraBlockID":null,"locationInScheduleDay":23662,"longitude":-122.5787174,"blockID":7242,"offRoute":false,"nextLocID":8039,"vehicleID":2548,"signMessage":"72 Swan Island","extraTripID":null,"nextStopSeq":58,"routeNumber":72,"vehicleLoad":"unknown","bearing":0,"lastStopSeq":57,"inCongestion":false,"delay":-177,"latitude":45.5510596},{"tripID":4411561,"serviceDate":1395730800000,"direction":1,"garage":"POWELL","type":"bus","lastLocID":1824,"messageCode":268,"time":1395754660987,"expires":1395755078000,"signMessageLong":"14  Hawthorne to Portland","extraBlockID":null,"locationInScheduleDay":23745,"longitude":-122.5786463,"blockID":1435,"offRoute":false,"nextLocID":1818,"vehicleID":2316,"signMessage":"14 To Portland","extraTripID":null,"nextStopSeq":6,"routeNumber":14,"vehicleLoad":"unknown","bearing":298,"lastStopSeq":5,"inCongestion":false,"delay":-113,"latitude":45.4826912},{"tripID":4419088,"serviceDate":1395730800000,"direction":0,"garage":"CENTER","type":"bus","lastLocID":4042,"messageCode":809,"time":1395754655154,"expires":1395755074000,"signMessageLong":"77  Broadway/Halsey to Troutdale","extraBlockID":null,"locationInScheduleDay":23765,"longitude":-122.6593487,"blockID":7705,"offRoute":false,"nextLocID":10866,"vehicleID":2720,"signMessage":"77 To Troutdale","extraTripID":null,"nextStopSeq":22,"routeNumber":77,"vehicleLoad":"unknown","bearing":90,"lastStopSeq":21,"inCongestion":false,"delay":-89,"latitude":45.5315081},{"tripID":4417164,"serviceDate":1395730800000,"direction":0,"garage":"CENTER","type":"bus","lastLocID":6588,"messageCode":780,"time":1395754660851,"expires":1395755080000,"signMessageLong":"70  12th/NE 33rd Ave to NE Sunderland","extraBlockID":null,"locationInScheduleDay":23766,"longitude":-122.6536494,"blockID":7007,"offRoute":false,"nextLocID":6594,"vehicleID":2709,"signMessage":"70 To Sunderlnd","extraTripID":null,"nextStopSeq":29,"routeNumber":70,"vehicleLoad":"unknown","bearing":0,"lastStopSeq":28,"inCongestion":false,"delay":-94,"latitude":45.517361},{"tripID":4417315,"serviceDate":1395730800000,"direction":1,"garage":"CENTER","type":"bus","lastLocID":4044,"messageCode":789,"time":1395754655105,"expires":1395755074000,"signMessageLong":"70  12th Ave to Milwaukie via 17th & Tacoma","extraBlockID":null,"locationInScheduleDay":23710,"longitude":-122.6564047,"blockID":7001,"offRoute":false,"nextLocID":8937,"vehicleID":2704,"signMessage":"70 To Milw via 17","extraTripID":null,"nextStopSeq":44,"routeNumber":70,"vehicleLoad":"unknown","bearing":269,"lastStopSeq":43,"inCongestion":false,"delay":-144,"latitude":45.5314922},{"tripID":4417317,"serviceDate":1395730800000,"direction":1,"garage":"CENTER","type":"bus","lastLocID":9368,"messageCode":788,"time":1395754652024,"expires":1395755071000,"signMessageLong":"70  12th/NE 33rd Ave to Milwaukie","extraBlockID":null,"locationInScheduleDay":23851,"longitude":-122.6357648,"blockID":7003,"offRoute":false,"nextLocID":9414,"vehicleID":2705,"signMessage":"70 To Milwaukie","extraTripID":null,"nextStopSeq":2,"routeNumber":70,"vehicleLoad":"unknown","bearing":180,"lastStopSeq":1,"inCongestion":false,"delay":0,"latitude":45.5898735},{"tripID":4417314,"serviceDate":1395730800000,"direction":1,"garage":"CENTER","type":"bus","lastLocID":6700,"messageCode":791,"time":1395754640052,"expires":1395755058000,"signMessageLong":"70  To Milwaukie","extraBlockID":null,"locationInScheduleDay":23970,"longitude":-122.6530183,"blockID":7004,"offRoute":false,"nextLocID":6709,"vehicleID":2701,"signMessage":"70 To Milwaukie","extraTripID":null,"nextStopSeq":75,"routeNumber":70,"vehicleLoad":"unknown","bearing":180,"lastStopSeq":74,"inCongestion":false,"delay":132,"latitude":45.4658372},{"tripID":4419225,"serviceDate":1395730800000,"direction":1,"garage":"CENTER","type":"bus","lastLocID":2395,"messageCode":813,"time":1395754640385,"expires":1395755059000,"signMessageLong":"77  Broadway/Halsey to Montgomery Park","extraBlockID":null,"locationInScheduleDay":23717,"longitude":-122.4954392,"blockID":7704,"offRoute":false,"nextLocID":13026,"vehicleID":2614,"signMessage":"77 Montgomry Pk","extraTripID":null,"nextStopSeq":27,"routeNumber":77,"vehicleLoad":"unknown","bearing":262,"lastStopSeq":26,"inCongestion":false,"delay":-122,"latitude":45.5343144},{"tripID":4411312,"serviceDate":1395730800000,"direction":0,"garage":"CENTER","type":"bus","lastLocID":10196,"messageCode":266,"time":1395754658236,"expires":1395755075000,"signMessageLong":"14  Hawthorne to 94th & Foster","extraBlockID":null,"locationInScheduleDay":23841,"longitude":-122.5967627,"blockID":1401,"offRoute":false,"nextLocID":1802,"vehicleID":2608,"signMessage":"14 To 94-Foster","extraTripID":null,"nextStopSeq":35,"routeNumber":14,"vehicleLoad":"unknown","bearing":120,"lastStopSeq":34,"inCongestion":false,"delay":-14,"latitude":45.4896486},{"tripID":4419086,"serviceDate":1395730800000,"direction":0,"garage":"CENTER","type":"bus","lastLocID":2405,"messageCode":809,"time":1395754640182,"expires":1395755057000,"signMessageLong":"77  Broadway/Halsey to Troutdale","extraBlockID":null,"locationInScheduleDay":23897,"longitude":-122.4687532,"blockID":7703,"offRoute":false,"nextLocID":2325,"vehicleID":2630,"signMessage":"77 To Troutdale","extraTripID":null,"nextStopSeq":80,"routeNumber":77,"vehicleLoad":"unknown","bearing":90,"lastStopSeq":79,"inCongestion":false,"delay":60,"latitude":45.5336722},{"tripID":4417870,"serviceDate":1395730800000,"direction":0,"garage":"POWELL","type":"bus","lastLocID":7918,"messageCode":768,"time":1395754660833,"expires":1395755080000,"signMessageLong":"72  Killingsworth/82nd to Swan Island-Shipyards","extraBlockID":null,"locationInScheduleDay":23530,"longitude":-122.5789252,"blockID":7237,"offRoute":false,"nextLocID":7968,"vehicleID":3004,"signMessage":"72 Swan Island","extraTripID":null,"nextStopSeq":6,"routeNumber":72,"vehicleLoad":"unknown","bearing":357,"lastStopSeq":5,"inCongestion":false,"delay":-330,"latitude":45.4474014},{"tripID":4418193,"serviceDate":1395730800000,"direction":1,"garage":"POWELL","type":"bus","lastLocID":8013,"messageCode":760,"time":1395754633886,"expires":1395755051000,"signMessageLong":"72  Killingsworth/82nd to Clackamas TC","extraBlockID":null,"locationInScheduleDay":23689,"longitude":-122.5790575,"blockID":7241,"offRoute":false,"nextLocID":7963,"vehicleID":3048,"signMessage":"72 Clackamas TC","extraTripID":null,"nextStopSeq":97,"routeNumber":72,"vehicleLoad":"unknown","bearing":179,"lastStopSeq":96,"inCongestion":false,"delay":-142,"latitude":45.4697108},{"tripID":4417867,"serviceDate":1395730800000,"direction":0,"garage":"POWELL","type":"bus","lastLocID":61,"messageCode":768,"time":1395754652033,"expires":1395755071000,"signMessageLong":"72  Killingsworth/82nd to Swan Island-Shipyards","extraBlockID":null,"locationInScheduleDay":23733,"longitude":-122.641269,"blockID":7235,"offRoute":false,"nextLocID":11472,"vehicleID":3053,"signMessage":"72 Swan Island","extraTripID":null,"nextStopSeq":85,"routeNumber":72,"vehicleLoad":"unknown","bearing":270,"lastStopSeq":84,"inCongestion":false,"delay":-118,"latitude":45.5590686},{"tripID":4418194,"serviceDate":1395730800000,"direction":1,"garage":"POWELL","type":"bus","lastLocID":7956,"messageCode":760,"time":1395754660864,"expires":1395755079000,"signMessageLong":"72  Killingsworth/82nd to Clackamas TC","extraBlockID":null,"locationInScheduleDay":23907,"longitude":-122.579078,"blockID":7234,"offRoute":false,"nextLocID":7937,"vehicleID":3054,"signMessage":"72 Clackamas TC","extraTripID":null,"nextStopSeq":70,"routeNumber":72,"vehicleLoad":"unknown","bearing":179,"lastStopSeq":69,"inCongestion":false,"delay":48,"latitude":45.522993},{"tripID":4419222,"serviceDate":1395730800000,"direction":1,"garage":"POWELL","type":"bus","lastLocID":7128,"messageCode":813,"time":1395754655148,"expires":1395755074000,"signMessageLong":"77  Broadway/Halsey to Montgomery Park","extraBlockID":null,"locationInScheduleDay":23510,"longitude":-122.6946454,"blockID":7734,"offRoute":false,"nextLocID":7130,"vehicleID":3046,"signMessage":"77 Montgomry Pk","extraTripID":null,"nextStopSeq":98,"routeNumber":77,"vehicleLoad":"unknown","bearing":358,"lastStopSeq":97,"inCongestion":false,"delay":-344,"latitude":45.5321541},{"tripID":4419226,"serviceDate":1395730800000,"direction":1,"garage":"POWELL","type":"bus","lastLocID":2423,"messageCode":813,"time":1395754655101,"expires":1395755072000,"signMessageLong":"77  Broadway/Halsey to Montgomery Park","extraBlockID":null,"locationInScheduleDay":23940,"longitude":-122.415361,"blockID":7738,"offRoute":false,"nextLocID":2333,"vehicleID":3035,"signMessage":"77 Montgomry Pk","extraTripID":null,"nextStopSeq":8,"routeNumber":77,"vehicleLoad":"unknown","bearing":258,"lastStopSeq":7,"inCongestion":false,"delay":88,"latitude":45.5375302},{"tripID":4411560,"serviceDate":1395730800000,"direction":1,"garage":"POWELL","type":"bus","lastLocID":2626,"messageCode":268,"time":1395754642974,"expires":1395755061000,"signMessageLong":"14  Hawthorne to Portland","extraBlockID":null,"locationInScheduleDay":23640,"longitude":-122.623213,"blockID":1434,"offRoute":false,"nextLocID":2624,"vehicleID":3027,"signMessage":"14 To Portland","extraTripID":null,"nextStopSeq":29,"routeNumber":14,"vehicleLoad":"unknown","bearing":270,"lastStopSeq":28,"inCongestion":false,"delay":-201,"latitude":45.5120449},{"tripID":4418195,"serviceDate":1395730800000,"direction":1,"garage":"POWELL","type":"bus","lastLocID":3198,"messageCode":760,"time":1395754652015,"expires":1395755071000,"signMessageLong":"72  Killingsworth/82nd to Clackamas TC","extraBlockID":null,"locationInScheduleDay":23623,"longitude":-122.620743,"blockID":7243,"offRoute":false,"nextLocID":3199,"vehicleID":3025,"signMessage":"72 Clackamas TC","extraTripID":null,"nextStopSeq":40,"routeNumber":72,"vehicleLoad":"unknown","bearing":89,"lastStopSeq":39,"inCongestion":false,"delay":-228,"latitude":45.5628099},{"tripID":4419227,"serviceDate":1395730800000,"direction":1,"garage":"CENTER","type":"bus","lastLocID":9481,"messageCode":813,"time":1395754652042,"expires":1395755071000,"signMessageLong":"77  Broadway/Halsey to Montgomery Park","extraBlockID":null,"locationInScheduleDay":23851,"longitude":-122.3982117,"blockID":7702,"offRoute":false,"nextLocID":9471,"vehicleID":2005,"signMessage":"77 Montgomry Pk","extraTripID":null,"nextStopSeq":2,"routeNumber":77,"vehicleLoad":"unknown","bearing":85,"lastStopSeq":1,"inCongestion":false,"delay":0,"latitude":45.5443612},{"tripID":4413877,"serviceDate":1395730800000,"direction":1,"garage":"CENTER","type":"bus","lastLocID":3658,"messageCode":466,"time":1395754628154,"expires":1395755045000,"signMessageLong":"31  Portland","extraBlockID":null,"locationInScheduleDay":23530,"longitude":-122.640058,"blockID":1402,"offRoute":false,"nextLocID":3652,"vehicleID":2014,"signMessage":"31 To Portland","extraTripID":null,"nextStopSeq":30,"routeNumber":31,"vehicleLoad":"unknown","bearing":9,"lastStopSeq":29,"inCongestion":false,"delay":-295,"latitude":45.4556315}],"queryTime":1395754668786}}
