{"resultSet":{"vehicle":[{"tripID":4419220,"serviceDate":1395730800000,"direction":1,"garage":"CENTER","type":"bus","lastLocID":2441,"messageCode":813,"time":1395749254365,"expires":1395749672000,"signMessageLong":"77  Broadway/Halsey to Montgomery Park","extraBlockID":null,"locationInScheduleDay":18538,"longitude":-122.6017341,"blockID":7701,"offRoute":false,"nextLocID":2438,"vehicleID":2512,"signMessage":"77 Montgomry Pk","extraTripID":null,"nextStopSeq":14,"routeNumber":77,"vehicleLoad":"unknown","bearing":269,"lastStopSeq":13,"inCongestion":false,"delay":86,"latitude":45.533714},{"tripID":4417864,"serviceDate":1395730800000,"direction":0,"garage":"POWELL","type":"bus","lastLocID":12922,"messageCode":768,"time":1395749257593,"expires":1395749675000,"signMessageLong":"72  Killingsworth/82nd to Swan Island-Shipyards","extraBlockID":null,"locationInScheduleDay":18480,"longitude":-122.5740057,"blockID":7236,"offRoute":false,"nextLocID":7941,"vehicleID":2552,"signMessage":"72 Swan Island","extraTripID":null,"nextStopSeq":3,"routeNumber":72,"vehicleLoad":"unknown","bearing":271,"lastStopSeq":2,"inCongestion":false,"delay":25,"latitude":45.4374107},{"tripID":4417161,"serviceDate":1395730800000,"direction":0,"garage":"CENTER","type":"bus","lastLocID":6708,"messageCode":782,"time":1395749254347,"expires":1395749672000,"signMessageLong":"70  12th/NE 33rd Ave to NE Sunderland via 13th & Tacoma","extraBlockID":null,"locationInScheduleDay":18493,"longitude":-122.6529607,"blockID":7001,"offRoute":false,"nextLocID":6699,"vehicleID":2704,"signMessage":"70 To Sunderland via 13th","extraTripID":null,"nextStopSeq":11,"routeNumber":70,"vehicleLoad":"unknown","bearing":0,"lastStopSeq":10,"inCongestion":false,"delay":41,"latitude":45.4649687},{"tripID":4417863,"serviceDate":1395730800000,"direction":0,"garage":"POWELL","type":"bus","lastLocID":8014,"messageCode":768,"time":1395749242710,"expires":1395749660000,"signMessageLong":"72  Killingsworth/82nd to Swan Island-Shipyards","extraBlockID":null,"locationInScheduleDay":18407,"longitude":-122.5790496,"blockID":7234,"offRoute":false,"nextLocID":7987,"vehicleID":3054,"signMessage":"72 Swan Island","extraTripID":null,"nextStopSeq":46,"routeNumber":72,"vehicleLoad":"unknown","bearing":0,"lastStopSeq":45,"inCongestion":false,"delay":-33,"latitude":45.5289995},{"tripID":4411556,"serviceDate":1395730800000,"direction":1,"garage":"POWELL","type":"bus","lastLocID":7665,"messageCode":268,"time":1395749257516,"expires":1395749674000,"signMessageLong":"14  Hawthorne to Portland","extraBlockID":null,"locationInScheduleDay":18483,"longitude":-122.6110324,"blockID":1434,"offRoute":false,"nextLocID":8242,"vehicleID":3027,"signMessage":"14 To Portland","extraTripID":null,"nextStopSeq":20,"routeNumber":14,"vehicleLoad":"unknown","bearing":0,"lastStopSeq":19,"inCongestion":false,"delay":29,"latitude":45.501855}],"queryTime":1395749268573}}
