{"resultSet":{"vehicle":[{"tripID":4411388,"serviceDate":1395644400000,"direction":0,"garage":"CENTER","type":"bus","lastLocID":3635,"messageCode":266,"time":1395736758004,"expires":1395737176000,"signMessageLong":"14  Hawthorne to 94th & Foster","extraBlockID":null,"locationInScheduleDay":92338,"longitude":-122.6667351,"blockID":1406,"offRoute":false,"nextLocID":2641,"vehicleID":3128,"signMessage":"14 To 94-Foster","extraTripID":null,"nextStopSeq":3,"routeNumber":14,"vehicleLoad":"unknown","bearing":93,"lastStopSeq":2,"inCongestion":false,"delay":-18,"latitude":45.5122683},{"tripID":4418298,"serviceDate":1395644400000,"direction":1,"garage":"POWELL","type":"bus","lastLocID":12921,"messageCode":760,"time":1395736761023,"expires":1395737178000,"signMessageLong":"72  Killingsworth/82nd to Clackamas TC","extraBlockID":null,"locationInScheduleDay":92580,"longitude":-122.5681434,"blockID":7236,"offRoute":false,"nextLocID":13247,"vehicleID":3022,"signMessage":"72 Clackamas TC","extraTripID":null,"nextStopSeq":111,"routeNumber":72,"vehicleLoad":"unknown","bearing":82,"lastStopSeq":110,"inCongestion":false,"delay":222,"latitude":45.4356014}],"queryTime":1395736787759}}
