{"resultSet":{"vehicle":[{"tripID":4419232,"serviceDate":1395730800000,"direction":1,"garage":"POWELL","type":"bus","lastLocID":2414,"messageCode":813,"time":1395760967701,"expires":1395761385000,"signMessageLong":"77  Broadway/Halsey to Montgomery Park","extraBlockID":null,"locationInScheduleDay":30141,"longitude":-122.4469191,"blockID":7735,"offRoute":false,"nextLocID":13505,"vehicleID":2222,"signMessage":"77 Montgomry Pk","extraTripID":null,"nextStopSeq":16,"routeNumber":77,"vehicleLoad":"unknown","bearing":265,"lastStopSeq":15,"inCongestion":false,"delay":-24,"latitude":45.5335756},{"tripID":4419092,"serviceDate":1395730800000,"direction":0,"garage":"POWELL","type":"bus","lastLocID":2401,"messageCode":809,"time":1395760955788,"expires":1395761372000,"signMessageLong":"77  Broadway/Halsey to Troutdale","extraBlockID":null,"locationInScheduleDay":30227,"longitude":-122.4725512,"blockID":7736,"offRoute":false,"nextLocID":2405,"vehicleID":2221,"signMessage":"77 To Troutdale","extraTripID":null,"nextStopSeq":79,"routeNumber":77,"vehicleLoad":"unknown","bearing":89,"lastStopSeq":78,"inCongestion":false,"delay":75,"latitude":45.5336728},{"tripID":4411318,"serviceDate":1395730800000,"direction":0,"garage":"POWELL","type":"bus","lastLocID":1827,"messageCode":266,"time":1395760955786,"expires":1395761374000,"signMessageLong":"14  Hawthorne to 94th & Foster","extraBlockID":null,"locationInScheduleDay":30219,"longitude":-122.5694227,"blockID":1438,"offRoute":false,"nextLocID":6427,"vehicleID":2220,"signMessage":"14 To 94-Foster","extraTripID":null,"nextStopSeq":46,"routeNumber":14,"vehicleLoad":"unknown","bearing":98,"lastStopSeq":45,"inCongestion":false,"delay":65,"latitude":45.4792037},{"tripID":4418202,"serviceDate":1395730800000,"direction":1,"garage":"POWELL","type":"bus","lastLocID":7994,"messageCode":760,"time":1395760940804,"expires":1395761358000,"signMessageLong":"72  Killingsworth/82nd to Clackamas TC","extraBlockID":null,"locationInScheduleDay":30006,"longitude":-122.5791134,"blockID":7248,"offRoute":false,"nextLocID":7954,"vehicleID":2215,"signMessage":"72 Clackamas TC","extraTripID":null,"nextStopSeq":99,"routeNumber":72,"vehicleLoad":"unknown","bearing":180,"lastStopSeq":98,"inCongestion":false,"delay":-132,"latitude":45.4645134},{"tripID":4411575,"serviceDate":1395730800000,"direction":1,"garage":"POWELL","type":"bus","lastLocID":1811,"messageCode":268,"time":1395760955849,"expires":1395761373000,"signMessageLong":"14  Hawthorne to Portland","extraBlockID":null,"locationInScheduleDay":30295,"longitude":-122.5897531,"blockID":1437,"offRoute":false,"nextLocID":1807,"vehicleID":2270,"signMessage":"14 To Portland","extraTripID":null,"nextStopSeq":10,"routeNumber":14,"vehicleLoad":"unknown","bearing":299,"lastStopSeq":9,"inCongestion":false,"delay":142,"latitude":45.486742},{"tripID":4417876,"serviceDate":1395730800000,"direction":0,"garage":"POWELL","type":"bus","lastLocID":11472,"messageCode":766,"time":1395760943726,"expires":1395761360000,"signMessageLong":"72  Killingsworth/82nd to Swan Island-Anchor St","extraBlockID":null,"locationInScheduleDay":30166,"longitude":-122.6437452,"blockID":7250,"offRoute":false,"nextLocID":55,"vehicleID":2242,"signMessage":"72 Swan Island","extraTripID":null,"nextStopSeq":86,"routeNumber":72,"vehicleLoad":"unknown","bearing":270,"lastStopSeq":85,"inCongestion":false,"delay":26,"latitude":45.5590787},{"tripID":4417882,"serviceDate":1395730800000,"direction":0,"garage":"POWELL","type":"bus","lastLocID":7983,"messageCode":766,"time":1395760952614,"expires":1395761370000,"signMessageLong":"72  Killingsworth/82nd to Swan Island-Anchor St","extraBlockID":null,"locationInScheduleDay":30207,"longitude":-122.5790876,"blockID":7246,"offRoute":false,"nextLocID":7995,"vehicleID":2296,"signMessage":"72 Swan Island","extraTripID":null,"nextStopSeq":10,"routeNumber":72,"vehicleLoad":"unknown","bearing":0,"lastStopSeq":9,"inCongestion":false,"delay":57,"latitude":45.4586147},{"tripID":4419093,"serviceDate":1395730800000,"direction":0,"garage":"POWELL","type":"bus","lastLocID":2446,"messageCode":809,"time":1395760964668,"expires":1395761381000,"signMessageLong":"77  Broadway/Halsey to Troutdale","extraBlockID":null,"locationInScheduleDay":30137,"longitude":-122.5918712,"blockID":7737,"offRoute":false,"nextLocID":2448,"vehicleID":2285,"signMessage":"77 To Troutdale","extraTripID":null,"nextStopSeq":47,"routeNumber":77,"vehicleLoad":"unknown","bearing":90,"lastStopSeq":46,"inCongestion":false,"delay":-24,"latitude":45.5336365},{"tripID":4418205,"serviceDate":1395730800000,"direction":1,"garage":"POWELL","type":"bus","lastLocID":8038,"messageCode":760,"time":1395760952617,"expires":1395761370000,"signMessageLong":"72  Killingsworth/82nd to Clackamas TC","extraBlockID":null,"locationInScheduleDay":30164,"longitude":-122.5786844,"blockID":7252,"offRoute":false,"nextLocID":7934,"vehicleID":2283,"signMessage":"72 Clackamas TC","extraTripID":null,"nextStopSeq":56,"routeNumber":72,"vehicleLoad":"unknown","bearing":180,"lastStopSeq":55,"inCongestion":false,"delay":14,"latitude":45.5526992},{"tripID":4418204,"serviceDate":1395730800000,"direction":1,"garage":"POWELL","type":"bus","lastLocID":8008,"messageCode":760,"time":1395760946904,"expires":1395761364000,"signMessageLong":"72  Killingsworth/82nd to Clackamas TC","extraBlockID":null,"locationInScheduleDay":30307,"longitude":-122.5786959,"blockID":7244,"offRoute":false,"nextLocID":7923,"vehicleID":2276,"signMessage":"72 Clackamas TC","extraTripID":null,"nextStopSeq":78,"routeNumber":72,"vehicleLoad":"unknown","bearing":179,"lastStopSeq":77,"inCongestion":false,"delay":163,"latitude":45.5098061},{"tripID":4411319,"serviceDate":1395730800000,"direction":0,"garage":"POWELL","type":"bus","lastLocID":7662,"messageCode":266,"time":1395760949565,"expires":1395761368000,"signMessageLong":"14  Hawthorne to 94th & Foster","extraBlockID":null,"locationInScheduleDay":30148,"longitude":-122.6113418,"blockID":1439,"offRoute":false,"nextLocID":7660,"vehicleID":2275,"signMessage":"14 To 94-Foster","extraTripID":null,"nextStopSeq":24,"routeNumber":14,"vehicleLoad":"unknown","bearing":177,"lastStopSeq":23,"inCongestion":false,"delay":0,"latitude":45.5087194},{"tripID":4413883,"serviceDate":1395730800000,"direction":1,"garage":"CENTER","type":"bus","lastLocID":2574,"messageCode":464,"time":1395760943634,"expires":1395761361000,"signMessageLong":"31  To Portland via Milwaukie","extraBlockID":null,"locationInScheduleDay":30093,"longitude":-122.6317329,"blockID":3003,"offRoute":false,"nextLocID":2573,"vehicleID":2119,"signMessage":"31 To Portland","extraTripID":null,"nextStopSeq":20,"routeNumber":31,"vehicleLoad":"unknown","bearing":268,"lastStopSeq":19,"inCongestion":false,"delay":-48,"latitude":45.4465464},{"tripID":4417322,"serviceDate":1395730800000,"direction":1,"garage":"CENTER","type":"bus","lastLocID":7377,"messageCode":788,"time":1395760961743,"expires":1395761377000,"signMessageLong":"70  12th/NE 33rd Ave to Milwaukie","extraBlockID":null,"locationInScheduleDay":29901,"longitude":-122.6306909,"blockID":7006,"offRoute":false,"nextLocID":644,"vehicleID":2150,"signMessage":"70 To Milwaukie","extraTripID":null,"nextStopSeq":32,"routeNumber":70,"vehicleLoad":"unknown","bearing":180,"lastStopSeq":31,"inCongestion":false,"delay":-256,"latitude":45.5365951},{"tripID":4417170,"serviceDate":1395730800000,"direction":0,"garage":"CENTER","type":"bus","lastLocID":6582,"messageCode":780,"time":1395760964603,"expires":1395761381000,"signMessageLong":"70  12th/NE 33rd Ave to NE Sunderland","extraBlockID":null,"locationInScheduleDay":30138,"longitude":-122.6535928,"blockID":7008,"offRoute":false,"nextLocID":8513,"vehicleID":2506,"signMessage":"70 To Sunderlnd","extraTripID":null,"nextStopSeq":33,"routeNumber":70,"vehicleLoad":"unknown","bearing":0,"lastStopSeq":32,"inCongestion":false,"delay":-23,"latitude":45.5288847},{"tripID":4417881,"serviceDate":1395730800000,"direction":0,"garage":"POWELL","type":"bus","lastLocID":8029,"messageCode":766,"time":1395760964627,"expires":1395761381000,"signMessageLong":"72  Killingsworth/82nd to Swan Island-Anchor St","extraBlockID":null,"locationInScheduleDay":30079,"longitude":-122.5789055,"blockID":7238,"offRoute":false,"nextLocID":8040,"vehicleID":2527,"signMessage":"72 Swan Island","extraTripID":null,"nextStopSeq":24,"routeNumber":72,"vehicleLoad":"unknown","bearing":1,"lastStopSeq":23,"inCongestion":false,"delay":-82,"latitude":45.4863683},{"tripID":4417321,"serviceDate":1395730800000,"direction":1,"garage":"CENTER","type":"bus","lastLocID":6553,"messageCode":789,"time":1395760940750,"expires":1395761358000,"signMessageLong":"70  12th Ave to Milwaukie via 17th & Tacoma","extraBlockID":null,"locationInScheduleDay":30249,"longitude":-122.6547474,"blockID":7002,"offRoute":false,"nextLocID":6545,"vehicleID":2524,"signMessage":"70 To Milw via 17","extraTripID":null,"nextStopSeq":55,"routeNumber":70,"vehicleLoad":"unknown","bearing":180,"lastStopSeq":54,"inCongestion":false,"delay":111,"latitude":45.5051093},{"tripID":4411571,"serviceDate":1395730800000,"direction":1,"garage":"CENTER","type":"bus","lastLocID":13734,"messageCode":268,"time":1395760961899,"expires":1395761379000,"signMessageLong":"14  Hawthorne to Portland","extraBlockID":null,"locationInScheduleDay":29411,"longitude":-122.6168349,"blockID":1405,"offRoute":false,"nextLocID":2632,"vehicleID":2520,"signMessage":"14 To Portland","extraTripID":null,"nextStopSeq":26,"routeNumber":14,"vehicleLoad":"unknown","bearing":270,"lastStopSeq":25,"inCongestion":false,"delay":-748,"latitude":45.5120321},{"tripID":4419230,"serviceDate":1395730800000,"direction":1,"garage":"CENTER","type":"bus","lastLocID":10869,"messageCode":813,"time":1395760955736,"expires":1395761372000,"signMessageLong":"77  Broadway/Halsey to Montgomery Park","extraBlockID":null,"locationInScheduleDay":30240,"longitude":-122.6206252,"blockID":7701,"offRoute":false,"nextLocID":7484,"vehicleID":2512,"signMessage":"77 Montgomry Pk","extraTripID":null,"nextStopSeq":69,"routeNumber":77,"vehicleLoad":"unknown","bearing":89,"lastStopSeq":68,"inCongestion":false,"delay":88,"latitude":45.5332523},{"tripID":4417874,"serviceDate":1395730800000,"direction":0,"garage":"POWELL","type":"bus","lastLocID":2161,"messageCode":768,"time":1395760962059,"expires":1395761379000,"signMessageLong":"72  Killingsworth/82nd to Swan Island-Shipyards","extraBlockID":null,"locationInScheduleDay":30279,"longitude":-122.7014435,"blockID":7249,"offRoute":false,"nextLocID":3315,"vehicleID":2558,"signMessage":"72 Swan Island","extraTripID":null,"nextStopSeq":108,"routeNumber":72,"vehicleLoad":"unknown","bearing":307,"lastStopSeq":107,"inCongestion":false,"delay":120,"latitude":45.5569455},{"tripID":4417880,"serviceDate":1395730800000,"direction":0,"garage":"POWELL","type":"bus","lastLocID":8065,"messageCode":766,"time":1395760959208,"expires":1395761377000,"signMessageLong":"72  Killingsworth/82nd to Swan Island-Anchor St","extraBlockID":null,"locationInScheduleDay":30143,"longitude":-122.5790314,"blockID":7236,"offRoute":false,"nextLocID":7928,"vehicleID":2552,"signMessage":"72 Swan Island","extraTripID":null,"nextStopSeq":39,"routeNumber":72,"vehicleLoad":"unknown","bearing":357,"lastStopSeq":38,"inCongestion":false,"delay":-14,"latitude":45.5180366},{"tripID":4418203,"serviceDate":1395730800000,"direction":1,"garage":"POWELL","type":"bus","lastLocID":7986,"messageCode":760,"time":1395760947016,"expires":1395761362000,"signMessageLong":"72  Killingsworth/82nd to Clackamas TC","extraBlockID":null,"locationInScheduleDay":30113,"longitude":-122.5788218,"blockID":7242,"offRoute":false,"nextLocID":8041,"vehicleID":2548,"signMessage":"72 Clackamas TC","extraTripID":null,"nextStopSeq":87,"routeNumber":72,"vehicleLoad":"unknown","bearing":180,"lastStopSeq":86,"inCongestion":false,"delay":-29,"latitude":45.4897204},{"tripID":4411569,"serviceDate":1395730800000,"direction":1,"garage":"POWELL","type":"bus","lastLocID":13169,"messageCode":266,"time":1395760962066,"expires":1395761379000,"signMessageLong":"14  Hawthorne to 94th & Foster","extraBlockID":null,"locationInScheduleDay":30060,"longitude":-122.6785444,"blockID":1440,"offRoute":false,"nextLocID":3639,"vehicleID":2308,"signMessage":"14 To 94-Foster","extraTripID":null,"nextStopSeq":45,"routeNumber":14,"vehicleLoad":"unknown","bearing":110,"lastStopSeq":44,"inCongestion":false,"delay":-99,"latitude":45.5152424},{"tripID":4417879,"serviceDate":1395730800000,"direction":0,"garage":"POWELL","type":"bus","lastLocID":7991,"messageCode":766,"time":1395760946985,"expires":1395761362000,"signMessageLong":"72  Killingsworth/82nd to Swan Island-Anchor St","extraBlockID":null,"locationInScheduleDay":30234,"longitude":-122.5787773,"blockID":7253,"offRoute":false,"nextLocID":7967,"vehicleID":2318,"signMessage":"72 Swan Island","extraTripID":null,"nextStopSeq":56,"routeNumber":72,"vehicleLoad":"unknown","bearing":0,"lastStopSeq":55,"inCongestion":false,"delay":92,"latitude":45.5477599},{"tripID":4411572,"serviceDate":1395730800000,"direction":1,"garage":"POWELL","type":"bus","lastLocID":2613,"messageCode":268,"time":1395760955888,"expires":1395761374000,"signMessageLong":"14  Hawthorne to Portland","extraBlockID":null,"locationInScheduleDay":30128,"longitude":-122.6380008,"blockID":1435,"offRoute":false,"nextLocID":2611,"vehicleID":2316,"signMessage":"14 To Portland","extraTripID":null,"nextStopSeq":34,"routeNumber":14,"vehicleLoad":"unknown","bearing":271,"lastStopSeq":33,"inCongestion":false,"delay":-26,"latitude":45.512083},{"tripID":4411573,"serviceDate":1395730800000,"direction":1,"garage":"CENTER","type":"bus","lastLocID":2632,"messageCode":268,"time":1395760964622,"expires":1395761382000,"signMessageLong":"14  Hawthorne to Portland","extraBlockID":null,"locationInScheduleDay":30206,"longitude":-122.6177127,"blockID":1403,"offRoute":false,"nextLocID":2629,"vehicleID":2725,"signMessage":"14 To Portland","extraTripID":null,"nextStopSeq":27,"routeNumber":14,"vehicleLoad":"unknown","bearing":270,"lastStopSeq":26,"inCongestion":false,"delay":44,"latitude":45.5120352},{"tripID":4419231,"serviceDate":1395730800000,"direction":1,"garage":"CENTER","type":"bus","lastLocID":6225,"messageCode":813,"time":1395760961878,"expires":1395761378000,"signMessageLong":"77  Broadway/Halsey to Montgomery Park","extraBlockID":null,"locationInScheduleDay":30050,"longitude":-122.5489075,"blockID":7705,"offRoute":false,"nextLocID":6224,"vehicleID":2720,"signMessage":"77 Montgomry Pk","extraTripID":null,"nextStopSeq":44,"routeNumber":77,"vehicleLoad":"unknown","bearing":270,"lastStopSeq":43,"inCongestion":false,"delay":-108,"latitude":45.5341462},{"tripID":4411574,"serviceDate":1395730800000,"direction":1,"garage":"CENTER","type":"bus","lastLocID":1798,"messageCode":268,"time":1395760955734,"expires":1395761372000,"signMessageLong":"14  Hawthorne to Portland","extraBlockID":null,"locationInScheduleDay":30152,"longitude":-122.607902,"blockID":1404,"offRoute":false,"nextLocID":1793,"vehicleID":2718,"signMessage":"14 To Portland","extraTripID":null,"nextStopSeq":17,"routeNumber":14,"vehicleLoad":"unknown","bearing":306,"lastStopSeq":16,"inCongestion":false,"delay":0,"latitude":45.4951037},{"tripID":4417320,"serviceDate":1395730800000,"direction":1,"garage":"CENTER","type":"bus","lastLocID":6846,"messageCode":790,"time":1395760946827,"expires":1395761365000,"signMessageLong":"70  12th Ave to Milwaukie via 13th & Tacoma","extraBlockID":null,"locationInScheduleDay":29854,"longitude":-122.6483718,"blockID":7007,"offRoute":false,"nextLocID":6862,"vehicleID":2709,"signMessage":"70 To Milw via 13","extraTripID":null,"nextStopSeq":65,"routeNumber":70,"vehicleLoad":"unknown","bearing":180,"lastStopSeq":64,"inCongestion":false,"delay":-291,"latitude":45.4847557},{"tripID":4417168,"serviceDate":1395730800000,"direction":0,"garage":"CENTER","type":"bus","lastLocID":13040,"messageCode":783,"time":1395760955697,"expires":1395761374000,"signMessageLong":"70  33rd Ave to NE Sunderland","extraBlockID":null,"locationInScheduleDay":29940,"longitude":-122.6357648,"blockID":7001,"offRoute":false,"nextLocID":9368,"vehicleID":2704,"signMessage":"70 To Sunderlnd","extraTripID":null,"nextStopSeq":80,"routeNumber":70,"vehicleLoad":"unknown","bearing":180,"lastStopSeq":79,"inCongestion":false,"delay":0,"latitude":45.5898735},{"tripID":4417171,"serviceDate":1395730800000,"direction":0,"garage":"CENTER","type":"bus","lastLocID":6893,"messageCode":780,"time":1395760961801,"expires":1395761377000,"signMessageLong":"70  12th/NE 33rd Ave to NE Sunderland","extraBlockID":null,"locationInScheduleDay":30200,"longitude":-122.6483624,"blockID":7003,"offRoute":false,"nextLocID":6863,"vehicleID":2705,"signMessage":"70 To Sunderlnd","extraTripID":null,"nextStopSeq":22,"routeNumber":70,"vehicleLoad":"unknown","bearing":0,"lastStopSeq":21,"inCongestion":false,"delay":43,"latitude":45.4893318},{"tripID":4417323,"serviceDate":1395730800000,"direction":1,"garage":"CENTER","type":"bus","lastLocID":8304,"messageCode":788,"time":1395760946821,"expires":1395761363000,"signMessageLong":"70  12th/NE 33rd Ave to Milwaukie","extraBlockID":null,"locationInScheduleDay":30125,"longitude":-122.6407714,"blockID":7004,"offRoute":false,"nextLocID":8507,"vehicleID":2701,"signMessage":"70 To Milwaukie","extraTripID":null,"nextStopSeq":10,"routeNumber":70,"vehicleLoad":"unknown","bearing":107,"lastStopSeq":9,"inCongestion":false,"delay":-18,"latitude":45.5758375},{"tripID":4419094,"serviceDate":1395730800000,"direction":0,"garage":"CENTER","type":"bus","lastLocID":6235,"messageCode":809,"time":1395760941097,"expires":1395761359000,"signMessageLong":"77  Broadway/Halsey to Troutdale","extraBlockID":null,"locationInScheduleDay":30159,"longitude":-122.6449753,"blockID":7704,"offRoute":false,"nextLocID":6237,"vehicleID":2614,"signMessage":"77 To Troutdale","extraTripID":null,"nextStopSeq":27,"routeNumber":77,"vehicleLoad":"unknown","bearing":90,"lastStopSeq":26,"inCongestion":false,"delay":20,"latitude":45.5343062},{"tripID":4411576,"serviceDate":1395730800000,"direction":1,"garage":"CENTER","type":"bus","lastLocID":1831,"messageCode":268,"time":1395760941059,"expires":1395761359000,"signMessageLong":"14  Hawthorne to Portland","extraBlockID":null,"locationInScheduleDay":30139,"longitude":-122.5662917,"blockID":1401,"offRoute":false,"nextLocID":13236,"vehicleID":2608,"signMessage":"14 To Portland","extraTripID":null,"nextStopSeq":2,"routeNumber":14,"vehicleLoad":"unknown","bearing":291,"lastStopSeq":1,"inCongestion":false,"delay":0,"latitude":45.4791765},{"tripID":4417169,"serviceDate":1395730800000,"direction":0,"garage":"CENTER","type":"bus","lastLocID":7390,"messageCode":783,"time":1395760940994,"expires":1395761357000,"signMessageLong":"70  33rd Ave to NE Sunderland","extraBlockID":null,"locationInScheduleDay":30193,"longitude":-122.6306985,"blockID":7010,"offRoute":false,"nextLocID":7375,"vehicleID":2623,"signMessage":"70 To Sunderlnd","extraTripID":null,"nextStopSeq":58,"routeNumber":70,"vehicleLoad":"unknown","bearing":0,"lastStopSeq":57,"inCongestion":false,"delay":56,"latitude":45.5564617},{"tripID":4419229,"serviceDate":1395730800000,"direction":1,"garage":"CENTER","type":"bus","lastLocID":4043,"messageCode":813,"time":1395760946893,"expires":1395761364000,"signMessageLong":"77  Broadway/Halsey to Montgomery Park","extraBlockID":null,"locationInScheduleDay":30199,"longitude":-122.6627732,"blockID":7707,"offRoute":false,"nextLocID":11492,"vehicleID":2653,"signMessage":"77 Montgomry Pk","extraTripID":null,"nextStopSeq":85,"routeNumber":77,"vehicleLoad":"unknown","bearing":233,"lastStopSeq":84,"inCongestion":false,"delay":55,"latitude":45.5311738},{"tripID":4417172,"serviceDate":1395730800000,"direction":0,"garage":"CENTER","type":"bus","lastLocID":13477,"messageCode":781,"time":1395760959129,"expires":1395761377000,"signMessageLong":"70  12th/NE 33rd Ave to NE Sunderland via 17th & Tacoma","extraBlockID":null,"locationInScheduleDay":30157,"longitude":-122.6407309,"blockID":7009,"offRoute":false,"nextLocID":8225,"vehicleID":2626,"signMessage":"70 To Sunderland via 17th","extraTripID":null,"nextStopSeq":2,"routeNumber":70,"vehicleLoad":"unknown","bearing":81,"lastStopSeq":1,"inCongestion":false,"delay":0,"latitude":45.4448667},{"tripID":4419228,"serviceDate":1395730800000,"direction":1,"garage":"CENTER","type":"bus","lastLocID":2099,"messageCode":813,"time":1395760967710,"expires":1395761385000,"signMessageLong":"77  Broadway/Halsey to Montgomery Park","extraBlockID":null,"locationInScheduleDay":29685,"longitude":-122.6942961,"blockID":7703,"offRoute":false,"nextLocID":7113,"vehicleID":2630,"signMessage":"77 Montgomry Pk","extraTripID":null,"nextStopSeq":95,"routeNumber":77,"vehicleLoad":"unknown","bearing":268,"lastStopSeq":94,"inCongestion":false,"delay":-480,"latitude":45.5263055},{"tripID":4419233,"serviceDate":1395730800000,"direction":1,"garage":"CENTER","type":"bus","lastLocID":9481,"messageCode":813,"time":1395760967712,"expires":1395761385000,"signMessageLong":"77  Broadway/Halsey to Montgomery Park","extraBlockID":null,"locationInScheduleDay":30165,"longitude":-122.3982117,"blockID":7706,"offRoute":false,"nextLocID":9471,"vehicleID":2632,"signMessage":"77 Montgomry Pk","extraTripID":null,"nextStopSeq":2,"routeNumber":77,"vehicleLoad":"unknown","bearing":85,"lastStopSeq":1,"inCongestion":false,"delay":0,"latitude":45.5443612},{"tripID":4418206,"serviceDate":1395730800000,"direction":1,"garage":"POWELL","type":"bus","lastLocID":3191,"messageCode":760,"time":1395760964584,"expires":1395761381000,"signMessageLong":"72  Killingsworth/82nd to Clackamas TC","extraBlockID":null,"locationInScheduleDay":30194,"longitude":-122.6303349,"blockID":7237,"offRoute":false,"nextLocID":3193,"vehicleID":3004,"signMessage":"72 Clackamas TC","extraTripID":null,"nextStopSeq":37,"routeNumber":72,"vehicleLoad":"unknown","bearing":89,"lastStopSeq":36,"inCongestion":false,"delay":33,"latitude":45.5627254},{"tripID":4413882,"serviceDate":1395730800000,"direction":1,"garage":"POWELL","type":"bus","lastLocID":7800,"messageCode":467,"time":1395760961733,"expires":1395761379000,"signMessageLong":"31  Downtown Only","extraBlockID":null,"locationInScheduleDay":30133,"longitude":-122.6794311,"blockID":3136,"offRoute":false,"nextLocID":7797,"vehicleID":3007,"signMessage":"31 Downtown Only","extraTripID":null,"nextStopSeq":39,"routeNumber":31,"vehicleLoad":"unknown","bearing":20,"lastStopSeq":38,"inCongestion":false,"delay":-26,"latitude":45.5176351},{"tripID":4417878,"serviceDate":1395730800000,"direction":0,"garage":"POWELL","type":"bus","lastLocID":3197,"messageCode":766,"time":1395760919837,"expires":1395761338000,"signMessageLong":"72  Killingsworth/82nd to Swan Island-Anchor St","extraBlockID":null,"locationInScheduleDay":30138,"longitude":-122.6241465,"blockID":7251,"offRoute":false,"nextLocID":3196,"vehicleID":3003,"signMessage":"72 Swan Island","extraTripID":null,"nextStopSeq":76,"routeNumber":72,"vehicleLoad":"unknown","bearing":269,"lastStopSeq":75,"inCongestion":false,"delay":20,"latitude":45.56278},{"tripID":4418209,"serviceDate":1395730800000,"direction":1,"garage":"POWELL","type":"bus","lastLocID":115,"messageCode":760,"time":1395760949524,"expires":1395761366000,"signMessageLong":"72  Killingsworth/82nd to Clackamas TC","extraBlockID":null,"locationInScheduleDay":30146,"longitude":-122.703865,"blockID":7241,"offRoute":false,"nextLocID":8681,"vehicleID":3048,"signMessage":"72 Clackamas TC","extraTripID":null,"nextStopSeq":2,"routeNumber":72,"vehicleLoad":"unknown","bearing":159,"lastStopSeq":1,"inCongestion":false,"delay":0,"latitude":45.5567629},{"tripID":4418201,"serviceDate":1395730800000,"direction":1,"garage":"POWELL","type":"bus","lastLocID":12921,"messageCode":760,"time":1395760820427,"expires":1395761239000,"signMessageLong":"72  Killingsworth/82nd to Clackamas TC","extraBlockID":null,"locationInScheduleDay":30068,"longitude":-122.5691691,"blockID":7235,"offRoute":false,"nextLocID":13247,"vehicleID":3053,"signMessage":"72 Clackamas TC","extraTripID":null,"nextStopSeq":111,"routeNumber":72,"vehicleLoad":"unknown","bearing":173,"lastStopSeq":110,"inCongestion":false,"delay":0,"latitude":45.4363448},{"tripID":4418207,"serviceDate":1395730800000,"direction":1,"garage":"POWELL","type":"bus","lastLocID":3156,"messageCode":760,"time":1395760955702,"expires":1395761373000,"signMessageLong":"72  Killingsworth/82nd to Clackamas TC","extraBlockID":null,"locationInScheduleDay":30248,"longitude":-122.6691924,"blockID":7245,"offRoute":false,"nextLocID":3183,"vehicleID":3052,"signMessage":"72 Clackamas TC","extraTripID":null,"nextStopSeq":17,"routeNumber":72,"vehicleLoad":"unknown","bearing":89,"lastStopSeq":16,"inCongestion":false,"delay":95,"latitude":45.5627127},{"tripID":4417875,"serviceDate":1395730800000,"direction":0,"garage":"POWELL","type":"bus","lastLocID":3157,"messageCode":766,"time":1395760940696,"expires":1395761356000,"signMessageLong":"72  Killingsworth/82nd to Swan Island-Anchor St","extraBlockID":null,"locationInScheduleDay":30225,"longitude":-122.6735999,"blockID":7234,"offRoute":false,"nextLocID":3154,"vehicleID":3054,"signMessage":"72 Swan Island","extraTripID":null,"nextStopSeq":97,"routeNumber":72,"vehicleLoad":"unknown","bearing":269,"lastStopSeq":96,"inCongestion":false,"delay":89,"latitude":45.5626951},{"tripID":4419091,"serviceDate":1395730800000,"direction":0,"garage":"POWELL","type":"bus","lastLocID":10758,"messageCode":809,"time":1395760955744,"expires":1395761372000,"signMessageLong":"77  Broadway/Halsey to Troutdale","extraBlockID":null,"locationInScheduleDay":30090,"longitude":-122.3956419,"blockID":7734,"offRoute":false,"nextLocID":9472,"vehicleID":3046,"signMessage":"77 To Troutdale","extraTripID":null,"nextStopSeq":101,"routeNumber":77,"vehicleLoad":"unknown","bearing":266,"lastStopSeq":100,"inCongestion":false,"delay":-62,"latitude":45.5454185},{"tripID":4419095,"serviceDate":1395730800000,"direction":0,"garage":"POWELL","type":"bus","lastLocID":7132,"messageCode":809,"time":1395760946821,"expires":1395761362000,"signMessageLong":"77  Broadway/Halsey to Troutdale","extraBlockID":null,"locationInScheduleDay":29959,"longitude":-122.694619,"blockID":7738,"offRoute":false,"nextLocID":7127,"vehicleID":3035,"signMessage":"77 To Troutdale","extraTripID":null,"nextStopSeq":7,"routeNumber":77,"vehicleLoad":"unknown","bearing":178,"lastStopSeq":6,"inCongestion":false,"delay":-183,"latitude":45.5315},{"tripID":4417877,"serviceDate":1395730800000,"direction":0,"garage":"POWELL","type":"bus","lastLocID":10601,"messageCode":766,"time":1395760955661,"expires":1395761372000,"signMessageLong":"72  Killingsworth/82nd to Swan Island-Anchor St","extraBlockID":null,"locationInScheduleDay":30193,"longitude":-122.5954027,"blockID":7243,"offRoute":false,"nextLocID":3147,"vehicleID":3025,"signMessage":"72 Swan Island","extraTripID":null,"nextStopSeq":67,"routeNumber":72,"vehicleLoad":"unknown","bearing":271,"lastStopSeq":66,"inCongestion":false,"delay":41,"latitude":45.562732},{"tripID":4419227,"serviceDate":1395730800000,"direction":1,"garage":"CENTER","type":"bus","lastLocID":8483,"messageCode":813,"time":1395760961908,"expires":1395761379000,"signMessageLong":"77  Broadway/Halsey to Montgomery Park","extraBlockID":null,"locationInScheduleDay":29320,"longitude":-122.7069345,"blockID":7702,"offRoute":false,"nextLocID":8484,"vehicleID":2005,"signMessage":"77 Montgomry Pk","extraTripID":null,"nextStopSeq":109,"routeNumber":77,"vehicleLoad":"unknown","bearing":178,"lastStopSeq":108,"inCongestion":false,"delay":0,"latitude":45.5377966}],"queryTime":1395760969044}}
