{"resultSet":{"vehicle":[{"tripID":4411566,"serviceDate":1395730800000,"direction":1,"garage":"POWELL","type":"bus","lastLocID":1831,"messageCode":268,"time":1395756859871,"expires":1395757279000,"signMessageLong":"14  Hawthorne to Portland","extraBlockID":null,"locationInScheduleDay":26059,"longitude":-122.5662917,"blockID":1436,"offRoute":false,"nextLocID":13236,"vehicleID":2206,"signMessage":"14 To Portland","extraTripID":null,"nextStopSeq":2,"routeNumber":14,"vehicleLoad":"unknown","bearing":291,"lastStopSeq":1,"inCongestion":false,"delay":0,"latitude":45.4791765},{"tripID":4419089,"serviceDate":1395730800000,"direction":0,"garage":"POWELL","type":"bus","lastLocID":2439,"messageCode":809,"time":1395756863133,"expires":1395757281000,"signMessageLong":"77  Broadway/Halsey to Troutdale","extraBlockID":null,"locationInScheduleDay":25878,"longitude":-122.6004114,"blockID":7735,"offRoute":false,"nextLocID":2440,"vehicleID":2222,"signMessage":"77 To Troutdale","extraTripID":null,"nextStopSeq":44,"routeNumber":77,"vehicleLoad":"unknown","bearing":90,"lastStopSeq":43,"inCongestion":false,"delay":-183,"latitude":45.5337109},{"tripID":4419092,"serviceDate":1395730800000,"direction":0,"garage":"POWELL","type":"bus","lastLocID":8484,"messageCode":809,"time":1395756859875,"expires":1395757278000,"signMessageLong":"77  Broadway/Halsey to Troutdale","extraBlockID":null,"locationInScheduleDay":26058,"longitude":-122.7069049,"blockID":7736,"offRoute":false,"nextLocID":8385,"vehicleID":2221,"signMessage":"77 To Troutdale","extraTripID":null,"nextStopSeq":2,"routeNumber":77,"vehicleLoad":"unknown","bearing":178,"lastStopSeq":1,"inCongestion":false,"delay":0,"latitude":45.5370429},{"tripID":4411565,"serviceDate":1395730800000,"direction":1,"garage":"POWELL","type":"bus","lastLocID":1826,"messageCode":268,"time":1395756878057,"expires":1395757296000,"signMessageLong":"14  Hawthorne to Portland","extraBlockID":null,"locationInScheduleDay":26029,"longitude":-122.5724066,"blockID":1438,"offRoute":false,"nextLocID":1824,"vehicleID":2220,"signMessage":"14 To Portland","extraTripID":null,"nextStopSeq":5,"routeNumber":14,"vehicleLoad":"unknown","bearing":293,"lastStopSeq":4,"inCongestion":false,"delay":-47,"latitude":45.4809717},{"tripID":4411562,"serviceDate":1395730800000,"direction":1,"garage":"POWELL","type":"bus","lastLocID":3633,"messageCode":268,"time":1395756875258,"expires":1395757293000,"signMessageLong":"14  Hawthorne to Portland","extraBlockID":null,"locationInScheduleDay":26141,"longitude":-122.6606011,"blockID":1437,"offRoute":false,"nextLocID":2642,"vehicleID":2264,"signMessage":"14 To Portland","extraTripID":null,"nextStopSeq":42,"routeNumber":14,"vehicleLoad":"unknown","bearing":270,"lastStopSeq":41,"inCongestion":false,"delay":68,"latitude":45.5129375},{"tripID":4418200,"serviceDate":1395730800000,"direction":1,"garage":"POWELL","type":"bus","lastLocID":69,"messageCode":760,"time":1395756880876,"expires":1395757300000,"signMessageLong":"72  Killingsworth/82nd to Clackamas TC","extraBlockID":null,"locationInScheduleDay":26040,"longitude":-122.6566976,"blockID":7247,"offRoute":false,"nextLocID":48,"vehicleID":2250,"signMessage":"72 Clackamas TC","extraTripID":null,"nextStopSeq":24,"routeNumber":72,"vehicleLoad":"unknown","bearing":90,"lastStopSeq":23,"inCongestion":false,"delay":-40,"latitude":45.5591171},{"tripID":4418198,"serviceDate":1395730800000,"direction":1,"garage":"POWELL","type":"bus","lastLocID":8889,"messageCode":760,"time":1395756756641,"expires":1395757171000,"signMessageLong":"72  Killingsworth/82nd to Clackamas TC","extraBlockID":null,"locationInScheduleDay":26067,"longitude":-122.5785707,"blockID":7246,"offRoute":false,"nextLocID":8064,"vehicleID":2296,"signMessage":"72 Clackamas TC","extraTripID":null,"nextStopSeq":53,"routeNumber":72,"vehicleLoad":"unknown","bearing":180,"lastStopSeq":52,"inCongestion":false,"delay":116,"latitude":45.558692},{"tripID":4419224,"serviceDate":1395730800000,"direction":1,"garage":"POWELL","type":"bus","lastLocID":7122,"messageCode":813,"time":1395756878177,"expires":1395757294000,"signMessageLong":"77  Broadway/Halsey to Montgomery Park","extraBlockID":null,"locationInScheduleDay":25740,"longitude":-122.6945695,"blockID":7737,"offRoute":false,"nextLocID":7128,"vehicleID":2285,"signMessage":"77 Montgomry Pk","extraTripID":null,"nextStopSeq":97,"routeNumber":77,"vehicleLoad":"unknown","bearing":359,"lastStopSeq":96,"inCongestion":false,"delay":-334,"latitude":45.5301135},{"tripID":4417869,"serviceDate":1395730800000,"direction":0,"garage":"POWELL","type":"bus","lastLocID":3174,"messageCode":766,"time":1395756859964,"expires":1395757277000,"signMessageLong":"72  Killingsworth/82nd to Swan Island-Anchor St","extraBlockID":null,"locationInScheduleDay":25897,"longitude":-122.6774703,"blockID":7244,"offRoute":false,"nextLocID":3170,"vehicleID":2276,"signMessage":"72 Swan Island","extraTripID":null,"nextStopSeq":99,"routeNumber":72,"vehicleLoad":"unknown","bearing":269,"lastStopSeq":98,"inCongestion":false,"delay":-160,"latitude":45.5626748},{"tripID":4417318,"serviceDate":1395730800000,"direction":1,"garage":"CENTER","type":"bus","lastLocID":7363,"messageCode":788,"time":1395756880753,"expires":1395757297000,"signMessageLong":"70  12th/NE 33rd Ave to Milwaukie","extraBlockID":null,"locationInScheduleDay":26074,"longitude":-122.6306933,"blockID":7005,"offRoute":false,"nextLocID":7391,"vehicleID":2132,"signMessage":"70 To Milwaukie","extraTripID":null,"nextStopSeq":21,"routeNumber":70,"vehicleLoad":"unknown","bearing":180,"lastStopSeq":20,"inCongestion":false,"delay":-3,"latitude":45.5584236},{"tripID":4413878,"serviceDate":1395730800000,"direction":1,"garage":"CENTER","type":"bus","lastLocID":7797,"messageCode":467,"time":1395756865782,"expires":1395757282000,"signMessageLong":"31  Downtown Only","extraBlockID":null,"locationInScheduleDay":25258,"longitude":-122.6765793,"blockID":3001,"offRoute":false,"nextLocID":7751,"vehicleID":2123,"signMessage":"31 Downtown Only","extraTripID":null,"nextStopSeq":12,"routeNumber":31,"vehicleLoad":"unknown","bearing":20,"lastStopSeq":11,"inCongestion":false,"delay":-804,"latitude":45.5228113},{"tripID":4417166,"serviceDate":1395730800000,"direction":0,"garage":"CENTER","type":"bus","lastLocID":6578,"messageCode":780,"time":1395756814779,"expires":1395757233000,"signMessageLong":"70  12th/NE 33rd Ave to NE Sunderland","extraBlockID":null,"locationInScheduleDay":25803,"longitude":-122.6537079,"blockID":7006,"offRoute":false,"nextLocID":6581,"vehicleID":2150,"signMessage":"70 To Sunderlnd","extraTripID":null,"nextStopSeq":25,"routeNumber":70,"vehicleLoad":"unknown","bearing":0,"lastStopSeq":24,"inCongestion":false,"delay":-210,"latitude":45.5083379},{"tripID":4417316,"serviceDate":1395730800000,"direction":1,"garage":"CENTER","type":"bus","lastLocID":13658,"messageCode":738,"time":1395756875151,"expires":1395757293000,"signMessageLong":"70  12th Ave to Milwaukie via 13th & Tacoma","extraBlockID":null,"locationInScheduleDay":25964,"longitude":-122.6483576,"blockID":7008,"offRoute":false,"nextLocID":6864,"vehicleID":2506,"signMessage":"70 To Milwaukie","extraTripID":null,"nextStopSeq":19,"routeNumber":70,"vehicleLoad":"unknown","bearing":180,"lastStopSeq":18,"inCongestion":false,"delay":-109,"latitude":45.4906514},{"tripID":4418197,"serviceDate":1395730800000,"direction":1,"garage":"POWELL","type":"bus","lastLocID":8034,"messageCode":760,"time":1395756880829,"expires":1395757297000,"signMessageLong":"72  Killingsworth/82nd to Clackamas TC","extraBlockID":null,"locationInScheduleDay":26002,"longitude":-122.5789503,"blockID":7238,"offRoute":false,"nextLocID":8035,"vehicleID":2527,"signMessage":"72 Clackamas TC","extraTripID":null,"nextStopSeq":62,"routeNumber":72,"vehicleLoad":"unknown","bearing":180,"lastStopSeq":61,"inCongestion":false,"delay":-75,"latitude":45.5389506},{"tripID":4417165,"serviceDate":1395730800000,"direction":0,"garage":"CENTER","type":"bus","lastLocID":7390,"messageCode":783,"time":1395756880833,"expires":1395757300000,"signMessageLong":"70  33rd Ave to NE Sunderland","extraBlockID":null,"locationInScheduleDay":26113,"longitude":-122.6306985,"blockID":7002,"offRoute":false,"nextLocID":7375,"vehicleID":2524,"signMessage":"70 To Sunderlnd","extraTripID":null,"nextStopSeq":58,"routeNumber":70,"vehicleLoad":"unknown","bearing":0,"lastStopSeq":57,"inCongestion":false,"delay":33,"latitude":45.5564617},{"tripID":4419087,"serviceDate":1395730800000,"direction":0,"garage":"CENTER","type":"bus","lastLocID":10758,"messageCode":809,"time":1395756859841,"expires":1395757276000,"signMessageLong":"77  Broadway/Halsey to Troutdale","extraBlockID":null,"locationInScheduleDay":26056,"longitude":-122.3942816,"blockID":7701,"offRoute":false,"nextLocID":9472,"vehicleID":2512,"signMessage":"77 To Troutdale","extraTripID":null,"nextStopSeq":101,"routeNumber":77,"vehicleLoad":"unknown","bearing":263,"lastStopSeq":100,"inCongestion":false,"delay":0,"latitude":45.545499},{"tripID":4417872,"serviceDate":1395730800000,"direction":0,"garage":"POWELL","type":"bus","lastLocID":8052,"messageCode":768,"time":1395756865890,"expires":1395757283000,"signMessageLong":"72  Killingsworth/82nd to Swan Island-Shipyards","extraBlockID":null,"locationInScheduleDay":25764,"longitude":-122.5787244,"blockID":7239,"offRoute":false,"nextLocID":8061,"vehicleID":2540,"signMessage":"72 Swan Island","extraTripID":null,"nextStopSeq":31,"routeNumber":72,"vehicleLoad":"unknown","bearing":0,"lastStopSeq":30,"inCongestion":false,"delay":-299,"latitude":45.4999528},{"tripID":4418199,"serviceDate":1395730800000,"direction":1,"garage":"POWELL","type":"bus","lastLocID":3144,"messageCode":760,"time":1395756884045,"expires":1395757301000,"signMessageLong":"72  Killingsworth/82nd to Clackamas TC","extraBlockID":null,"locationInScheduleDay":26128,"longitude":-122.6145337,"blockID":7240,"offRoute":false,"nextLocID":3202,"vehicleID":2533,"signMessage":"72 Clackamas TC","extraTripID":null,"nextStopSeq":42,"routeNumber":72,"vehicleLoad":"unknown","bearing":90,"lastStopSeq":41,"inCongestion":false,"delay":47,"latitude":45.5627844},{"tripID":4417874,"serviceDate":1395730800000,"direction":0,"garage":"POWELL","type":"bus","lastLocID":7920,"messageCode":768,"time":1395756875393,"expires":1395757293000,"signMessageLong":"72  Killingsworth/82nd to Swan Island-Shipyards","extraBlockID":null,"locationInScheduleDay":26058,"longitude":-122.5789213,"blockID":7249,"offRoute":false,"nextLocID":7918,"vehicleID":2558,"signMessage":"72 Swan Island","extraTripID":null,"nextStopSeq":5,"routeNumber":72,"vehicleLoad":"unknown","bearing":0,"lastStopSeq":4,"inCongestion":false,"delay":-15,"latitude":45.4436484},{"tripID":4418196,"serviceDate":1395730800000,"direction":1,"garage":"POWELL","type":"bus","lastLocID":8048,"messageCode":760,"time":1395756880972,"expires":1395757297000,"signMessageLong":"72  Killingsworth/82nd to Clackamas TC","extraBlockID":null,"locationInScheduleDay":25996,"longitude":-122.5790811,"blockID":7236,"offRoute":false,"nextLocID":7929,"vehicleID":2552,"signMessage":"72 Clackamas TC","extraTripID":null,"nextStopSeq":73,"routeNumber":72,"vehicleLoad":"unknown","bearing":179,"lastStopSeq":72,"inCongestion":false,"delay":-81,"latitude":45.5192953},{"tripID":4417868,"serviceDate":1395730800000,"direction":0,"garage":"POWELL","type":"bus","lastLocID":1044,"messageCode":768,"time":1395756878238,"expires":1395757294000,"signMessageLong":"72  Killingsworth/82nd to Swan Island-Shipyards","extraBlockID":null,"locationInScheduleDay":25732,"longitude":-122.7122024,"blockID":7242,"offRoute":false,"nextLocID":1043,"vehicleID":2548,"signMessage":"72 Swan Island","extraTripID":null,"nextStopSeq":115,"routeNumber":72,"vehicleLoad":"unknown","bearing":127,"lastStopSeq":114,"inCongestion":false,"delay":-342,"latitude":45.5605599},{"tripID":4411315,"serviceDate":1395730800000,"direction":0,"garage":"POWELL","type":"bus","lastLocID":3635,"messageCode":266,"time":1395756878209,"expires":1395757296000,"signMessageLong":"14  Hawthorne to 94th & Foster","extraBlockID":null,"locationInScheduleDay":25853,"longitude":-122.6755218,"blockID":1435,"offRoute":false,"nextLocID":2641,"vehicleID":2316,"signMessage":"14 To 94-Foster","extraTripID":null,"nextStopSeq":3,"routeNumber":14,"vehicleLoad":"unknown","bearing":109,"lastStopSeq":2,"inCongestion":false,"delay":-223,"latitude":45.5144395},{"tripID":4413879,"serviceDate":1395730800000,"direction":1,"garage":"CENTER","type":"bus","lastLocID":3797,"messageCode":466,"time":1395756848210,"expires":1395757265000,"signMessageLong":"31  Portland","extraBlockID":null,"locationInScheduleDay":25786,"longitude":-122.6413441,"blockID":1403,"offRoute":false,"nextLocID":3785,"vehicleID":2725,"signMessage":"31 To Portland","extraTripID":null,"nextStopSeq":32,"routeNumber":31,"vehicleLoad":"unknown","bearing":350,"lastStopSeq":31,"inCongestion":false,"delay":-259,"latitude":45.4783622},{"tripID":4419088,"serviceDate":1395730800000,"direction":0,"garage":"CENTER","type":"bus","lastLocID":2408,"messageCode":809,"time":1395756859848,"expires":1395757277000,"signMessageLong":"77  Broadway/Halsey to Troutdale","extraBlockID":null,"locationInScheduleDay":26201,"longitude":-122.4656841,"blockID":7705,"offRoute":false,"nextLocID":2409,"vehicleID":2720,"signMessage":"77 To Troutdale","extraTripID":null,"nextStopSeq":82,"routeNumber":77,"vehicleLoad":"unknown","bearing":90,"lastStopSeq":81,"inCongestion":false,"delay":144,"latitude":45.5336604},{"tripID":4411563,"serviceDate":1395730800000,"direction":1,"garage":"CENTER","type":"bus","lastLocID":12917,"messageCode":268,"time":1395756865872,"expires":1395757282000,"signMessageLong":"14  Hawthorne to Portland","extraBlockID":null,"locationInScheduleDay":25988,"longitude":-122.6114823,"blockID":1404,"offRoute":false,"nextLocID":7658,"vehicleID":2718,"signMessage":"14 To Portland","extraTripID":null,"nextStopSeq":24,"routeNumber":14,"vehicleLoad":"unknown","bearing":356,"lastStopSeq":23,"inCongestion":false,"delay":-74,"latitude":45.510591},{"tripID":4417320,"serviceDate":1395730800000,"direction":1,"garage":"CENTER","type":"bus","lastLocID":9368,"messageCode":788,"time":1395756878029,"expires":1395757295000,"signMessageLong":"70  12th/NE 33rd Ave to Milwaukie","extraBlockID":null,"locationInScheduleDay":26075,"longitude":-122.6357648,"blockID":7007,"offRoute":false,"nextLocID":9414,"vehicleID":2709,"signMessage":"70 To Milwaukie","extraTripID":null,"nextStopSeq":2,"routeNumber":70,"vehicleLoad":"unknown","bearing":180,"lastStopSeq":1,"inCongestion":false,"delay":0,"latitude":45.5898735},{"tripID":4417168,"serviceDate":1395730800000,"direction":0,"garage":"CENTER","type":"bus","lastLocID":13477,"messageCode":781,"time":1395756859822,"expires":1395757279000,"signMessageLong":"70  12th/NE 33rd Ave to NE Sunderland via 17th & Tacoma","extraBlockID":null,"locationInScheduleDay":26059,"longitude":-122.6407309,"blockID":7001,"offRoute":false,"nextLocID":8225,"vehicleID":2704,"signMessage":"70 To Sunderland via 17th","extraTripID":null,"nextStopSeq":2,"routeNumber":70,"vehicleLoad":"unknown","bearing":81,"lastStopSeq":1,"inCongestion":false,"delay":0,"latitude":45.4448667},{"tripID":4417317,"serviceDate":1395730800000,"direction":1,"garage":"CENTER","type":"bus","lastLocID":8937,"messageCode":789,"time":1395756865861,"expires":1395757284000,"signMessageLong":"70  12th Ave to Milwaukie via 17th & Tacoma","extraBlockID":null,"locationInScheduleDay":26160,"longitude":-122.6548037,"blockID":7003,"offRoute":false,"nextLocID":6583,"vehicleID":2705,"signMessage":"70 To Milw via 17","extraTripID":null,"nextStopSeq":45,"routeNumber":70,"vehicleLoad":"unknown","bearing":90,"lastStopSeq":44,"inCongestion":false,"delay":96,"latitude":45.5299993},{"tripID":4417167,"serviceDate":1395730800000,"direction":0,"garage":"CENTER","type":"bus","lastLocID":839,"messageCode":782,"time":1395756859798,"expires":1395757278000,"signMessageLong":"70  12th/NE 33rd Ave to NE Sunderland via 13th & Tacoma","extraBlockID":null,"locationInScheduleDay":25978,"longitude":-122.6489187,"blockID":7004,"offRoute":false,"nextLocID":6856,"vehicleID":2701,"signMessage":"70 To Sunderland via 13th","extraTripID":null,"nextStopSeq":16,"routeNumber":70,"vehicleLoad":"unknown","bearing":88,"lastStopSeq":15,"inCongestion":false,"delay":-80,"latitude":45.4737142},{"tripID":4419225,"serviceDate":1395730800000,"direction":1,"garage":"CENTER","type":"bus","lastLocID":10867,"messageCode":813,"time":1395756880967,"expires":1395757300000,"signMessageLong":"77  Broadway/Halsey to Montgomery Park","extraBlockID":null,"locationInScheduleDay":26022,"longitude":-122.6569701,"blockID":7704,"offRoute":false,"nextLocID":10876,"vehicleID":2614,"signMessage":"77 Montgomry Pk","extraTripID":null,"nextStopSeq":83,"routeNumber":77,"vehicleLoad":"unknown","bearing":270,"lastStopSeq":82,"inCongestion":false,"delay":-58,"latitude":45.5314971},{"tripID":4411564,"serviceDate":1395730800000,"direction":1,"garage":"CENTER","type":"bus","lastLocID":7656,"messageCode":268,"time":1395756878188,"expires":1395757295000,"signMessageLong":"14  Hawthorne to Portland","extraBlockID":null,"locationInScheduleDay":26160,"longitude":-122.6113718,"blockID":1401,"offRoute":false,"nextLocID":7665,"vehicleID":2608,"signMessage":"14 To Portland","extraTripID":null,"nextStopSeq":19,"routeNumber":14,"vehicleLoad":"unknown","bearing":0,"lastStopSeq":18,"inCongestion":false,"delay":85,"latitude":45.4980094},{"tripID":4419228,"serviceDate":1395730800000,"direction":1,"garage":"CENTER","type":"bus","lastLocID":2331,"messageCode":813,"time":1395756848302,"expires":1395757267000,"signMessageLong":"77  Broadway/Halsey to Montgomery Park","extraBlockID":null,"locationInScheduleDay":25900,"longitude":-122.4257132,"blockID":7703,"offRoute":false,"nextLocID":2419,"vehicleID":2630,"signMessage":"77 Montgomry Pk","extraTripID":null,"nextStopSeq":11,"routeNumber":77,"vehicleLoad":"unknown","bearing":259,"lastStopSeq":10,"inCongestion":false,"delay":-147,"latitude":45.5361598},{"tripID":4419090,"serviceDate":1395730800000,"direction":0,"garage":"CENTER","type":"bus","lastLocID":6227,"messageCode":809,"time":1395756865949,"expires":1395757283000,"signMessageLong":"77  Broadway/Halsey to Troutdale","extraBlockID":null,"locationInScheduleDay":26119,"longitude":-122.6452791,"blockID":7706,"offRoute":false,"nextLocID":6235,"vehicleID":2632,"signMessage":"77 To Troutdale","extraTripID":null,"nextStopSeq":26,"routeNumber":77,"vehicleLoad":"unknown","bearing":90,"lastStopSeq":25,"inCongestion":false,"delay":56,"latitude":45.5343075},{"tripID":4417870,"serviceDate":1395730800000,"direction":0,"garage":"POWELL","type":"bus","lastLocID":3201,"messageCode":768,"time":1395756865802,"expires":1395757284000,"signMessageLong":"72  Killingsworth/82nd to Swan Island-Shipyards","extraBlockID":null,"locationInScheduleDay":25819,"longitude":-122.618709,"blockID":7237,"offRoute":false,"nextLocID":3200,"vehicleID":3004,"signMessage":"72 Swan Island","extraTripID":null,"nextStopSeq":74,"routeNumber":72,"vehicleLoad":"unknown","bearing":270,"lastStopSeq":73,"inCongestion":false,"delay":-245,"latitude":45.5628053},{"tripID":4417873,"serviceDate":1395730800000,"direction":0,"garage":"POWELL","type":"bus","lastLocID":8029,"messageCode":766,"time":1395756865860,"expires":1395757282000,"signMessageLong":"72  Killingsworth/82nd to Swan Island-Anchor St","extraBlockID":null,"locationInScheduleDay":26087,"longitude":-122.578905,"blockID":7241,"offRoute":false,"nextLocID":8040,"vehicleID":3048,"signMessage":"72 Swan Island","extraTripID":null,"nextStopSeq":24,"routeNumber":72,"vehicleLoad":"unknown","bearing":1,"lastStopSeq":23,"inCongestion":false,"delay":25,"latitude":45.4863826},{"tripID":4418201,"serviceDate":1395730800000,"direction":1,"garage":"POWELL","type":"bus","lastLocID":3158,"messageCode":760,"time":1395756863070,"expires":1395757281000,"signMessageLong":"72  Killingsworth/82nd to Clackamas TC","extraBlockID":null,"locationInScheduleDay":26117,"longitude":-122.6845203,"blockID":7235,"offRoute":false,"nextLocID":3169,"vehicleID":3053,"signMessage":"72 Clackamas TC","extraTripID":null,"nextStopSeq":12,"routeNumber":72,"vehicleLoad":"unknown","bearing":90,"lastStopSeq":11,"inCongestion":false,"delay":56,"latitude":45.5626751},{"tripID":4417871,"serviceDate":1395730800000,"direction":0,"garage":"POWELL","type":"bus","lastLocID":7933,"messageCode":766,"time":1395756848172,"expires":1395757265000,"signMessageLong":"72  Killingsworth/82nd to Swan Island-Anchor St","extraBlockID":null,"locationInScheduleDay":26107,"longitude":-122.5786942,"blockID":7245,"offRoute":false,"nextLocID":8039,"vehicleID":3052,"signMessage":"72 Swan Island","extraTripID":null,"nextStopSeq":58,"routeNumber":72,"vehicleLoad":"unknown","bearing":0,"lastStopSeq":57,"inCongestion":false,"delay":62,"latitude":45.5521999},{"tripID":4419091,"serviceDate":1395730800000,"direction":0,"garage":"POWELL","type":"bus","lastLocID":7114,"messageCode":809,"time":1395756878043,"expires":1395757295000,"signMessageLong":"77  Broadway/Halsey to Troutdale","extraBlockID":null,"locationInScheduleDay":26006,"longitude":-122.6944404,"blockID":7734,"offRoute":false,"nextLocID":7112,"vehicleID":3046,"signMessage":"77 To Troutdale","extraTripID":null,"nextStopSeq":10,"routeNumber":77,"vehicleLoad":"unknown","bearing":178,"lastStopSeq":9,"inCongestion":false,"delay":-69,"latitude":45.5266489},{"tripID":4419226,"serviceDate":1395730800000,"direction":1,"garage":"POWELL","type":"bus","lastLocID":2428,"messageCode":813,"time":1395756838604,"expires":1395757255000,"signMessageLong":"77  Broadway/Halsey to Montgomery Park","extraBlockID":null,"locationInScheduleDay":25948,"longitude":-122.6125182,"blockID":7738,"offRoute":false,"nextLocID":2425,"vehicleID":3035,"signMessage":"77 Montgomry Pk","extraTripID":null,"nextStopSeq":64,"routeNumber":77,"vehicleLoad":"unknown","bearing":270,"lastStopSeq":63,"inCongestion":false,"delay":-87,"latitude":45.5337509},{"tripID":4411314,"serviceDate":1395730800000,"direction":0,"garage":"POWELL","type":"bus","lastLocID":12947,"messageCode":266,"time":1395756878003,"expires":1395757296000,"signMessageLong":"14  Hawthorne to 94th & Foster","extraBlockID":null,"locationInScheduleDay":26162,"longitude":-122.5982668,"blockID":1434,"offRoute":false,"nextLocID":10196,"vehicleID":3027,"signMessage":"14 To 94-Foster","extraTripID":null,"nextStopSeq":34,"routeNumber":14,"vehicleLoad":"unknown","bearing":120,"lastStopSeq":33,"inCongestion":false,"delay":86,"latitude":45.4902739},{"tripID":4418195,"serviceDate":1395730800000,"direction":1,"garage":"POWELL","type":"bus","lastLocID":7996,"messageCode":760,"time":1395756878006,"expires":1395757296000,"signMessageLong":"72  Killingsworth/82nd to Clackamas TC","extraBlockID":null,"locationInScheduleDay":25939,"longitude":-122.5791078,"blockID":7243,"offRoute":false,"nextLocID":7988,"vehicleID":3025,"signMessage":"72 Clackamas TC","extraTripID":null,"nextStopSeq":103,"routeNumber":72,"vehicleLoad":"unknown","bearing":179,"lastStopSeq":102,"inCongestion":false,"delay":-137,"latitude":45.4570057},{"tripID":4419227,"serviceDate":1395730800000,"direction":1,"garage":"CENTER","type":"bus","lastLocID":2361,"messageCode":813,"time":1395756859870,"expires":1395757276000,"signMessageLong":"77  Broadway/Halsey to Montgomery Park","extraBlockID":null,"locationInScheduleDay":25973,"longitude":-122.5444096,"blockID":7702,"offRoute":false,"nextLocID":6226,"vehicleID":2005,"signMessage":"77 Montgomry Pk","extraTripID":null,"nextStopSeq":42,"routeNumber":77,"vehicleLoad":"unknown","bearing":269,"lastStopSeq":41,"inCongestion":false,"delay":-83,"latitude":45.5335153}],"queryTime":1395756888870}}
