{"resultSet":{"vehicle":[{"tripID":4411566,"serviceDate":1395730800000,"direction":1,"garage":"POWELL","type":"bus","lastLocID":2619,"messageCode":268,"time":1395758621181,"expires":1395759037000,"signMessageLong":"14  Hawthorne to Portland","extraBlockID":null,"locationInScheduleDay":27834,"longitude":-122.6336044,"blockID":1436,"offRoute":false,"nextLocID":2616,"vehicleID":2206,"signMessage":"14 To Portland","extraTripID":null,"nextStopSeq":32,"routeNumber":14,"vehicleLoad":"unknown","bearing":270,"lastStopSeq":31,"inCongestion":false,"delay":17,"latitude":45.512066},{"tripID":4419089,"serviceDate":1395730800000,"direction":0,"garage":"POWELL","type":"bus","lastLocID":2345,"messageCode":809,"time":1395758611827,"expires":1395759031000,"signMessageLong":"77  Broadway/Halsey to Troutdale","extraBlockID":null,"locationInScheduleDay":27881,"longitude":-122.3946703,"blockID":7735,"offRoute":false,"nextLocID":13532,"vehicleID":2222,"signMessage":"77 To Troutdale","extraTripID":null,"nextStopSeq":98,"routeNumber":77,"vehicleLoad":"unknown","bearing":74,"lastStopSeq":97,"inCongestion":false,"delay":70,"latitude":45.5393075},{"tripID":4419092,"serviceDate":1395730800000,"direction":0,"garage":"POWELL","type":"bus","lastLocID":11817,"messageCode":809,"time":1395758599985,"expires":1395759019000,"signMessageLong":"77  Broadway/Halsey to Troutdale","extraBlockID":null,"locationInScheduleDay":27733,"longitude":-122.6652817,"blockID":7736,"offRoute":false,"nextLocID":13708,"vehicleID":2221,"signMessage":"77 To Troutdale","extraTripID":null,"nextStopSeq":20,"routeNumber":77,"vehicleLoad":"unknown","bearing":90,"lastStopSeq":19,"inCongestion":false,"delay":-66,"latitude":45.5307992},{"tripID":4411565,"serviceDate":1395730800000,"direction":1,"garage":"POWELL","type":"bus","lastLocID":3637,"messageCode":268,"time":1395758615516,"expires":1395759034000,"signMessageLong":"14  Hawthorne to Portland","extraBlockID":null,"locationInScheduleDay":27780,"longitude":-122.6545542,"blockID":1438,"offRoute":false,"nextLocID":3641,"vehicleID":2220,"signMessage":"14 To Portland","extraTripID":null,"nextStopSeq":40,"routeNumber":14,"vehicleLoad":"unknown","bearing":270,"lastStopSeq":39,"inCongestion":false,"delay":-34,"latitude":45.5129288},{"tripID":4418202,"serviceDate":1395730800000,"direction":1,"garage":"POWELL","type":"bus","lastLocID":3148,"messageCode":760,"time":1395758561192,"expires":1395758979000,"signMessageLong":"72  Killingsworth/82nd to Clackamas TC","extraBlockID":null,"locationInScheduleDay":27880,"longitude":-122.5955942,"blockID":7248,"offRoute":false,"nextLocID":10600,"vehicleID":2215,"signMessage":"72 Clackamas TC","extraTripID":null,"nextStopSeq":48,"routeNumber":72,"vehicleLoad":"unknown","bearing":91,"lastStopSeq":47,"inCongestion":false,"delay":121,"latitude":45.5627344},{"tripID":4411316,"serviceDate":1395730800000,"direction":0,"garage":"POWELL","type":"bus","lastLocID":7666,"messageCode":266,"time":1395758606543,"expires":1395759024000,"signMessageLong":"14  Hawthorne to 94th & Foster","extraBlockID":null,"locationInScheduleDay":27827,"longitude":-122.6113719,"blockID":1437,"offRoute":false,"nextLocID":1792,"vehicleID":2264,"signMessage":"14 To 94-Foster","extraTripID":null,"nextStopSeq":29,"routeNumber":14,"vehicleLoad":"unknown","bearing":180,"lastStopSeq":28,"inCongestion":false,"delay":23,"latitude":45.4979733},{"tripID":4418200,"serviceDate":1395730800000,"direction":1,"garage":"POWELL","type":"bus","lastLocID":7932,"messageCode":760,"time":1395758618284,"expires":1395759035000,"signMessageLong":"72  Killingsworth/82nd to Clackamas TC","extraBlockID":null,"locationInScheduleDay":27805,"longitude":-122.5790503,"blockID":7247,"offRoute":false,"nextLocID":7973,"vehicleID":2250,"signMessage":"72 Clackamas TC","extraTripID":null,"nextStopSeq":68,"routeNumber":72,"vehicleLoad":"unknown","bearing":180,"lastStopSeq":67,"inCongestion":false,"delay":-10,"latitude":45.5288075},{"tripID":4417876,"serviceDate":1395730800000,"direction":0,"garage":"POWELL","type":"bus","lastLocID":7964,"messageCode":766,"time":1395758609199,"expires":1395759027000,"signMessageLong":"72  Killingsworth/82nd to Swan Island-Anchor St","extraBlockID":null,"locationInScheduleDay":27725,"longitude":-122.5789265,"blockID":7250,"offRoute":false,"nextLocID":8029,"vehicleID":2242,"signMessage":"72 Swan Island","extraTripID":null,"nextStopSeq":23,"routeNumber":72,"vehicleLoad":"unknown","bearing":0,"lastStopSeq":22,"inCongestion":false,"delay":-82,"latitude":45.48559},{"tripID":4418198,"serviceDate":1395730800000,"direction":1,"garage":"POWELL","type":"bus","lastLocID":7963,"messageCode":760,"time":1395758611832,"expires":1395759031000,"signMessageLong":"72  Killingsworth/82nd to Clackamas TC","extraBlockID":null,"locationInScheduleDay":27809,"longitude":-122.5790516,"blockID":7246,"offRoute":false,"nextLocID":7994,"vehicleID":2296,"signMessage":"72 Clackamas TC","extraTripID":null,"nextStopSeq":98,"routeNumber":72,"vehicleLoad":"unknown","bearing":180,"lastStopSeq":97,"inCongestion":false,"delay":-2,"latitude":45.4671402},{"tripID":4419093,"serviceDate":1395730800000,"direction":0,"garage":"POWELL","type":"bus","lastLocID":7127,"messageCode":809,"time":1395758615615,"expires":1395759033000,"signMessageLong":"77  Broadway/Halsey to Troutdale","extraBlockID":null,"locationInScheduleDay":27922,"longitude":-122.6946144,"blockID":7737,"offRoute":false,"nextLocID":7121,"vehicleID":2285,"signMessage":"77 To Troutdale","extraTripID":null,"nextStopSeq":8,"routeNumber":77,"vehicleLoad":"unknown","bearing":178,"lastStopSeq":7,"inCongestion":false,"delay":109,"latitude":45.5313876},{"tripID":4418205,"serviceDate":1395730800000,"direction":1,"garage":"POWELL","type":"bus","lastLocID":115,"messageCode":760,"time":1395758603313,"expires":1395759022000,"signMessageLong":"72  Killingsworth/82nd to Clackamas TC","extraBlockID":null,"locationInScheduleDay":28083,"longitude":-122.703766,"blockID":7252,"offRoute":false,"nextLocID":8681,"vehicleID":2283,"signMessage":"72 Clackamas TC","extraTripID":null,"nextStopSeq":2,"routeNumber":72,"vehicleLoad":"unknown","bearing":147,"lastStopSeq":1,"inCongestion":false,"delay":281,"latitude":45.5566154},{"tripID":4418204,"serviceDate":1395730800000,"direction":1,"garage":"POWELL","type":"bus","lastLocID":3158,"messageCode":760,"time":1395758600054,"expires":1395759017000,"signMessageLong":"72  Killingsworth/82nd to Clackamas TC","extraBlockID":null,"locationInScheduleDay":27793,"longitude":-122.6828461,"blockID":7244,"offRoute":false,"nextLocID":3169,"vehicleID":2276,"signMessage":"72 Clackamas TC","extraTripID":null,"nextStopSeq":12,"routeNumber":72,"vehicleLoad":"unknown","bearing":90,"lastStopSeq":11,"inCongestion":false,"delay":-4,"latitude":45.5626617},{"tripID":4411567,"serviceDate":1395730800000,"direction":1,"garage":"POWELL","type":"bus","lastLocID":13734,"messageCode":268,"time":1395758576330,"expires":1395758992000,"signMessageLong":"14  Hawthorne to Portland","extraBlockID":null,"locationInScheduleDay":27816,"longitude":-122.6148004,"blockID":1439,"offRoute":false,"nextLocID":2632,"vehicleID":2275,"signMessage":"14 To Portland","extraTripID":null,"nextStopSeq":26,"routeNumber":14,"vehicleLoad":"unknown","bearing":269,"lastStopSeq":25,"inCongestion":false,"delay":44,"latitude":45.5120275},{"tripID":4417318,"serviceDate":1395730800000,"direction":1,"garage":"CENTER","type":"bus","lastLocID":6553,"messageCode":790,"time":1395758611800,"expires":1395759031000,"signMessageLong":"70  12th Ave to Milwaukie via 13th & Tacoma","extraBlockID":null,"locationInScheduleDay":27883,"longitude":-122.6547393,"blockID":7005,"offRoute":false,"nextLocID":6545,"vehicleID":2132,"signMessage":"70 To Milw via 13","extraTripID":null,"nextStopSeq":55,"routeNumber":70,"vehicleLoad":"unknown","bearing":180,"lastStopSeq":54,"inCongestion":false,"delay":72,"latitude":45.5061566},{"tripID":4413880,"serviceDate":1395730800000,"direction":1,"garage":"CENTER","type":"bus","lastLocID":11956,"messageCode":467,"time":1395758603159,"expires":1395759020000,"signMessageLong":"31  Downtown Only","extraBlockID":null,"locationInScheduleDay":27489,"longitude":-122.679876,"blockID":3002,"offRoute":false,"nextLocID":7800,"vehicleID":2134,"signMessage":"31 Downtown Only","extraTripID":null,"nextStopSeq":5,"routeNumber":31,"vehicleLoad":"unknown","bearing":290,"lastStopSeq":4,"inCongestion":false,"delay":-311,"latitude":45.5163612},{"tripID":4417166,"serviceDate":1395730800000,"direction":0,"garage":"CENTER","type":"bus","lastLocID":1115,"messageCode":783,"time":1395758555148,"expires":1395758972000,"signMessageLong":"70  33rd Ave to NE Sunderland","extraBlockID":null,"locationInScheduleDay":27506,"longitude":-122.6414616,"blockID":7006,"offRoute":false,"nextLocID":8498,"vehicleID":2150,"signMessage":"70 To Sunderlnd","extraTripID":null,"nextStopSeq":67,"routeNumber":70,"vehicleLoad":"unknown","bearing":287,"lastStopSeq":66,"inCongestion":false,"delay":-246,"latitude":45.5759893},{"tripID":4417170,"serviceDate":1395730800000,"direction":0,"garage":"CENTER","type":"bus","lastLocID":13477,"messageCode":781,"time":1395758599937,"expires":1395759018000,"signMessageLong":"70  12th/NE 33rd Ave to NE Sunderland via 17th & Tacoma","extraBlockID":null,"locationInScheduleDay":27798,"longitude":-122.6407309,"blockID":7008,"offRoute":false,"nextLocID":8225,"vehicleID":2506,"signMessage":"70 To Sunderland via 17th","extraTripID":null,"nextStopSeq":2,"routeNumber":70,"vehicleLoad":"unknown","bearing":81,"lastStopSeq":1,"inCongestion":false,"delay":0,"latitude":45.4448667},{"tripID":4418197,"serviceDate":1395730800000,"direction":1,"garage":"POWELL","type":"bus","lastLocID":7942,"messageCode":760,"time":1395758621145,"expires":1395759037000,"signMessageLong":"72  Killingsworth/82nd to Clackamas TC","extraBlockID":null,"locationInScheduleDay":27951,"longitude":-122.5740751,"blockID":7238,"offRoute":false,"nextLocID":12921,"vehicleID":2527,"signMessage":"72 Clackamas TC","extraTripID":null,"nextStopSeq":110,"routeNumber":72,"vehicleLoad":"unknown","bearing":91,"lastStopSeq":109,"inCongestion":false,"delay":134,"latitude":45.4374115},{"tripID":4417321,"serviceDate":1395730800000,"direction":1,"garage":"CENTER","type":"bus","lastLocID":9368,"messageCode":788,"time":1395758465212,"expires":1395758882000,"signMessageLong":"70  12th/NE 33rd Ave to Milwaukie","extraBlockID":null,"locationInScheduleDay":27660,"longitude":-122.6357648,"blockID":7002,"offRoute":false,"nextLocID":9414,"vehicleID":2524,"signMessage":"70 To Milwaukie","extraTripID":null,"nextStopSeq":2,"routeNumber":70,"vehicleLoad":"unknown","bearing":180,"lastStopSeq":1,"inCongestion":false,"delay":-2,"latitude":45.5898735},{"tripID":4419230,"serviceDate":1395730800000,"direction":1,"garage":"CENTER","type":"bus","lastLocID":2331,"messageCode":813,"time":1395758477074,"expires":1395758896000,"signMessageLong":"77  Broadway/Halsey to Montgomery Park","extraBlockID":null,"locationInScheduleDay":27789,"longitude":-122.4224983,"blockID":7701,"offRoute":false,"nextLocID":2419,"vehicleID":2512,"signMessage":"77 Montgomry Pk","extraTripID":null,"nextStopSeq":11,"routeNumber":77,"vehicleLoad":"unknown","bearing":259,"lastStopSeq":10,"inCongestion":false,"delay":113,"latitude":45.5365943},{"tripID":4417872,"serviceDate":1395730800000,"direction":0,"garage":"POWELL","type":"bus","lastLocID":64,"messageCode":768,"time":1395758615502,"expires":1395759032000,"signMessageLong":"72  Killingsworth/82nd to Swan Island-Shipyards","extraBlockID":null,"locationInScheduleDay":27724,"longitude":-122.6377806,"blockID":7239,"offRoute":false,"nextLocID":61,"vehicleID":2540,"signMessage":"72 Swan Island","extraTripID":null,"nextStopSeq":84,"routeNumber":72,"vehicleLoad":"unknown","bearing":270,"lastStopSeq":83,"inCongestion":false,"delay":-88,"latitude":45.5590564},{"tripID":4418199,"serviceDate":1395730800000,"direction":1,"garage":"POWELL","type":"bus","lastLocID":8024,"messageCode":760,"time":1395758603234,"expires":1395759022000,"signMessageLong":"72  Killingsworth/82nd to Clackamas TC","extraBlockID":null,"locationInScheduleDay":27840,"longitude":-122.5787393,"blockID":7240,"offRoute":false,"nextLocID":13707,"vehicleID":2533,"signMessage":"72 Clackamas TC","extraTripID":null,"nextStopSeq":84,"routeNumber":72,"vehicleLoad":"unknown","bearing":180,"lastStopSeq":83,"inCongestion":false,"delay":38,"latitude":45.4971097},{"tripID":4417874,"serviceDate":1395730800000,"direction":0,"garage":"POWELL","type":"bus","lastLocID":7999,"messageCode":768,"time":1395758615652,"expires":1395759033000,"signMessageLong":"72  Killingsworth/82nd to Swan Island-Shipyards","extraBlockID":null,"locationInScheduleDay":27780,"longitude":-122.578962,"blockID":7249,"offRoute":false,"nextLocID":8042,"vehicleID":2558,"signMessage":"72 Swan Island","extraTripID":null,"nextStopSeq":49,"routeNumber":72,"vehicleLoad":"unknown","bearing":0,"lastStopSeq":48,"inCongestion":false,"delay":-33,"latitude":45.533614},{"tripID":4418203,"serviceDate":1395730800000,"direction":1,"garage":"POWELL","type":"bus","lastLocID":11722,"messageCode":760,"time":1395758615660,"expires":1395759032000,"signMessageLong":"72  Killingsworth/82nd to Clackamas TC","extraBlockID":null,"locationInScheduleDay":27802,"longitude":-122.6349605,"blockID":7242,"offRoute":false,"nextLocID":7330,"vehicleID":2548,"signMessage":"72 Clackamas TC","extraTripID":null,"nextStopSeq":32,"routeNumber":72,"vehicleLoad":"unknown","bearing":89,"lastStopSeq":31,"inCongestion":false,"delay":-10,"latitude":45.5590446},{"tripID":4411569,"serviceDate":1395730800000,"direction":1,"garage":"POWELL","type":"bus","lastLocID":1815,"messageCode":268,"time":1395758603336,"expires":1395759021000,"signMessageLong":"14  Hawthorne to Portland","extraBlockID":null,"locationInScheduleDay":27894,"longitude":-122.5862056,"blockID":1440,"offRoute":false,"nextLocID":12948,"vehicleID":2308,"signMessage":"14 To Portland","extraTripID":null,"nextStopSeq":8,"routeNumber":14,"vehicleLoad":"unknown","bearing":295,"lastStopSeq":7,"inCongestion":false,"delay":93,"latitude":45.4854934},{"tripID":4411572,"serviceDate":1395730800000,"direction":1,"garage":"POWELL","type":"bus","lastLocID":1831,"messageCode":268,"time":1395758611864,"expires":1395759031000,"signMessageLong":"14  Hawthorne to Portland","extraBlockID":null,"locationInScheduleDay":27811,"longitude":-122.5662917,"blockID":1435,"offRoute":false,"nextLocID":13236,"vehicleID":2316,"signMessage":"14 To Portland","extraTripID":null,"nextStopSeq":2,"routeNumber":14,"vehicleLoad":"unknown","bearing":291,"lastStopSeq":1,"inCongestion":false,"delay":0,"latitude":45.4791765},{"tripID":4419231,"serviceDate":1395730800000,"direction":1,"garage":"CENTER","type":"bus","lastLocID":9481,"messageCode":813,"time":1395758611816,"expires":1395759031000,"signMessageLong":"77  Broadway/Halsey to Montgomery Park","extraBlockID":null,"locationInScheduleDay":27811,"longitude":-122.3982117,"blockID":7705,"offRoute":false,"nextLocID":9471,"vehicleID":2720,"signMessage":"77 Montgomry Pk","extraTripID":null,"nextStopSeq":2,"routeNumber":77,"vehicleLoad":"unknown","bearing":85,"lastStopSeq":1,"inCongestion":false,"delay":0,"latitude":45.5443612},{"tripID":4413881,"serviceDate":1395730800000,"direction":1,"garage":"CENTER","type":"bus","lastLocID":3858,"messageCode":466,"time":1395758621090,"expires":1395759040000,"signMessageLong":"31  Portland","extraBlockID":null,"locationInScheduleDay":27900,"longitude":-122.6489537,"blockID":3101,"offRoute":false,"nextLocID":3837,"vehicleID":2714,"signMessage":"31 To Portland","extraTripID":null,"nextStopSeq":34,"routeNumber":31,"vehicleLoad":"unknown","bearing":305,"lastStopSeq":33,"inCongestion":false,"delay":80,"latitude":45.486629},{"tripID":4417320,"serviceDate":1395730800000,"direction":1,"garage":"CENTER","type":"bus","lastLocID":7368,"messageCode":788,"time":1395758611813,"expires":1395759031000,"signMessageLong":"70  12th/NE 33rd Ave to Milwaukie","extraBlockID":null,"locationInScheduleDay":27813,"longitude":-122.6307143,"blockID":7007,"offRoute":false,"nextLocID":7374,"vehicleID":2709,"signMessage":"70 To Milwaukie","extraTripID":null,"nextStopSeq":25,"routeNumber":70,"vehicleLoad":"unknown","bearing":180,"lastStopSeq":24,"inCongestion":false,"delay":2,"latitude":45.5497025},{"tripID":4417168,"serviceDate":1395730800000,"direction":0,"garage":"CENTER","type":"bus","lastLocID":6576,"messageCode":780,"time":1395758623993,"expires":1395759043000,"signMessageLong":"70  12th/NE 33rd Ave to NE Sunderland","extraBlockID":null,"locationInScheduleDay":27945,"longitude":-122.6536834,"blockID":7001,"offRoute":false,"nextLocID":6585,"vehicleID":2704,"signMessage":"70 To Sunderlnd","extraTripID":null,"nextStopSeq":27,"routeNumber":70,"vehicleLoad":"unknown","bearing":359,"lastStopSeq":26,"inCongestion":false,"delay":122,"latitude":45.5125674},{"tripID":4417317,"serviceDate":1395730800000,"direction":1,"garage":"CENTER","type":"bus","lastLocID":6902,"messageCode":791,"time":1395758621080,"expires":1395759038000,"signMessageLong":"70  To Milwaukie","extraBlockID":null,"locationInScheduleDay":27818,"longitude":-122.6440308,"blockID":7003,"offRoute":false,"nextLocID":6903,"vehicleID":2705,"signMessage":"70 To Milwaukie","extraTripID":null,"nextStopSeq":77,"routeNumber":70,"vehicleLoad":"unknown","bearing":162,"lastStopSeq":76,"inCongestion":false,"delay":0,"latitude":45.4488662},{"tripID":4417167,"serviceDate":1395730800000,"direction":0,"garage":"CENTER","type":"bus","lastLocID":6239,"messageCode":783,"time":1395758621069,"expires":1395759037000,"signMessageLong":"70  33rd Ave to NE Sunderland","extraBlockID":null,"locationInScheduleDay":27799,"longitude":-122.64066,"blockID":7004,"offRoute":false,"nextLocID":636,"vehicleID":2701,"signMessage":"70 To Sunderlnd","extraTripID":null,"nextStopSeq":45,"routeNumber":70,"vehicleLoad":"unknown","bearing":87,"lastStopSeq":44,"inCongestion":false,"delay":-18,"latitude":45.5351569},{"tripID":4419225,"serviceDate":1395730800000,"direction":1,"garage":"CENTER","type":"bus","lastLocID":8483,"messageCode":813,"time":1395758603321,"expires":1395759020000,"signMessageLong":"77  Broadway/Halsey to Montgomery Park","extraBlockID":null,"locationInScheduleDay":27340,"longitude":-122.7069345,"blockID":7704,"offRoute":false,"nextLocID":8484,"vehicleID":2614,"signMessage":"77 Montgomry Pk","extraTripID":null,"nextStopSeq":109,"routeNumber":77,"vehicleLoad":"unknown","bearing":178,"lastStopSeq":108,"inCongestion":false,"delay":0,"latitude":45.5377966},{"tripID":4411317,"serviceDate":1395730800000,"direction":0,"garage":"CENTER","type":"bus","lastLocID":3635,"messageCode":266,"time":1395758609252,"expires":1395759027000,"signMessageLong":"14  Hawthorne to 94th & Foster","extraBlockID":null,"locationInScheduleDay":27832,"longitude":-122.6755785,"blockID":1401,"offRoute":false,"nextLocID":2641,"vehicleID":2608,"signMessage":"14 To 94-Foster","extraTripID":null,"nextStopSeq":3,"routeNumber":14,"vehicleLoad":"unknown","bearing":111,"lastStopSeq":2,"inCongestion":false,"delay":25,"latitude":45.5144546},{"tripID":4417169,"serviceDate":1395730800000,"direction":0,"garage":"CENTER","type":"bus","lastLocID":6693,"messageCode":782,"time":1395758615587,"expires":1395759032000,"signMessageLong":"70  12th/NE 33rd Ave to NE Sunderland via 13th & Tacoma","extraBlockID":null,"locationInScheduleDay":27735,"longitude":-122.6530045,"blockID":7010,"offRoute":false,"nextLocID":6691,"vehicleID":2623,"signMessage":"70 To Sunderland via 13th","extraTripID":null,"nextStopSeq":13,"routeNumber":70,"vehicleLoad":"unknown","bearing":0,"lastStopSeq":12,"inCongestion":false,"delay":-77,"latitude":45.4703475},{"tripID":4419229,"serviceDate":1395730800000,"direction":1,"garage":"CENTER","type":"bus","lastLocID":2379,"messageCode":813,"time":1395758600044,"expires":1395759018000,"signMessageLong":"77  Broadway/Halsey to Montgomery Park","extraBlockID":null,"locationInScheduleDay":27798,"longitude":-122.5268717,"blockID":7707,"offRoute":false,"nextLocID":2375,"vehicleID":2653,"signMessage":"77 Montgomry Pk","extraTripID":null,"nextStopSeq":35,"routeNumber":77,"vehicleLoad":"unknown","bearing":268,"lastStopSeq":34,"inCongestion":false,"delay":0,"latitude":45.533523},{"tripID":4417319,"serviceDate":1395730800000,"direction":1,"garage":"CENTER","type":"bus","lastLocID":4049,"messageCode":788,"time":1395758578974,"expires":1395758996000,"signMessageLong":"70  12th/NE 33rd Ave to Milwaukie","extraBlockID":null,"locationInScheduleDay":27813,"longitude":-122.652065,"blockID":7009,"offRoute":false,"nextLocID":4045,"vehicleID":2626,"signMessage":"70 To Milwaukie","extraTripID":null,"nextStopSeq":42,"routeNumber":70,"vehicleLoad":"unknown","bearing":270,"lastStopSeq":41,"inCongestion":false,"delay":37,"latitude":45.5314865},{"tripID":4419228,"serviceDate":1395730800000,"direction":1,"garage":"CENTER","type":"bus","lastLocID":2451,"messageCode":813,"time":1395758621283,"expires":1395759039000,"signMessageLong":"77  Broadway/Halsey to Montgomery Park","extraBlockID":null,"locationInScheduleDay":27495,"longitude":-122.5870797,"blockID":7703,"offRoute":false,"nextLocID":2445,"vehicleID":2630,"signMessage":"77 Montgomry Pk","extraTripID":null,"nextStopSeq":57,"routeNumber":77,"vehicleLoad":"unknown","bearing":269,"lastStopSeq":56,"inCongestion":false,"delay":-324,"latitude":45.533604},{"tripID":4419090,"serviceDate":1395730800000,"direction":0,"garage":"CENTER","type":"bus","lastLocID":2368,"messageCode":809,"time":1395758615600,"expires":1395759032000,"signMessageLong":"77  Broadway/Halsey to Troutdale","extraBlockID":null,"locationInScheduleDay":27754,"longitude":-122.5322496,"blockID":7706,"offRoute":false,"nextLocID":2370,"vehicleID":2632,"signMessage":"77 To Troutdale","extraTripID":null,"nextStopSeq":64,"routeNumber":77,"vehicleLoad":"unknown","bearing":90,"lastStopSeq":63,"inCongestion":false,"delay":-58,"latitude":45.5335454},{"tripID":4417870,"serviceDate":1395730800000,"direction":0,"garage":"POWELL","type":"bus","lastLocID":1042,"messageCode":768,"time":1395758621002,"expires":1395759038000,"signMessageLong":"72  Killingsworth/82nd to Swan Island-Shipyards","extraBlockID":null,"locationInScheduleDay":27719,"longitude":-122.7040459,"blockID":7237,"offRoute":false,"nextLocID":1041,"vehicleID":3004,"signMessage":"72 Swan Island","extraTripID":null,"nextStopSeq":117,"routeNumber":72,"vehicleLoad":"unknown","bearing":94,"lastStopSeq":116,"inCongestion":false,"delay":0,"latitude":45.5566778},{"tripID":4413882,"serviceDate":1395730800000,"direction":1,"garage":"POWELL","type":"bus","lastLocID":7920,"messageCode":464,"time":1395758618192,"expires":1395759036000,"signMessageLong":"31  To Portland via Milwaukie","extraBlockID":null,"locationInScheduleDay":27798,"longitude":-122.5788957,"blockID":3136,"offRoute":false,"nextLocID":3228,"vehicleID":3007,"signMessage":"31 To Portland","extraTripID":null,"nextStopSeq":4,"routeNumber":31,"vehicleLoad":"unknown","bearing":359,"lastStopSeq":3,"inCongestion":false,"delay":-18,"latitude":45.4467831},{"tripID":4417878,"serviceDate":1395730800000,"direction":0,"garage":"POWELL","type":"bus","lastLocID":7982,"messageCode":766,"time":1395758599913,"expires":1395759018000,"signMessageLong":"72  Killingsworth/82nd to Swan Island-Anchor St","extraBlockID":null,"locationInScheduleDay":27833,"longitude":-122.5790708,"blockID":7251,"offRoute":false,"nextLocID":7970,"vehicleID":3003,"signMessage":"72 Swan Island","extraTripID":null,"nextStopSeq":17,"routeNumber":72,"vehicleLoad":"unknown","bearing":359,"lastStopSeq":16,"inCongestion":false,"delay":35,"latitude":45.4714836},{"tripID":4417873,"serviceDate":1395730800000,"direction":0,"garage":"POWELL","type":"bus","lastLocID":3205,"messageCode":766,"time":1395758609169,"expires":1395759026000,"signMessageLong":"72  Killingsworth/82nd to Swan Island-Anchor St","extraBlockID":null,"locationInScheduleDay":27915,"longitude":-122.6096598,"blockID":7241,"offRoute":false,"nextLocID":3203,"vehicleID":3048,"signMessage":"72 Swan Island","extraTripID":null,"nextStopSeq":72,"routeNumber":72,"vehicleLoad":"unknown","bearing":270,"lastStopSeq":71,"inCongestion":false,"delay":109,"latitude":45.5627586},{"tripID":4418201,"serviceDate":1395730800000,"direction":1,"garage":"POWELL","type":"bus","lastLocID":7966,"messageCode":760,"time":1395758603191,"expires":1395759020000,"signMessageLong":"72  Killingsworth/82nd to Clackamas TC","extraBlockID":null,"locationInScheduleDay":27822,"longitude":-122.5787752,"blockID":7235,"offRoute":false,"nextLocID":7992,"vehicleID":3053,"signMessage":"72 Clackamas TC","extraTripID":null,"nextStopSeq":58,"routeNumber":72,"vehicleLoad":"unknown","bearing":180,"lastStopSeq":57,"inCongestion":false,"delay":22,"latitude":45.5478511},{"tripID":4417871,"serviceDate":1395730800000,"direction":0,"garage":"POWELL","type":"bus","lastLocID":2227,"messageCode":766,"time":1395758615475,"expires":1395759033000,"signMessageLong":"72  Killingsworth/82nd to Swan Island-Anchor St","extraBlockID":null,"locationInScheduleDay":28005,"longitude":-122.694689,"blockID":7245,"offRoute":false,"nextLocID":2202,"vehicleID":3052,"signMessage":"72 Swan Island","extraTripID":null,"nextStopSeq":106,"routeNumber":72,"vehicleLoad":"unknown","bearing":161,"lastStopSeq":105,"inCongestion":false,"delay":192,"latitude":45.5602997},{"tripID":4417875,"serviceDate":1395730800000,"direction":0,"garage":"POWELL","type":"bus","lastLocID":7928,"messageCode":766,"time":1395758606449,"expires":1395759023000,"signMessageLong":"72  Killingsworth/82nd to Swan Island-Anchor St","extraBlockID":null,"locationInScheduleDay":27946,"longitude":-122.5790771,"blockID":7234,"offRoute":false,"nextLocID":8047,"vehicleID":3054,"signMessage":"72 Swan Island","extraTripID":null,"nextStopSeq":40,"routeNumber":72,"vehicleLoad":"unknown","bearing":358,"lastStopSeq":39,"inCongestion":false,"delay":143,"latitude":45.5190995},{"tripID":4419091,"serviceDate":1395730800000,"direction":0,"garage":"POWELL","type":"bus","lastLocID":653,"messageCode":809,"time":1395758618264,"expires":1395759035000,"signMessageLong":"77  Broadway/Halsey to Troutdale","extraBlockID":null,"locationInScheduleDay":27712,"longitude":-122.6149983,"blockID":7734,"offRoute":false,"nextLocID":2426,"vehicleID":3046,"signMessage":"77 To Troutdale","extraTripID":null,"nextStopSeq":39,"routeNumber":77,"vehicleLoad":"unknown","bearing":180,"lastStopSeq":38,"inCongestion":false,"delay":-103,"latitude":45.534718},{"tripID":4419226,"serviceDate":1395730800000,"direction":1,"garage":"POWELL","type":"bus","lastLocID":2099,"messageCode":813,"time":1395758609143,"expires":1395759026000,"signMessageLong":"77  Broadway/Halsey to Montgomery Park","extraBlockID":null,"locationInScheduleDay":27653,"longitude":-122.6944394,"blockID":7738,"offRoute":false,"nextLocID":7113,"vehicleID":3035,"signMessage":"77 Montgomry Pk","extraTripID":null,"nextStopSeq":95,"routeNumber":77,"vehicleLoad":"unknown","bearing":358,"lastStopSeq":94,"inCongestion":false,"delay":-153,"latitude":45.5266204},{"tripID":4411570,"serviceDate":1395730800000,"direction":1,"garage":"POWELL","type":"bus","lastLocID":13236,"messageCode":268,"time":1395758618212,"expires":1395759036000,"signMessageLong":"14  Hawthorne to Portland","extraBlockID":null,"locationInScheduleDay":27862,"longitude":-122.5675341,"blockID":1434,"offRoute":false,"nextLocID":1829,"vehicleID":3027,"signMessage":"14 To Portland","extraTripID":null,"nextStopSeq":3,"routeNumber":14,"vehicleLoad":"unknown","bearing":291,"lastStopSeq":2,"inCongestion":false,"delay":46,"latitude":45.4795188},{"tripID":4417877,"serviceDate":1395730800000,"direction":0,"garage":"POWELL","type":"bus","lastLocID":7918,"messageCode":766,"time":1395758618213,"expires":1395759036000,"signMessageLong":"72  Killingsworth/82nd to Swan Island-Anchor St","extraBlockID":null,"locationInScheduleDay":27774,"longitude":-122.5789968,"blockID":7243,"offRoute":false,"nextLocID":7968,"vehicleID":3025,"signMessage":"72 Swan Island","extraTripID":null,"nextStopSeq":6,"routeNumber":72,"vehicleLoad":"unknown","bearing":358,"lastStopSeq":5,"inCongestion":false,"delay":-42,"latitude":45.4487408},{"tripID":4419227,"serviceDate":1395730800000,"direction":1,"garage":"CENTER","type":"bus","lastLocID":631,"messageCode":813,"time":1395758609189,"expires":1395759026000,"signMessageLong":"77  Broadway/Halsey to Montgomery Park","extraBlockID":null,"locationInScheduleDay":27802,"longitude":-122.6513319,"blockID":7702,"offRoute":false,"nextLocID":629,"vehicleID":2005,"signMessage":"77 Montgomry Pk","extraTripID":null,"nextStopSeq":81,"routeNumber":77,"vehicleLoad":"unknown","bearing":270,"lastStopSeq":80,"inCongestion":false,"delay":-4,"latitude":45.535041},{"tripID":4411568,"serviceDate":1395730800000,"direction":1,"garage":"CENTER","type":"bus","lastLocID":1793,"messageCode":268,"time":1395758588574,"expires":1395759004000,"signMessageLong":"14  Hawthorne to Portland","extraBlockID":null,"locationInScheduleDay":27835,"longitude":-122.6113722,"blockID":1402,"offRoute":false,"nextLocID":7656,"vehicleID":2014,"signMessage":"14 To Portland","extraTripID":null,"nextStopSeq":18,"routeNumber":14,"vehicleLoad":"unknown","bearing":0,"lastStopSeq":17,"inCongestion":false,"delay":51,"latitude":45.4977835}],"queryTime":1395758628937}}
