{"resultSet":{"vehicle":[{"tripID":4417863,"serviceDate":1395730800000,"direction":0,"garage":"POWELL","type":"bus","lastLocID":7946,"messageCode":768,"time":1395748222633,"expires":1395748640000,"signMessageLong":"72  Killingsworth/82nd to Swan Island-Shipyards","extraBlockID":null,"locationInScheduleDay":17467,"longitude":-122.5790518,"blockID":7234,"offRoute":false,"nextLocID":7953,"vehicleID":3054,"signMessage":"72 Swan Island","extraTripID":null,"nextStopSeq":13,"routeNumber":72,"vehicleLoad":"unknown","bearing":359,"lastStopSeq":12,"inCongestion":false,"delay":47,"latitude":45.464116}],"queryTime":1395748248534}}
