{"resultSet":{"vehicle":[{"tripID":4411559,"serviceDate":1395730800000,"direction":1,"garage":"POWELL","type":"bus","lastLocID":2611,"messageCode":268,"time":1395753679875,"expires":1395754099000,"signMessageLong":"14  Hawthorne to Portland","extraBlockID":null,"locationInScheduleDay":22906,"longitude":-122.6423915,"blockID":1436,"offRoute":false,"nextLocID":2609,"vehicleID":2206,"signMessage":"14 To Portland","extraTripID":null,"nextStopSeq":35,"routeNumber":14,"vehicleLoad":"unknown","bearing":269,"lastStopSeq":34,"inCongestion":false,"delay":27,"latitude":45.5120893},{"tripID":4419089,"serviceDate":1395730800000,"direction":0,"garage":"POWELL","type":"bus","lastLocID":8484,"messageCode":809,"time":1395753699601,"expires":1395754117000,"signMessageLong":"77  Broadway/Halsey to Troutdale","extraBlockID":null,"locationInScheduleDay":22897,"longitude":-122.7069049,"blockID":7735,"offRoute":false,"nextLocID":8385,"vehicleID":2222,"signMessage":"77 To Troutdale","extraTripID":null,"nextStopSeq":2,"routeNumber":77,"vehicleLoad":"unknown","bearing":178,"lastStopSeq":1,"inCongestion":false,"delay":0,"latitude":45.5370429},{"tripID":4419223,"serviceDate":1395730800000,"direction":1,"garage":"POWELL","type":"bus","lastLocID":2457,"messageCode":813,"time":1395753699503,"expires":1395754117000,"signMessageLong":"77  Broadway/Halsey to Montgomery Park","extraBlockID":null,"locationInScheduleDay":22618,"longitude":-122.5785476,"blockID":7736,"offRoute":false,"nextLocID":10846,"vehicleID":2221,"signMessage":"77 Montgomry Pk","extraTripID":null,"nextStopSeq":52,"routeNumber":77,"vehicleLoad":"unknown","bearing":289,"lastStopSeq":51,"inCongestion":false,"delay":-279,"latitude":45.5339341},{"tripID":4413875,"serviceDate":1395730800000,"direction":1,"garage":"POWELL","type":"bus","lastLocID":7797,"messageCode":467,"time":1395753683167,"expires":1395754102000,"signMessageLong":"31  Downtown Only","extraBlockID":null,"locationInScheduleDay":22957,"longitude":-122.6772688,"blockID":3137,"offRoute":false,"nextLocID":7751,"vehicleID":2258,"signMessage":"31 Downtown Only","extraTripID":null,"nextStopSeq":41,"routeNumber":31,"vehicleLoad":"unknown","bearing":20,"lastStopSeq":40,"inCongestion":false,"delay":75,"latitude":45.5216359},{"tripID":4419224,"serviceDate":1395730800000,"direction":1,"garage":"POWELL","type":"bus","lastLocID":13026,"messageCode":813,"time":1395753695274,"expires":1395754113000,"signMessageLong":"77  Broadway/Halsey to Montgomery Park","extraBlockID":null,"locationInScheduleDay":22855,"longitude":-122.5000214,"blockID":7737,"offRoute":false,"nextLocID":2392,"vehicleID":2285,"signMessage":"77 Montgomry Pk","extraTripID":null,"nextStopSeq":28,"routeNumber":77,"vehicleLoad":"unknown","bearing":269,"lastStopSeq":27,"inCongestion":false,"delay":-38,"latitude":45.533666},{"tripID":4417869,"serviceDate":1395730800000,"direction":0,"garage":"POWELL","type":"bus","lastLocID":8015,"messageCode":766,"time":1395753699652,"expires":1395754115000,"signMessageLong":"72  Killingsworth/82nd to Swan Island-Anchor St","extraBlockID":null,"locationInScheduleDay":22897,"longitude":-122.5791345,"blockID":7244,"offRoute":false,"nextLocID":8017,"vehicleID":2276,"signMessage":"72 Swan Island","extraTripID":null,"nextStopSeq":8,"routeNumber":72,"vehicleLoad":"unknown","bearing":359,"lastStopSeq":7,"inCongestion":false,"delay":2,"latitude":45.4537662},{"tripID":4417163,"serviceDate":1395730800000,"direction":0,"garage":"CENTER","type":"bus","lastLocID":8513,"messageCode":783,"time":1395753685817,"expires":1395754104000,"signMessageLong":"70  33rd Ave to NE Sunderland","extraBlockID":null,"locationInScheduleDay":22920,"longitude":-122.6545979,"blockID":7005,"offRoute":false,"nextLocID":8938,"vehicleID":2132,"signMessage":"70 To Sunderlnd","extraTripID":null,"nextStopSeq":37,"routeNumber":70,"vehicleLoad":"unknown","bearing":0,"lastStopSeq":36,"inCongestion":false,"delay":36,"latitude":45.5298956},{"tripID":4413797,"serviceDate":1395730800000,"direction":0,"garage":"CENTER","type":"bus","lastLocID":7990,"messageCode":457,"time":1395753685813,"expires":1395754103000,"signMessageLong":"31  Clackamas Town Center, continuing to Estacada","extraBlockID":null,"locationInScheduleDay":22928,"longitude":-122.5788933,"blockID":3003,"offRoute":false,"nextLocID":7921,"vehicleID":2119,"signMessage":"31 To Estacada via Clackamas","extraTripID":null,"nextStopSeq":21,"routeNumber":31,"vehicleLoad":"unknown","bearing":179,"lastStopSeq":20,"inCongestion":false,"delay":45,"latitude":45.4465893},{"tripID":4417313,"serviceDate":1395730800000,"direction":1,"garage":"CENTER","type":"bus","lastLocID":6846,"messageCode":738,"time":1395753649988,"expires":1395754067000,"signMessageLong":"70  12th Ave to Milwaukie via 13th & Tacoma","extraBlockID":null,"locationInScheduleDay":22627,"longitude":-122.6483712,"blockID":7006,"offRoute":false,"nextLocID":6862,"vehicleID":2150,"signMessage":"70 To Milwaukie","extraTripID":null,"nextStopSeq":22,"routeNumber":70,"vehicleLoad":"unknown","bearing":180,"lastStopSeq":21,"inCongestion":false,"delay":-220,"latitude":45.485453},{"tripID":4417865,"serviceDate":1395730800000,"direction":0,"garage":"POWELL","type":"bus","lastLocID":2161,"messageCode":768,"time":1395753699428,"expires":1395754115000,"signMessageLong":"72  Killingsworth/82nd to Swan Island-Shipyards","extraBlockID":null,"locationInScheduleDay":22719,"longitude":-122.7011586,"blockID":7238,"offRoute":false,"nextLocID":3315,"vehicleID":2527,"signMessage":"72 Swan Island","extraTripID":null,"nextStopSeq":108,"routeNumber":72,"vehicleLoad":"unknown","bearing":306,"lastStopSeq":107,"inCongestion":false,"delay":-176,"latitude":45.5567943},{"tripID":4417165,"serviceDate":1395730800000,"direction":0,"garage":"CENTER","type":"bus","lastLocID":13477,"messageCode":782,"time":1395753699440,"expires":1395754117000,"signMessageLong":"70  12th/NE 33rd Ave to NE Sunderland via 13th & Tacoma","extraBlockID":null,"locationInScheduleDay":22897,"longitude":-122.6407309,"blockID":7002,"offRoute":false,"nextLocID":8225,"vehicleID":2524,"signMessage":"70 To Sunderland via 13th","extraTripID":null,"nextStopSeq":2,"routeNumber":70,"vehicleLoad":"unknown","bearing":81,"lastStopSeq":1,"inCongestion":false,"delay":0,"latitude":45.4448667},{"tripID":4419087,"serviceDate":1395730800000,"direction":0,"garage":"CENTER","type":"bus","lastLocID":10866,"messageCode":809,"time":1395753695124,"expires":1395754113000,"signMessageLong":"77  Broadway/Halsey to Troutdale","extraBlockID":null,"locationInScheduleDay":22935,"longitude":-122.6562043,"blockID":7701,"offRoute":false,"nextLocID":6216,"vehicleID":2512,"signMessage":"77 To Troutdale","extraTripID":null,"nextStopSeq":23,"routeNumber":77,"vehicleLoad":"unknown","bearing":90,"lastStopSeq":22,"inCongestion":false,"delay":42,"latitude":45.5343501},{"tripID":4418192,"serviceDate":1395730800000,"direction":1,"garage":"POWELL","type":"bus","lastLocID":7945,"messageCode":760,"time":1395753685853,"expires":1395754103000,"signMessageLong":"72  Killingsworth/82nd to Clackamas TC","extraBlockID":null,"locationInScheduleDay":22919,"longitude":-122.5790576,"blockID":7239,"offRoute":false,"nextLocID":7952,"vehicleID":2540,"signMessage":"72 Clackamas TC","extraTripID":null,"nextStopSeq":101,"routeNumber":72,"vehicleLoad":"unknown","bearing":180,"lastStopSeq":100,"inCongestion":false,"delay":36,"latitude":45.4609671},{"tripID":4417866,"serviceDate":1395730800000,"direction":0,"garage":"POWELL","type":"bus","lastLocID":7326,"messageCode":766,"time":1395753683137,"expires":1395754100000,"signMessageLong":"72  Killingsworth/82nd to Swan Island-Anchor St","extraBlockID":null,"locationInScheduleDay":22627,"longitude":-122.6348917,"blockID":7240,"offRoute":false,"nextLocID":64,"vehicleID":2533,"signMessage":"72 Swan Island","extraTripID":null,"nextStopSeq":83,"routeNumber":72,"vehicleLoad":"unknown","bearing":179,"lastStopSeq":82,"inCongestion":false,"delay":-253,"latitude":45.5592338},{"tripID":4417868,"serviceDate":1395730800000,"direction":0,"garage":"POWELL","type":"bus","lastLocID":8023,"messageCode":768,"time":1395753680019,"expires":1395754099000,"signMessageLong":"72  Killingsworth/82nd to Swan Island-Shipyards","extraBlockID":null,"locationInScheduleDay":22860,"longitude":-122.578735,"blockID":7242,"offRoute":false,"nextLocID":8052,"vehicleID":2548,"signMessage":"72 Swan Island","extraTripID":null,"nextStopSeq":30,"routeNumber":72,"vehicleLoad":"unknown","bearing":0,"lastStopSeq":29,"inCongestion":false,"delay":-19,"latitude":45.4978227},{"tripID":4411311,"serviceDate":1395730800000,"direction":0,"garage":"POWELL","type":"bus","lastLocID":8134,"messageCode":266,"time":1395753700940,"expires":1395754118000,"signMessageLong":"14  Hawthorne to 94th & Foster","extraBlockID":null,"locationInScheduleDay":22966,"longitude":-122.5653414,"blockID":1435,"offRoute":false,"nextLocID":1831,"vehicleID":2316,"signMessage":"14 To 94-Foster","extraTripID":null,"nextStopSeq":49,"routeNumber":14,"vehicleLoad":"unknown","bearing":291,"lastStopSeq":48,"inCongestion":false,"delay":0,"latitude":45.4789189},{"tripID":4419088,"serviceDate":1395730800000,"direction":0,"garage":"CENTER","type":"bus","lastLocID":7121,"messageCode":809,"time":1395753695143,"expires":1395754114000,"signMessageLong":"77  Broadway/Halsey to Troutdale","extraBlockID":null,"locationInScheduleDay":22843,"longitude":-122.6945065,"blockID":7705,"offRoute":false,"nextLocID":7114,"vehicleID":2720,"signMessage":"77 To Troutdale","extraTripID":null,"nextStopSeq":9,"routeNumber":77,"vehicleLoad":"unknown","bearing":178,"lastStopSeq":8,"inCongestion":false,"delay":-51,"latitude":45.5284318},{"tripID":4413876,"serviceDate":1395730800000,"direction":1,"garage":"CENTER","type":"bus","lastLocID":3858,"messageCode":462,"time":1395753685837,"expires":1395754105000,"signMessageLong":"31L Portland Limited","extraBlockID":null,"locationInScheduleDay":22803,"longitude":-122.6607959,"blockID":3101,"offRoute":false,"nextLocID":2171,"vehicleID":2714,"signMessage":"31L To Portland Limited","extraTripID":null,"nextStopSeq":7,"routeNumber":31,"vehicleLoad":"unknown","bearing":0,"lastStopSeq":6,"inCongestion":false,"delay":-82,"latitude":45.5095212},{"tripID":4417164,"serviceDate":1395730800000,"direction":0,"garage":"CENTER","type":"bus","lastLocID":6897,"messageCode":781,"time":1395753679829,"expires":1395754099000,"signMessageLong":"70  12th/NE 33rd Ave to NE Sunderland via 17th & Tacoma","extraBlockID":null,"locationInScheduleDay":22781,"longitude":-122.6470579,"blockID":7007,"offRoute":false,"nextLocID":10302,"vehicleID":2709,"signMessage":"70 To Sunderland via 17th","extraTripID":null,"nextStopSeq":9,"routeNumber":70,"vehicleLoad":"unknown","bearing":359,"lastStopSeq":8,"inCongestion":false,"delay":-98,"latitude":45.4634656},{"tripID":4417315,"serviceDate":1395730800000,"direction":1,"garage":"CENTER","type":"bus","lastLocID":7370,"messageCode":788,"time":1395753607913,"expires":1395754025000,"signMessageLong":"70  12th/NE 33rd Ave to Milwaukie","extraBlockID":null,"locationInScheduleDay":22801,"longitude":-122.630666,"blockID":7001,"offRoute":false,"nextLocID":7388,"vehicleID":2704,"signMessage":"70 To Milwaukie","extraTripID":null,"nextStopSeq":14,"routeNumber":70,"vehicleLoad":"unknown","bearing":180,"lastStopSeq":13,"inCongestion":false,"delay":-4,"latitude":45.5721081},{"tripID":4417162,"serviceDate":1395730800000,"direction":0,"garage":"CENTER","type":"bus","lastLocID":9550,"messageCode":783,"time":1395753589871,"expires":1395754009000,"signMessageLong":"70  33rd Ave to NE Sunderland","extraBlockID":null,"locationInScheduleDay":22845,"longitude":-122.6360013,"blockID":7003,"offRoute":false,"nextLocID":4912,"vehicleID":2705,"signMessage":"70 To Sunderlnd","extraTripID":null,"nextStopSeq":73,"routeNumber":70,"vehicleLoad":"unknown","bearing":90,"lastStopSeq":72,"inCongestion":false,"delay":56,"latitude":45.580086},{"tripID":4417314,"serviceDate":1395730800000,"direction":1,"garage":"CENTER","type":"bus","lastLocID":6580,"messageCode":790,"time":1395753634826,"expires":1395754053000,"signMessageLong":"70  12th Ave to Milwaukie via 13th & Tacoma","extraBlockID":null,"locationInScheduleDay":22776,"longitude":-122.6535873,"blockID":7004,"offRoute":false,"nextLocID":6577,"vehicleID":2701,"signMessage":"70 To Milw via 13","extraTripID":null,"nextStopSeq":47,"routeNumber":70,"vehicleLoad":"unknown","bearing":180,"lastStopSeq":46,"inCongestion":false,"delay":-57,"latitude":45.5241167},{"tripID":4419225,"serviceDate":1395730800000,"direction":1,"garage":"CENTER","type":"bus","lastLocID":2346,"messageCode":813,"time":1395753679993,"expires":1395754097000,"signMessageLong":"77  Broadway/Halsey to Montgomery Park","extraBlockID":null,"locationInScheduleDay":22868,"longitude":-122.3972582,"blockID":7704,"offRoute":false,"nextLocID":10630,"vehicleID":2614,"signMessage":"77 Montgomry Pk","extraTripID":null,"nextStopSeq":5,"routeNumber":77,"vehicleLoad":"unknown","bearing":266,"lastStopSeq":4,"inCongestion":false,"delay":-9,"latitude":45.5391147},{"tripID":4411312,"serviceDate":1395730800000,"direction":0,"garage":"CENTER","type":"bus","lastLocID":2608,"messageCode":266,"time":1395753700888,"expires":1395754119000,"signMessageLong":"14  Hawthorne to 94th & Foster","extraBlockID":null,"locationInScheduleDay":23055,"longitude":-122.6423338,"blockID":1401,"offRoute":false,"nextLocID":2612,"vehicleID":2608,"signMessage":"14 To 94-Foster","extraTripID":null,"nextStopSeq":12,"routeNumber":14,"vehicleLoad":"unknown","bearing":89,"lastStopSeq":11,"inCongestion":false,"delay":156,"latitude":45.5120894},{"tripID":4419086,"serviceDate":1395730800000,"direction":0,"garage":"CENTER","type":"bus","lastLocID":7999,"messageCode":809,"time":1395753700854,"expires":1395754119000,"signMessageLong":"77  Broadway/Halsey to Troutdale","extraBlockID":null,"locationInScheduleDay":22920,"longitude":-122.578962,"blockID":7703,"offRoute":false,"nextLocID":2456,"vehicleID":2630,"signMessage":"77 To Troutdale","extraTripID":null,"nextStopSeq":53,"routeNumber":77,"vehicleLoad":"unknown","bearing":0,"lastStopSeq":52,"inCongestion":false,"delay":21,"latitude":45.533614},{"tripID":4418191,"serviceDate":1395730800000,"direction":1,"garage":"POWELL","type":"bus","lastLocID":12921,"messageCode":760,"time":1395753340847,"expires":1395753760000,"signMessageLong":"72  Killingsworth/82nd to Clackamas TC","extraBlockID":null,"locationInScheduleDay":22250,"longitude":-122.5685478,"blockID":7237,"offRoute":false,"nextLocID":13247,"vehicleID":3004,"signMessage":"72 Clackamas TC","extraTripID":null,"nextStopSeq":111,"routeNumber":72,"vehicleLoad":"unknown","bearing":86,"lastStopSeq":110,"inCongestion":false,"delay":0,"latitude":45.4355653},{"tripID":4418193,"serviceDate":1395730800000,"direction":1,"garage":"POWELL","type":"bus","lastLocID":7937,"messageCode":760,"time":1395753699332,"expires":1395754115000,"signMessageLong":"72  Killingsworth/82nd to Clackamas TC","extraBlockID":null,"locationInScheduleDay":22888,"longitude":-122.5790778,"blockID":7241,"offRoute":false,"nextLocID":7931,"vehicleID":3048,"signMessage":"72 Clackamas TC","extraTripID":null,"nextStopSeq":71,"routeNumber":72,"vehicleLoad":"unknown","bearing":179,"lastStopSeq":70,"inCongestion":false,"delay":-7,"latitude":45.5229217},{"tripID":4417867,"serviceDate":1395730800000,"direction":0,"garage":"POWELL","type":"bus","lastLocID":8001,"messageCode":768,"time":1395753679837,"expires":1395754097000,"signMessageLong":"72  Killingsworth/82nd to Swan Island-Shipyards","extraBlockID":null,"locationInScheduleDay":22837,"longitude":-122.5788523,"blockID":7235,"offRoute":false,"nextLocID":8046,"vehicleID":3053,"signMessage":"72 Swan Island","extraTripID":null,"nextStopSeq":54,"routeNumber":72,"vehicleLoad":"unknown","bearing":0,"lastStopSeq":53,"inCongestion":false,"delay":-40,"latitude":45.5440409},{"tripID":4418194,"serviceDate":1395730800000,"direction":1,"garage":"POWELL","type":"bus","lastLocID":3195,"messageCode":760,"time":1395753683108,"expires":1395754101000,"signMessageLong":"72  Killingsworth/82nd to Clackamas TC","extraBlockID":null,"locationInScheduleDay":22716,"longitude":-122.6239052,"blockID":7234,"offRoute":false,"nextLocID":3198,"vehicleID":3054,"signMessage":"72 Clackamas TC","extraTripID":null,"nextStopSeq":39,"routeNumber":72,"vehicleLoad":"unknown","bearing":89,"lastStopSeq":38,"inCongestion":false,"delay":-165,"latitude":45.5627823},{"tripID":4419222,"serviceDate":1395730800000,"direction":1,"garage":"POWELL","type":"bus","lastLocID":631,"messageCode":813,"time":1395753695133,"expires":1395754114000,"signMessageLong":"77  Broadway/Halsey to Montgomery Park","extraBlockID":null,"locationInScheduleDay":22664,"longitude":-122.6521986,"blockID":7734,"offRoute":false,"nextLocID":629,"vehicleID":3046,"signMessage":"77 Montgomry Pk","extraTripID":null,"nextStopSeq":81,"routeNumber":77,"vehicleLoad":"unknown","bearing":270,"lastStopSeq":80,"inCongestion":false,"delay":-230,"latitude":45.5350459},{"tripID":4411560,"serviceDate":1395730800000,"direction":1,"garage":"POWELL","type":"bus","lastLocID":1778,"messageCode":268,"time":1395753683092,"expires":1395754101000,"signMessageLong":"14  Hawthorne to Portland","extraBlockID":null,"locationInScheduleDay":23015,"longitude":-122.6005564,"blockID":1434,"offRoute":false,"nextLocID":12904,"vehicleID":3027,"signMessage":"14 To Portland","extraTripID":null,"nextStopSeq":14,"routeNumber":14,"vehicleLoad":"unknown","bearing":308,"lastStopSeq":13,"inCongestion":false,"delay":134,"latitude":45.4914083},{"tripID":4418195,"serviceDate":1395730800000,"direction":1,"garage":"POWELL","type":"bus","lastLocID":9399,"messageCode":null,"time":1395753692000,"expires":1395754112000,"signMessageLong":null,"extraBlockID":null,"locationInScheduleDay":null,"longitude":-122.687667,"blockID":7243,"offRoute":false,"nextLocID":2195,"vehicleID":3025,"signMessage":null,"extraTripID":null,"nextStopSeq":null,"routeNumber":72,"vehicleLoad":"unknown","bearing":null,"lastStopSeq":null,"inCongestion":false,"delay":-9,"latitude":45.550233},{"tripID":4419085,"serviceDate":1395730800000,"direction":0,"garage":"CENTER","type":"bus","lastLocID":2327,"messageCode":809,"time":1395753650075,"expires":1395754067000,"signMessageLong":"77  Broadway/Halsey to Troutdale","extraBlockID":null,"locationInScheduleDay":22785,"longitude":-122.4424,"blockID":7702,"offRoute":false,"nextLocID":2436,"vehicleID":2005,"signMessage":"77 To Troutdale","extraTripID":null,"nextStopSeq":88,"routeNumber":77,"vehicleLoad":"unknown","bearing":83,"lastStopSeq":87,"inCongestion":false,"delay":-62,"latitude":45.5338306},{"tripID":4413877,"serviceDate":1395730800000,"direction":1,"garage":"CENTER","type":"bus","lastLocID":12956,"messageCode":464,"time":1395753699519,"expires":1395754115000,"signMessageLong":"31  To Portland via Milwaukie","extraBlockID":null,"locationInScheduleDay":22748,"longitude":-122.5886192,"blockID":1402,"offRoute":false,"nextLocID":3229,"vehicleID":2014,"signMessage":"31 To Portland","extraTripID":null,"nextStopSeq":8,"routeNumber":31,"vehicleLoad":"unknown","bearing":270,"lastStopSeq":7,"inCongestion":false,"delay":-147,"latitude":45.4470617}],"queryTime":1395753708747}}
