{"resultSet":{"vehicle":[{"tripID":4411642,"serviceDate":1395644400000,"direction":1,"garage":"CENTER","type":"bus","lastLocID":1824,"messageCode":268,"time":1395734914649,"expires":1395735332000,"signMessageLong":"14  Hawthorne to Portland","extraBlockID":null,"locationInScheduleDay":90477,"longitude":-122.5794865,"blockID":1406,"offRoute":false,"nextLocID":1818,"vehicleID":3128,"signMessage":"14 To Portland","extraTripID":null,"nextStopSeq":6,"routeNumber":14,"vehicleLoad":"unknown","bearing":299,"lastStopSeq":5,"inCongestion":false,"delay":-35,"latitude":45.4830272},{"tripID":4418297,"serviceDate":1395644400000,"direction":1,"garage":"POWELL","type":"bus","lastLocID":7942,"messageCode":760,"time":1395734897885,"expires":1395735317000,"signMessageLong":"72  Killingsworth/82nd to Clackamas TC","extraBlockID":null,"locationInScheduleDay":90593,"longitude":-122.5740565,"blockID":7253,"offRoute":false,"nextLocID":12921,"vehicleID":3019,"signMessage":"72 Clackamas TC","extraTripID":null,"nextStopSeq":110,"routeNumber":72,"vehicleLoad":"unknown","bearing":91,"lastStopSeq":109,"inCongestion":false,"delay":96,"latitude":45.4374113},{"tripID":4418298,"serviceDate":1395644400000,"direction":1,"garage":"POWELL","type":"bus","lastLocID":3185,"messageCode":760,"time":1395734853106,"expires":1395735271000,"signMessageLong":"72  Killingsworth/82nd to Clackamas TC","extraBlockID":null,"locationInScheduleDay":90560,"longitude":-122.5785412,"blockID":7236,"offRoute":false,"nextLocID":8889,"vehicleID":3022,"signMessage":"72 Clackamas TC","extraTripID":null,"nextStopSeq":52,"routeNumber":72,"vehicleLoad":"unknown","bearing":180,"lastStopSeq":51,"inCongestion":false,"delay":109,"latitude":45.5602022},{"tripID":4417969,"serviceDate":1395644400000,"direction":0,"garage":"POWELL","type":"bus","lastLocID":3149,"messageCode":766,"time":1395734867824,"expires":1395735286000,"signMessageLong":"72  Killingsworth/82nd to Swan Island-Anchor St","extraBlockID":null,"locationInScheduleDay":90559,"longitude":-122.5833581,"blockID":7238,"offRoute":false,"nextLocID":3215,"vehicleID":3035,"signMessage":"72 Swan Island","extraTripID":null,"nextStopSeq":64,"routeNumber":72,"vehicleLoad":"unknown","bearing":269,"lastStopSeq":63,"inCongestion":false,"delay":93,"latitude":45.5626654}],"queryTime":1395734927684}}
