{"resultSet":{"vehicle":[{"tripID":4411388,"serviceDate":1395644400000,"direction":0,"garage":"CENTER","type":"bus","lastLocID":2617,"messageCode":266,"time":1395737178224,"expires":1395737596000,"signMessageLong":"14  Hawthorne to 94th & Foster","extraBlockID":null,"locationInScheduleDay":92852,"longitude":-122.6295547,"blockID":1406,"offRoute":false,"nextLocID":2620,"vehicleID":3128,"signMessage":"14 To 94-Foster","extraTripID":null,"nextStopSeq":16,"routeNumber":14,"vehicleLoad":"unknown","bearing":90,"lastStopSeq":15,"inCongestion":false,"delay":76,"latitude":45.5120591}],"queryTime":1395737207772}}
