{"resultSet":{"vehicle":[{"tripID":4419221,"serviceDate":1395730800000,"direction":1,"garage":"POWELL","type":"bus","lastLocID":2451,"messageCode":813,"time":1395750802701,"expires":1395751221000,"signMessageLong":"77  Broadway/Halsey to Montgomery Park","extraBlockID":null,"locationInScheduleDay":19944,"longitude":-122.587892,"blockID":7735,"offRoute":false,"nextLocID":2445,"vehicleID":2222,"signMessage":"77 Montgomry Pk","extraTripID":null,"nextStopSeq":11,"routeNumber":77,"vehicleLoad":"unknown","bearing":269,"lastStopSeq":10,"inCongestion":false,"delay":-57,"latitude":45.5336018},{"tripID":4417865,"serviceDate":1395730800000,"direction":0,"garage":"POWELL","type":"bus","lastLocID":7964,"messageCode":768,"time":1395750817607,"expires":1395751235000,"signMessageLong":"72  Killingsworth/82nd to Swan Island-Shipyards","extraBlockID":null,"locationInScheduleDay":20012,"longitude":-122.5789284,"blockID":7238,"offRoute":false,"nextLocID":8029,"vehicleID":2527,"signMessage":"72 Swan Island","extraTripID":null,"nextStopSeq":23,"routeNumber":72,"vehicleLoad":"unknown","bearing":0,"lastStopSeq":22,"inCongestion":false,"delay":-3,"latitude":45.4854605},{"tripID":4417312,"serviceDate":1395730800000,"direction":1,"garage":"CENTER","type":"bus","lastLocID":8499,"messageCode":788,"time":1395750739527,"expires":1395751157000,"signMessageLong":"70  12th/NE 33rd Ave to Milwaukie","extraBlockID":null,"locationInScheduleDay":19797,"longitude":-122.6306622,"blockID":7002,"offRoute":false,"nextLocID":7370,"vehicleID":2524,"signMessage":"70 To Milwaukie","extraTripID":null,"nextStopSeq":13,"routeNumber":70,"vehicleLoad":"unknown","bearing":179,"lastStopSeq":12,"inCongestion":false,"delay":-140,"latitude":45.5724135},{"tripID":4419220,"serviceDate":1395730800000,"direction":1,"garage":"CENTER","type":"bus","lastLocID":9311,"messageCode":813,"time":1395750817600,"expires":1395751236000,"signMessageLong":"77  Broadway/Halsey to Montgomery Park","extraBlockID":null,"locationInScheduleDay":19947,"longitude":-122.6767217,"blockID":7701,"offRoute":false,"nextLocID":1997,"vehicleID":2512,"signMessage":"77 Montgomry Pk","extraTripID":null,"nextStopSeq":42,"routeNumber":77,"vehicleLoad":"unknown","bearing":268,"lastStopSeq":41,"inCongestion":false,"delay":-69,"latitude":45.5266273},{"tripID":4418192,"serviceDate":1395730800000,"direction":1,"garage":"POWELL","type":"bus","lastLocID":3160,"messageCode":760,"time":1395750799816,"expires":1395751219000,"signMessageLong":"72  Killingsworth/82nd to Clackamas TC","extraBlockID":null,"locationInScheduleDay":20102,"longitude":-122.6913188,"blockID":7239,"offRoute":false,"nextLocID":3179,"vehicleID":2540,"signMessage":"72 Clackamas TC","extraTripID":null,"nextStopSeq":9,"routeNumber":72,"vehicleLoad":"unknown","bearing":90,"lastStopSeq":8,"inCongestion":false,"delay":103,"latitude":45.5627361},{"tripID":4417864,"serviceDate":1395730800000,"direction":0,"garage":"POWELL","type":"bus","lastLocID":7972,"messageCode":768,"time":1395750817714,"expires":1395751235000,"signMessageLong":"72  Killingsworth/82nd to Swan Island-Shipyards","extraBlockID":null,"locationInScheduleDay":19768,"longitude":-122.5790552,"blockID":7236,"offRoute":false,"nextLocID":8014,"vehicleID":2552,"signMessage":"72 Swan Island","extraTripID":null,"nextStopSeq":45,"routeNumber":72,"vehicleLoad":"unknown","bearing":0,"lastStopSeq":44,"inCongestion":false,"delay":-247,"latitude":45.527795},{"tripID":4413874,"serviceDate":1395730800000,"direction":1,"garage":"POWELL","type":"bus","lastLocID":3254,"messageCode":464,"time":1395750802793,"expires":1395751221000,"signMessageLong":"31  To Portland via Milwaukie","extraBlockID":null,"locationInScheduleDay":19843,"longitude":-122.5862552,"blockID":3134,"offRoute":false,"nextLocID":12956,"vehicleID":2555,"signMessage":"31 To Portland","extraTripID":null,"nextStopSeq":6,"routeNumber":31,"vehicleLoad":"unknown","bearing":270,"lastStopSeq":5,"inCongestion":false,"delay":-158,"latitude":45.4470526},{"tripID":4411557,"serviceDate":1395730800000,"direction":1,"garage":"POWELL","type":"bus","lastLocID":1793,"messageCode":268,"time":1395750800008,"expires":1395751219000,"signMessageLong":"14  Hawthorne to Portland","extraBlockID":null,"locationInScheduleDay":19916,"longitude":-122.6113722,"blockID":1435,"offRoute":false,"nextLocID":7656,"vehicleID":2316,"signMessage":"14 To Portland","extraTripID":null,"nextStopSeq":18,"routeNumber":14,"vehicleLoad":"unknown","bearing":0,"lastStopSeq":17,"inCongestion":false,"delay":-83,"latitude":45.4977835},{"tripID":4417161,"serviceDate":1395730800000,"direction":0,"garage":"CENTER","type":"bus","lastLocID":8513,"messageCode":783,"time":1395750817564,"expires":1395751236000,"signMessageLong":"70  33rd Ave to NE Sunderland","extraBlockID":null,"locationInScheduleDay":19925,"longitude":-122.6545991,"blockID":7001,"offRoute":false,"nextLocID":8938,"vehicleID":2704,"signMessage":"70 To Sunderlnd","extraTripID":null,"nextStopSeq":37,"routeNumber":70,"vehicleLoad":"unknown","bearing":359,"lastStopSeq":36,"inCongestion":false,"delay":-91,"latitude":45.530165},{"tripID":4418191,"serviceDate":1395730800000,"direction":1,"garage":"POWELL","type":"bus","lastLocID":3208,"messageCode":760,"time":1395750802551,"expires":1395751220000,"signMessageLong":"72  Killingsworth/82nd to Clackamas TC","extraBlockID":null,"locationInScheduleDay":19881,"longitude":-122.6051417,"blockID":7237,"offRoute":false,"nextLocID":3145,"vehicleID":3004,"signMessage":"72 Clackamas TC","extraTripID":null,"nextStopSeq":45,"routeNumber":72,"vehicleLoad":"unknown","bearing":89,"lastStopSeq":44,"inCongestion":false,"delay":-119,"latitude":45.5627586},{"tripID":4418190,"serviceDate":1395730800000,"direction":1,"garage":"POWELL","type":"bus","lastLocID":7969,"messageCode":760,"time":1395750826766,"expires":1395751246000,"signMessageLong":"72  Killingsworth/82nd to Clackamas TC","extraBlockID":null,"locationInScheduleDay":19963,"longitude":-122.5789431,"blockID":7235,"offRoute":false,"nextLocID":7990,"vehicleID":3053,"signMessage":"72 Clackamas TC","extraTripID":null,"nextStopSeq":53,"routeNumber":72,"vehicleLoad":"unknown","bearing":177,"lastStopSeq":52,"inCongestion":false,"delay":-63,"latitude":45.4477204},{"tripID":4417863,"serviceDate":1395730800000,"direction":0,"garage":"POWELL","type":"bus","lastLocID":10957,"messageCode":768,"time":1395750817576,"expires":1395751236000,"signMessageLong":"72  Killingsworth/82nd to Swan Island-Shipyards","extraBlockID":null,"locationInScheduleDay":19803,"longitude":-122.6625046,"blockID":7234,"offRoute":false,"nextLocID":3187,"vehicleID":3054,"signMessage":"72 Swan Island","extraTripID":null,"nextStopSeq":94,"routeNumber":72,"vehicleLoad":"unknown","bearing":270,"lastStopSeq":93,"inCongestion":false,"delay":-213,"latitude":45.562737},{"tripID":4419222,"serviceDate":1395730800000,"direction":1,"garage":"POWELL","type":"bus","lastLocID":2423,"messageCode":813,"time":1395750814896,"expires":1395751232000,"signMessageLong":"77  Broadway/Halsey to Montgomery Park","extraBlockID":null,"locationInScheduleDay":20098,"longitude":-122.4151492,"blockID":7734,"offRoute":false,"nextLocID":2333,"vehicleID":3046,"signMessage":"77 Montgomry Pk","extraTripID":null,"nextStopSeq":8,"routeNumber":77,"vehicleLoad":"unknown","bearing":258,"lastStopSeq":7,"inCongestion":false,"delay":86,"latitude":45.5375601},{"tripID":4411310,"serviceDate":1395730800000,"direction":0,"garage":"POWELL","type":"bus","lastLocID":2596,"messageCode":266,"time":1395750799763,"expires":1395751217000,"signMessageLong":"14  Hawthorne to 94th & Foster","extraBlockID":null,"locationInScheduleDay":20069,"longitude":-122.6462775,"blockID":1434,"offRoute":false,"nextLocID":2607,"vehicleID":3027,"signMessage":"14 To 94-Foster","extraTripID":null,"nextStopSeq":10,"routeNumber":14,"vehicleLoad":"unknown","bearing":89,"lastStopSeq":9,"inCongestion":false,"delay":72,"latitude":45.5121956},{"tripID":4419085,"serviceDate":1395730800000,"direction":0,"garage":"CENTER","type":"bus","lastLocID":1612,"messageCode":809,"time":1395750799844,"expires":1395751217000,"signMessageLong":"77  Broadway/Halsey to Troutdale","extraBlockID":null,"locationInScheduleDay":19989,"longitude":-122.6662574,"blockID":7702,"offRoute":false,"nextLocID":11817,"vehicleID":2005,"signMessage":"77 To Troutdale","extraTripID":null,"nextStopSeq":19,"routeNumber":77,"vehicleLoad":"unknown","bearing":303,"lastStopSeq":18,"inCongestion":false,"delay":-8,"latitude":45.5296299}],"queryTime":1395750828640}}
