{"resultSet":{"vehicle":[{"tripID":4411577,"serviceDate":1395730800000,"direction":1,"garage":"POWELL","type":"bus","lastLocID":2609,"messageCode":268,"time":1395763133789,"expires":1395763552000,"signMessageLong":"14  Hawthorne to Portland","extraBlockID":null,"locationInScheduleDay":32507,"longitude":-122.6439324,"blockID":1436,"offRoute":false,"nextLocID":2606,"vehicleID":2206,"signMessage":"14 To Portland","extraTripID":null,"nextStopSeq":36,"routeNumber":14,"vehicleLoad":"unknown","bearing":270,"lastStopSeq":35,"inCongestion":false,"delay":175,"latitude":45.5120933},{"tripID":4419232,"serviceDate":1395730800000,"direction":1,"garage":"POWELL","type":"bus","lastLocID":10869,"messageCode":813,"time":1395763166185,"expires":1395763585000,"signMessageLong":"77  Broadway/Halsey to Montgomery Park","extraBlockID":null,"locationInScheduleDay":32345,"longitude":-122.6203704,"blockID":7735,"offRoute":false,"nextLocID":7484,"vehicleID":2222,"signMessage":"77 Montgomry Pk","extraTripID":null,"nextStopSeq":69,"routeNumber":77,"vehicleLoad":"unknown","bearing":63,"lastStopSeq":68,"inCongestion":false,"delay":-20,"latitude":45.533311},{"tripID":4419235,"serviceDate":1395730800000,"direction":1,"garage":"POWELL","type":"bus","lastLocID":9481,"messageCode":813,"time":1395763171971,"expires":1395763591000,"signMessageLong":"77  Broadway/Halsey to Montgomery Park","extraBlockID":null,"locationInScheduleDay":32368,"longitude":-122.3952603,"blockID":7736,"offRoute":false,"nextLocID":9471,"vehicleID":2221,"signMessage":"77 Montgomry Pk","extraTripID":null,"nextStopSeq":2,"routeNumber":77,"vehicleLoad":"unknown","bearing":87,"lastStopSeq":1,"inCongestion":false,"delay":-3,"latitude":45.5445354},{"tripID":4411578,"serviceDate":1395730800000,"direction":1,"garage":"POWELL","type":"bus","lastLocID":7658,"messageCode":268,"time":1395763171960,"expires":1395763591000,"signMessageLong":"14  Hawthorne to Portland","extraBlockID":null,"locationInScheduleDay":32458,"longitude":-122.6125945,"blockID":1438,"offRoute":false,"nextLocID":13734,"vehicleID":2220,"signMessage":"14 To Portland","extraTripID":null,"nextStopSeq":25,"routeNumber":14,"vehicleLoad":"unknown","bearing":270,"lastStopSeq":24,"inCongestion":false,"delay":87,"latitude":45.5120238},{"tripID":4411575,"serviceDate":1395730800000,"direction":1,"garage":"POWELL","type":"bus","lastLocID":13169,"messageCode":267,"time":1395763163518,"expires":1395763582000,"signMessageLong":"14  Downtown Only","extraBlockID":null,"locationInScheduleDay":32365,"longitude":-122.6803016,"blockID":1437,"offRoute":false,"nextLocID":3639,"vehicleID":2270,"signMessage":"14 Downtown Only","extraTripID":null,"nextStopSeq":45,"routeNumber":14,"vehicleLoad":"unknown","bearing":109,"lastStopSeq":44,"inCongestion":false,"delay":3,"latitude":45.5157141},{"tripID":4417884,"serviceDate":1395730800000,"direction":0,"garage":"POWELL","type":"bus","lastLocID":7957,"messageCode":766,"time":1395763178382,"expires":1395763595000,"signMessageLong":"72  Killingsworth/82nd to Swan Island-Anchor St","extraBlockID":null,"locationInScheduleDay":32293,"longitude":-122.5786973,"blockID":7247,"offRoute":false,"nextLocID":12755,"vehicleID":2250,"signMessage":"72 Swan Island","extraTripID":null,"nextStopSeq":34,"routeNumber":72,"vehicleLoad":"unknown","bearing":0,"lastStopSeq":33,"inCongestion":false,"delay":-82,"latitude":45.5065173},{"tripID":4417882,"serviceDate":1395730800000,"direction":0,"garage":"POWELL","type":"bus","lastLocID":3149,"messageCode":766,"time":1395763163491,"expires":1395763581000,"signMessageLong":"72  Killingsworth/82nd to Swan Island-Anchor St","extraBlockID":null,"locationInScheduleDay":32360,"longitude":-122.5853293,"blockID":7246,"offRoute":false,"nextLocID":3215,"vehicleID":2296,"signMessage":"72 Swan Island","extraTripID":null,"nextStopSeq":64,"routeNumber":72,"vehicleLoad":"unknown","bearing":270,"lastStopSeq":63,"inCongestion":false,"delay":-1,"latitude":45.5626674},{"tripID":4419093,"serviceDate":1395730800000,"direction":0,"garage":"POWELL","type":"bus","lastLocID":2345,"messageCode":809,"time":1395763160708,"expires":1395763578000,"signMessageLong":"77  Broadway/Halsey to Troutdale","extraBlockID":null,"locationInScheduleDay":32063,"longitude":-122.3913195,"blockID":7737,"offRoute":false,"nextLocID":13532,"vehicleID":2285,"signMessage":"77 To Troutdale","extraTripID":null,"nextStopSeq":98,"routeNumber":77,"vehicleLoad":"unknown","bearing":90,"lastStopSeq":97,"inCongestion":false,"delay":-295,"latitude":45.5407704},{"tripID":4418205,"serviceDate":1395730800000,"direction":1,"garage":"POWELL","type":"bus","lastLocID":12921,"messageCode":760,"time":1395763175249,"expires":1395763592000,"signMessageLong":"72  Killingsworth/82nd to Clackamas TC","extraBlockID":null,"locationInScheduleDay":32559,"longitude":-122.5689813,"blockID":7252,"offRoute":false,"nextLocID":13247,"vehicleID":2283,"signMessage":"72 Clackamas TC","extraTripID":null,"nextStopSeq":111,"routeNumber":72,"vehicleLoad":"unknown","bearing":81,"lastStopSeq":110,"inCongestion":false,"delay":0,"latitude":45.4354978},{"tripID":4411579,"serviceDate":1395730800000,"direction":1,"garage":"POWELL","type":"bus","lastLocID":13236,"messageCode":268,"time":1395763160679,"expires":1395763578000,"signMessageLong":"14  Hawthorne to Portland","extraBlockID":null,"locationInScheduleDay":32242,"longitude":-122.5675341,"blockID":1439,"offRoute":false,"nextLocID":1829,"vehicleID":2275,"signMessage":"14 To Portland","extraTripID":null,"nextStopSeq":3,"routeNumber":14,"vehicleLoad":"unknown","bearing":291,"lastStopSeq":2,"inCongestion":false,"delay":-116,"latitude":45.4795188},{"tripID":4417322,"serviceDate":1395730800000,"direction":1,"garage":"CENTER","type":"bus","lastLocID":843,"messageCode":791,"time":1395763166038,"expires":1395763585000,"signMessageLong":"70  To Milwaukie","extraBlockID":null,"locationInScheduleDay":31912,"longitude":-122.6516335,"blockID":7006,"offRoute":false,"nextLocID":6707,"vehicleID":2150,"signMessage":"70 To Milwaukie","extraTripID":null,"nextStopSeq":72,"routeNumber":70,"vehicleLoad":"unknown","bearing":269,"lastStopSeq":71,"inCongestion":false,"delay":-453,"latitude":45.4736813},{"tripID":4417326,"serviceDate":1395730800000,"direction":1,"garage":"CENTER","type":"bus","lastLocID":9368,"messageCode":788,"time":1395763163352,"expires":1395763582000,"signMessageLong":"70  12th/NE 33rd Ave to Milwaukie","extraBlockID":null,"locationInScheduleDay":32362,"longitude":-122.6357648,"blockID":7008,"offRoute":false,"nextLocID":9414,"vehicleID":2506,"signMessage":"70 To Milwaukie","extraTripID":null,"nextStopSeq":2,"routeNumber":70,"vehicleLoad":"unknown","bearing":180,"lastStopSeq":1,"inCongestion":false,"delay":0,"latitude":45.5898735},{"tripID":4417881,"serviceDate":1395730800000,"direction":0,"garage":"POWELL","type":"bus","lastLocID":11472,"messageCode":766,"time":1395763168868,"expires":1395763586000,"signMessageLong":"72  Killingsworth/82nd to Swan Island-Anchor St","extraBlockID":null,"locationInScheduleDay":32483,"longitude":-122.6448068,"blockID":7238,"offRoute":false,"nextLocID":55,"vehicleID":2527,"signMessage":"72 Swan Island","extraTripID":null,"nextStopSeq":86,"routeNumber":72,"vehicleLoad":"unknown","bearing":270,"lastStopSeq":85,"inCongestion":false,"delay":117,"latitude":45.5590815},{"tripID":4417174,"serviceDate":1395730800000,"direction":0,"garage":"CENTER","type":"bus","lastLocID":13477,"messageCode":781,"time":1395763166107,"expires":1395763583000,"signMessageLong":"70  12th/NE 33rd Ave to NE Sunderland via 17th & Tacoma","extraBlockID":null,"locationInScheduleDay":32363,"longitude":-122.6407309,"blockID":7002,"offRoute":false,"nextLocID":8225,"vehicleID":2524,"signMessage":"70 To Sunderland via 17th","extraTripID":null,"nextStopSeq":2,"routeNumber":70,"vehicleLoad":"unknown","bearing":81,"lastStopSeq":1,"inCongestion":false,"delay":0,"latitude":45.4448667},{"tripID":4418208,"serviceDate":1395730800000,"direction":1,"garage":"POWELL","type":"bus","lastLocID":8038,"messageCode":760,"time":1395763112536,"expires":1395763531000,"signMessageLong":"72  Killingsworth/82nd to Clackamas TC","extraBlockID":null,"locationInScheduleDay":32384,"longitude":-122.5786844,"blockID":7239,"offRoute":false,"nextLocID":7934,"vehicleID":2540,"signMessage":"72 Clackamas TC","extraTripID":null,"nextStopSeq":56,"routeNumber":72,"vehicleLoad":"unknown","bearing":180,"lastStopSeq":55,"inCongestion":false,"delay":73,"latitude":45.5526992},{"tripID":4417883,"serviceDate":1395730800000,"direction":0,"garage":"POWELL","type":"bus","lastLocID":7999,"messageCode":766,"time":1395763178371,"expires":1395763595000,"signMessageLong":"72  Killingsworth/82nd to Swan Island-Anchor St","extraBlockID":null,"locationInScheduleDay":32414,"longitude":-122.5790247,"blockID":7240,"offRoute":false,"nextLocID":8042,"vehicleID":2533,"signMessage":"72 Swan Island","extraTripID":null,"nextStopSeq":49,"routeNumber":72,"vehicleLoad":"unknown","bearing":1,"lastStopSeq":48,"inCongestion":false,"delay":39,"latitude":45.5344575},{"tripID":4417880,"serviceDate":1395730800000,"direction":0,"garage":"POWELL","type":"bus","lastLocID":3184,"messageCode":766,"time":1395763166324,"expires":1395763583000,"signMessageLong":"72  Killingsworth/82nd to Swan Island-Anchor St","extraBlockID":null,"locationInScheduleDay":32321,"longitude":-122.6688085,"blockID":7236,"offRoute":false,"nextLocID":3157,"vehicleID":2552,"signMessage":"72 Swan Island","extraTripID":null,"nextStopSeq":96,"routeNumber":72,"vehicleLoad":"unknown","bearing":269,"lastStopSeq":95,"inCongestion":false,"delay":-42,"latitude":45.5627141},{"tripID":4417886,"serviceDate":1395730800000,"direction":0,"garage":"POWELL","type":"bus","lastLocID":12922,"messageCode":766,"time":1395763175307,"expires":1395763593000,"signMessageLong":"72  Killingsworth/82nd to Swan Island-Anchor St","extraBlockID":null,"locationInScheduleDay":32356,"longitude":-122.575439,"blockID":7242,"offRoute":false,"nextLocID":7941,"vehicleID":2548,"signMessage":"72 Swan Island","extraTripID":null,"nextStopSeq":3,"routeNumber":72,"vehicleLoad":"unknown","bearing":271,"lastStopSeq":2,"inCongestion":false,"delay":-17,"latitude":45.4372595},{"tripID":4411580,"serviceDate":1395730800000,"direction":1,"garage":"POWELL","type":"bus","lastLocID":1831,"messageCode":268,"time":1395763163583,"expires":1395763581000,"signMessageLong":"14  Hawthorne to Portland","extraBlockID":null,"locationInScheduleDay":32361,"longitude":-122.5662917,"blockID":1440,"offRoute":false,"nextLocID":13236,"vehicleID":2308,"signMessage":"14 To Portland","extraTripID":null,"nextStopSeq":2,"routeNumber":14,"vehicleLoad":"unknown","bearing":291,"lastStopSeq":1,"inCongestion":false,"delay":0,"latitude":45.4791765},{"tripID":4417879,"serviceDate":1395730800000,"direction":0,"garage":"POWELL","type":"bus","lastLocID":2161,"messageCode":766,"time":1395763181710,"expires":1395763599000,"signMessageLong":"72  Killingsworth/82nd to Swan Island-Anchor St","extraBlockID":null,"locationInScheduleDay":32420,"longitude":-122.7021684,"blockID":7253,"offRoute":false,"nextLocID":115,"vehicleID":2318,"signMessage":"72 Swan Island","extraTripID":null,"nextStopSeq":108,"routeNumber":72,"vehicleLoad":"unknown","bearing":307,"lastStopSeq":107,"inCongestion":false,"delay":0,"latitude":45.5573373},{"tripID":4411321,"serviceDate":1395730800000,"direction":0,"garage":"POWELL","type":"bus","lastLocID":7666,"messageCode":266,"time":1395763133904,"expires":1395763551000,"signMessageLong":"14  Hawthorne to 94th & Foster","extraBlockID":null,"locationInScheduleDay":32312,"longitude":-122.6113707,"blockID":1435,"offRoute":false,"nextLocID":1792,"vehicleID":2316,"signMessage":"14 To 94-Foster","extraTripID":null,"nextStopSeq":29,"routeNumber":14,"vehicleLoad":"unknown","bearing":180,"lastStopSeq":28,"inCongestion":false,"delay":-19,"latitude":45.4987855},{"tripID":4419231,"serviceDate":1395730800000,"direction":1,"garage":"CENTER","type":"bus","lastLocID":2592,"messageCode":813,"time":1395763178352,"expires":1395763595000,"signMessageLong":"77  Broadway/Halsey to Montgomery Park","extraBlockID":null,"locationInScheduleDay":32400,"longitude":-122.66644,"blockID":7705,"offRoute":false,"nextLocID":9311,"vehicleID":2720,"signMessage":"77 Montgomry Pk","extraTripID":null,"nextStopSeq":87,"routeNumber":77,"vehicleLoad":"unknown","bearing":218,"lastStopSeq":86,"inCongestion":false,"delay":25,"latitude":45.5299851},{"tripID":4411322,"serviceDate":1395730800000,"direction":0,"garage":"CENTER","type":"bus","lastLocID":2641,"messageCode":266,"time":1395763184231,"expires":1395763601000,"signMessageLong":"14  Hawthorne to 94th & Foster","extraBlockID":null,"locationInScheduleDay":32215,"longitude":-122.6614527,"blockID":1404,"offRoute":false,"nextLocID":2594,"vehicleID":2718,"signMessage":"14 To 94-Foster","extraTripID":null,"nextStopSeq":4,"routeNumber":14,"vehicleLoad":"unknown","bearing":94,"lastStopSeq":3,"inCongestion":false,"delay":-166,"latitude":45.5122468},{"tripID":4417173,"serviceDate":1395730800000,"direction":0,"garage":"CENTER","type":"bus","lastLocID":6691,"messageCode":782,"time":1395763163346,"expires":1395763582000,"signMessageLong":"70  12th/NE 33rd Ave to NE Sunderland via 13th & Tacoma","extraBlockID":null,"locationInScheduleDay":32186,"longitude":-122.6523071,"blockID":7007,"offRoute":false,"nextLocID":844,"vehicleID":2709,"signMessage":"70 To Sunderland via 13th","extraTripID":null,"nextStopSeq":14,"routeNumber":70,"vehicleLoad":"unknown","bearing":41,"lastStopSeq":13,"inCongestion":false,"delay":-176,"latitude":45.4734859},{"tripID":4417324,"serviceDate":1395730800000,"direction":1,"garage":"CENTER","type":"bus","lastLocID":7139,"messageCode":788,"time":1395763163340,"expires":1395763580000,"signMessageLong":"70  12th/NE 33rd Ave to Milwaukie","extraBlockID":null,"locationInScheduleDay":32288,"longitude":-122.6448412,"blockID":7001,"offRoute":false,"nextLocID":7106,"vehicleID":2704,"signMessage":"70 To Milwaukie","extraTripID":null,"nextStopSeq":39,"routeNumber":70,"vehicleLoad":"unknown","bearing":180,"lastStopSeq":38,"inCongestion":false,"delay":-72,"latitude":45.533543},{"tripID":4417171,"serviceDate":1395730800000,"direction":0,"garage":"CENTER","type":"bus","lastLocID":7362,"messageCode":783,"time":1395763133745,"expires":1395763550000,"signMessageLong":"70  33rd Ave to NE Sunderland","extraBlockID":null,"locationInScheduleDay":32393,"longitude":-122.630677,"blockID":7003,"offRoute":false,"nextLocID":7378,"vehicleID":2705,"signMessage":"70 To Sunderlnd","extraTripID":null,"nextStopSeq":65,"routeNumber":70,"vehicleLoad":"unknown","bearing":359,"lastStopSeq":64,"inCongestion":false,"delay":63,"latitude":45.5676786},{"tripID":4417323,"serviceDate":1395730800000,"direction":1,"garage":"CENTER","type":"bus","lastLocID":6544,"messageCode":789,"time":1395763171939,"expires":1395763591000,"signMessageLong":"70  12th Ave to Milwaukie via 17th & Tacoma","extraBlockID":null,"locationInScheduleDay":32378,"longitude":-122.654227,"blockID":7004,"offRoute":false,"nextLocID":10472,"vehicleID":2701,"signMessage":"70 To Milw via 17","extraTripID":null,"nextStopSeq":57,"routeNumber":70,"vehicleLoad":"unknown","bearing":179,"lastStopSeq":56,"inCongestion":false,"delay":7,"latitude":45.5015512},{"tripID":4419094,"serviceDate":1395730800000,"direction":0,"garage":"CENTER","type":"bus","lastLocID":2401,"messageCode":809,"time":1395763171971,"expires":1395763591000,"signMessageLong":"77  Broadway/Halsey to Troutdale","extraBlockID":null,"locationInScheduleDay":32224,"longitude":-122.4775568,"blockID":7704,"offRoute":false,"nextLocID":2405,"vehicleID":2614,"signMessage":"77 To Troutdale","extraTripID":null,"nextStopSeq":79,"routeNumber":77,"vehicleLoad":"unknown","bearing":89,"lastStopSeq":78,"inCongestion":false,"delay":-147,"latitude":45.5347039},{"tripID":4411576,"serviceDate":1395730800000,"direction":1,"garage":"CENTER","type":"bus","lastLocID":2642,"messageCode":266,"time":1395763181678,"expires":1395763600000,"signMessageLong":"14  Hawthorne to 94th & Foster","extraBlockID":null,"locationInScheduleDay":32561,"longitude":-122.6725162,"blockID":1401,"offRoute":false,"nextLocID":11956,"vehicleID":2608,"signMessage":"14 To 94-Foster","extraTripID":null,"nextStopSeq":43,"routeNumber":14,"vehicleLoad":"unknown","bearing":290,"lastStopSeq":42,"inCongestion":false,"delay":181,"latitude":45.5136985},{"tripID":4417325,"serviceDate":1395730800000,"direction":1,"garage":"CENTER","type":"bus","lastLocID":9402,"messageCode":788,"time":1395763181657,"expires":1395763599000,"signMessageLong":"70  12th/NE 33rd Ave to Milwaukie","extraBlockID":null,"locationInScheduleDay":32452,"longitude":-122.6439356,"blockID":7010,"offRoute":false,"nextLocID":118,"vehicleID":2623,"signMessage":"70 To Milwaukie","extraTripID":null,"nextStopSeq":8,"routeNumber":70,"vehicleLoad":"unknown","bearing":180,"lastStopSeq":7,"inCongestion":false,"delay":73,"latitude":45.57977},{"tripID":4419229,"serviceDate":1395730800000,"direction":1,"garage":"CENTER","type":"bus","lastLocID":8483,"messageCode":813,"time":1395763166250,"expires":1395763584000,"signMessageLong":"77  Broadway/Halsey to Montgomery Park","extraBlockID":null,"locationInScheduleDay":31362,"longitude":-122.7069345,"blockID":7707,"offRoute":false,"nextLocID":8484,"vehicleID":2653,"signMessage":"77 Montgomry Pk","extraTripID":null,"nextStopSeq":109,"routeNumber":77,"vehicleLoad":"unknown","bearing":178,"lastStopSeq":108,"inCongestion":false,"delay":0,"latitude":45.5377966},{"tripID":4417172,"serviceDate":1395730800000,"direction":0,"garage":"CENTER","type":"bus","lastLocID":6592,"messageCode":780,"time":1395763175232,"expires":1395763594000,"signMessageLong":"70  12th/NE 33rd Ave to NE Sunderland","extraBlockID":null,"locationInScheduleDay":32430,"longitude":-122.653599,"blockID":7009,"offRoute":false,"nextLocID":6582,"vehicleID":2626,"signMessage":"70 To Sunderlnd","extraTripID":null,"nextStopSeq":32,"routeNumber":70,"vehicleLoad":"unknown","bearing":359,"lastStopSeq":31,"inCongestion":false,"delay":56,"latitude":45.5244346},{"tripID":4419097,"serviceDate":1395730800000,"direction":0,"garage":"CENTER","type":"bus","lastLocID":7112,"messageCode":809,"time":1395763178418,"expires":1395763595000,"signMessageLong":"77  Broadway/Halsey to Troutdale","extraBlockID":null,"locationInScheduleDay":32351,"longitude":-122.6943787,"blockID":7703,"offRoute":false,"nextLocID":1615,"vehicleID":2630,"signMessage":"77 To Troutdale","extraTripID":null,"nextStopSeq":11,"routeNumber":77,"vehicleLoad":"unknown","bearing":177,"lastStopSeq":10,"inCongestion":false,"delay":-24,"latitude":45.5249411},{"tripID":4419233,"serviceDate":1395730800000,"direction":1,"garage":"CENTER","type":"bus","lastLocID":2334,"messageCode":813,"time":1395763178420,"expires":1395763597000,"signMessageLong":"77  Broadway/Halsey to Montgomery Park","extraBlockID":null,"locationInScheduleDay":32305,"longitude":-122.5696979,"blockID":7706,"offRoute":false,"nextLocID":2459,"vehicleID":2632,"signMessage":"77 Montgomry Pk","extraTripID":null,"nextStopSeq":50,"routeNumber":77,"vehicleLoad":"unknown","bearing":271,"lastStopSeq":49,"inCongestion":false,"delay":-72,"latitude":45.533472},{"tripID":4418206,"serviceDate":1395730800000,"direction":1,"garage":"POWELL","type":"bus","lastLocID":8060,"messageCode":760,"time":1395763163304,"expires":1395763582000,"signMessageLong":"72  Killingsworth/82nd to Clackamas TC","extraBlockID":null,"locationInScheduleDay":32425,"longitude":-122.5790279,"blockID":7237,"offRoute":false,"nextLocID":8058,"vehicleID":3004,"signMessage":"72 Clackamas TC","extraTripID":null,"nextStopSeq":93,"routeNumber":72,"vehicleLoad":"unknown","bearing":179,"lastStopSeq":92,"inCongestion":false,"delay":63,"latitude":45.479416},{"tripID":4417878,"serviceDate":1395730800000,"direction":0,"garage":"POWELL","type":"bus","lastLocID":2161,"messageCode":766,"time":1395763168855,"expires":1395763588000,"signMessageLong":"72  Killingsworth/82nd to Swan Island-Anchor St","extraBlockID":null,"locationInScheduleDay":31734,"longitude":-122.7039353,"blockID":7251,"offRoute":false,"nextLocID":115,"vehicleID":3003,"signMessage":"72 Swan Island","extraTripID":null,"nextStopSeq":108,"routeNumber":72,"vehicleLoad":"unknown","bearing":185,"lastStopSeq":107,"inCongestion":false,"delay":0,"latitude":45.5570695},{"tripID":4418209,"serviceDate":1395730800000,"direction":1,"garage":"POWELL","type":"bus","lastLocID":7329,"messageCode":760,"time":1395763166062,"expires":1395763585000,"signMessageLong":"72  Killingsworth/82nd to Clackamas TC","extraBlockID":null,"locationInScheduleDay":32289,"longitude":-122.6348968,"blockID":7241,"offRoute":false,"nextLocID":3190,"vehicleID":3048,"signMessage":"72 Clackamas TC","extraTripID":null,"nextStopSeq":35,"routeNumber":72,"vehicleLoad":"unknown","bearing":359,"lastStopSeq":34,"inCongestion":false,"delay":-76,"latitude":45.5626227},{"tripID":4417885,"serviceDate":1395730800000,"direction":0,"garage":"POWELL","type":"bus","lastLocID":8027,"messageCode":766,"time":1395763163366,"expires":1395763581000,"signMessageLong":"72  Killingsworth/82nd to Swan Island-Anchor St","extraBlockID":null,"locationInScheduleDay":32409,"longitude":-122.5789706,"blockID":7235,"offRoute":false,"nextLocID":7964,"vehicleID":3053,"signMessage":"72 Swan Island","extraTripID":null,"nextStopSeq":22,"routeNumber":72,"vehicleLoad":"unknown","bearing":0,"lastStopSeq":21,"inCongestion":false,"delay":48,"latitude":45.4824484},{"tripID":4418207,"serviceDate":1395730800000,"direction":1,"garage":"POWELL","type":"bus","lastLocID":7937,"messageCode":760,"time":1395763166070,"expires":1395763584000,"signMessageLong":"72  Killingsworth/82nd to Clackamas TC","extraBlockID":null,"locationInScheduleDay":32291,"longitude":-122.5790778,"blockID":7245,"offRoute":false,"nextLocID":7931,"vehicleID":3052,"signMessage":"72 Clackamas TC","extraTripID":null,"nextStopSeq":71,"routeNumber":72,"vehicleLoad":"unknown","bearing":179,"lastStopSeq":70,"inCongestion":false,"delay":-73,"latitude":45.5229217},{"tripID":4418210,"serviceDate":1395730800000,"direction":1,"garage":"POWELL","type":"bus","lastLocID":3188,"messageCode":760,"time":1395763175053,"expires":1395763592000,"signMessageLong":"72  Killingsworth/82nd to Clackamas TC","extraBlockID":null,"locationInScheduleDay":32441,"longitude":-122.6666219,"blockID":7234,"offRoute":false,"nextLocID":3165,"vehicleID":3054,"signMessage":"72 Clackamas TC","extraTripID":null,"nextStopSeq":19,"routeNumber":72,"vehicleLoad":"unknown","bearing":89,"lastStopSeq":18,"inCongestion":false,"delay":69,"latitude":45.5627283},{"tripID":4419234,"serviceDate":1395730800000,"direction":1,"garage":"POWELL","type":"bus","lastLocID":8860,"messageCode":813,"time":1395763160454,"expires":1395763578000,"signMessageLong":"77  Broadway/Halsey to Montgomery Park","extraBlockID":null,"locationInScheduleDay":32402,"longitude":-122.4785609,"blockID":7734,"offRoute":false,"nextLocID":2349,"vehicleID":3046,"signMessage":"77 Montgomry Pk","extraTripID":null,"nextStopSeq":23,"routeNumber":77,"vehicleLoad":"unknown","bearing":269,"lastStopSeq":22,"inCongestion":false,"delay":44,"latitude":45.5347033},{"tripID":4419095,"serviceDate":1395730800000,"direction":0,"garage":"POWELL","type":"bus","lastLocID":2439,"messageCode":809,"time":1395763163323,"expires":1395763582000,"signMessageLong":"77  Broadway/Halsey to Troutdale","extraBlockID":null,"locationInScheduleDay":32193,"longitude":-122.5993409,"blockID":7738,"offRoute":false,"nextLocID":2440,"vehicleID":3035,"signMessage":"77 To Troutdale","extraTripID":null,"nextStopSeq":44,"routeNumber":77,"vehicleLoad":"unknown","bearing":90,"lastStopSeq":43,"inCongestion":false,"delay":-169,"latitude":45.5337066},{"tripID":4419096,"serviceDate":1395730800000,"direction":0,"garage":"CENTER","type":"bus","lastLocID":10866,"messageCode":809,"time":1395763175147,"expires":1395763592000,"signMessageLong":"77  Broadway/Halsey to Troutdale","extraBlockID":null,"locationInScheduleDay":32380,"longitude":-122.654637,"blockID":7702,"offRoute":false,"nextLocID":6216,"vehicleID":2005,"signMessage":"77 To Troutdale","extraTripID":null,"nextStopSeq":23,"routeNumber":77,"vehicleLoad":"unknown","bearing":90,"lastStopSeq":22,"inCongestion":false,"delay":8,"latitude":45.5343444}],"queryTime":1395763189124}}
