{"resultSet":{"vehicle":[{"tripID":4419232,"serviceDate":1395730800000,"direction":1,"garage":"POWELL","type":"bus","lastLocID":2399,"messageCode":813,"time":1395761360143,"expires":1395761776000,"signMessageLong":"77  Broadway/Halsey to Montgomery Park","extraBlockID":null,"locationInScheduleDay":30545,"longitude":-122.4865076,"blockID":7735,"offRoute":false,"nextLocID":2398,"vehicleID":2222,"signMessage":"77 Montgomry Pk","extraTripID":null,"nextStopSeq":25,"routeNumber":77,"vehicleLoad":"unknown","bearing":269,"lastStopSeq":24,"inCongestion":false,"delay":-11,"latitude":45.5346987},{"tripID":4419092,"serviceDate":1395730800000,"direction":0,"garage":"POWELL","type":"bus","lastLocID":2418,"messageCode":809,"time":1395761336418,"expires":1395761755000,"signMessageLong":"77  Broadway/Halsey to Troutdale","extraBlockID":null,"locationInScheduleDay":30644,"longitude":-122.4232649,"blockID":7736,"offRoute":false,"nextLocID":2330,"vehicleID":2221,"signMessage":"77 To Troutdale","extraTripID":null,"nextStopSeq":92,"routeNumber":77,"vehicleLoad":"unknown","bearing":78,"lastStopSeq":91,"inCongestion":false,"delay":109,"latitude":45.5364931},{"tripID":4411318,"serviceDate":1395730800000,"direction":0,"garage":"POWELL","type":"bus","lastLocID":8134,"messageCode":266,"time":1395761375097,"expires":1395761793000,"signMessageLong":"14  Hawthorne to 94th & Foster","extraBlockID":null,"locationInScheduleDay":30314,"longitude":-122.5634746,"blockID":1438,"offRoute":false,"nextLocID":1831,"vehicleID":2220,"signMessage":"14 To 94-Foster","extraTripID":null,"nextStopSeq":49,"routeNumber":14,"vehicleLoad":"unknown","bearing":359,"lastStopSeq":48,"inCongestion":false,"delay":0,"latitude":45.4781758},{"tripID":4418202,"serviceDate":1395730800000,"direction":1,"garage":"POWELL","type":"bus","lastLocID":7942,"messageCode":760,"time":1395761360105,"expires":1395761778000,"signMessageLong":"72  Killingsworth/82nd to Clackamas TC","extraBlockID":null,"locationInScheduleDay":30456,"longitude":-122.5755323,"blockID":7248,"offRoute":false,"nextLocID":12921,"vehicleID":2215,"signMessage":"72 Clackamas TC","extraTripID":null,"nextStopSeq":110,"routeNumber":72,"vehicleLoad":"unknown","bearing":91,"lastStopSeq":109,"inCongestion":false,"delay":-102,"latitude":45.4372609},{"tripID":4411575,"serviceDate":1395730800000,"direction":1,"garage":"POWELL","type":"bus","lastLocID":7665,"messageCode":268,"time":1395761375144,"expires":1395761793000,"signMessageLong":"14  Hawthorne to Portland","extraBlockID":null,"locationInScheduleDay":30773,"longitude":-122.6113681,"blockID":1437,"offRoute":false,"nextLocID":8242,"vehicleID":2270,"signMessage":"14 To Portland","extraTripID":null,"nextStopSeq":20,"routeNumber":14,"vehicleLoad":"unknown","bearing":0,"lastStopSeq":19,"inCongestion":false,"delay":200,"latitude":45.5001961},{"tripID":4417876,"serviceDate":1395730800000,"direction":0,"garage":"POWELL","type":"bus","lastLocID":10957,"messageCode":766,"time":1395761363406,"expires":1395761780000,"signMessageLong":"72  Killingsworth/82nd to Swan Island-Anchor St","extraBlockID":null,"locationInScheduleDay":30556,"longitude":-122.6625046,"blockID":7250,"offRoute":false,"nextLocID":3187,"vehicleID":2242,"signMessage":"72 Swan Island","extraTripID":null,"nextStopSeq":94,"routeNumber":72,"vehicleLoad":"unknown","bearing":270,"lastStopSeq":93,"inCongestion":false,"delay":-4,"latitude":45.562737},{"tripID":4417882,"serviceDate":1395730800000,"direction":0,"garage":"POWELL","type":"bus","lastLocID":8059,"messageCode":766,"time":1395761371939,"expires":1395761790000,"signMessageLong":"72  Killingsworth/82nd to Swan Island-Anchor St","extraBlockID":null,"locationInScheduleDay":30576,"longitude":-122.5790073,"blockID":7246,"offRoute":false,"nextLocID":8027,"vehicleID":2296,"signMessage":"72 Swan Island","extraTripID":null,"nextStopSeq":21,"routeNumber":72,"vehicleLoad":"unknown","bearing":0,"lastStopSeq":20,"inCongestion":false,"delay":6,"latitude":45.480601},{"tripID":4419093,"serviceDate":1395730800000,"direction":0,"garage":"POWELL","type":"bus","lastLocID":2460,"messageCode":809,"time":1395761375156,"expires":1395761792000,"signMessageLong":"77  Broadway/Halsey to Troutdale","extraBlockID":null,"locationInScheduleDay":30567,"longitude":-122.561429,"blockID":7737,"offRoute":false,"nextLocID":10747,"vehicleID":2285,"signMessage":"77 To Troutdale","extraTripID":null,"nextStopSeq":56,"routeNumber":77,"vehicleLoad":"unknown","bearing":95,"lastStopSeq":55,"inCongestion":false,"delay":-5,"latitude":45.5335106},{"tripID":4418205,"serviceDate":1395730800000,"direction":1,"garage":"POWELL","type":"bus","lastLocID":8000,"messageCode":760,"time":1395761375150,"expires":1395761793000,"signMessageLong":"72  Killingsworth/82nd to Clackamas TC","extraBlockID":null,"locationInScheduleDay":30573,"longitude":-122.5791014,"blockID":7252,"offRoute":false,"nextLocID":7978,"vehicleID":2283,"signMessage":"72 Clackamas TC","extraTripID":null,"nextStopSeq":66,"routeNumber":72,"vehicleLoad":"unknown","bearing":180,"lastStopSeq":65,"inCongestion":false,"delay":0,"latitude":45.5334929},{"tripID":4418204,"serviceDate":1395730800000,"direction":1,"garage":"POWELL","type":"bus","lastLocID":8024,"messageCode":760,"time":1395761366291,"expires":1395761784000,"signMessageLong":"72  Killingsworth/82nd to Clackamas TC","extraBlockID":null,"locationInScheduleDay":30645,"longitude":-122.5787646,"blockID":7244,"offRoute":false,"nextLocID":13707,"vehicleID":2276,"signMessage":"72 Clackamas TC","extraTripID":null,"nextStopSeq":84,"routeNumber":72,"vehicleLoad":"unknown","bearing":180,"lastStopSeq":83,"inCongestion":false,"delay":81,"latitude":45.4952641},{"tripID":4411319,"serviceDate":1395730800000,"direction":0,"garage":"POWELL","type":"bus","lastLocID":10196,"messageCode":266,"time":1395761356971,"expires":1395761776000,"signMessageLong":"14  Hawthorne to 94th & Foster","extraBlockID":null,"locationInScheduleDay":30551,"longitude":-122.5975591,"blockID":1439,"offRoute":false,"nextLocID":1802,"vehicleID":2275,"signMessage":"14 To 94-Foster","extraTripID":null,"nextStopSeq":35,"routeNumber":14,"vehicleLoad":"unknown","bearing":120,"lastStopSeq":34,"inCongestion":false,"delay":-5,"latitude":45.4899783},{"tripID":4413883,"serviceDate":1395730800000,"direction":1,"garage":"CENTER","type":"bus","lastLocID":3657,"messageCode":466,"time":1395761363282,"expires":1395761781000,"signMessageLong":"31  Portland","extraBlockID":null,"locationInScheduleDay":30369,"longitude":-122.6403443,"blockID":3003,"offRoute":false,"nextLocID":3658,"vehicleID":2119,"signMessage":"31 To Portland","extraTripID":null,"nextStopSeq":28,"routeNumber":31,"vehicleLoad":"unknown","bearing":9,"lastStopSeq":27,"inCongestion":false,"delay":-192,"latitude":45.4544042},{"tripID":4417322,"serviceDate":1395730800000,"direction":1,"garage":"CENTER","type":"bus","lastLocID":4049,"messageCode":788,"time":1395761380994,"expires":1395761798000,"signMessageLong":"70  12th/NE 33rd Ave to Milwaukie","extraBlockID":null,"locationInScheduleDay":30357,"longitude":-122.6500036,"blockID":7006,"offRoute":false,"nextLocID":4045,"vehicleID":2150,"signMessage":"70 To Milwaukie","extraTripID":null,"nextStopSeq":42,"routeNumber":70,"vehicleLoad":"unknown","bearing":270,"lastStopSeq":41,"inCongestion":false,"delay":-221,"latitude":45.5314781},{"tripID":4417170,"serviceDate":1395730800000,"direction":0,"garage":"CENTER","type":"bus","lastLocID":7138,"messageCode":783,"time":1395761363314,"expires":1395761781000,"signMessageLong":"70  33rd Ave to NE Sunderland","extraBlockID":null,"locationInScheduleDay":30419,"longitude":-122.6448414,"blockID":7008,"offRoute":false,"nextLocID":6237,"vehicleID":2506,"signMessage":"70 To Sunderlnd","extraTripID":null,"nextStopSeq":40,"routeNumber":70,"vehicleLoad":"unknown","bearing":359,"lastStopSeq":39,"inCongestion":false,"delay":-142,"latitude":45.5342166},{"tripID":4417881,"serviceDate":1395730800000,"direction":0,"garage":"POWELL","type":"bus","lastLocID":8007,"messageCode":766,"time":1395761381093,"expires":1395761799000,"signMessageLong":"72  Killingsworth/82nd to Swan Island-Anchor St","extraBlockID":null,"locationInScheduleDay":30568,"longitude":-122.5786962,"blockID":7238,"offRoute":false,"nextLocID":7979,"vehicleID":2527,"signMessage":"72 Swan Island","extraTripID":null,"nextStopSeq":36,"routeNumber":72,"vehicleLoad":"unknown","bearing":359,"lastStopSeq":35,"inCongestion":false,"delay":-11,"latitude":45.5099806},{"tripID":4417321,"serviceDate":1395730800000,"direction":1,"garage":"CENTER","type":"bus","lastLocID":6846,"messageCode":789,"time":1395761363341,"expires":1395761779000,"signMessageLong":"70  12th Ave to Milwaukie via 17th & Tacoma","extraBlockID":null,"locationInScheduleDay":30631,"longitude":-122.6483718,"blockID":7002,"offRoute":false,"nextLocID":6862,"vehicleID":2524,"signMessage":"70 To Milw via 17","extraTripID":null,"nextStopSeq":65,"routeNumber":70,"vehicleLoad":"unknown","bearing":180,"lastStopSeq":64,"inCongestion":false,"delay":72,"latitude":45.4849815},{"tripID":4411571,"serviceDate":1395730800000,"direction":1,"garage":"CENTER","type":"bus","lastLocID":2616,"messageCode":268,"time":1395761360068,"expires":1395761778000,"signMessageLong":"14  Hawthorne to Portland","extraBlockID":null,"locationInScheduleDay":29755,"longitude":-122.637228,"blockID":1405,"offRoute":false,"nextLocID":2613,"vehicleID":2520,"signMessage":"14 To Portland","extraTripID":null,"nextStopSeq":33,"routeNumber":14,"vehicleLoad":"unknown","bearing":271,"lastStopSeq":32,"inCongestion":false,"delay":-803,"latitude":45.5120734},{"tripID":4419230,"serviceDate":1395730800000,"direction":1,"garage":"CENTER","type":"bus","lastLocID":643,"messageCode":813,"time":1395761375040,"expires":1395761792000,"signMessageLong":"77  Broadway/Halsey to Montgomery Park","extraBlockID":null,"locationInScheduleDay":30535,"longitude":-122.6335389,"blockID":7701,"offRoute":false,"nextLocID":641,"vehicleID":2512,"signMessage":"77 Montgomry Pk","extraTripID":null,"nextStopSeq":74,"routeNumber":77,"vehicleLoad":"unknown","bearing":269,"lastStopSeq":73,"inCongestion":false,"delay":-37,"latitude":45.53516},{"tripID":4418208,"serviceDate":1395730800000,"direction":1,"garage":"POWELL","type":"bus","lastLocID":3162,"messageCode":760,"time":1395761366058,"expires":1395761782000,"signMessageLong":"72  Killingsworth/82nd to Clackamas TC","extraBlockID":null,"locationInScheduleDay":30759,"longitude":-122.6854892,"blockID":7239,"offRoute":false,"nextLocID":3158,"vehicleID":2540,"signMessage":"72 Clackamas TC","extraTripID":null,"nextStopSeq":11,"routeNumber":72,"vehicleLoad":"unknown","bearing":91,"lastStopSeq":10,"inCongestion":false,"delay":197,"latitude":45.562687},{"tripID":4417883,"serviceDate":1395730800000,"direction":0,"garage":"POWELL","type":"bus","lastLocID":7918,"messageCode":766,"time":1395761375079,"expires":1395761793000,"signMessageLong":"72  Killingsworth/82nd to Swan Island-Anchor St","extraBlockID":null,"locationInScheduleDay":30652,"longitude":-122.5789929,"blockID":7240,"offRoute":false,"nextLocID":7968,"vehicleID":2533,"signMessage":"72 Swan Island","extraTripID":null,"nextStopSeq":6,"routeNumber":72,"vehicleLoad":"unknown","bearing":357,"lastStopSeq":5,"inCongestion":false,"delay":79,"latitude":45.4486131},{"tripID":4417874,"serviceDate":1395730800000,"direction":0,"garage":"POWELL","type":"bus","lastLocID":1043,"messageCode":768,"time":1395761366363,"expires":1395761784000,"signMessageLong":"72  Killingsworth/82nd to Swan Island-Shipyards","extraBlockID":null,"locationInScheduleDay":30554,"longitude":-122.7095936,"blockID":7249,"offRoute":false,"nextLocID":1042,"vehicleID":2558,"signMessage":"72 Swan Island","extraTripID":null,"nextStopSeq":116,"routeNumber":72,"vehicleLoad":"unknown","bearing":127,"lastStopSeq":115,"inCongestion":false,"delay":-10,"latitude":45.559155},{"tripID":4417880,"serviceDate":1395730800000,"direction":0,"garage":"POWELL","type":"bus","lastLocID":7999,"messageCode":766,"time":1395761378400,"expires":1395761797000,"signMessageLong":"72  Killingsworth/82nd to Swan Island-Anchor St","extraBlockID":null,"locationInScheduleDay":30577,"longitude":-122.578962,"blockID":7236,"offRoute":false,"nextLocID":8042,"vehicleID":2552,"signMessage":"72 Swan Island","extraTripID":null,"nextStopSeq":49,"routeNumber":72,"vehicleLoad":"unknown","bearing":0,"lastStopSeq":48,"inCongestion":false,"delay":0,"latitude":45.533614},{"tripID":4418203,"serviceDate":1395730800000,"direction":1,"garage":"POWELL","type":"bus","lastLocID":7994,"messageCode":760,"time":1395761375198,"expires":1395761793000,"signMessageLong":"72  Killingsworth/82nd to Clackamas TC","extraBlockID":null,"locationInScheduleDay":30484,"longitude":-122.5790906,"blockID":7242,"offRoute":false,"nextLocID":7954,"vehicleID":2548,"signMessage":"72 Clackamas TC","extraTripID":null,"nextStopSeq":99,"routeNumber":72,"vehicleLoad":"unknown","bearing":219,"lastStopSeq":98,"inCongestion":false,"delay":-89,"latitude":45.4646409},{"tripID":4411320,"serviceDate":1395730800000,"direction":0,"garage":"POWELL","type":"bus","lastLocID":2596,"messageCode":266,"time":1395761378388,"expires":1395761796000,"signMessageLong":"14  Hawthorne to 94th & Foster","extraBlockID":null,"locationInScheduleDay":30585,"longitude":-122.6471303,"blockID":1440,"offRoute":false,"nextLocID":2607,"vehicleID":2308,"signMessage":"14 To 94-Foster","extraTripID":null,"nextStopSeq":10,"routeNumber":14,"vehicleLoad":"unknown","bearing":89,"lastStopSeq":9,"inCongestion":false,"delay":9,"latitude":45.5121956},{"tripID":4417879,"serviceDate":1395730800000,"direction":0,"garage":"POWELL","type":"bus","lastLocID":10601,"messageCode":766,"time":1395761360236,"expires":1395761777000,"signMessageLong":"72  Killingsworth/82nd to Swan Island-Anchor St","extraBlockID":null,"locationInScheduleDay":30660,"longitude":-122.5938595,"blockID":7253,"offRoute":false,"nextLocID":3147,"vehicleID":2318,"signMessage":"72 Swan Island","extraTripID":null,"nextStopSeq":67,"routeNumber":72,"vehicleLoad":"unknown","bearing":270,"lastStopSeq":66,"inCongestion":false,"delay":103,"latitude":45.5627143},{"tripID":4411572,"serviceDate":1395730800000,"direction":1,"garage":"POWELL","type":"bus","lastLocID":3633,"messageCode":268,"time":1395761375185,"expires":1395761793000,"signMessageLong":"14  Hawthorne to Portland","extraBlockID":null,"locationInScheduleDay":30532,"longitude":-122.6606011,"blockID":1435,"offRoute":false,"nextLocID":2642,"vehicleID":2316,"signMessage":"14 To Portland","extraTripID":null,"nextStopSeq":42,"routeNumber":14,"vehicleLoad":"unknown","bearing":270,"lastStopSeq":41,"inCongestion":false,"delay":-41,"latitude":45.5129375},{"tripID":4411573,"serviceDate":1395730800000,"direction":1,"garage":"CENTER","type":"bus","lastLocID":2609,"messageCode":268,"time":1395761378262,"expires":1395761796000,"signMessageLong":"14  Hawthorne to Portland","extraBlockID":null,"locationInScheduleDay":30638,"longitude":-122.6433961,"blockID":1403,"offRoute":false,"nextLocID":2606,"vehicleID":2725,"signMessage":"14 To Portland","extraTripID":null,"nextStopSeq":36,"routeNumber":14,"vehicleLoad":"unknown","bearing":269,"lastStopSeq":35,"inCongestion":false,"delay":62,"latitude":45.5120922},{"tripID":4419231,"serviceDate":1395730800000,"direction":1,"garage":"CENTER","type":"bus","lastLocID":7916,"messageCode":813,"time":1395761381083,"expires":1395761798000,"signMessageLong":"77  Broadway/Halsey to Montgomery Park","extraBlockID":null,"locationInScheduleDay":30412,"longitude":-122.5800147,"blockID":7705,"offRoute":false,"nextLocID":2455,"vehicleID":2720,"signMessage":"77 Montgomry Pk","extraTripID":null,"nextStopSeq":54,"routeNumber":77,"vehicleLoad":"unknown","bearing":0,"lastStopSeq":53,"inCongestion":false,"delay":-166,"latitude":45.5332478},{"tripID":4411574,"serviceDate":1395730800000,"direction":1,"garage":"CENTER","type":"bus","lastLocID":7658,"messageCode":268,"time":1395761381059,"expires":1395761799000,"signMessageLong":"14  Hawthorne to Portland","extraBlockID":null,"locationInScheduleDay":30577,"longitude":-122.6115671,"blockID":1404,"offRoute":false,"nextLocID":13734,"vehicleID":2718,"signMessage":"14 To Portland","extraTripID":null,"nextStopSeq":25,"routeNumber":14,"vehicleLoad":"unknown","bearing":356,"lastStopSeq":24,"inCongestion":false,"delay":-2,"latitude":45.5117721},{"tripID":4417320,"serviceDate":1395730800000,"direction":1,"garage":"CENTER","type":"bus","lastLocID":6700,"messageCode":791,"time":1395761363316,"expires":1395761781000,"signMessageLong":"70  To Milwaukie","extraBlockID":null,"locationInScheduleDay":30291,"longitude":-122.653006,"blockID":7007,"offRoute":false,"nextLocID":6709,"vehicleID":2709,"signMessage":"70 To Milwaukie","extraTripID":null,"nextStopSeq":75,"routeNumber":70,"vehicleLoad":"unknown","bearing":179,"lastStopSeq":74,"inCongestion":false,"delay":-270,"latitude":45.464539},{"tripID":4417168,"serviceDate":1395730800000,"direction":0,"garage":"CENTER","type":"bus","lastLocID":13040,"messageCode":783,"time":1395761374999,"expires":1395761792000,"signMessageLong":"70  33rd Ave to NE Sunderland","extraBlockID":null,"locationInScheduleDay":29940,"longitude":-122.6357648,"blockID":7001,"offRoute":false,"nextLocID":9368,"vehicleID":2704,"signMessage":"70 To Sunderlnd","extraTripID":null,"nextStopSeq":80,"routeNumber":70,"vehicleLoad":"unknown","bearing":180,"lastStopSeq":79,"inCongestion":false,"delay":0,"latitude":45.5898735},{"tripID":4417171,"serviceDate":1395730800000,"direction":0,"garage":"CENTER","type":"bus","lastLocID":6578,"messageCode":780,"time":1395761381038,"expires":1395761798000,"signMessageLong":"70  12th/NE 33rd Ave to NE Sunderland","extraBlockID":null,"locationInScheduleDay":30677,"longitude":-122.6537287,"blockID":7003,"offRoute":false,"nextLocID":6581,"vehicleID":2705,"signMessage":"70 To Sunderlnd","extraTripID":null,"nextStopSeq":28,"routeNumber":70,"vehicleLoad":"unknown","bearing":0,"lastStopSeq":27,"inCongestion":false,"delay":99,"latitude":45.504902},{"tripID":4417323,"serviceDate":1395730800000,"direction":1,"garage":"CENTER","type":"bus","lastLocID":7368,"messageCode":788,"time":1395761374995,"expires":1395761792000,"signMessageLong":"70  12th/NE 33rd Ave to Milwaukie","extraBlockID":null,"locationInScheduleDay":30623,"longitude":-122.6307113,"blockID":7004,"offRoute":false,"nextLocID":7374,"vehicleID":2701,"signMessage":"70 To Milwaukie","extraTripID":null,"nextStopSeq":25,"routeNumber":70,"vehicleLoad":"unknown","bearing":180,"lastStopSeq":24,"inCongestion":false,"delay":51,"latitude":45.550192},{"tripID":4419094,"serviceDate":1395730800000,"direction":0,"garage":"CENTER","type":"bus","lastLocID":10870,"messageCode":809,"time":1395761363469,"expires":1395761780000,"signMessageLong":"77  Broadway/Halsey to Troutdale","extraBlockID":null,"locationInScheduleDay":30660,"longitude":-122.6206027,"blockID":7704,"offRoute":false,"nextLocID":7509,"vehicleID":2614,"signMessage":"77 To Troutdale","extraTripID":null,"nextStopSeq":36,"routeNumber":77,"vehicleLoad":"unknown","bearing":91,"lastStopSeq":35,"inCongestion":false,"delay":100,"latitude":45.5333119},{"tripID":4411576,"serviceDate":1395730800000,"direction":1,"garage":"CENTER","type":"bus","lastLocID":12948,"messageCode":268,"time":1395761363456,"expires":1395761779000,"signMessageLong":"14  Hawthorne to Portland","extraBlockID":null,"locationInScheduleDay":30665,"longitude":-122.5868491,"blockID":1401,"offRoute":false,"nextLocID":1811,"vehicleID":2608,"signMessage":"14 To Portland","extraTripID":null,"nextStopSeq":9,"routeNumber":14,"vehicleLoad":"unknown","bearing":295,"lastStopSeq":8,"inCongestion":false,"delay":106,"latitude":45.4857087},{"tripID":4417169,"serviceDate":1395730800000,"direction":0,"garage":"CENTER","type":"bus","lastLocID":8498,"messageCode":783,"time":1395761360169,"expires":1395761778000,"signMessageLong":"70  33rd Ave to NE Sunderland","extraBlockID":null,"locationInScheduleDay":30525,"longitude":-122.6438611,"blockID":7010,"offRoute":false,"nextLocID":8303,"vehicleID":2623,"signMessage":"70 To Sunderlnd","extraTripID":null,"nextStopSeq":71,"routeNumber":70,"vehicleLoad":"unknown","bearing":287,"lastStopSeq":70,"inCongestion":false,"delay":-33,"latitude":45.576533},{"tripID":4419229,"serviceDate":1395730800000,"direction":1,"garage":"CENTER","type":"bus","lastLocID":1997,"messageCode":813,"time":1395761366272,"expires":1395761784000,"signMessageLong":"77  Broadway/Halsey to Montgomery Park","extraBlockID":null,"locationInScheduleDay":30486,"longitude":-122.6780664,"blockID":7707,"offRoute":false,"nextLocID":2011,"vehicleID":2653,"signMessage":"77 Montgomry Pk","extraTripID":null,"nextStopSeq":89,"routeNumber":77,"vehicleLoad":"unknown","bearing":268,"lastStopSeq":88,"inCongestion":false,"delay":-78,"latitude":45.526602},{"tripID":4417172,"serviceDate":1395730800000,"direction":0,"garage":"CENTER","type":"bus","lastLocID":13477,"messageCode":781,"time":1395761378343,"expires":1395761796000,"signMessageLong":"70  12th/NE 33rd Ave to NE Sunderland via 17th & Tacoma","extraBlockID":null,"locationInScheduleDay":30576,"longitude":-122.6407309,"blockID":7009,"offRoute":false,"nextLocID":8225,"vehicleID":2626,"signMessage":"70 To Sunderland via 17th","extraTripID":null,"nextStopSeq":2,"routeNumber":70,"vehicleLoad":"unknown","bearing":81,"lastStopSeq":1,"inCongestion":false,"delay":0,"latitude":45.4448667},{"tripID":4419228,"serviceDate":1395730800000,"direction":1,"garage":"CENTER","type":"bus","lastLocID":8414,"messageCode":813,"time":1395761360176,"expires":1395761776000,"signMessageLong":"77  Broadway/Halsey to Montgomery Park","extraBlockID":null,"locationInScheduleDay":30138,"longitude":-122.7050432,"blockID":7703,"offRoute":false,"nextLocID":8802,"vehicleID":2630,"signMessage":"77 Montgomry Pk","extraTripID":null,"nextStopSeq":104,"routeNumber":77,"vehicleLoad":"unknown","bearing":268,"lastStopSeq":103,"inCongestion":false,"delay":-418,"latitude":45.5368223},{"tripID":4419233,"serviceDate":1395730800000,"direction":1,"garage":"CENTER","type":"bus","lastLocID":9481,"messageCode":813,"time":1395761360180,"expires":1395761776000,"signMessageLong":"77  Broadway/Halsey to Montgomery Park","extraBlockID":null,"locationInScheduleDay":30549,"longitude":-122.3909572,"blockID":7706,"offRoute":false,"nextLocID":9471,"vehicleID":2632,"signMessage":"77 Montgomry Pk","extraTripID":null,"nextStopSeq":2,"routeNumber":77,"vehicleLoad":"unknown","bearing":113,"lastStopSeq":1,"inCongestion":false,"delay":-7,"latitude":45.5443234},{"tripID":4418206,"serviceDate":1395730800000,"direction":1,"garage":"POWELL","type":"bus","lastLocID":10600,"messageCode":760,"time":1395761360016,"expires":1395761776000,"signMessageLong":"72  Killingsworth/82nd to Clackamas TC","extraBlockID":null,"locationInScheduleDay":30634,"longitude":-122.5910046,"blockID":7237,"offRoute":false,"nextLocID":3211,"vehicleID":3004,"signMessage":"72 Clackamas TC","extraTripID":null,"nextStopSeq":49,"routeNumber":72,"vehicleLoad":"unknown","bearing":49,"lastStopSeq":48,"inCongestion":false,"delay":78,"latitude":45.5628369},{"tripID":4417878,"serviceDate":1395730800000,"direction":0,"garage":"POWELL","type":"bus","lastLocID":10184,"messageCode":766,"time":1395761371930,"expires":1395761788000,"signMessageLong":"72  Killingsworth/82nd to Swan Island-Anchor St","extraBlockID":null,"locationInScheduleDay":30795,"longitude":-122.6594404,"blockID":7251,"offRoute":false,"nextLocID":5890,"vehicleID":3003,"signMessage":"72 Swan Island","extraTripID":null,"nextStopSeq":92,"routeNumber":72,"vehicleLoad":"unknown","bearing":270,"lastStopSeq":91,"inCongestion":false,"delay":227,"latitude":45.5591249},{"tripID":4418209,"serviceDate":1395730800000,"direction":1,"garage":"POWELL","type":"bus","lastLocID":115,"messageCode":760,"time":1395761381037,"expires":1395761799000,"signMessageLong":"72  Killingsworth/82nd to Clackamas TC","extraBlockID":null,"locationInScheduleDay":30579,"longitude":-122.703865,"blockID":7241,"offRoute":false,"nextLocID":8681,"vehicleID":3048,"signMessage":"72 Clackamas TC","extraTripID":null,"nextStopSeq":2,"routeNumber":72,"vehicleLoad":"unknown","bearing":159,"lastStopSeq":1,"inCongestion":false,"delay":0,"latitude":45.5567629},{"tripID":4418207,"serviceDate":1395730800000,"direction":1,"garage":"POWELL","type":"bus","lastLocID":11471,"messageCode":760,"time":1395761375007,"expires":1395761793000,"signMessageLong":"72  Killingsworth/82nd to Clackamas TC","extraBlockID":null,"locationInScheduleDay":30663,"longitude":-122.643338,"blockID":7245,"offRoute":false,"nextLocID":60,"vehicleID":3052,"signMessage":"72 Clackamas TC","extraTripID":null,"nextStopSeq":29,"routeNumber":72,"vehicleLoad":"unknown","bearing":90,"lastStopSeq":28,"inCongestion":false,"delay":90,"latitude":45.5590772},{"tripID":4417875,"serviceDate":1395730800000,"direction":0,"garage":"POWELL","type":"bus","lastLocID":2202,"messageCode":766,"time":1395761360044,"expires":1395761776000,"signMessageLong":"72  Killingsworth/82nd to Swan Island-Anchor St","extraBlockID":null,"locationInScheduleDay":30629,"longitude":-122.6933525,"blockID":7234,"offRoute":false,"nextLocID":2161,"vehicleID":3054,"signMessage":"72 Swan Island","extraTripID":null,"nextStopSeq":107,"routeNumber":72,"vehicleLoad":"unknown","bearing":172,"lastStopSeq":106,"inCongestion":false,"delay":73,"latitude":45.5573537},{"tripID":4419234,"serviceDate":1395730800000,"direction":1,"garage":"POWELL","type":"bus","lastLocID":9481,"messageCode":813,"time":1395761375049,"expires":1395761792000,"signMessageLong":"77  Broadway/Halsey to Montgomery Park","extraBlockID":null,"locationInScheduleDay":30572,"longitude":-122.3982117,"blockID":7734,"offRoute":false,"nextLocID":9471,"vehicleID":3046,"signMessage":"77 Montgomry Pk","extraTripID":null,"nextStopSeq":2,"routeNumber":77,"vehicleLoad":"unknown","bearing":85,"lastStopSeq":1,"inCongestion":false,"delay":0,"latitude":45.5443612},{"tripID":4419095,"serviceDate":1395730800000,"direction":0,"garage":"POWELL","type":"bus","lastLocID":1608,"messageCode":809,"time":1395761366038,"expires":1395761782000,"signMessageLong":"77  Broadway/Halsey to Troutdale","extraBlockID":null,"locationInScheduleDay":30353,"longitude":-122.6836749,"blockID":7738,"offRoute":false,"nextLocID":1607,"vehicleID":3035,"signMessage":"77 To Troutdale","extraTripID":null,"nextStopSeq":14,"routeNumber":77,"vehicleLoad":"unknown","bearing":88,"lastStopSeq":13,"inCongestion":false,"delay":-209,"latitude":45.5250717},{"tripID":4417877,"serviceDate":1395730800000,"direction":0,"garage":"POWELL","type":"bus","lastLocID":7328,"messageCode":766,"time":1395761363295,"expires":1395761780000,"signMessageLong":"72  Killingsworth/82nd to Swan Island-Anchor St","extraBlockID":null,"locationInScheduleDay":30628,"longitude":-122.6348944,"blockID":7243,"offRoute":false,"nextLocID":7331,"vehicleID":3025,"signMessage":"72 Swan Island","extraTripID":null,"nextStopSeq":81,"routeNumber":72,"vehicleLoad":"unknown","bearing":179,"lastStopSeq":80,"inCongestion":false,"delay":68,"latitude":45.5609538},{"tripID":4419096,"serviceDate":1395730800000,"direction":0,"garage":"CENTER","type":"bus","lastLocID":8484,"messageCode":809,"time":1395761381109,"expires":1395761799000,"signMessageLong":"77  Broadway/Halsey to Troutdale","extraBlockID":null,"locationInScheduleDay":30579,"longitude":-122.7069049,"blockID":7702,"offRoute":false,"nextLocID":8385,"vehicleID":2005,"signMessage":"77 To Troutdale","extraTripID":null,"nextStopSeq":2,"routeNumber":77,"vehicleLoad":"unknown","bearing":178,"lastStopSeq":1,"inCongestion":false,"delay":0,"latitude":45.5370429}],"queryTime":1395761389048}}
