{"resultSet":{"vehicle":[{"tripID":4411566,"serviceDate":1395730800000,"direction":1,"garage":"POWELL","type":"bus","lastLocID":1793,"messageCode":268,"time":1395757943525,"expires":1395758361000,"signMessageLong":"14  Hawthorne to Portland","extraBlockID":null,"locationInScheduleDay":27103,"longitude":-122.6112206,"blockID":1436,"offRoute":false,"nextLocID":7656,"vehicleID":2206,"signMessage":"14 To Portland","extraTripID":null,"nextStopSeq":18,"routeNumber":14,"vehicleLoad":"unknown","bearing":323,"lastStopSeq":17,"inCongestion":false,"delay":-38,"latitude":45.4971781},{"tripID":4419089,"serviceDate":1395730800000,"direction":0,"garage":"POWELL","type":"bus","lastLocID":2401,"messageCode":809,"time":1395757955443,"expires":1395758372000,"signMessageLong":"77  Broadway/Halsey to Troutdale","extraBlockID":null,"locationInScheduleDay":27124,"longitude":-122.4775568,"blockID":7735,"offRoute":false,"nextLocID":2405,"vehicleID":2222,"signMessage":"77 To Troutdale","extraTripID":null,"nextStopSeq":79,"routeNumber":77,"vehicleLoad":"unknown","bearing":89,"lastStopSeq":78,"inCongestion":false,"delay":-28,"latitude":45.5347039},{"tripID":4419092,"serviceDate":1395730800000,"direction":0,"garage":"POWELL","type":"bus","lastLocID":1615,"messageCode":null,"time":1395757941000,"expires":1395758361000,"signMessageLong":null,"extraBlockID":null,"locationInScheduleDay":null,"longitude":-122.6956,"blockID":7736,"offRoute":false,"nextLocID":1611,"vehicleID":2221,"signMessage":null,"extraTripID":null,"nextStopSeq":null,"routeNumber":77,"vehicleLoad":"unknown","bearing":null,"lastStopSeq":null,"inCongestion":false,"delay":53,"latitude":45.524833},{"tripID":4411565,"serviceDate":1395730800000,"direction":1,"garage":"POWELL","type":"bus","lastLocID":2632,"messageCode":268,"time":1395757895290,"expires":1395758314000,"signMessageLong":"14  Hawthorne to Portland","extraBlockID":null,"locationInScheduleDay":27140,"longitude":-122.6173581,"blockID":1438,"offRoute":false,"nextLocID":2629,"vehicleID":2220,"signMessage":"14 To Portland","extraTripID":null,"nextStopSeq":27,"routeNumber":14,"vehicleLoad":"unknown","bearing":270,"lastStopSeq":26,"inCongestion":false,"delay":46,"latitude":45.5120338},{"tripID":4418202,"serviceDate":1395730800000,"direction":1,"garage":"POWELL","type":"bus","lastLocID":54,"messageCode":760,"time":1395757949171,"expires":1395758366000,"signMessageLong":"72  Killingsworth/82nd to Clackamas TC","extraBlockID":null,"locationInScheduleDay":27184,"longitude":-122.6444003,"blockID":7248,"offRoute":false,"nextLocID":11471,"vehicleID":2215,"signMessage":"72 Clackamas TC","extraTripID":null,"nextStopSeq":28,"routeNumber":72,"vehicleLoad":"unknown","bearing":90,"lastStopSeq":27,"inCongestion":false,"delay":38,"latitude":45.5590804},{"tripID":4411316,"serviceDate":1395730800000,"direction":0,"garage":"POWELL","type":"bus","lastLocID":2614,"messageCode":266,"time":1395757955440,"expires":1395758372000,"signMessageLong":"14  Hawthorne to 94th & Foster","extraBlockID":null,"locationInScheduleDay":27254,"longitude":-122.6352827,"blockID":1437,"offRoute":false,"nextLocID":2615,"vehicleID":2264,"signMessage":"14 To 94-Foster","extraTripID":null,"nextStopSeq":14,"routeNumber":14,"vehicleLoad":"unknown","bearing":90,"lastStopSeq":13,"inCongestion":false,"delay":102,"latitude":45.5120696},{"tripID":4418200,"serviceDate":1395730800000,"direction":1,"garage":"POWELL","type":"bus","lastLocID":8064,"messageCode":760,"time":1395757909991,"expires":1395758327000,"signMessageLong":"72  Killingsworth/82nd to Clackamas TC","extraBlockID":null,"locationInScheduleDay":27154,"longitude":-122.578578,"blockID":7247,"offRoute":false,"nextLocID":8025,"vehicleID":2250,"signMessage":"72 Clackamas TC","extraTripID":null,"nextStopSeq":54,"routeNumber":72,"vehicleLoad":"unknown","bearing":180,"lastStopSeq":53,"inCongestion":false,"delay":47,"latitude":45.5582994},{"tripID":4417876,"serviceDate":1395730800000,"direction":0,"garage":"POWELL","type":"bus","lastLocID":7920,"messageCode":766,"time":1395757943614,"expires":1395758361000,"signMessageLong":"72  Killingsworth/82nd to Swan Island-Anchor St","extraBlockID":null,"locationInScheduleDay":27083,"longitude":-122.5788953,"blockID":7250,"offRoute":false,"nextLocID":7918,"vehicleID":2242,"signMessage":"72 Swan Island","extraTripID":null,"nextStopSeq":5,"routeNumber":72,"vehicleLoad":"unknown","bearing":359,"lastStopSeq":4,"inCongestion":false,"delay":-58,"latitude":45.4467546},{"tripID":4418198,"serviceDate":1395730800000,"direction":1,"garage":"POWELL","type":"bus","lastLocID":7923,"messageCode":760,"time":1395757952274,"expires":1395758370000,"signMessageLong":"72  Killingsworth/82nd to Clackamas TC","extraBlockID":null,"locationInScheduleDay":27120,"longitude":-122.5786966,"blockID":7246,"offRoute":false,"nextLocID":7958,"vehicleID":2296,"signMessage":"72 Clackamas TC","extraTripID":null,"nextStopSeq":79,"routeNumber":72,"vehicleLoad":"unknown","bearing":180,"lastStopSeq":78,"inCongestion":false,"delay":-30,"latitude":45.5068394},{"tripID":4419093,"serviceDate":1395730800000,"direction":0,"garage":"POWELL","type":"bus","lastLocID":8484,"messageCode":809,"time":1395757958394,"expires":1395758376000,"signMessageLong":"77  Broadway/Halsey to Troutdale","extraBlockID":null,"locationInScheduleDay":27156,"longitude":-122.7069049,"blockID":7737,"offRoute":false,"nextLocID":8385,"vehicleID":2285,"signMessage":"77 To Troutdale","extraTripID":null,"nextStopSeq":2,"routeNumber":77,"vehicleLoad":"unknown","bearing":178,"lastStopSeq":1,"inCongestion":false,"delay":0,"latitude":45.5370429},{"tripID":4417869,"serviceDate":1395730800000,"direction":0,"garage":"POWELL","type":"bus","lastLocID":2161,"messageCode":766,"time":1395757940291,"expires":1395758357000,"signMessageLong":"72  Killingsworth/82nd to Swan Island-Anchor St","extraBlockID":null,"locationInScheduleDay":26479,"longitude":-122.7021093,"blockID":7244,"offRoute":false,"nextLocID":115,"vehicleID":2276,"signMessage":"72 Swan Island","extraTripID":null,"nextStopSeq":108,"routeNumber":72,"vehicleLoad":"unknown","bearing":307,"lastStopSeq":107,"inCongestion":false,"delay":0,"latitude":45.5573054},{"tripID":4411567,"serviceDate":1395730800000,"direction":1,"garage":"POWELL","type":"bus","lastLocID":1803,"messageCode":268,"time":1395757943685,"expires":1395758361000,"signMessageLong":"14  Hawthorne to Portland","extraBlockID":null,"locationInScheduleDay":27168,"longitude":-122.5977668,"blockID":1439,"offRoute":false,"nextLocID":1778,"vehicleID":2275,"signMessage":"14 To Portland","extraTripID":null,"nextStopSeq":13,"routeNumber":14,"vehicleLoad":"unknown","bearing":300,"lastStopSeq":12,"inCongestion":false,"delay":27,"latitude":45.4900653},{"tripID":4417318,"serviceDate":1395730800000,"direction":1,"garage":"CENTER","type":"bus","lastLocID":4044,"messageCode":790,"time":1395757958193,"expires":1395758377000,"signMessageLong":"70  12th Ave to Milwaukie via 13th & Tacoma","extraBlockID":null,"locationInScheduleDay":27136,"longitude":-122.6566052,"blockID":7005,"offRoute":false,"nextLocID":8937,"vehicleID":2132,"signMessage":"70 To Milw via 13","extraTripID":null,"nextStopSeq":44,"routeNumber":70,"vehicleLoad":"unknown","bearing":180,"lastStopSeq":43,"inCongestion":false,"delay":-21,"latitude":45.5305182},{"tripID":4413880,"serviceDate":1395730800000,"direction":1,"garage":"CENTER","type":"bus","lastLocID":3858,"messageCode":454,"time":1395757943389,"expires":1395758361000,"signMessageLong":"31E Portland Express","extraBlockID":null,"locationInScheduleDay":26890,"longitude":-122.654026,"blockID":3002,"offRoute":false,"nextLocID":2171,"vehicleID":2134,"signMessage":"31E Portland Express","extraTripID":null,"nextStopSeq":3,"routeNumber":31,"vehicleLoad":"unknown","bearing":308,"lastStopSeq":2,"inCongestion":false,"delay":-251,"latitude":45.4902725},{"tripID":4417166,"serviceDate":1395730800000,"direction":0,"garage":"CENTER","type":"bus","lastLocID":638,"messageCode":783,"time":1395757958217,"expires":1395758374000,"signMessageLong":"70  33rd Ave to NE Sunderland","extraBlockID":null,"locationInScheduleDay":26813,"longitude":-122.634372,"blockID":7006,"offRoute":false,"nextLocID":642,"vehicleID":2150,"signMessage":"70 To Sunderlnd","extraTripID":null,"nextStopSeq":44,"routeNumber":70,"vehicleLoad":"unknown","bearing":90,"lastStopSeq":43,"inCongestion":false,"delay":-341,"latitude":45.5351143},{"tripID":4417170,"serviceDate":1395730800000,"direction":0,"garage":"CENTER","type":"bus","lastLocID":13477,"messageCode":781,"time":1395757940139,"expires":1395758357000,"signMessageLong":"70  12th/NE 33rd Ave to NE Sunderland via 17th & Tacoma","extraBlockID":null,"locationInScheduleDay":27137,"longitude":-122.6407309,"blockID":7008,"offRoute":false,"nextLocID":8225,"vehicleID":2506,"signMessage":"70 To Sunderland via 17th","extraTripID":null,"nextStopSeq":2,"routeNumber":70,"vehicleLoad":"unknown","bearing":81,"lastStopSeq":1,"inCongestion":false,"delay":0,"latitude":45.4448667},{"tripID":4418197,"serviceDate":1395730800000,"direction":1,"garage":"POWELL","type":"bus","lastLocID":7965,"messageCode":760,"time":1395757961071,"expires":1395758378000,"signMessageLong":"72  Killingsworth/82nd to Clackamas TC","extraBlockID":null,"locationInScheduleDay":27178,"longitude":-122.5789962,"blockID":7238,"offRoute":false,"nextLocID":8028,"vehicleID":2527,"signMessage":"72 Clackamas TC","extraTripID":null,"nextStopSeq":91,"routeNumber":72,"vehicleLoad":"unknown","bearing":180,"lastStopSeq":90,"inCongestion":false,"delay":20,"latitude":45.4812597},{"tripID":4417165,"serviceDate":1395730800000,"direction":0,"garage":"CENTER","type":"bus","lastLocID":13040,"messageCode":783,"time":1395757955400,"expires":1395758372000,"signMessageLong":"70  33rd Ave to NE Sunderland","extraBlockID":null,"locationInScheduleDay":26820,"longitude":-122.6357648,"blockID":7002,"offRoute":false,"nextLocID":9368,"vehicleID":2524,"signMessage":"70 To Sunderlnd","extraTripID":null,"nextStopSeq":83,"routeNumber":70,"vehicleLoad":"unknown","bearing":180,"lastStopSeq":82,"inCongestion":false,"delay":0,"latitude":45.5898735},{"tripID":4419230,"serviceDate":1395730800000,"direction":1,"garage":"CENTER","type":"bus","lastLocID":9481,"messageCode":813,"time":1395757967432,"expires":1395758386000,"signMessageLong":"77  Broadway/Halsey to Montgomery Park","extraBlockID":null,"locationInScheduleDay":27166,"longitude":-122.3982117,"blockID":7701,"offRoute":false,"nextLocID":9471,"vehicleID":2512,"signMessage":"77 Montgomry Pk","extraTripID":null,"nextStopSeq":2,"routeNumber":77,"vehicleLoad":"unknown","bearing":85,"lastStopSeq":1,"inCongestion":false,"delay":0,"latitude":45.5443612},{"tripID":4417872,"serviceDate":1395730800000,"direction":0,"garage":"POWELL","type":"bus","lastLocID":7927,"messageCode":768,"time":1395757958249,"expires":1395758374000,"signMessageLong":"72  Killingsworth/82nd to Swan Island-Shipyards","extraBlockID":null,"locationInScheduleDay":26996,"longitude":-122.5785105,"blockID":7239,"offRoute":false,"nextLocID":3216,"vehicleID":2540,"signMessage":"72 Swan Island","extraTripID":null,"nextStopSeq":62,"routeNumber":72,"vehicleLoad":"unknown","bearing":0,"lastStopSeq":61,"inCongestion":false,"delay":-158,"latitude":45.5623894},{"tripID":4418199,"serviceDate":1395730800000,"direction":1,"garage":"POWELL","type":"bus","lastLocID":8000,"messageCode":760,"time":1395757943508,"expires":1395758362000,"signMessageLong":"72  Killingsworth/82nd to Clackamas TC","extraBlockID":null,"locationInScheduleDay":27142,"longitude":-122.5791014,"blockID":7240,"offRoute":false,"nextLocID":7978,"vehicleID":2533,"signMessage":"72 Clackamas TC","extraTripID":null,"nextStopSeq":66,"routeNumber":72,"vehicleLoad":"unknown","bearing":180,"lastStopSeq":65,"inCongestion":false,"delay":0,"latitude":45.5334929},{"tripID":4417874,"serviceDate":1395730800000,"direction":0,"garage":"POWELL","type":"bus","lastLocID":7957,"messageCode":768,"time":1395757955545,"expires":1395758372000,"signMessageLong":"72  Killingsworth/82nd to Swan Island-Shipyards","extraBlockID":null,"locationInScheduleDay":27088,"longitude":-122.5786994,"blockID":7249,"offRoute":false,"nextLocID":12755,"vehicleID":2558,"signMessage":"72 Swan Island","extraTripID":null,"nextStopSeq":34,"routeNumber":72,"vehicleLoad":"unknown","bearing":0,"lastStopSeq":33,"inCongestion":false,"delay":-64,"latitude":45.5045549},{"tripID":4418196,"serviceDate":1395730800000,"direction":1,"garage":"POWELL","type":"bus","lastLocID":7988,"messageCode":760,"time":1395757958443,"expires":1395758377000,"signMessageLong":"72  Killingsworth/82nd to Clackamas TC","extraBlockID":null,"locationInScheduleDay":27120,"longitude":-122.579143,"blockID":7236,"offRoute":false,"nextLocID":8018,"vehicleID":2552,"signMessage":"72 Clackamas TC","extraTripID":null,"nextStopSeq":104,"routeNumber":72,"vehicleLoad":"unknown","bearing":180,"lastStopSeq":103,"inCongestion":false,"delay":-37,"latitude":45.4545171},{"tripID":4418203,"serviceDate":1395730800000,"direction":1,"garage":"POWELL","type":"bus","lastLocID":3169,"messageCode":760,"time":1395757955561,"expires":1395758372000,"signMessageLong":"72  Killingsworth/82nd to Clackamas TC","extraBlockID":null,"locationInScheduleDay":27143,"longitude":-122.6773827,"blockID":7242,"offRoute":false,"nextLocID":3173,"vehicleID":2548,"signMessage":"72 Clackamas TC","extraTripID":null,"nextStopSeq":13,"routeNumber":72,"vehicleLoad":"unknown","bearing":89,"lastStopSeq":12,"inCongestion":false,"delay":-9,"latitude":45.562675},{"tripID":4411315,"serviceDate":1395730800000,"direction":0,"garage":"POWELL","type":"bus","lastLocID":12946,"messageCode":266,"time":1395757955521,"expires":1395758372000,"signMessageLong":"14  Hawthorne to 94th & Foster","extraBlockID":null,"locationInScheduleDay":27171,"longitude":-122.6034058,"blockID":1435,"offRoute":false,"nextLocID":1775,"vehicleID":2316,"signMessage":"14 To 94-Foster","extraTripID":null,"nextStopSeq":32,"routeNumber":14,"vehicleLoad":"unknown","bearing":128,"lastStopSeq":31,"inCongestion":false,"delay":19,"latitude":45.492981},{"tripID":4413879,"serviceDate":1395730800000,"direction":1,"garage":"CENTER","type":"bus","lastLocID":7797,"messageCode":467,"time":1395757943485,"expires":1395758361000,"signMessageLong":"31  Downtown Only","extraBlockID":null,"locationInScheduleDay":26846,"longitude":-122.6774746,"blockID":1403,"offRoute":false,"nextLocID":7751,"vehicleID":2725,"signMessage":"31 Downtown Only","extraTripID":null,"nextStopSeq":41,"routeNumber":31,"vehicleLoad":"unknown","bearing":20,"lastStopSeq":40,"inCongestion":false,"delay":-295,"latitude":45.5212567},{"tripID":4419231,"serviceDate":1395730800000,"direction":1,"garage":"CENTER","type":"bus","lastLocID":9481,"messageCode":813,"time":1395757955400,"expires":1395758372000,"signMessageLong":"77  Broadway/Halsey to Montgomery Park","extraBlockID":null,"locationInScheduleDay":27152,"longitude":-122.3982117,"blockID":7705,"offRoute":false,"nextLocID":9471,"vehicleID":2720,"signMessage":"77 Montgomry Pk","extraTripID":null,"nextStopSeq":2,"routeNumber":77,"vehicleLoad":"unknown","bearing":85,"lastStopSeq":1,"inCongestion":false,"delay":0,"latitude":45.5443612},{"tripID":4411563,"serviceDate":1395730800000,"direction":1,"garage":"CENTER","type":"bus","lastLocID":2642,"messageCode":267,"time":1395757955375,"expires":1395758373000,"signMessageLong":"14  Downtown Only","extraBlockID":null,"locationInScheduleDay":26971,"longitude":-122.6671175,"blockID":1404,"offRoute":false,"nextLocID":11956,"vehicleID":2718,"signMessage":"14 Downtown Only","extraTripID":null,"nextStopSeq":43,"routeNumber":14,"vehicleLoad":"unknown","bearing":245,"lastStopSeq":42,"inCongestion":false,"delay":-182,"latitude":45.5125964},{"tripID":4413881,"serviceDate":1395730800000,"direction":1,"garage":"CENTER","type":"bus","lastLocID":2574,"messageCode":464,"time":1395757958231,"expires":1395758376000,"signMessageLong":"31  To Portland via Milwaukie","extraBlockID":null,"locationInScheduleDay":27166,"longitude":-122.6327353,"blockID":3101,"offRoute":false,"nextLocID":2573,"vehicleID":2714,"signMessage":"31 To Portland","extraTripID":null,"nextStopSeq":21,"routeNumber":31,"vehicleLoad":"unknown","bearing":268,"lastStopSeq":20,"inCongestion":false,"delay":10,"latitude":45.4465225},{"tripID":4417320,"serviceDate":1395730800000,"direction":1,"garage":"CENTER","type":"bus","lastLocID":9402,"messageCode":788,"time":1395757943448,"expires":1395758361000,"signMessageLong":"70  12th/NE 33rd Ave to Milwaukie","extraBlockID":null,"locationInScheduleDay":27197,"longitude":-122.6439335,"blockID":7007,"offRoute":false,"nextLocID":118,"vehicleID":2709,"signMessage":"70 To Milwaukie","extraTripID":null,"nextStopSeq":8,"routeNumber":70,"vehicleLoad":"unknown","bearing":180,"lastStopSeq":7,"inCongestion":false,"delay":56,"latitude":45.5800719},{"tripID":4417168,"serviceDate":1395730800000,"direction":0,"garage":"CENTER","type":"bus","lastLocID":6898,"messageCode":780,"time":1395757943447,"expires":1395758361000,"signMessageLong":"70  12th/NE 33rd Ave to NE Sunderland","extraBlockID":null,"locationInScheduleDay":27080,"longitude":-122.6483404,"blockID":7001,"offRoute":false,"nextLocID":6867,"vehicleID":2704,"signMessage":"70 To Sunderlnd","extraTripID":null,"nextStopSeq":15,"routeNumber":70,"vehicleLoad":"unknown","bearing":355,"lastStopSeq":14,"inCongestion":false,"delay":-61,"latitude":45.4788175},{"tripID":4417317,"serviceDate":1395730800000,"direction":1,"garage":"CENTER","type":"bus","lastLocID":13658,"messageCode":789,"time":1395757961034,"expires":1395758378000,"signMessageLong":"70  12th Ave to Milwaukie via 17th & Tacoma","extraBlockID":null,"locationInScheduleDay":27160,"longitude":-122.6483576,"blockID":7003,"offRoute":false,"nextLocID":6864,"vehicleID":2705,"signMessage":"70 To Milw via 17","extraTripID":null,"nextStopSeq":62,"routeNumber":70,"vehicleLoad":"unknown","bearing":180,"lastStopSeq":61,"inCongestion":false,"delay":2,"latitude":45.4906361},{"tripID":4417167,"serviceDate":1395730800000,"direction":0,"garage":"CENTER","type":"bus","lastLocID":6592,"messageCode":780,"time":1395757958229,"expires":1395758374000,"signMessageLong":"70  12th/NE 33rd Ave to NE Sunderland","extraBlockID":null,"locationInScheduleDay":27300,"longitude":-122.6536053,"blockID":7004,"offRoute":false,"nextLocID":6582,"vehicleID":2701,"signMessage":"70 To Sunderlnd","extraTripID":null,"nextStopSeq":35,"routeNumber":70,"vehicleLoad":"unknown","bearing":2,"lastStopSeq":34,"inCongestion":false,"delay":146,"latitude":45.5231961},{"tripID":4419225,"serviceDate":1395730800000,"direction":1,"garage":"CENTER","type":"bus","lastLocID":10972,"messageCode":813,"time":1395757949262,"expires":1395758367000,"signMessageLong":"77  Broadway/Halsey to Montgomery Park","extraBlockID":null,"locationInScheduleDay":26954,"longitude":-122.698883,"blockID":7704,"offRoute":false,"nextLocID":6014,"vehicleID":2614,"signMessage":"77 Montgomry Pk","extraTripID":null,"nextStopSeq":102,"routeNumber":77,"vehicleLoad":"unknown","bearing":358,"lastStopSeq":101,"inCongestion":false,"delay":-193,"latitude":45.5366294},{"tripID":4411564,"serviceDate":1395730800000,"direction":1,"garage":"CENTER","type":"bus","lastLocID":2602,"messageCode":268,"time":1395757949234,"expires":1395758367000,"signMessageLong":"14  Hawthorne to Portland","extraBlockID":null,"locationInScheduleDay":27200,"longitude":-122.6529946,"blockID":1401,"offRoute":false,"nextLocID":3637,"vehicleID":2608,"signMessage":"14 To Portland","extraTripID":null,"nextStopSeq":39,"routeNumber":14,"vehicleLoad":"unknown","bearing":270,"lastStopSeq":38,"inCongestion":false,"delay":53,"latitude":45.512212},{"tripID":4417169,"serviceDate":1395730800000,"direction":0,"garage":"CENTER","type":"bus","lastLocID":8225,"messageCode":782,"time":1395757955453,"expires":1395758372000,"signMessageLong":"70  12th/NE 33rd Ave to NE Sunderland via 13th & Tacoma","extraBlockID":null,"locationInScheduleDay":27137,"longitude":-122.6405265,"blockID":7010,"offRoute":false,"nextLocID":6871,"vehicleID":2623,"signMessage":"70 To Sunderland via 13th","extraTripID":null,"nextStopSeq":3,"routeNumber":70,"vehicleLoad":"unknown","bearing":349,"lastStopSeq":2,"inCongestion":false,"delay":-15,"latitude":45.4455626},{"tripID":4419229,"serviceDate":1395730800000,"direction":1,"garage":"CENTER","type":"bus","lastLocID":2411,"messageCode":813,"time":1395757940268,"expires":1395758357000,"signMessageLong":"77  Broadway/Halsey to Montgomery Park","extraBlockID":null,"locationInScheduleDay":27128,"longitude":-122.4569633,"blockID":7707,"offRoute":false,"nextLocID":8825,"vehicleID":2653,"signMessage":"77 Montgomry Pk","extraTripID":null,"nextStopSeq":18,"routeNumber":77,"vehicleLoad":"unknown","bearing":275,"lastStopSeq":17,"inCongestion":false,"delay":-9,"latitude":45.5335583},{"tripID":4417319,"serviceDate":1395730800000,"direction":1,"garage":"CENTER","type":"bus","lastLocID":7386,"messageCode":788,"time":1395757958363,"expires":1395758374000,"signMessageLong":"70  12th/NE 33rd Ave to Milwaukie","extraBlockID":null,"locationInScheduleDay":27207,"longitude":-122.6307014,"blockID":7009,"offRoute":false,"nextLocID":7366,"vehicleID":2626,"signMessage":"70 To Milwaukie","extraTripID":null,"nextStopSeq":29,"routeNumber":70,"vehicleLoad":"unknown","bearing":179,"lastStopSeq":28,"inCongestion":false,"delay":53,"latitude":45.541753},{"tripID":4419228,"serviceDate":1395730800000,"direction":1,"garage":"CENTER","type":"bus","lastLocID":2352,"messageCode":813,"time":1395757958372,"expires":1395758374000,"signMessageLong":"77  Broadway/Halsey to Montgomery Park","extraBlockID":null,"locationInScheduleDay":26931,"longitude":-122.5372456,"blockID":7703,"offRoute":false,"nextLocID":2367,"vehicleID":2630,"signMessage":"77 Montgomry Pk","extraTripID":null,"nextStopSeq":39,"routeNumber":77,"vehicleLoad":"unknown","bearing":270,"lastStopSeq":38,"inCongestion":false,"delay":-223,"latitude":45.533571},{"tripID":4419090,"serviceDate":1395730800000,"direction":0,"garage":"CENTER","type":"bus","lastLocID":2454,"messageCode":809,"time":1395757946537,"expires":1395758363000,"signMessageLong":"77  Broadway/Halsey to Troutdale","extraBlockID":null,"locationInScheduleDay":27187,"longitude":-122.5800147,"blockID":7706,"offRoute":false,"nextLocID":9217,"vehicleID":2632,"signMessage":"77 To Troutdale","extraTripID":null,"nextStopSeq":51,"routeNumber":77,"vehicleLoad":"unknown","bearing":180,"lastStopSeq":50,"inCongestion":false,"delay":44,"latitude":45.5332529},{"tripID":4417870,"serviceDate":1395730800000,"direction":0,"garage":"POWELL","type":"bus","lastLocID":3161,"messageCode":768,"time":1395757946360,"expires":1395758364000,"signMessageLong":"72  Killingsworth/82nd to Swan Island-Shipyards","extraBlockID":null,"locationInScheduleDay":27053,"longitude":-122.695152,"blockID":7237,"offRoute":false,"nextLocID":3167,"vehicleID":3004,"signMessage":"72 Swan Island","extraTripID":null,"nextStopSeq":104,"routeNumber":72,"vehicleLoad":"unknown","bearing":270,"lastStopSeq":103,"inCongestion":false,"delay":-91,"latitude":45.5627447},{"tripID":4417878,"serviceDate":1395730800000,"direction":0,"garage":"POWELL","type":"bus","lastLocID":13248,"messageCode":766,"time":1395757943391,"expires":1395758361000,"signMessageLong":"72  Killingsworth/82nd to Swan Island-Anchor St","extraBlockID":null,"locationInScheduleDay":27092,"longitude":-122.5691215,"blockID":7251,"offRoute":false,"nextLocID":12922,"vehicleID":3003,"signMessage":"72 Swan Island","extraTripID":null,"nextStopSeq":2,"routeNumber":72,"vehicleLoad":"unknown","bearing":353,"lastStopSeq":1,"inCongestion":false,"delay":-49,"latitude":45.4360611},{"tripID":4417873,"serviceDate":1395730800000,"direction":0,"garage":"POWELL","type":"bus","lastLocID":8036,"messageCode":766,"time":1395757946400,"expires":1395758363000,"signMessageLong":"72  Killingsworth/82nd to Swan Island-Anchor St","extraBlockID":null,"locationInScheduleDay":27214,"longitude":-122.5789432,"blockID":7241,"offRoute":false,"nextLocID":8033,"vehicleID":3048,"signMessage":"72 Swan Island","extraTripID":null,"nextStopSeq":52,"routeNumber":72,"vehicleLoad":"unknown","bearing":1,"lastStopSeq":51,"inCongestion":false,"delay":71,"latitude":45.5393045},{"tripID":4418201,"serviceDate":1395730800000,"direction":1,"garage":"POWELL","type":"bus","lastLocID":3202,"messageCode":760,"time":1395757904260,"expires":1395758322000,"signMessageLong":"72  Killingsworth/82nd to Clackamas TC","extraBlockID":null,"locationInScheduleDay":27189,"longitude":-122.6094016,"blockID":7235,"offRoute":false,"nextLocID":3204,"vehicleID":3053,"signMessage":"72 Clackamas TC","extraTripID":null,"nextStopSeq":43,"routeNumber":72,"vehicleLoad":"unknown","bearing":90,"lastStopSeq":42,"inCongestion":false,"delay":87,"latitude":45.5627594},{"tripID":4417871,"serviceDate":1395730800000,"direction":0,"garage":"POWELL","type":"bus","lastLocID":70,"messageCode":766,"time":1395757955363,"expires":1395758372000,"signMessageLong":"72  Killingsworth/82nd to Swan Island-Anchor St","extraBlockID":null,"locationInScheduleDay":27294,"longitude":-122.6579451,"blockID":7245,"offRoute":false,"nextLocID":10184,"vehicleID":3052,"signMessage":"72 Swan Island","extraTripID":null,"nextStopSeq":91,"routeNumber":72,"vehicleLoad":"unknown","bearing":269,"lastStopSeq":90,"inCongestion":false,"delay":142,"latitude":45.5591205},{"tripID":4417875,"serviceDate":1395730800000,"direction":0,"garage":"POWELL","type":"bus","lastLocID":7964,"messageCode":766,"time":1395757949141,"expires":1395758367000,"signMessageLong":"72  Killingsworth/82nd to Swan Island-Anchor St","extraBlockID":null,"locationInScheduleDay":27204,"longitude":-122.5789621,"blockID":7234,"offRoute":false,"nextLocID":8029,"vehicleID":3054,"signMessage":"72 Swan Island","extraTripID":null,"nextStopSeq":23,"routeNumber":72,"vehicleLoad":"unknown","bearing":0,"lastStopSeq":22,"inCongestion":false,"delay":57,"latitude":45.4832833},{"tripID":4419091,"serviceDate":1395730800000,"direction":0,"garage":"POWELL","type":"bus","lastLocID":6216,"messageCode":809,"time":1395757958242,"expires":1395758376000,"signMessageLong":"77  Broadway/Halsey to Troutdale","extraBlockID":null,"locationInScheduleDay":27004,"longitude":-122.6534755,"blockID":7734,"offRoute":false,"nextLocID":10425,"vehicleID":3046,"signMessage":"77 To Troutdale","extraTripID":null,"nextStopSeq":24,"routeNumber":77,"vehicleLoad":"unknown","bearing":90,"lastStopSeq":23,"inCongestion":false,"delay":-152,"latitude":45.5343409},{"tripID":4419226,"serviceDate":1395730800000,"direction":1,"garage":"POWELL","type":"bus","lastLocID":10876,"messageCode":813,"time":1395757949115,"expires":1395758365000,"signMessageLong":"77  Broadway/Halsey to Montgomery Park","extraBlockID":null,"locationInScheduleDay":27059,"longitude":-122.6578748,"blockID":7738,"offRoute":false,"nextLocID":4043,"vehicleID":3035,"signMessage":"77 Montgomry Pk","extraTripID":null,"nextStopSeq":84,"routeNumber":77,"vehicleLoad":"unknown","bearing":270,"lastStopSeq":83,"inCongestion":false,"delay":-86,"latitude":45.5315047},{"tripID":4411570,"serviceDate":1395730800000,"direction":1,"garage":"POWELL","type":"bus","lastLocID":1831,"messageCode":268,"time":1395757958219,"expires":1395758377000,"signMessageLong":"14  Hawthorne to Portland","extraBlockID":null,"locationInScheduleDay":27157,"longitude":-122.5662917,"blockID":1434,"offRoute":false,"nextLocID":13236,"vehicleID":3027,"signMessage":"14 To Portland","extraTripID":null,"nextStopSeq":2,"routeNumber":14,"vehicleLoad":"unknown","bearing":291,"lastStopSeq":1,"inCongestion":false,"delay":0,"latitude":45.4791765},{"tripID":4419227,"serviceDate":1395730800000,"direction":1,"garage":"CENTER","type":"bus","lastLocID":10869,"messageCode":813,"time":1395757949171,"expires":1395758366000,"signMessageLong":"77  Broadway/Halsey to Montgomery Park","extraBlockID":null,"locationInScheduleDay":27180,"longitude":-122.6206252,"blockID":7702,"offRoute":false,"nextLocID":7484,"vehicleID":2005,"signMessage":"77 Montgomry Pk","extraTripID":null,"nextStopSeq":69,"routeNumber":77,"vehicleLoad":"unknown","bearing":89,"lastStopSeq":68,"inCongestion":false,"delay":34,"latitude":45.5332523},{"tripID":4411568,"serviceDate":1395730800000,"direction":1,"garage":"CENTER","type":"bus","lastLocID":13236,"messageCode":268,"time":1395757958275,"expires":1395758374000,"signMessageLong":"14  Hawthorne to Portland","extraBlockID":null,"locationInScheduleDay":27025,"longitude":-122.5677032,"blockID":1402,"offRoute":false,"nextLocID":1829,"vehicleID":2014,"signMessage":"14 To Portland","extraTripID":null,"nextStopSeq":3,"routeNumber":14,"vehicleLoad":"unknown","bearing":291,"lastStopSeq":2,"inCongestion":false,"delay":-129,"latitude":45.4795654}],"queryTime":1395757968915}}
