{"resultSet":{"vehicle":[{"tripID":4417863,"serviceDate":1395730800000,"direction":0,"garage":"POWELL","type":"bus","lastLocID":8015,"messageCode":768,"time":1395748102477,"expires":1395748519000,"signMessageLong":"72  Killingsworth/82nd to Swan Island-Shipyards","extraBlockID":null,"locationInScheduleDay":17333,"longitude":-122.5791157,"blockID":7234,"offRoute":false,"nextLocID":8017,"vehicleID":3054,"signMessage":"72 Swan Island","extraTripID":null,"nextStopSeq":8,"routeNumber":72,"vehicleLoad":"unknown","bearing":358,"lastStopSeq":7,"inCongestion":false,"delay":34,"latitude":45.4529752}],"queryTime":1395748128520}}
