{"resultSet":{"vehicle":[{"tripID":4417863,"serviceDate":1395730800000,"direction":0,"garage":"POWELL","type":"bus","lastLocID":7982,"messageCode":768,"time":1395748342365,"expires":1395748760000,"signMessageLong":"72  Killingsworth/82nd to Swan Island-Shipyards","extraBlockID":null,"locationInScheduleDay":17566,"longitude":-122.5790848,"blockID":7234,"offRoute":false,"nextLocID":7970,"vehicleID":3054,"signMessage":"72 Swan Island","extraTripID":null,"nextStopSeq":17,"routeNumber":72,"vehicleLoad":"unknown","bearing":359,"lastStopSeq":16,"inCongestion":false,"delay":26,"latitude":45.4721598}],"queryTime":1395748368539}}
