{"resultSet":{"vehicle":[{"tripID":4411642,"serviceDate":1395644400000,"direction":1,"garage":"CENTER","type":"bus","lastLocID":2616,"messageCode":268,"time":1395735740749,"expires":1395736159000,"signMessageLong":"14  Hawthorne to Portland","extraBlockID":null,"locationInScheduleDay":91464,"longitude":-122.636128,"blockID":1406,"offRoute":false,"nextLocID":2613,"vehicleID":3128,"signMessage":"14 To Portland","extraTripID":null,"nextStopSeq":33,"routeNumber":14,"vehicleLoad":"unknown","bearing":270,"lastStopSeq":32,"inCongestion":false,"delay":125,"latitude":45.5120706},{"tripID":4418298,"serviceDate":1395644400000,"direction":1,"garage":"POWELL","type":"bus","lastLocID":8053,"messageCode":760,"time":1395735740722,"expires":1395736159000,"signMessageLong":"72  Killingsworth/82nd to Clackamas TC","extraBlockID":null,"locationInScheduleDay":91471,"longitude":-122.5787306,"blockID":7236,"offRoute":false,"nextLocID":8024,"vehicleID":3022,"signMessage":"72 Clackamas TC","extraTripID":null,"nextStopSeq":83,"routeNumber":72,"vehicleLoad":"unknown","bearing":180,"lastStopSeq":82,"inCongestion":false,"delay":132,"latitude":45.4986721},{"tripID":4417969,"serviceDate":1395644400000,"direction":0,"garage":"POWELL","type":"bus","lastLocID":5890,"messageCode":766,"time":1395735707994,"expires":1395736126000,"signMessageLong":"72  Killingsworth/82nd to Swan Island-Anchor St","extraBlockID":null,"locationInScheduleDay":91416,"longitude":-122.6613885,"blockID":7238,"offRoute":false,"nextLocID":10957,"vehicleID":3035,"signMessage":"72 Swan Island","extraTripID":null,"nextStopSeq":93,"routeNumber":72,"vehicleLoad":"unknown","bearing":1,"lastStopSeq":92,"inCongestion":false,"delay":110,"latitude":45.5619089}],"queryTime":1395735767715}}
