{"resultSet":{"vehicle":[{"tripID":4411559,"serviceDate":1395730800000,"direction":1,"garage":"POWELL","type":"bus","lastLocID":1824,"messageCode":268,"time":1395752482741,"expires":1395752902000,"signMessageLong":"14  Hawthorne to Portland","extraBlockID":null,"locationInScheduleDay":21699,"longitude":-122.5782193,"blockID":1436,"offRoute":false,"nextLocID":1818,"vehicleID":2206,"signMessage":"14 To Portland","extraTripID":null,"nextStopSeq":6,"routeNumber":14,"vehicleLoad":"unknown","bearing":298,"lastStopSeq":5,"inCongestion":false,"delay":17,"latitude":45.482532},{"tripID":4419221,"serviceDate":1395730800000,"direction":1,"garage":"POWELL","type":"bus","lastLocID":2046,"messageCode":813,"time":1395752479909,"expires":1395752898000,"signMessageLong":"77  Broadway/Halsey to Montgomery Park","extraBlockID":null,"locationInScheduleDay":21614,"longitude":-122.6857688,"blockID":7735,"offRoute":false,"nextLocID":2062,"vehicleID":2222,"signMessage":"77 Montgomry Pk","extraTripID":null,"nextStopSeq":46,"routeNumber":77,"vehicleLoad":"unknown","bearing":268,"lastStopSeq":45,"inCongestion":false,"delay":-64,"latitude":45.5264537},{"tripID":4419223,"serviceDate":1395730800000,"direction":1,"garage":"POWELL","type":"bus","lastLocID":2326,"messageCode":813,"time":1395752482743,"expires":1395752900000,"signMessageLong":"77  Broadway/Halsey to Montgomery Park","extraBlockID":null,"locationInScheduleDay":21661,"longitude":-122.4638132,"blockID":7736,"offRoute":false,"nextLocID":2407,"vehicleID":2221,"signMessage":"77 Montgomry Pk","extraTripID":null,"nextStopSeq":20,"routeNumber":77,"vehicleLoad":"unknown","bearing":270,"lastStopSeq":19,"inCongestion":false,"delay":-19,"latitude":45.5336536},{"tripID":4413875,"serviceDate":1395730800000,"direction":1,"garage":"POWELL","type":"bus","lastLocID":8223,"messageCode":466,"time":1395752464725,"expires":1395752884000,"signMessageLong":"31  Portland","extraBlockID":null,"locationInScheduleDay":21600,"longitude":-122.641251,"blockID":3137,"offRoute":false,"nextLocID":3672,"vehicleID":2258,"signMessage":"31 To Portland","extraTripID":null,"nextStopSeq":26,"routeNumber":31,"vehicleLoad":"unknown","bearing":261,"lastStopSeq":25,"inCongestion":false,"delay":-64,"latitude":45.4448095},{"tripID":4417163,"serviceDate":1395730800000,"direction":0,"garage":"CENTER","type":"bus","lastLocID":839,"messageCode":782,"time":1395752479761,"expires":1395752899000,"signMessageLong":"70  12th/NE 33rd Ave to NE Sunderland via 13th & Tacoma","extraBlockID":null,"locationInScheduleDay":21682,"longitude":-122.6479341,"blockID":7005,"offRoute":false,"nextLocID":6856,"vehicleID":2132,"signMessage":"70 To Sunderland via 13th","extraTripID":null,"nextStopSeq":16,"routeNumber":70,"vehicleLoad":"unknown","bearing":355,"lastStopSeq":15,"inCongestion":false,"delay":3,"latitude":45.4754523},{"tripID":4417865,"serviceDate":1395730800000,"direction":0,"garage":"POWELL","type":"bus","lastLocID":3200,"messageCode":768,"time":1395752495016,"expires":1395752914000,"signMessageLong":"72  Killingsworth/82nd to Swan Island-Shipyards","extraBlockID":null,"locationInScheduleDay":21515,"longitude":-122.6203609,"blockID":7238,"offRoute":false,"nextLocID":3197,"vehicleID":2527,"signMessage":"72 Swan Island","extraTripID":null,"nextStopSeq":75,"routeNumber":72,"vehicleLoad":"unknown","bearing":269,"lastStopSeq":74,"inCongestion":false,"delay":-179,"latitude":45.5628127},{"tripID":4417312,"serviceDate":1395730800000,"direction":1,"garage":"CENTER","type":"bus","lastLocID":3941,"messageCode":789,"time":1395752500949,"expires":1395752917000,"signMessageLong":"70  12th Ave to Milwaukie via 17th & Tacoma","extraBlockID":null,"locationInScheduleDay":21543,"longitude":-122.6531303,"blockID":7002,"offRoute":false,"nextLocID":3909,"vehicleID":2524,"signMessage":"70 To Milw via 17","extraTripID":null,"nextStopSeq":60,"routeNumber":70,"vehicleLoad":"unknown","bearing":167,"lastStopSeq":59,"inCongestion":false,"delay":-154,"latitude":45.4950317},{"tripID":4419087,"serviceDate":1395730800000,"direction":0,"garage":"CENTER","type":"bus","lastLocID":7168,"messageCode":809,"time":1395752495014,"expires":1395752912000,"signMessageLong":"77  Broadway/Halsey to Troutdale","extraBlockID":null,"locationInScheduleDay":21726,"longitude":-122.6953287,"blockID":7701,"offRoute":false,"nextLocID":10693,"vehicleID":2512,"signMessage":"77 To Troutdale","extraTripID":null,"nextStopSeq":5,"routeNumber":77,"vehicleLoad":"unknown","bearing":88,"lastStopSeq":4,"inCongestion":false,"delay":34,"latitude":45.5355604},{"tripID":4418192,"serviceDate":1395730800000,"direction":1,"garage":"POWELL","type":"bus","lastLocID":8002,"messageCode":760,"time":1395752485650,"expires":1395752903000,"signMessageLong":"72  Killingsworth/82nd to Clackamas TC","extraBlockID":null,"locationInScheduleDay":21700,"longitude":-122.578893,"blockID":7239,"offRoute":false,"nextLocID":8034,"vehicleID":2540,"signMessage":"72 Clackamas TC","extraTripID":null,"nextStopSeq":61,"routeNumber":72,"vehicleLoad":"unknown","bearing":180,"lastStopSeq":60,"inCongestion":false,"delay":17,"latitude":45.5419694},{"tripID":4417866,"serviceDate":1395730800000,"direction":0,"garage":"POWELL","type":"bus","lastLocID":7955,"messageCode":766,"time":1395752485667,"expires":1395752903000,"signMessageLong":"72  Killingsworth/82nd to Swan Island-Anchor St","extraBlockID":null,"locationInScheduleDay":21544,"longitude":-122.579058,"blockID":7240,"offRoute":false,"nextLocID":7972,"vehicleID":2533,"signMessage":"72 Swan Island","extraTripID":null,"nextStopSeq":44,"routeNumber":72,"vehicleLoad":"unknown","bearing":0,"lastStopSeq":43,"inCongestion":false,"delay":-139,"latitude":45.5262751},{"tripID":4417864,"serviceDate":1395730800000,"direction":0,"garage":"POWELL","type":"bus","lastLocID":3184,"messageCode":768,"time":1395752480046,"expires":1395752898000,"signMessageLong":"72  Killingsworth/82nd to Swan Island-Shipyards","extraBlockID":null,"locationInScheduleDay":21270,"longitude":-122.6703205,"blockID":7236,"offRoute":false,"nextLocID":3157,"vehicleID":2552,"signMessage":"72 Swan Island","extraTripID":null,"nextStopSeq":96,"routeNumber":72,"vehicleLoad":"unknown","bearing":269,"lastStopSeq":95,"inCongestion":false,"delay":-408,"latitude":45.5627089},{"tripID":4413874,"serviceDate":1395730800000,"direction":1,"garage":"POWELL","type":"bus","lastLocID":7800,"messageCode":467,"time":1395752495232,"expires":1395752914000,"signMessageLong":"31  Downtown Only","extraBlockID":null,"locationInScheduleDay":21806,"longitude":-122.6794311,"blockID":3134,"offRoute":false,"nextLocID":7797,"vehicleID":2555,"signMessage":"31 Downtown Only","extraTripID":null,"nextStopSeq":39,"routeNumber":31,"vehicleLoad":"unknown","bearing":20,"lastStopSeq":38,"inCongestion":false,"delay":112,"latitude":45.5176351},{"tripID":4411311,"serviceDate":1395730800000,"direction":0,"garage":"POWELL","type":"bus","lastLocID":2594,"messageCode":266,"time":1395752320743,"expires":1395752738000,"signMessageLong":"14  Hawthorne to 94th & Foster","extraBlockID":null,"locationInScheduleDay":21546,"longitude":-122.6584286,"blockID":1435,"offRoute":false,"nextLocID":2597,"vehicleID":2316,"signMessage":"14 To 94-Foster","extraTripID":null,"nextStopSeq":5,"routeNumber":14,"vehicleLoad":"unknown","bearing":90,"lastStopSeq":4,"inCongestion":false,"delay":28,"latitude":45.5122365},{"tripID":4417161,"serviceDate":1395730800000,"direction":0,"garage":"CENTER","type":"bus","lastLocID":13040,"messageCode":783,"time":1395752494993,"expires":1395752912000,"signMessageLong":"70  33rd Ave to NE Sunderland","extraBlockID":null,"locationInScheduleDay":21300,"longitude":-122.6357648,"blockID":7001,"offRoute":false,"nextLocID":9368,"vehicleID":2704,"signMessage":"70 To Sunderlnd","extraTripID":null,"nextStopSeq":83,"routeNumber":70,"vehicleLoad":"unknown","bearing":180,"lastStopSeq":82,"inCongestion":false,"delay":0,"latitude":45.5898735},{"tripID":4417162,"serviceDate":1395730800000,"direction":0,"garage":"CENTER","type":"bus","lastLocID":8513,"messageCode":783,"time":1395752494988,"expires":1395752913000,"signMessageLong":"70  33rd Ave to NE Sunderland","extraBlockID":null,"locationInScheduleDay":21727,"longitude":-122.6546002,"blockID":7003,"offRoute":false,"nextLocID":8938,"vehicleID":2705,"signMessage":"70 To Sunderlnd","extraTripID":null,"nextStopSeq":34,"routeNumber":70,"vehicleLoad":"unknown","bearing":359,"lastStopSeq":33,"inCongestion":false,"delay":34,"latitude":45.5302728},{"tripID":4417314,"serviceDate":1395730800000,"direction":1,"garage":"CENTER","type":"bus","lastLocID":7361,"messageCode":788,"time":1395752494984,"expires":1395752912000,"signMessageLong":"70  12th/NE 33rd Ave to Milwaukie","extraBlockID":null,"locationInScheduleDay":21681,"longitude":-122.6306793,"blockID":7004,"offRoute":false,"nextLocID":7381,"vehicleID":2701,"signMessage":"70 To Milwaukie","extraTripID":null,"nextStopSeq":17,"routeNumber":70,"vehicleLoad":"unknown","bearing":180,"lastStopSeq":16,"inCongestion":false,"delay":-11,"latitude":45.5659821},{"tripID":4411558,"serviceDate":1395730800000,"direction":1,"garage":"CENTER","type":"bus","lastLocID":12892,"messageCode":268,"time":1395752479982,"expires":1395752898000,"signMessageLong":"14  Hawthorne to Portland","extraBlockID":null,"locationInScheduleDay":21693,"longitude":-122.6294293,"blockID":1401,"offRoute":false,"nextLocID":2619,"vehicleID":2608,"signMessage":"14 To Portland","extraTripID":null,"nextStopSeq":31,"routeNumber":14,"vehicleLoad":"unknown","bearing":270,"lastStopSeq":30,"inCongestion":false,"delay":15,"latitude":45.5120589},{"tripID":4419086,"serviceDate":1395730800000,"direction":0,"garage":"CENTER","type":"bus","lastLocID":7121,"messageCode":null,"time":1395752330000,"expires":1395752750000,"signMessageLong":null,"extraBlockID":null,"locationInScheduleDay":null,"longitude":-122.687267,"blockID":7703,"offRoute":false,"nextLocID":7114,"vehicleID":2630,"signMessage":null,"extraTripID":null,"nextStopSeq":null,"routeNumber":77,"vehicleLoad":"unknown","bearing":null,"lastStopSeq":null,"inCongestion":false,"delay":-895,"latitude":45.52685},{"tripID":4418191,"serviceDate":1395730800000,"direction":1,"garage":"POWELL","type":"bus","lastLocID":8058,"messageCode":760,"time":1395752437834,"expires":1395752857000,"signMessageLong":"72  Killingsworth/82nd to Clackamas TC","extraBlockID":null,"locationInScheduleDay":21489,"longitude":-122.5790695,"blockID":7237,"offRoute":false,"nextLocID":7961,"vehicleID":3004,"signMessage":"72 Clackamas TC","extraTripID":null,"nextStopSeq":94,"routeNumber":72,"vehicleLoad":"unknown","bearing":180,"lastStopSeq":93,"inCongestion":false,"delay":-148,"latitude":45.4774991},{"tripID":4418193,"serviceDate":1395730800000,"direction":1,"garage":"POWELL","type":"bus","lastLocID":63,"messageCode":760,"time":1395752479815,"expires":1395752897000,"signMessageLong":"72  Killingsworth/82nd to Clackamas TC","extraBlockID":null,"locationInScheduleDay":21630,"longitude":-122.636478,"blockID":7241,"offRoute":false,"nextLocID":11722,"vehicleID":3048,"signMessage":"72 Clackamas TC","extraTripID":null,"nextStopSeq":31,"routeNumber":72,"vehicleLoad":"unknown","bearing":90,"lastStopSeq":30,"inCongestion":false,"delay":-47,"latitude":45.5590506},{"tripID":4417867,"serviceDate":1395730800000,"direction":0,"garage":"POWELL","type":"bus","lastLocID":7962,"messageCode":768,"time":1395752479827,"expires":1395752897000,"signMessageLong":"72  Killingsworth/82nd to Swan Island-Shipyards","extraBlockID":null,"locationInScheduleDay":21675,"longitude":-122.5790569,"blockID":7235,"offRoute":false,"nextLocID":7982,"vehicleID":3053,"signMessage":"72 Swan Island","extraTripID":null,"nextStopSeq":16,"routeNumber":72,"vehicleLoad":"unknown","bearing":359,"lastStopSeq":15,"inCongestion":false,"delay":-2,"latitude":45.4695442},{"tripID":4417863,"serviceDate":1395730800000,"direction":0,"garage":"POWELL","type":"bus","lastLocID":1042,"messageCode":768,"time":1395752479836,"expires":1395752897000,"signMessageLong":"72  Killingsworth/82nd to Swan Island-Shipyards","extraBlockID":null,"locationInScheduleDay":20758,"longitude":-122.7041941,"blockID":7234,"offRoute":false,"nextLocID":1041,"vehicleID":3054,"signMessage":"72 Swan Island","extraTripID":null,"nextStopSeq":117,"routeNumber":72,"vehicleLoad":"unknown","bearing":94,"lastStopSeq":116,"inCongestion":false,"delay":-79,"latitude":45.5566863},{"tripID":4419222,"serviceDate":1395730800000,"direction":1,"garage":"POWELL","type":"bus","lastLocID":2343,"messageCode":813,"time":1395752479855,"expires":1395752899000,"signMessageLong":"77  Broadway/Halsey to Montgomery Park","extraBlockID":null,"locationInScheduleDay":21324,"longitude":-122.5679907,"blockID":7734,"offRoute":false,"nextLocID":2334,"vehicleID":3046,"signMessage":"77 Montgomry Pk","extraTripID":null,"nextStopSeq":49,"routeNumber":77,"vehicleLoad":"unknown","bearing":266,"lastStopSeq":48,"inCongestion":false,"delay":-355,"latitude":45.5335029},{"tripID":4411310,"serviceDate":1395730800000,"direction":0,"garage":"POWELL","type":"bus","lastLocID":6398,"messageCode":null,"time":1395752481000,"expires":1395752901000,"signMessageLong":null,"extraBlockID":null,"locationInScheduleDay":null,"longitude":-122.566017,"blockID":1434,"offRoute":false,"nextLocID":8134,"vehicleID":3027,"signMessage":null,"extraTripID":null,"nextStopSeq":null,"routeNumber":14,"vehicleLoad":"unknown","bearing":null,"lastStopSeq":null,"inCongestion":false,"delay":55,"latitude":45.4791},{"tripID":4419085,"serviceDate":1395730800000,"direction":0,"garage":"CENTER","type":"bus","lastLocID":2460,"messageCode":809,"time":1395752495029,"expires":1395752914000,"signMessageLong":"77  Broadway/Halsey to Troutdale","extraBlockID":null,"locationInScheduleDay":21721,"longitude":-122.5688142,"blockID":7702,"offRoute":false,"nextLocID":10747,"vehicleID":2005,"signMessage":"77 To Troutdale","extraTripID":null,"nextStopSeq":56,"routeNumber":77,"vehicleLoad":"unknown","bearing":90,"lastStopSeq":55,"inCongestion":false,"delay":27,"latitude":45.5334582}],"queryTime":1395752508699}}
