{"resultSet":{"vehicle":[{"tripID":4417863,"serviceDate":1395730800000,"direction":0,"garage":"POWELL","type":"bus","lastLocID":7995,"messageCode":768,"time":1395748162543,"expires":1395748579000,"signMessageLong":"72  Killingsworth/82nd to Swan Island-Shipyards","extraBlockID":null,"locationInScheduleDay":17412,"longitude":-122.5790744,"blockID":7234,"offRoute":false,"nextLocID":7951,"vehicleID":3054,"signMessage":"72 Swan Island","extraTripID":null,"nextStopSeq":11,"routeNumber":72,"vehicleLoad":"unknown","bearing":0,"lastStopSeq":10,"inCongestion":false,"delay":53,"latitude":45.4595765}],"queryTime":1395748188525}}
