{"resultSet":{"vehicle":[{"tripID":4411566,"serviceDate":1395730800000,"direction":1,"garage":"POWELL","type":"bus","lastLocID":11956,"messageCode":267,"time":1395759441281,"expires":1395759857000,"signMessageLong":"14  Downtown Only","extraBlockID":null,"locationInScheduleDay":28641,"longitude":-122.6769048,"blockID":1436,"offRoute":false,"nextLocID":13169,"vehicleID":2206,"signMessage":"14 Downtown Only","extraTripID":null,"nextStopSeq":44,"routeNumber":14,"vehicleLoad":"unknown","bearing":290,"lastStopSeq":43,"inCongestion":false,"delay":4,"latitude":45.515569},{"tripID":4419089,"serviceDate":1395730800000,"direction":0,"garage":"POWELL","type":"bus","lastLocID":9472,"messageCode":809,"time":1395759455308,"expires":1395759872000,"signMessageLong":"77  Broadway/Halsey to Troutdale","extraBlockID":null,"locationInScheduleDay":28128,"longitude":-122.3993762,"blockID":7735,"offRoute":false,"nextLocID":9481,"vehicleID":2222,"signMessage":"77 To Troutdale","extraTripID":null,"nextStopSeq":102,"routeNumber":77,"vehicleLoad":"unknown","bearing":79,"lastStopSeq":101,"inCongestion":false,"delay":0,"latitude":45.5442656},{"tripID":4419092,"serviceDate":1395730800000,"direction":0,"garage":"POWELL","type":"bus","lastLocID":648,"messageCode":809,"time":1395759441318,"expires":1395759859000,"signMessageLong":"77  Broadway/Halsey to Troutdale","extraBlockID":null,"locationInScheduleDay":28587,"longitude":-122.6219718,"blockID":7736,"offRoute":false,"nextLocID":10870,"vehicleID":2221,"signMessage":"77 To Troutdale","extraTripID":null,"nextStopSeq":35,"routeNumber":77,"vehicleLoad":"unknown","bearing":93,"lastStopSeq":34,"inCongestion":false,"delay":-52,"latitude":45.5338037},{"tripID":4411318,"serviceDate":1395730800000,"direction":0,"garage":"POWELL","type":"bus","lastLocID":2594,"messageCode":266,"time":1395759458122,"expires":1395759874000,"signMessageLong":"14  Hawthorne to 94th & Foster","extraBlockID":null,"locationInScheduleDay":28701,"longitude":-122.6598924,"blockID":1438,"offRoute":false,"nextLocID":2597,"vehicleID":2220,"signMessage":"14 To 94-Foster","extraTripID":null,"nextStopSeq":5,"routeNumber":14,"vehicleLoad":"unknown","bearing":90,"lastStopSeq":4,"inCongestion":false,"delay":47,"latitude":45.5122413},{"tripID":4418202,"serviceDate":1395730800000,"direction":1,"garage":"POWELL","type":"bus","lastLocID":8000,"messageCode":760,"time":1395759441340,"expires":1395759859000,"signMessageLong":"72  Killingsworth/82nd to Clackamas TC","extraBlockID":null,"locationInScheduleDay":28639,"longitude":-122.5791014,"blockID":7248,"offRoute":false,"nextLocID":7978,"vehicleID":2215,"signMessage":"72 Clackamas TC","extraTripID":null,"nextStopSeq":66,"routeNumber":72,"vehicleLoad":"unknown","bearing":180,"lastStopSeq":65,"inCongestion":false,"delay":0,"latitude":45.5334929},{"tripID":4411575,"serviceDate":1395730800000,"direction":1,"garage":"POWELL","type":"bus","lastLocID":1829,"messageCode":null,"time":1395759445000,"expires":1395759865000,"signMessageLong":null,"extraBlockID":null,"locationInScheduleDay":null,"longitude":-122.568583,"blockID":1437,"offRoute":false,"nextLocID":1826,"vehicleID":2264,"signMessage":null,"extraTripID":null,"nextStopSeq":null,"routeNumber":14,"vehicleLoad":"unknown","bearing":null,"lastStopSeq":null,"inCongestion":false,"delay":1378,"latitude":45.488267},{"tripID":4418200,"serviceDate":1395730800000,"direction":1,"garage":"POWELL","type":"bus","lastLocID":8030,"messageCode":760,"time":1395759458173,"expires":1395759875000,"signMessageLong":"72  Killingsworth/82nd to Clackamas TC","extraBlockID":null,"locationInScheduleDay":28612,"longitude":-122.5789245,"blockID":7247,"offRoute":false,"nextLocID":8009,"vehicleID":2250,"signMessage":"72 Clackamas TC","extraTripID":null,"nextStopSeq":89,"routeNumber":72,"vehicleLoad":"unknown","bearing":180,"lastStopSeq":88,"inCongestion":false,"delay":-43,"latitude":45.4857295},{"tripID":4417876,"serviceDate":1395730800000,"direction":0,"garage":"POWELL","type":"bus","lastLocID":7972,"messageCode":766,"time":1395759441426,"expires":1395759859000,"signMessageLong":"72  Killingsworth/82nd to Swan Island-Anchor St","extraBlockID":null,"locationInScheduleDay":28589,"longitude":-122.5790575,"blockID":7250,"offRoute":false,"nextLocID":8014,"vehicleID":2242,"signMessage":"72 Swan Island","extraTripID":null,"nextStopSeq":45,"routeNumber":72,"vehicleLoad":"unknown","bearing":0,"lastStopSeq":44,"inCongestion":false,"delay":-50,"latitude":45.5266604},{"tripID":4418198,"serviceDate":1395730800000,"direction":1,"garage":"POWELL","type":"bus","lastLocID":12921,"messageCode":760,"time":1395759395321,"expires":1395759811000,"signMessageLong":"72  Killingsworth/82nd to Clackamas TC","extraBlockID":null,"locationInScheduleDay":28557,"longitude":-122.5682645,"blockID":7246,"offRoute":false,"nextLocID":13247,"vehicleID":2296,"signMessage":"72 Clackamas TC","extraTripID":null,"nextStopSeq":111,"routeNumber":72,"vehicleLoad":"unknown","bearing":82,"lastStopSeq":110,"inCongestion":false,"delay":0,"latitude":45.4355895},{"tripID":4419093,"serviceDate":1395730800000,"direction":0,"garage":"POWELL","type":"bus","lastLocID":11817,"messageCode":809,"time":1395759458353,"expires":1395759874000,"signMessageLong":"77  Broadway/Halsey to Troutdale","extraBlockID":null,"locationInScheduleDay":28759,"longitude":-122.664952,"blockID":7737,"offRoute":false,"nextLocID":13708,"vehicleID":2285,"signMessage":"77 To Troutdale","extraTripID":null,"nextStopSeq":20,"routeNumber":77,"vehicleLoad":"unknown","bearing":90,"lastStopSeq":19,"inCongestion":false,"delay":105,"latitude":45.5307984},{"tripID":4418205,"serviceDate":1395730800000,"direction":1,"garage":"POWELL","type":"bus","lastLocID":3188,"messageCode":760,"time":1395759443563,"expires":1395759862000,"signMessageLong":"72  Killingsworth/82nd to Clackamas TC","extraBlockID":null,"locationInScheduleDay":28775,"longitude":-122.6670848,"blockID":7252,"offRoute":false,"nextLocID":3165,"vehicleID":2283,"signMessage":"72 Clackamas TC","extraTripID":null,"nextStopSeq":19,"routeNumber":72,"vehicleLoad":"unknown","bearing":89,"lastStopSeq":18,"inCongestion":false,"delay":133,"latitude":45.5627255},{"tripID":4418204,"serviceDate":1395730800000,"direction":1,"garage":"POWELL","type":"bus","lastLocID":3198,"messageCode":760,"time":1395759441545,"expires":1395759857000,"signMessageLong":"72  Killingsworth/82nd to Clackamas TC","extraBlockID":null,"locationInScheduleDay":28713,"longitude":-122.623568,"blockID":7244,"offRoute":false,"nextLocID":3199,"vehicleID":2276,"signMessage":"72 Clackamas TC","extraTripID":null,"nextStopSeq":40,"routeNumber":72,"vehicleLoad":"unknown","bearing":89,"lastStopSeq":39,"inCongestion":false,"delay":76,"latitude":45.5627854},{"tripID":4411567,"serviceDate":1395730800000,"direction":1,"garage":"POWELL","type":"bus","lastLocID":3641,"messageCode":268,"time":1395759443548,"expires":1395759862000,"signMessageLong":"14  Hawthorne to Portland","extraBlockID":null,"locationInScheduleDay":28598,"longitude":-122.6598536,"blockID":1439,"offRoute":false,"nextLocID":3633,"vehicleID":2275,"signMessage":"14 To Portland","extraTripID":null,"nextStopSeq":41,"routeNumber":14,"vehicleLoad":"unknown","bearing":270,"lastStopSeq":40,"inCongestion":false,"delay":-44,"latitude":45.5129294},{"tripID":4417318,"serviceDate":1395730800000,"direction":1,"garage":"CENTER","type":"bus","lastLocID":6700,"messageCode":791,"time":1395759443222,"expires":1395759860000,"signMessageLong":"70  To Milwaukie","extraBlockID":null,"locationInScheduleDay":28706,"longitude":-122.6530183,"blockID":7005,"offRoute":false,"nextLocID":6709,"vehicleID":2132,"signMessage":"70 To Milwaukie","extraTripID":null,"nextStopSeq":75,"routeNumber":70,"vehicleLoad":"unknown","bearing":180,"lastStopSeq":74,"inCongestion":false,"delay":66,"latitude":45.4658372},{"tripID":4417166,"serviceDate":1395730800000,"direction":0,"garage":"CENTER","type":"bus","lastLocID":13040,"messageCode":783,"time":1395759440950,"expires":1395759856000,"signMessageLong":"70  33rd Ave to NE Sunderland","extraBlockID":null,"locationInScheduleDay":27900,"longitude":-122.6357648,"blockID":7006,"offRoute":false,"nextLocID":9368,"vehicleID":2150,"signMessage":"70 To Sunderlnd","extraTripID":null,"nextStopSeq":80,"routeNumber":70,"vehicleLoad":"unknown","bearing":180,"lastStopSeq":79,"inCongestion":false,"delay":0,"latitude":45.5898735},{"tripID":4417170,"serviceDate":1395730800000,"direction":0,"garage":"CENTER","type":"bus","lastLocID":6853,"messageCode":781,"time":1395759441148,"expires":1395759859000,"signMessageLong":"70  12th/NE 33rd Ave to NE Sunderland via 17th & Tacoma","extraBlockID":null,"locationInScheduleDay":28482,"longitude":-122.64705,"blockID":7008,"offRoute":false,"nextLocID":6860,"vehicleID":2506,"signMessage":"70 To Sunderland via 17th","extraTripID":null,"nextStopSeq":7,"routeNumber":70,"vehicleLoad":"unknown","bearing":359,"lastStopSeq":6,"inCongestion":false,"delay":-157,"latitude":45.4599812},{"tripID":4413800,"serviceDate":1395730800000,"direction":0,"garage":"CENTER","type":"bus","lastLocID":8225,"messageCode":457,"time":1395759455225,"expires":1395759873000,"signMessageLong":"31  Clackamas Town Center, continuing to Estacada","extraBlockID":null,"locationInScheduleDay":28328,"longitude":-122.6404654,"blockID":3102,"offRoute":false,"nextLocID":2569,"vehicleID":2526,"signMessage":"31 To Estacada via Clackamas","extraTripID":null,"nextStopSeq":2,"routeNumber":31,"vehicleLoad":"unknown","bearing":349,"lastStopSeq":1,"inCongestion":false,"delay":-325,"latitude":45.4453254},{"tripID":4417321,"serviceDate":1395730800000,"direction":1,"garage":"CENTER","type":"bus","lastLocID":7363,"messageCode":788,"time":1395759434093,"expires":1395759850000,"signMessageLong":"70  12th/NE 33rd Ave to Milwaukie","extraBlockID":null,"locationInScheduleDay":28473,"longitude":-122.6307025,"blockID":7002,"offRoute":false,"nextLocID":7391,"vehicleID":2524,"signMessage":"70 To Milwaukie","extraTripID":null,"nextStopSeq":21,"routeNumber":70,"vehicleLoad":"unknown","bearing":180,"lastStopSeq":20,"inCongestion":false,"delay":-157,"latitude":45.5555228},{"tripID":4419230,"serviceDate":1395730800000,"direction":1,"garage":"CENTER","type":"bus","lastLocID":2390,"messageCode":813,"time":1395759371203,"expires":1395759788000,"signMessageLong":"77  Broadway/Halsey to Montgomery Park","extraBlockID":null,"locationInScheduleDay":28637,"longitude":-122.5067302,"blockID":7701,"offRoute":false,"nextLocID":2386,"vehicleID":2512,"signMessage":"77 Montgomry Pk","extraTripID":null,"nextStopSeq":30,"routeNumber":77,"vehicleLoad":"unknown","bearing":270,"lastStopSeq":29,"inCongestion":false,"delay":69,"latitude":45.5336697},{"tripID":4417872,"serviceDate":1395730800000,"direction":0,"garage":"POWELL","type":"bus","lastLocID":3180,"messageCode":768,"time":1395759455232,"expires":1395759872000,"signMessageLong":"72  Killingsworth/82nd to Swan Island-Shipyards","extraBlockID":null,"locationInScheduleDay":28618,"longitude":-122.6912146,"blockID":7239,"offRoute":false,"nextLocID":3161,"vehicleID":2540,"signMessage":"72 Swan Island","extraTripID":null,"nextStopSeq":103,"routeNumber":72,"vehicleLoad":"unknown","bearing":270,"lastStopSeq":102,"inCongestion":false,"delay":-34,"latitude":45.5627353},{"tripID":4418199,"serviceDate":1395730800000,"direction":1,"garage":"POWELL","type":"bus","lastLocID":7988,"messageCode":760,"time":1395759455241,"expires":1395759873000,"signMessageLong":"72  Killingsworth/82nd to Clackamas TC","extraBlockID":null,"locationInScheduleDay":28558,"longitude":-122.5791426,"blockID":7240,"offRoute":false,"nextLocID":8018,"vehicleID":2533,"signMessage":"72 Clackamas TC","extraTripID":null,"nextStopSeq":104,"routeNumber":72,"vehicleLoad":"unknown","bearing":180,"lastStopSeq":103,"inCongestion":false,"delay":-95,"latitude":45.4546391},{"tripID":4417874,"serviceDate":1395730800000,"direction":0,"garage":"POWELL","type":"bus","lastLocID":3205,"messageCode":768,"time":1395759463451,"expires":1395759878000,"signMessageLong":"72  Killingsworth/82nd to Swan Island-Shipyards","extraBlockID":null,"locationInScheduleDay":28588,"longitude":-122.6111839,"blockID":7249,"offRoute":false,"nextLocID":3203,"vehicleID":2558,"signMessage":"72 Swan Island","extraTripID":null,"nextStopSeq":72,"routeNumber":72,"vehicleLoad":"unknown","bearing":270,"lastStopSeq":71,"inCongestion":false,"delay":-70,"latitude":45.5627616},{"tripID":4417880,"serviceDate":1395730800000,"direction":0,"garage":"POWELL","type":"bus","lastLocID":12922,"messageCode":766,"time":1395759463461,"expires":1395759877000,"signMessageLong":"72  Killingsworth/82nd to Swan Island-Anchor St","extraBlockID":null,"locationInScheduleDay":28641,"longitude":-122.5758993,"blockID":7236,"offRoute":false,"nextLocID":7941,"vehicleID":2552,"signMessage":"72 Swan Island","extraTripID":null,"nextStopSeq":3,"routeNumber":72,"vehicleLoad":"unknown","bearing":270,"lastStopSeq":2,"inCongestion":false,"delay":-16,"latitude":45.4372647},{"tripID":4418203,"serviceDate":1395730800000,"direction":1,"garage":"POWELL","type":"bus","lastLocID":8064,"messageCode":760,"time":1395759452048,"expires":1395759871000,"signMessageLong":"72  Killingsworth/82nd to Clackamas TC","extraBlockID":null,"locationInScheduleDay":28679,"longitude":-122.5786018,"blockID":7242,"offRoute":false,"nextLocID":8025,"vehicleID":2548,"signMessage":"72 Clackamas TC","extraTripID":null,"nextStopSeq":54,"routeNumber":72,"vehicleLoad":"unknown","bearing":180,"lastStopSeq":53,"inCongestion":false,"delay":28,"latitude":45.5569228},{"tripID":4411569,"serviceDate":1395730800000,"direction":1,"garage":"POWELL","type":"bus","lastLocID":7658,"messageCode":268,"time":1395759441684,"expires":1395759859000,"signMessageLong":"14  Hawthorne to Portland","extraBlockID":null,"locationInScheduleDay":28717,"longitude":-122.6115671,"blockID":1440,"offRoute":false,"nextLocID":13734,"vehicleID":2308,"signMessage":"14 To Portland","extraTripID":null,"nextStopSeq":25,"routeNumber":14,"vehicleLoad":"unknown","bearing":356,"lastStopSeq":24,"inCongestion":false,"delay":78,"latitude":45.5117721},{"tripID":4417879,"serviceDate":1395730800000,"direction":0,"garage":"POWELL","type":"bus","lastLocID":7970,"messageCode":766,"time":1395759441664,"expires":1395759856000,"signMessageLong":"72  Killingsworth/82nd to Swan Island-Anchor St","extraBlockID":null,"locationInScheduleDay":28684,"longitude":-122.5790962,"blockID":7253,"offRoute":false,"nextLocID":7960,"vehicleID":2318,"signMessage":"72 Swan Island","extraTripID":null,"nextStopSeq":18,"routeNumber":72,"vehicleLoad":"unknown","bearing":0,"lastStopSeq":17,"inCongestion":false,"delay":48,"latitude":45.4754529},{"tripID":4411572,"serviceDate":1395730800000,"direction":1,"garage":"POWELL","type":"bus","lastLocID":13236,"messageCode":268,"time":1395759455404,"expires":1395759872000,"signMessageLong":"14  Hawthorne to Portland","extraBlockID":null,"locationInScheduleDay":28522,"longitude":-122.5675341,"blockID":1435,"offRoute":false,"nextLocID":1829,"vehicleID":2316,"signMessage":"14 To Portland","extraTripID":null,"nextStopSeq":3,"routeNumber":14,"vehicleLoad":"unknown","bearing":291,"lastStopSeq":2,"inCongestion":false,"delay":-130,"latitude":45.4795188},{"tripID":4411573,"serviceDate":1395730800000,"direction":1,"garage":"CENTER","type":"bus","lastLocID":1831,"messageCode":268,"time":1395759441216,"expires":1395759857000,"signMessageLong":"14  Hawthorne to Portland","extraBlockID":null,"locationInScheduleDay":28637,"longitude":-122.5662917,"blockID":1403,"offRoute":false,"nextLocID":13236,"vehicleID":2725,"signMessage":"14 To Portland","extraTripID":null,"nextStopSeq":2,"routeNumber":14,"vehicleLoad":"unknown","bearing":291,"lastStopSeq":1,"inCongestion":false,"delay":0,"latitude":45.4791765},{"tripID":4419231,"serviceDate":1395730800000,"direction":1,"garage":"CENTER","type":"bus","lastLocID":9481,"messageCode":813,"time":1395759452042,"expires":1395759871000,"signMessageLong":"77  Broadway/Halsey to Montgomery Park","extraBlockID":null,"locationInScheduleDay":28435,"longitude":-122.3924088,"blockID":7705,"offRoute":false,"nextLocID":9471,"vehicleID":2720,"signMessage":"77 Montgomry Pk","extraTripID":null,"nextStopSeq":2,"routeNumber":77,"vehicleLoad":"unknown","bearing":94,"lastStopSeq":1,"inCongestion":false,"delay":-216,"latitude":45.5444693},{"tripID":4413881,"serviceDate":1395730800000,"direction":1,"garage":"CENTER","type":"bus","lastLocID":11956,"messageCode":467,"time":1395759462934,"expires":1395759879000,"signMessageLong":"31  Downtown Only","extraBlockID":null,"locationInScheduleDay":28704,"longitude":-122.678412,"blockID":3101,"offRoute":false,"nextLocID":7800,"vehicleID":2714,"signMessage":"31 Downtown Only","extraTripID":null,"nextStopSeq":39,"routeNumber":31,"vehicleLoad":"unknown","bearing":291,"lastStopSeq":38,"inCongestion":false,"delay":45,"latitude":45.5159727},{"tripID":4417320,"serviceDate":1395730800000,"direction":1,"garage":"CENTER","type":"bus","lastLocID":4044,"messageCode":790,"time":1395759458027,"expires":1395759877000,"signMessageLong":"70  12th Ave to Milwaukie via 13th & Tacoma","extraBlockID":null,"locationInScheduleDay":28703,"longitude":-122.6566065,"blockID":7007,"offRoute":false,"nextLocID":8937,"vehicleID":2709,"signMessage":"70 To Milw via 13","extraTripID":null,"nextStopSeq":44,"routeNumber":70,"vehicleLoad":"unknown","bearing":180,"lastStopSeq":43,"inCongestion":false,"delay":46,"latitude":45.5302364},{"tripID":4417168,"serviceDate":1395730800000,"direction":0,"garage":"CENTER","type":"bus","lastLocID":4050,"messageCode":783,"time":1395759441124,"expires":1395759859000,"signMessageLong":"70  33rd Ave to NE Sunderland","extraBlockID":null,"locationInScheduleDay":28618,"longitude":-122.6450184,"blockID":7001,"offRoute":false,"nextLocID":7107,"vehicleID":2704,"signMessage":"70 To Sunderlnd","extraTripID":null,"nextStopSeq":38,"routeNumber":70,"vehicleLoad":"unknown","bearing":90,"lastStopSeq":37,"inCongestion":false,"delay":-21,"latitude":45.5314557},{"tripID":4417171,"serviceDate":1395730800000,"direction":0,"garage":"CENTER","type":"bus","lastLocID":13477,"messageCode":782,"time":1395759462882,"expires":1395759878000,"signMessageLong":"70  12th/NE 33rd Ave to NE Sunderland via 13th & Tacoma","extraBlockID":null,"locationInScheduleDay":28658,"longitude":-122.6407309,"blockID":7003,"offRoute":false,"nextLocID":8225,"vehicleID":2705,"signMessage":"70 To Sunderland via 13th","extraTripID":null,"nextStopSeq":2,"routeNumber":70,"vehicleLoad":"unknown","bearing":81,"lastStopSeq":1,"inCongestion":false,"delay":0,"latitude":45.4448667},{"tripID":4417167,"serviceDate":1395730800000,"direction":0,"garage":"CENTER","type":"bus","lastLocID":9550,"messageCode":783,"time":1395759446252,"expires":1395759865000,"signMessageLong":"70  33rd Ave to NE Sunderland","extraBlockID":null,"locationInScheduleDay":28737,"longitude":-122.6343496,"blockID":7004,"offRoute":false,"nextLocID":4912,"vehicleID":2701,"signMessage":"70 To Sunderlnd","extraTripID":null,"nextStopSeq":76,"routeNumber":70,"vehicleLoad":"unknown","bearing":90,"lastStopSeq":75,"inCongestion":false,"delay":92,"latitude":45.5800839},{"tripID":4419094,"serviceDate":1395730800000,"direction":0,"garage":"CENTER","type":"bus","lastLocID":7168,"messageCode":809,"time":1395759443614,"expires":1395759860000,"signMessageLong":"77  Broadway/Halsey to Troutdale","extraBlockID":null,"locationInScheduleDay":28660,"longitude":-122.6947616,"blockID":7704,"offRoute":false,"nextLocID":10693,"vehicleID":2614,"signMessage":"77 To Troutdale","extraTripID":null,"nextStopSeq":5,"routeNumber":77,"vehicleLoad":"unknown","bearing":178,"lastStopSeq":4,"inCongestion":false,"delay":20,"latitude":45.535228},{"tripID":4411317,"serviceDate":1395730800000,"direction":0,"garage":"CENTER","type":"bus","lastLocID":2630,"messageCode":266,"time":1395759443587,"expires":1395759860000,"signMessageLong":"14  Hawthorne to 94th & Foster","extraBlockID":null,"locationInScheduleDay":28708,"longitude":-122.6162918,"blockID":1401,"offRoute":false,"nextLocID":2633,"vehicleID":2608,"signMessage":"14 To 94-Foster","extraTripID":null,"nextStopSeq":21,"routeNumber":14,"vehicleLoad":"unknown","bearing":90,"lastStopSeq":20,"inCongestion":false,"delay":68,"latitude":45.5120306},{"tripID":4417169,"serviceDate":1395730800000,"direction":0,"garage":"CENTER","type":"bus","lastLocID":6578,"messageCode":780,"time":1395759441527,"expires":1395759857000,"signMessageLong":"70  12th/NE 33rd Ave to NE Sunderland","extraBlockID":null,"locationInScheduleDay":28713,"longitude":-122.6537212,"blockID":7010,"offRoute":false,"nextLocID":6581,"vehicleID":2623,"signMessage":"70 To Sunderlnd","extraTripID":null,"nextStopSeq":28,"routeNumber":70,"vehicleLoad":"unknown","bearing":0,"lastStopSeq":27,"inCongestion":false,"delay":76,"latitude":45.5054944},{"tripID":4419229,"serviceDate":1395730800000,"direction":1,"garage":"CENTER","type":"bus","lastLocID":2453,"messageCode":813,"time":1395759441485,"expires":1395759859000,"signMessageLong":"77  Broadway/Halsey to Montgomery Park","extraBlockID":null,"locationInScheduleDay":28442,"longitude":-122.5859259,"blockID":7707,"offRoute":false,"nextLocID":2451,"vehicleID":2653,"signMessage":"77 Montgomry Pk","extraTripID":null,"nextStopSeq":56,"routeNumber":77,"vehicleLoad":"unknown","bearing":269,"lastStopSeq":55,"inCongestion":false,"delay":-197,"latitude":45.5336074},{"tripID":4417319,"serviceDate":1395730800000,"direction":1,"garage":"CENTER","type":"bus","lastLocID":6544,"messageCode":789,"time":1395759443542,"expires":1395759860000,"signMessageLong":"70  12th Ave to Milwaukie via 17th & Tacoma","extraBlockID":null,"locationInScheduleDay":28779,"longitude":-122.6542269,"blockID":7009,"offRoute":false,"nextLocID":10472,"vehicleID":2626,"signMessage":"70 To Milw via 17","extraTripID":null,"nextStopSeq":57,"routeNumber":70,"vehicleLoad":"unknown","bearing":179,"lastStopSeq":56,"inCongestion":false,"delay":139,"latitude":45.5015108},{"tripID":4419228,"serviceDate":1395730800000,"direction":1,"garage":"CENTER","type":"bus","lastLocID":649,"messageCode":813,"time":1395759446403,"expires":1395759863000,"signMessageLong":"77  Broadway/Halsey to Montgomery Park","extraBlockID":null,"locationInScheduleDay":28407,"longitude":-122.6254961,"blockID":7703,"offRoute":false,"nextLocID":647,"vehicleID":2630,"signMessage":"77 Montgomry Pk","extraTripID":null,"nextStopSeq":71,"routeNumber":77,"vehicleLoad":"unknown","bearing":270,"lastStopSeq":70,"inCongestion":false,"delay":-236,"latitude":45.5351527},{"tripID":4419090,"serviceDate":1395730800000,"direction":0,"garage":"CENTER","type":"bus","lastLocID":2416,"messageCode":809,"time":1395759455339,"expires":1395759872000,"signMessageLong":"77  Broadway/Halsey to Troutdale","extraBlockID":null,"locationInScheduleDay":28550,"longitude":-122.4284573,"blockID":7706,"offRoute":false,"nextLocID":2418,"vehicleID":2632,"signMessage":"77 To Troutdale","extraTripID":null,"nextStopSeq":91,"routeNumber":77,"vehicleLoad":"unknown","bearing":79,"lastStopSeq":90,"inCongestion":false,"delay":-102,"latitude":45.5357919},{"tripID":4417870,"serviceDate":1395730800000,"direction":0,"garage":"POWELL","type":"bus","lastLocID":1042,"messageCode":768,"time":1395759462819,"expires":1395759878000,"signMessageLong":"72  Killingsworth/82nd to Swan Island-Shipyards","extraBlockID":null,"locationInScheduleDay":27719,"longitude":-122.7040459,"blockID":7237,"offRoute":false,"nextLocID":1041,"vehicleID":3004,"signMessage":"72 Swan Island","extraTripID":null,"nextStopSeq":117,"routeNumber":72,"vehicleLoad":"unknown","bearing":94,"lastStopSeq":116,"inCongestion":false,"delay":0,"latitude":45.5566778},{"tripID":4413882,"serviceDate":1395730800000,"direction":1,"garage":"POWELL","type":"bus","lastLocID":2571,"messageCode":464,"time":1395759457984,"expires":1395759877000,"signMessageLong":"31  To Portland via Milwaukie","extraBlockID":null,"locationInScheduleDay":28614,"longitude":-122.6379655,"blockID":3136,"offRoute":false,"nextLocID":2570,"vehicleID":3007,"signMessage":"31 To Portland","extraTripID":null,"nextStopSeq":22,"routeNumber":31,"vehicleLoad":"unknown","bearing":268,"lastStopSeq":21,"inCongestion":false,"delay":-43,"latitude":45.4464135},{"tripID":4417878,"serviceDate":1395730800000,"direction":0,"garage":"POWELL","type":"bus","lastLocID":7955,"messageCode":766,"time":1395759440796,"expires":1395759857000,"signMessageLong":"72  Killingsworth/82nd to Swan Island-Anchor St","extraBlockID":null,"locationInScheduleDay":28909,"longitude":-122.5790751,"blockID":7251,"offRoute":false,"nextLocID":7972,"vehicleID":3003,"signMessage":"72 Swan Island","extraTripID":null,"nextStopSeq":44,"routeNumber":72,"vehicleLoad":"unknown","bearing":359,"lastStopSeq":43,"inCongestion":false,"delay":272,"latitude":45.5248022},{"tripID":4417873,"serviceDate":1395730800000,"direction":0,"garage":"POWELL","type":"bus","lastLocID":3157,"messageCode":766,"time":1395759448961,"expires":1395759865000,"signMessageLong":"72  Killingsworth/82nd to Swan Island-Anchor St","extraBlockID":null,"locationInScheduleDay":28967,"longitude":-122.6717656,"blockID":7241,"offRoute":false,"nextLocID":3154,"vehicleID":3048,"signMessage":"72 Swan Island","extraTripID":null,"nextStopSeq":97,"routeNumber":72,"vehicleLoad":"unknown","bearing":269,"lastStopSeq":96,"inCongestion":false,"delay":322,"latitude":45.5627023},{"tripID":4418201,"serviceDate":1395730800000,"direction":1,"garage":"POWELL","type":"bus","lastLocID":7923,"messageCode":760,"time":1395759443362,"expires":1395759860000,"signMessageLong":"72  Killingsworth/82nd to Clackamas TC","extraBlockID":null,"locationInScheduleDay":28689,"longitude":-122.5786976,"blockID":7235,"offRoute":false,"nextLocID":7958,"vehicleID":3053,"signMessage":"72 Clackamas TC","extraTripID":null,"nextStopSeq":79,"routeNumber":72,"vehicleLoad":"unknown","bearing":180,"lastStopSeq":78,"inCongestion":false,"delay":49,"latitude":45.5063485},{"tripID":4418207,"serviceDate":1395730800000,"direction":1,"garage":"POWELL","type":"bus","lastLocID":115,"messageCode":760,"time":1395759455170,"expires":1395759873000,"signMessageLong":"72  Killingsworth/82nd to Clackamas TC","extraBlockID":null,"locationInScheduleDay":28653,"longitude":-122.703865,"blockID":7245,"offRoute":false,"nextLocID":8681,"vehicleID":3052,"signMessage":"72 Clackamas TC","extraTripID":null,"nextStopSeq":2,"routeNumber":72,"vehicleLoad":"unknown","bearing":159,"lastStopSeq":1,"inCongestion":false,"delay":0,"latitude":45.5567629},{"tripID":4417875,"serviceDate":1395730800000,"direction":0,"garage":"POWELL","type":"bus","lastLocID":7933,"messageCode":766,"time":1395759446253,"expires":1395759863000,"signMessageLong":"72  Killingsworth/82nd to Swan Island-Anchor St","extraBlockID":null,"locationInScheduleDay":28680,"longitude":-122.578703,"blockID":7234,"offRoute":false,"nextLocID":8039,"vehicleID":3054,"signMessage":"72 Swan Island","extraTripID":null,"nextStopSeq":58,"routeNumber":72,"vehicleLoad":"unknown","bearing":0,"lastStopSeq":57,"inCongestion":false,"delay":37,"latitude":45.5517758},{"tripID":4419091,"serviceDate":1395730800000,"direction":0,"garage":"POWELL","type":"bus","lastLocID":2460,"messageCode":809,"time":1395759441195,"expires":1395759859000,"signMessageLong":"77  Broadway/Halsey to Troutdale","extraBlockID":null,"locationInScheduleDay":28406,"longitude":-122.5666448,"blockID":7734,"offRoute":false,"nextLocID":10747,"vehicleID":3046,"signMessage":"77 To Troutdale","extraTripID":null,"nextStopSeq":56,"routeNumber":77,"vehicleLoad":"unknown","bearing":64,"lastStopSeq":55,"inCongestion":false,"delay":-233,"latitude":45.5336767},{"tripID":4419226,"serviceDate":1395730800000,"direction":1,"garage":"POWELL","type":"bus","lastLocID":8483,"messageCode":813,"time":1395759446217,"expires":1395759864000,"signMessageLong":"77  Broadway/Halsey to Montgomery Park","extraBlockID":null,"locationInScheduleDay":28360,"longitude":-122.7069345,"blockID":7738,"offRoute":false,"nextLocID":8484,"vehicleID":3035,"signMessage":"77 Montgomry Pk","extraTripID":null,"nextStopSeq":109,"routeNumber":77,"vehicleLoad":"unknown","bearing":178,"lastStopSeq":108,"inCongestion":false,"delay":0,"latitude":45.5377966},{"tripID":4411570,"serviceDate":1395730800000,"direction":1,"garage":"POWELL","type":"bus","lastLocID":7656,"messageCode":268,"time":1395759458006,"expires":1395759877000,"signMessageLong":"14  Hawthorne to Portland","extraBlockID":null,"locationInScheduleDay":28719,"longitude":-122.6113699,"blockID":1434,"offRoute":false,"nextLocID":7665,"vehicleID":3027,"signMessage":"14 To Portland","extraTripID":null,"nextStopSeq":19,"routeNumber":14,"vehicleLoad":"unknown","bearing":0,"lastStopSeq":18,"inCongestion":false,"delay":62,"latitude":45.4996184},{"tripID":4417877,"serviceDate":1395730800000,"direction":0,"garage":"POWELL","type":"bus","lastLocID":8023,"messageCode":766,"time":1395759458009,"expires":1395759877000,"signMessageLong":"72  Killingsworth/82nd to Swan Island-Anchor St","extraBlockID":null,"locationInScheduleDay":28680,"longitude":-122.578735,"blockID":7243,"offRoute":false,"nextLocID":8052,"vehicleID":3025,"signMessage":"72 Swan Island","extraTripID":null,"nextStopSeq":30,"routeNumber":72,"vehicleLoad":"unknown","bearing":0,"lastStopSeq":29,"inCongestion":false,"delay":23,"latitude":45.4978227},{"tripID":4419227,"serviceDate":1395730800000,"direction":1,"garage":"CENTER","type":"bus","lastLocID":2099,"messageCode":813,"time":1395759448976,"expires":1395759867000,"signMessageLong":"77  Broadway/Halsey to Montgomery Park","extraBlockID":null,"locationInScheduleDay":28602,"longitude":-122.6940767,"blockID":7702,"offRoute":false,"nextLocID":7113,"vehicleID":2005,"signMessage":"77 Montgomry Pk","extraTripID":null,"nextStopSeq":95,"routeNumber":77,"vehicleLoad":"unknown","bearing":268,"lastStopSeq":94,"inCongestion":false,"delay":-45,"latitude":45.5263095},{"tripID":4411568,"serviceDate":1395730800000,"direction":1,"garage":"CENTER","type":"bus","lastLocID":2613,"messageCode":268,"time":1395759463128,"expires":1395759877000,"signMessageLong":"14  Hawthorne to Portland","extraBlockID":null,"locationInScheduleDay":28667,"longitude":-122.6403363,"blockID":1402,"offRoute":false,"nextLocID":2611,"vehicleID":2014,"signMessage":"14 To Portland","extraTripID":null,"nextStopSeq":34,"routeNumber":14,"vehicleLoad":"unknown","bearing":270,"lastStopSeq":33,"inCongestion":false,"delay":10,"latitude":45.5120864}],"queryTime":1395759468975}}
