{"resultSet":{"vehicle":[{"tripID":4411566,"serviceDate":1395730800000,"direction":1,"garage":"POWELL","type":"bus","lastLocID":1829,"messageCode":268,"time":1395757284112,"expires":1395757699000,"signMessageLong":"14  Hawthorne to Portland","extraBlockID":null,"locationInScheduleDay":26432,"longitude":-122.571449,"blockID":1436,"offRoute":false,"nextLocID":1826,"vehicleID":2206,"signMessage":"14 To Portland","extraTripID":null,"nextStopSeq":4,"routeNumber":14,"vehicleLoad":"unknown","bearing":294,"lastStopSeq":3,"inCongestion":false,"delay":-47,"latitude":45.4806811},{"tripID":4419089,"serviceDate":1395730800000,"direction":0,"garage":"POWELL","type":"bus","lastLocID":10747,"messageCode":809,"time":1395757302016,"expires":1395757718000,"signMessageLong":"77  Broadway/Halsey to Troutdale","extraBlockID":null,"locationInScheduleDay":26470,"longitude":-122.5576087,"blockID":7735,"offRoute":false,"nextLocID":2356,"vehicleID":2222,"signMessage":"77 To Troutdale","extraTripID":null,"nextStopSeq":57,"routeNumber":77,"vehicleLoad":"unknown","bearing":90,"lastStopSeq":56,"inCongestion":false,"delay":-28,"latitude":45.5335334},{"tripID":4419092,"serviceDate":1395730800000,"direction":0,"garage":"POWELL","type":"bus","lastLocID":8484,"messageCode":809,"time":1395757280498,"expires":1395757698000,"signMessageLong":"77  Broadway/Halsey to Troutdale","extraBlockID":null,"locationInScheduleDay":26584,"longitude":-122.7068974,"blockID":7736,"offRoute":false,"nextLocID":8385,"vehicleID":2221,"signMessage":"77 To Troutdale","extraTripID":null,"nextStopSeq":2,"routeNumber":77,"vehicleLoad":"unknown","bearing":178,"lastStopSeq":1,"inCongestion":false,"delay":106,"latitude":45.5368688},{"tripID":4411565,"serviceDate":1395730800000,"direction":1,"garage":"POWELL","type":"bus","lastLocID":1778,"messageCode":268,"time":1395757301668,"expires":1395757718000,"signMessageLong":"14  Hawthorne to Portland","extraBlockID":null,"locationInScheduleDay":26469,"longitude":-122.599068,"blockID":1438,"offRoute":false,"nextLocID":12904,"vehicleID":2220,"signMessage":"14 To Portland","extraTripID":null,"nextStopSeq":14,"routeNumber":14,"vehicleLoad":"unknown","bearing":300,"lastStopSeq":13,"inCongestion":false,"delay":-29,"latitude":45.490607},{"tripID":4418202,"serviceDate":1395730800000,"direction":1,"garage":"POWELL","type":"bus","lastLocID":2201,"messageCode":760,"time":1395757289249,"expires":1395757706000,"signMessageLong":"72  Killingsworth/82nd to Clackamas TC","extraBlockID":null,"locationInScheduleDay":26357,"longitude":-122.6939102,"blockID":7248,"offRoute":false,"nextLocID":2226,"vehicleID":2215,"signMessage":"72 Clackamas TC","extraTripID":null,"nextStopSeq":6,"routeNumber":72,"vehicleLoad":"unknown","bearing":328,"lastStopSeq":5,"inCongestion":false,"delay":-129,"latitude":45.5590351},{"tripID":4411562,"serviceDate":1395730800000,"direction":1,"garage":"POWELL","type":"bus","lastLocID":13169,"messageCode":266,"time":1395757295545,"expires":1395757712000,"signMessageLong":"14  Hawthorne to 94th & Foster","extraBlockID":null,"locationInScheduleDay":26561,"longitude":-122.6796046,"blockID":1437,"offRoute":false,"nextLocID":3639,"vehicleID":2264,"signMessage":"14 To 94-Foster","extraTripID":null,"nextStopSeq":45,"routeNumber":14,"vehicleLoad":"unknown","bearing":111,"lastStopSeq":44,"inCongestion":false,"delay":69,"latitude":45.5155264},{"tripID":4413799,"serviceDate":1395730800000,"direction":0,"garage":"POWELL","type":"bus","lastLocID":7523,"messageCode":457,"time":1395757286739,"expires":1395757702000,"signMessageLong":"31  Clackamas Town Center, continuing to Estacada","extraBlockID":null,"locationInScheduleDay":26302,"longitude":-122.6195299,"blockID":3137,"offRoute":false,"nextLocID":3242,"vehicleID":2258,"signMessage":"31 To Estacada via Clackamas","extraTripID":null,"nextStopSeq":9,"routeNumber":31,"vehicleLoad":"unknown","bearing":1,"lastStopSeq":8,"inCongestion":false,"delay":-180,"latitude":45.447763},{"tripID":4418200,"serviceDate":1395730800000,"direction":1,"garage":"POWELL","type":"bus","lastLocID":3191,"messageCode":760,"time":1395757273558,"expires":1395757690000,"signMessageLong":"72  Killingsworth/82nd to Clackamas TC","extraBlockID":null,"locationInScheduleDay":26474,"longitude":-122.6303349,"blockID":7247,"offRoute":false,"nextLocID":3193,"vehicleID":2250,"signMessage":"72 Clackamas TC","extraTripID":null,"nextStopSeq":37,"routeNumber":72,"vehicleLoad":"unknown","bearing":89,"lastStopSeq":36,"inCongestion":false,"delay":4,"latitude":45.5627254},{"tripID":4418198,"serviceDate":1395730800000,"direction":1,"garage":"POWELL","type":"bus","lastLocID":8043,"messageCode":760,"time":1395757295607,"expires":1395757711000,"signMessageLong":"72  Killingsworth/82nd to Clackamas TC","extraBlockID":null,"locationInScheduleDay":26491,"longitude":-122.5790076,"blockID":7246,"offRoute":false,"nextLocID":8000,"vehicleID":2296,"signMessage":"72 Clackamas TC","extraTripID":null,"nextStopSeq":65,"routeNumber":72,"vehicleLoad":"unknown","bearing":180,"lastStopSeq":64,"inCongestion":false,"delay":0,"latitude":45.5351059},{"tripID":4419224,"serviceDate":1395730800000,"direction":1,"garage":"POWELL","type":"bus","lastLocID":8481,"messageCode":813,"time":1395757298007,"expires":1395757716000,"signMessageLong":"77  Broadway/Halsey to Montgomery Park","extraBlockID":null,"locationInScheduleDay":26187,"longitude":-122.7104777,"blockID":7737,"offRoute":false,"nextLocID":8482,"vehicleID":2285,"signMessage":"77 Montgomry Pk","extraTripID":null,"nextStopSeq":106,"routeNumber":77,"vehicleLoad":"unknown","bearing":358,"lastStopSeq":105,"inCongestion":false,"delay":-309,"latitude":45.5376692},{"tripID":4417869,"serviceDate":1395730800000,"direction":0,"garage":"POWELL","type":"bus","lastLocID":2161,"messageCode":766,"time":1395757280959,"expires":1395757697000,"signMessageLong":"72  Killingsworth/82nd to Swan Island-Anchor St","extraBlockID":null,"locationInScheduleDay":26447,"longitude":-122.7000983,"blockID":7244,"offRoute":false,"nextLocID":115,"vehicleID":2276,"signMessage":"72 Swan Island","extraTripID":null,"nextStopSeq":108,"routeNumber":72,"vehicleLoad":"unknown","bearing":286,"lastStopSeq":107,"inCongestion":false,"delay":0,"latitude":45.5564356},{"tripID":4417318,"serviceDate":1395730800000,"direction":1,"garage":"CENTER","type":"bus","lastLocID":644,"messageCode":788,"time":1395757301263,"expires":1395757718000,"signMessageLong":"70  12th/NE 33rd Ave to Milwaukie","extraBlockID":null,"locationInScheduleDay":26580,"longitude":-122.6311514,"blockID":7005,"offRoute":false,"nextLocID":643,"vehicleID":2132,"signMessage":"70 To Milwaukie","extraTripID":null,"nextStopSeq":33,"routeNumber":70,"vehicleLoad":"unknown","bearing":270,"lastStopSeq":32,"inCongestion":false,"delay":82,"latitude":45.5351596},{"tripID":4417166,"serviceDate":1395730800000,"direction":0,"garage":"CENTER","type":"bus","lastLocID":6582,"messageCode":780,"time":1395757297816,"expires":1395757716000,"signMessageLong":"70  12th/NE 33rd Ave to NE Sunderland","extraBlockID":null,"locationInScheduleDay":26327,"longitude":-122.6535894,"blockID":7006,"offRoute":false,"nextLocID":8513,"vehicleID":2150,"signMessage":"70 To Sunderlnd","extraTripID":null,"nextStopSeq":33,"routeNumber":70,"vehicleLoad":"unknown","bearing":0,"lastStopSeq":32,"inCongestion":false,"delay":-169,"latitude":45.527614},{"tripID":4417316,"serviceDate":1395730800000,"direction":1,"garage":"CENTER","type":"bus","lastLocID":6694,"messageCode":738,"time":1395757280131,"expires":1395757698000,"signMessageLong":"70  12th Ave to Milwaukie via 13th & Tacoma","extraBlockID":null,"locationInScheduleDay":26453,"longitude":-122.6530112,"blockID":7008,"offRoute":false,"nextLocID":6700,"vehicleID":2506,"signMessage":"70 To Milwaukie","extraTripID":null,"nextStopSeq":31,"routeNumber":70,"vehicleLoad":"unknown","bearing":180,"lastStopSeq":30,"inCongestion":false,"delay":-25,"latitude":45.4676152},{"tripID":4418197,"serviceDate":1395730800000,"direction":1,"garage":"POWELL","type":"bus","lastLocID":7929,"messageCode":760,"time":1395757301605,"expires":1395757718000,"signMessageLong":"72  Killingsworth/82nd to Clackamas TC","extraBlockID":null,"locationInScheduleDay":26503,"longitude":-122.5790175,"blockID":7238,"offRoute":false,"nextLocID":8066,"vehicleID":2527,"signMessage":"72 Clackamas TC","extraTripID":null,"nextStopSeq":74,"routeNumber":72,"vehicleLoad":"unknown","bearing":177,"lastStopSeq":73,"inCongestion":false,"delay":5,"latitude":45.5177924},{"tripID":4417165,"serviceDate":1395730800000,"direction":0,"garage":"CENTER","type":"bus","lastLocID":7105,"messageCode":783,"time":1395757241226,"expires":1395757659000,"signMessageLong":"70  33rd Ave to NE Sunderland","extraBlockID":null,"locationInScheduleDay":26486,"longitude":-122.6439313,"blockID":7002,"offRoute":false,"nextLocID":8883,"vehicleID":2524,"signMessage":"70 To Sunderlnd","extraTripID":null,"nextStopSeq":73,"routeNumber":70,"vehicleLoad":"unknown","bearing":0,"lastStopSeq":72,"inCongestion":false,"delay":47,"latitude":45.5803783},{"tripID":4419230,"serviceDate":1395730800000,"direction":1,"garage":"CENTER","type":"bus","lastLocID":9481,"messageCode":813,"time":1395757307686,"expires":1395757726000,"signMessageLong":"77  Broadway/Halsey to Montgomery Park","extraBlockID":null,"locationInScheduleDay":26506,"longitude":-122.3982117,"blockID":7701,"offRoute":false,"nextLocID":9471,"vehicleID":2512,"signMessage":"77 Montgomry Pk","extraTripID":null,"nextStopSeq":2,"routeNumber":77,"vehicleLoad":"unknown","bearing":85,"lastStopSeq":1,"inCongestion":false,"delay":0,"latitude":45.5443612},{"tripID":4417872,"serviceDate":1395730800000,"direction":0,"garage":"POWELL","type":"bus","lastLocID":7955,"messageCode":768,"time":1395757286165,"expires":1395757702000,"signMessageLong":"72  Killingsworth/82nd to Swan Island-Shipyards","extraBlockID":null,"locationInScheduleDay":26253,"longitude":-122.57906,"blockID":7239,"offRoute":false,"nextLocID":7972,"vehicleID":2540,"signMessage":"72 Swan Island","extraTripID":null,"nextStopSeq":44,"routeNumber":72,"vehicleLoad":"unknown","bearing":0,"lastStopSeq":43,"inCongestion":false,"delay":-229,"latitude":45.5261526},{"tripID":4418199,"serviceDate":1395730800000,"direction":1,"garage":"POWELL","type":"bus","lastLocID":3211,"messageCode":760,"time":1395757250307,"expires":1395757666000,"signMessageLong":"72  Killingsworth/82nd to Clackamas TC","extraBlockID":null,"locationInScheduleDay":26453,"longitude":-122.5850638,"blockID":7240,"offRoute":false,"nextLocID":3186,"vehicleID":2533,"signMessage":"72 Clackamas TC","extraTripID":null,"nextStopSeq":50,"routeNumber":72,"vehicleLoad":"unknown","bearing":90,"lastStopSeq":49,"inCongestion":false,"delay":7,"latitude":45.5626663},{"tripID":4417874,"serviceDate":1395730800000,"direction":0,"garage":"POWELL","type":"bus","lastLocID":7962,"messageCode":768,"time":1395757295734,"expires":1395757712000,"signMessageLong":"72  Killingsworth/82nd to Swan Island-Shipyards","extraBlockID":null,"locationInScheduleDay":26440,"longitude":-122.5790597,"blockID":7249,"offRoute":false,"nextLocID":7982,"vehicleID":2558,"signMessage":"72 Swan Island","extraTripID":null,"nextStopSeq":16,"routeNumber":72,"vehicleLoad":"unknown","bearing":359,"lastStopSeq":15,"inCongestion":false,"delay":-52,"latitude":45.4707532},{"tripID":4418196,"serviceDate":1395730800000,"direction":1,"garage":"POWELL","type":"bus","lastLocID":13707,"messageCode":760,"time":1395757302172,"expires":1395757718000,"signMessageLong":"72  Killingsworth/82nd to Clackamas TC","extraBlockID":null,"locationInScheduleDay":26485,"longitude":-122.5787887,"blockID":7236,"offRoute":false,"nextLocID":8237,"vehicleID":2552,"signMessage":"72 Clackamas TC","extraTripID":null,"nextStopSeq":85,"routeNumber":72,"vehicleLoad":"unknown","bearing":180,"lastStopSeq":84,"inCongestion":false,"delay":-13,"latitude":45.4936235},{"tripID":4417868,"serviceDate":1395730800000,"direction":0,"garage":"POWELL","type":"bus","lastLocID":1042,"messageCode":768,"time":1395757295757,"expires":1395757711000,"signMessageLong":"72  Killingsworth/82nd to Swan Island-Shipyards","extraBlockID":null,"locationInScheduleDay":25797,"longitude":-122.7043425,"blockID":7242,"offRoute":false,"nextLocID":1041,"vehicleID":2548,"signMessage":"72 Swan Island","extraTripID":null,"nextStopSeq":117,"routeNumber":72,"vehicleLoad":"unknown","bearing":89,"lastStopSeq":116,"inCongestion":false,"delay":0,"latitude":45.556692},{"tripID":4411315,"serviceDate":1395730800000,"direction":0,"garage":"POWELL","type":"bus","lastLocID":2614,"messageCode":266,"time":1395757281082,"expires":1395757698000,"signMessageLong":"14  Hawthorne to 94th & Foster","extraBlockID":null,"locationInScheduleDay":26450,"longitude":-122.6370475,"blockID":1435,"offRoute":false,"nextLocID":2615,"vehicleID":2316,"signMessage":"14 To 94-Foster","extraTripID":null,"nextStopSeq":14,"routeNumber":14,"vehicleLoad":"unknown","bearing":90,"lastStopSeq":13,"inCongestion":false,"delay":-28,"latitude":45.5120721},{"tripID":4413879,"serviceDate":1395730800000,"direction":1,"garage":"CENTER","type":"bus","lastLocID":13488,"messageCode":466,"time":1395757284045,"expires":1395757700000,"signMessageLong":"31  Portland","extraBlockID":null,"locationInScheduleDay":26403,"longitude":-122.6607959,"blockID":1403,"offRoute":false,"nextLocID":2171,"vehicleID":2725,"signMessage":"31 To Portland","extraTripID":null,"nextStopSeq":36,"routeNumber":31,"vehicleLoad":"unknown","bearing":0,"lastStopSeq":35,"inCongestion":false,"delay":-77,"latitude":45.509528},{"tripID":4419088,"serviceDate":1395730800000,"direction":0,"garage":"CENTER","type":"bus","lastLocID":2339,"messageCode":809,"time":1395757295472,"expires":1395757711000,"signMessageLong":"77  Broadway/Halsey to Troutdale","extraBlockID":null,"locationInScheduleDay":26754,"longitude":-122.4050268,"blockID":7705,"offRoute":false,"nextLocID":10598,"vehicleID":2720,"signMessage":"77 To Troutdale","extraTripID":null,"nextStopSeq":96,"routeNumber":77,"vehicleLoad":"unknown","bearing":86,"lastStopSeq":95,"inCongestion":false,"delay":263,"latitude":45.5387793},{"tripID":4411563,"serviceDate":1395730800000,"direction":1,"garage":"CENTER","type":"bus","lastLocID":2619,"messageCode":268,"time":1395757295424,"expires":1395757713000,"signMessageLong":"14  Hawthorne to Portland","extraBlockID":null,"locationInScheduleDay":26405,"longitude":-122.6342564,"blockID":1404,"offRoute":false,"nextLocID":2616,"vehicleID":2718,"signMessage":"14 To Portland","extraTripID":null,"nextStopSeq":32,"routeNumber":14,"vehicleLoad":"unknown","bearing":270,"lastStopSeq":31,"inCongestion":false,"delay":-88,"latitude":45.5120671},{"tripID":4413881,"serviceDate":1395730800000,"direction":1,"garage":"CENTER","type":"bus","lastLocID":12956,"messageCode":464,"time":1395757297865,"expires":1395757716000,"signMessageLong":"31  To Portland via Milwaukie","extraBlockID":null,"locationInScheduleDay":26560,"longitude":-122.5889101,"blockID":3101,"offRoute":false,"nextLocID":3229,"vehicleID":2714,"signMessage":"31 To Portland","extraTripID":null,"nextStopSeq":8,"routeNumber":31,"vehicleLoad":"unknown","bearing":270,"lastStopSeq":7,"inCongestion":false,"delay":64,"latitude":45.4470626},{"tripID":4417320,"serviceDate":1395730800000,"direction":1,"garage":"CENTER","type":"bus","lastLocID":9368,"messageCode":788,"time":1395757295302,"expires":1395757711000,"signMessageLong":"70  12th/NE 33rd Ave to Milwaukie","extraBlockID":null,"locationInScheduleDay":26491,"longitude":-122.6357648,"blockID":7007,"offRoute":false,"nextLocID":9414,"vehicleID":2709,"signMessage":"70 To Milwaukie","extraTripID":null,"nextStopSeq":2,"routeNumber":70,"vehicleLoad":"unknown","bearing":180,"lastStopSeq":1,"inCongestion":false,"delay":0,"latitude":45.5898735},{"tripID":4417168,"serviceDate":1395730800000,"direction":0,"garage":"CENTER","type":"bus","lastLocID":13477,"messageCode":781,"time":1395757283492,"expires":1395757699000,"signMessageLong":"70  12th/NE 33rd Ave to NE Sunderland via 17th & Tacoma","extraBlockID":null,"locationInScheduleDay":26460,"longitude":-122.6407309,"blockID":7001,"offRoute":false,"nextLocID":8225,"vehicleID":2704,"signMessage":"70 To Sunderland via 17th","extraTripID":null,"nextStopSeq":2,"routeNumber":70,"vehicleLoad":"unknown","bearing":81,"lastStopSeq":1,"inCongestion":false,"delay":-19,"latitude":45.4448667},{"tripID":4417317,"serviceDate":1395730800000,"direction":1,"garage":"CENTER","type":"bus","lastLocID":6554,"messageCode":789,"time":1395757288891,"expires":1395757705000,"signMessageLong":"70  12th Ave to Milwaukie via 17th & Tacoma","extraBlockID":null,"locationInScheduleDay":26541,"longitude":-122.6546549,"blockID":7003,"offRoute":false,"nextLocID":6542,"vehicleID":2705,"signMessage":"70 To Milw via 17","extraTripID":null,"nextStopSeq":50,"routeNumber":70,"vehicleLoad":"unknown","bearing":180,"lastStopSeq":49,"inCongestion":false,"delay":56,"latitude":45.5185545},{"tripID":4417167,"serviceDate":1395730800000,"direction":0,"garage":"CENTER","type":"bus","lastLocID":6876,"messageCode":780,"time":1395757297859,"expires":1395757714000,"signMessageLong":"70  12th/NE 33rd Ave to NE Sunderland","extraBlockID":null,"locationInScheduleDay":26398,"longitude":-122.6483458,"blockID":7004,"offRoute":false,"nextLocID":6849,"vehicleID":2701,"signMessage":"70 To Sunderlnd","extraTripID":null,"nextStopSeq":24,"routeNumber":70,"vehicleLoad":"unknown","bearing":0,"lastStopSeq":23,"inCongestion":false,"delay":-96,"latitude":45.4937759},{"tripID":4419225,"serviceDate":1395730800000,"direction":1,"garage":"CENTER","type":"bus","lastLocID":1997,"messageCode":813,"time":1395757289316,"expires":1395757706000,"signMessageLong":"77  Broadway/Halsey to Montgomery Park","extraBlockID":null,"locationInScheduleDay":26428,"longitude":-122.6796943,"blockID":7704,"offRoute":false,"nextLocID":2011,"vehicleID":2614,"signMessage":"77 Montgomry Pk","extraTripID":null,"nextStopSeq":89,"routeNumber":77,"vehicleLoad":"unknown","bearing":268,"lastStopSeq":88,"inCongestion":false,"delay":-58,"latitude":45.5265715},{"tripID":4411564,"serviceDate":1395730800000,"direction":1,"garage":"CENTER","type":"bus","lastLocID":7658,"messageCode":268,"time":1395757295655,"expires":1395757713000,"signMessageLong":"14  Hawthorne to Portland","extraBlockID":null,"locationInScheduleDay":26555,"longitude":-122.6147424,"blockID":1401,"offRoute":false,"nextLocID":13734,"vehicleID":2608,"signMessage":"14 To Portland","extraTripID":null,"nextStopSeq":25,"routeNumber":14,"vehicleLoad":"unknown","bearing":269,"lastStopSeq":24,"inCongestion":false,"delay":62,"latitude":45.5120275},{"tripID":4419229,"serviceDate":1395730800000,"direction":1,"garage":"CENTER","type":"bus","lastLocID":9481,"messageCode":813,"time":1395757295618,"expires":1395757711000,"signMessageLong":"77  Broadway/Halsey to Montgomery Park","extraBlockID":null,"locationInScheduleDay":26418,"longitude":-122.3906679,"blockID":7707,"offRoute":false,"nextLocID":9471,"vehicleID":2653,"signMessage":"77 Montgomry Pk","extraTripID":null,"nextStopSeq":2,"routeNumber":77,"vehicleLoad":"unknown","bearing":180,"lastStopSeq":1,"inCongestion":false,"delay":-73,"latitude":45.5437248},{"tripID":4417319,"serviceDate":1395730800000,"direction":1,"garage":"CENTER","type":"bus","lastLocID":8507,"messageCode":788,"time":1395757284586,"expires":1395757701000,"signMessageLong":"70  12th/NE 33rd Ave to Milwaukie","extraBlockID":null,"locationInScheduleDay":26524,"longitude":-122.6386699,"blockID":7009,"offRoute":false,"nextLocID":8500,"vehicleID":2626,"signMessage":"70 To Milwaukie","extraTripID":null,"nextStopSeq":11,"routeNumber":70,"vehicleLoad":"unknown","bearing":107,"lastStopSeq":10,"inCongestion":false,"delay":43,"latitude":45.5753784},{"tripID":4419228,"serviceDate":1395730800000,"direction":1,"garage":"CENTER","type":"bus","lastLocID":2326,"messageCode":813,"time":1395757302070,"expires":1395757718000,"signMessageLong":"77  Broadway/Halsey to Montgomery Park","extraBlockID":null,"locationInScheduleDay":26281,"longitude":-122.4659374,"blockID":7703,"offRoute":false,"nextLocID":2407,"vehicleID":2630,"signMessage":"77 Montgomry Pk","extraTripID":null,"nextStopSeq":20,"routeNumber":77,"vehicleLoad":"unknown","bearing":270,"lastStopSeq":19,"inCongestion":false,"delay":-217,"latitude":45.5336629},{"tripID":4419090,"serviceDate":1395730800000,"direction":0,"garage":"CENTER","type":"bus","lastLocID":10870,"messageCode":809,"time":1395757287079,"expires":1395757703000,"signMessageLong":"77  Broadway/Halsey to Troutdale","extraBlockID":null,"locationInScheduleDay":26580,"longitude":-122.6206027,"blockID":7706,"offRoute":false,"nextLocID":7509,"vehicleID":2632,"signMessage":"77 To Troutdale","extraTripID":null,"nextStopSeq":36,"routeNumber":77,"vehicleLoad":"unknown","bearing":91,"lastStopSeq":35,"inCongestion":false,"delay":97,"latitude":45.5333119},{"tripID":4417870,"serviceDate":1395730800000,"direction":0,"garage":"POWELL","type":"bus","lastLocID":51,"messageCode":768,"time":1395757285830,"expires":1395757704000,"signMessageLong":"72  Killingsworth/82nd to Swan Island-Shipyards","extraBlockID":null,"locationInScheduleDay":26367,"longitude":-122.6525301,"blockID":7237,"offRoute":false,"nextLocID":49,"vehicleID":3004,"signMessage":"72 Swan Island","extraTripID":null,"nextStopSeq":89,"routeNumber":72,"vehicleLoad":"unknown","bearing":270,"lastStopSeq":88,"inCongestion":false,"delay":-117,"latitude":45.5591015},{"tripID":4417873,"serviceDate":1395730800000,"direction":0,"garage":"POWELL","type":"bus","lastLocID":12755,"messageCode":766,"time":1395757286040,"expires":1395757702000,"signMessageLong":"72  Killingsworth/82nd to Swan Island-Anchor St","extraBlockID":null,"locationInScheduleDay":26516,"longitude":-122.5786945,"blockID":7241,"offRoute":false,"nextLocID":8007,"vehicleID":3048,"signMessage":"72 Swan Island","extraTripID":null,"nextStopSeq":35,"routeNumber":72,"vehicleLoad":"unknown","bearing":359,"lastStopSeq":34,"inCongestion":false,"delay":34,"latitude":45.5090079},{"tripID":4418201,"serviceDate":1395730800000,"direction":1,"garage":"POWELL","type":"bus","lastLocID":69,"messageCode":760,"time":1395757283629,"expires":1395757700000,"signMessageLong":"72  Killingsworth/82nd to Clackamas TC","extraBlockID":null,"locationInScheduleDay":26520,"longitude":-122.6566976,"blockID":7235,"offRoute":false,"nextLocID":48,"vehicleID":3053,"signMessage":"72 Clackamas TC","extraTripID":null,"nextStopSeq":24,"routeNumber":72,"vehicleLoad":"unknown","bearing":90,"lastStopSeq":23,"inCongestion":false,"delay":40,"latitude":45.5591171},{"tripID":4417871,"serviceDate":1395730800000,"direction":0,"garage":"POWELL","type":"bus","lastLocID":3210,"messageCode":766,"time":1395757295301,"expires":1395757711000,"signMessageLong":"72  Killingsworth/82nd to Swan Island-Anchor St","extraBlockID":null,"locationInScheduleDay":26514,"longitude":-122.6006361,"blockID":7245,"offRoute":false,"nextLocID":3209,"vehicleID":3052,"signMessage":"72 Swan Island","extraTripID":null,"nextStopSeq":69,"routeNumber":72,"vehicleLoad":"unknown","bearing":270,"lastStopSeq":68,"inCongestion":false,"delay":23,"latitude":45.5627549},{"tripID":4417875,"serviceDate":1395730800000,"direction":0,"garage":"POWELL","type":"bus","lastLocID":7941,"messageCode":766,"time":1395757283625,"expires":1395757699000,"signMessageLong":"72  Killingsworth/82nd to Swan Island-Anchor St","extraBlockID":null,"locationInScheduleDay":26516,"longitude":-122.5789287,"blockID":7234,"offRoute":false,"nextLocID":7920,"vehicleID":3054,"signMessage":"72 Swan Island","extraTripID":null,"nextStopSeq":4,"routeNumber":72,"vehicleLoad":"unknown","bearing":359,"lastStopSeq":3,"inCongestion":false,"delay":37,"latitude":45.4411229},{"tripID":4419091,"serviceDate":1395730800000,"direction":0,"garage":"POWELL","type":"bus","lastLocID":8886,"messageCode":809,"time":1395757297880,"expires":1395757716000,"signMessageLong":"77  Broadway/Halsey to Troutdale","extraBlockID":null,"locationInScheduleDay":26406,"longitude":-122.6750167,"blockID":7734,"offRoute":false,"nextLocID":1612,"vehicleID":3046,"signMessage":"77 To Troutdale","extraTripID":null,"nextStopSeq":18,"routeNumber":77,"vehicleLoad":"unknown","bearing":88,"lastStopSeq":17,"inCongestion":false,"delay":-90,"latitude":45.525233},{"tripID":4419226,"serviceDate":1395730800000,"direction":1,"garage":"POWELL","type":"bus","lastLocID":647,"messageCode":813,"time":1395757288867,"expires":1395757705000,"signMessageLong":"77  Broadway/Halsey to Montgomery Park","extraBlockID":null,"locationInScheduleDay":26460,"longitude":-122.6282738,"blockID":7738,"offRoute":false,"nextLocID":644,"vehicleID":3035,"signMessage":"77 Montgomry Pk","extraTripID":null,"nextStopSeq":72,"routeNumber":77,"vehicleLoad":"unknown","bearing":270,"lastStopSeq":71,"inCongestion":false,"delay":-25,"latitude":45.5351563},{"tripID":4411314,"serviceDate":1395730800000,"direction":0,"garage":"POWELL","type":"bus","lastLocID":6427,"messageCode":266,"time":1395757301527,"expires":1395757718000,"signMessageLong":"14  Hawthorne to 94th & Foster","extraBlockID":null,"locationInScheduleDay":26589,"longitude":-122.5673725,"blockID":1434,"offRoute":false,"nextLocID":6398,"vehicleID":3027,"signMessage":"14 To 94-Foster","extraTripID":null,"nextStopSeq":47,"routeNumber":14,"vehicleLoad":"unknown","bearing":112,"lastStopSeq":46,"inCongestion":false,"delay":91,"latitude":45.478713},{"tripID":4418195,"serviceDate":1395730800000,"direction":1,"garage":"POWELL","type":"bus","lastLocID":12921,"messageCode":760,"time":1395757297830,"expires":1395757716000,"signMessageLong":"72  Killingsworth/82nd to Clackamas TC","extraBlockID":null,"locationInScheduleDay":26496,"longitude":-122.5690354,"blockID":7243,"offRoute":false,"nextLocID":13247,"vehicleID":3025,"signMessage":"72 Clackamas TC","extraTripID":null,"nextStopSeq":111,"routeNumber":72,"vehicleLoad":"unknown","bearing":173,"lastStopSeq":110,"inCongestion":false,"delay":0,"latitude":45.4355465},{"tripID":4419227,"serviceDate":1395730800000,"direction":1,"garage":"CENTER","type":"bus","lastLocID":7916,"messageCode":813,"time":1395757301649,"expires":1395757718000,"signMessageLong":"77  Broadway/Halsey to Montgomery Park","extraBlockID":null,"locationInScheduleDay":26337,"longitude":-122.5801801,"blockID":7702,"offRoute":false,"nextLocID":2455,"vehicleID":2005,"signMessage":"77 Montgomry Pk","extraTripID":null,"nextStopSeq":54,"routeNumber":77,"vehicleLoad":"unknown","bearing":317,"lastStopSeq":53,"inCongestion":false,"delay":-161,"latitude":45.5335322},{"tripID":4411568,"serviceDate":1395730800000,"direction":1,"garage":"CENTER","type":"bus","lastLocID":1831,"messageCode":268,"time":1395757297914,"expires":1395757714000,"signMessageLong":"14  Hawthorne to Portland","extraBlockID":null,"locationInScheduleDay":26494,"longitude":-122.5662917,"blockID":1402,"offRoute":false,"nextLocID":13236,"vehicleID":2014,"signMessage":"14 To Portland","extraTripID":null,"nextStopSeq":2,"routeNumber":14,"vehicleLoad":"unknown","bearing":291,"lastStopSeq":1,"inCongestion":false,"delay":0,"latitude":45.4791765}],"queryTime":1395757308887}}
