{"resultSet":{"vehicle":[{"tripID":4419089,"serviceDate":1395730800000,"direction":0,"garage":"POWELL","type":"bus","lastLocID":9472,"messageCode":809,"time":1395759815245,"expires":1395760232000,"signMessageLong":"77  Broadway/Halsey to Troutdale","extraBlockID":null,"locationInScheduleDay":28136,"longitude":-122.3986014,"blockID":7735,"offRoute":false,"nextLocID":9481,"vehicleID":2222,"signMessage":"77 To Troutdale","extraTripID":null,"nextStopSeq":102,"routeNumber":77,"vehicleLoad":"unknown","bearing":85,"lastStopSeq":101,"inCongestion":false,"delay":0,"latitude":45.5443378},{"tripID":4419092,"serviceDate":1395730800000,"direction":0,"garage":"POWELL","type":"bus","lastLocID":2442,"messageCode":809,"time":1395759800588,"expires":1395760218000,"signMessageLong":"77  Broadway/Halsey to Troutdale","extraBlockID":null,"locationInScheduleDay":28999,"longitude":-122.5960223,"blockID":7736,"offRoute":false,"nextLocID":2446,"vehicleID":2221,"signMessage":"77 To Troutdale","extraTripID":null,"nextStopSeq":46,"routeNumber":77,"vehicleLoad":"unknown","bearing":90,"lastStopSeq":45,"inCongestion":false,"delay":1,"latitude":45.5336717},{"tripID":4411318,"serviceDate":1395730800000,"direction":0,"garage":"POWELL","type":"bus","lastLocID":2615,"messageCode":266,"time":1395759815172,"expires":1395760234000,"signMessageLong":"14  Hawthorne to 94th & Foster","extraBlockID":null,"locationInScheduleDay":29095,"longitude":-122.6322482,"blockID":1438,"offRoute":false,"nextLocID":2617,"vehicleID":2220,"signMessage":"14 To 94-Foster","extraTripID":null,"nextStopSeq":15,"routeNumber":14,"vehicleLoad":"unknown","bearing":90,"lastStopSeq":14,"inCongestion":false,"delay":81,"latitude":45.5120623},{"tripID":4418202,"serviceDate":1395730800000,"direction":1,"garage":"POWELL","type":"bus","lastLocID":8048,"messageCode":760,"time":1395759800606,"expires":1395760218000,"signMessageLong":"72  Killingsworth/82nd to Clackamas TC","extraBlockID":null,"locationInScheduleDay":29002,"longitude":-122.5790721,"blockID":7248,"offRoute":false,"nextLocID":7929,"vehicleID":2215,"signMessage":"72 Clackamas TC","extraTripID":null,"nextStopSeq":73,"routeNumber":72,"vehicleLoad":"unknown","bearing":178,"lastStopSeq":72,"inCongestion":false,"delay":4,"latitude":45.5189612},{"tripID":4418200,"serviceDate":1395730800000,"direction":1,"garage":"POWELL","type":"bus","lastLocID":7954,"messageCode":760,"time":1395759818714,"expires":1395760235000,"signMessageLong":"72  Killingsworth/82nd to Clackamas TC","extraBlockID":null,"locationInScheduleDay":28977,"longitude":-122.5790515,"blockID":7247,"offRoute":false,"nextLocID":7945,"vehicleID":2250,"signMessage":"72 Clackamas TC","extraTripID":null,"nextStopSeq":100,"routeNumber":72,"vehicleLoad":"unknown","bearing":180,"lastStopSeq":99,"inCongestion":false,"delay":-38,"latitude":45.4618842},{"tripID":4417876,"serviceDate":1395730800000,"direction":0,"garage":"POWELL","type":"bus","lastLocID":8001,"messageCode":766,"time":1395759800694,"expires":1395760218000,"signMessageLong":"72  Killingsworth/82nd to Swan Island-Anchor St","extraBlockID":null,"locationInScheduleDay":29038,"longitude":-122.5788455,"blockID":7250,"offRoute":false,"nextLocID":8046,"vehicleID":2242,"signMessage":"72 Swan Island","extraTripID":null,"nextStopSeq":54,"routeNumber":72,"vehicleLoad":"unknown","bearing":0,"lastStopSeq":53,"inCongestion":false,"delay":40,"latitude":45.5443645},{"tripID":4419093,"serviceDate":1395730800000,"direction":0,"garage":"POWELL","type":"bus","lastLocID":10866,"messageCode":809,"time":1395759815309,"expires":1395760233000,"signMessageLong":"77  Broadway/Halsey to Troutdale","extraBlockID":null,"locationInScheduleDay":29029,"longitude":-122.654326,"blockID":7737,"offRoute":false,"nextLocID":6216,"vehicleID":2285,"signMessage":"77 To Troutdale","extraTripID":null,"nextStopSeq":23,"routeNumber":77,"vehicleLoad":"unknown","bearing":90,"lastStopSeq":22,"inCongestion":false,"delay":16,"latitude":45.5343435},{"tripID":4418205,"serviceDate":1395730800000,"direction":1,"garage":"POWELL","type":"bus","lastLocID":48,"messageCode":760,"time":1395759803791,"expires":1395760221000,"signMessageLong":"72  Killingsworth/82nd to Clackamas TC","extraBlockID":null,"locationInScheduleDay":29007,"longitude":-122.6546976,"blockID":7252,"offRoute":false,"nextLocID":50,"vehicleID":2283,"signMessage":"72 Clackamas TC","extraTripID":null,"nextStopSeq":25,"routeNumber":72,"vehicleLoad":"unknown","bearing":90,"lastStopSeq":24,"inCongestion":false,"delay":6,"latitude":45.5591098},{"tripID":4418204,"serviceDate":1395730800000,"direction":1,"garage":"POWELL","type":"bus","lastLocID":10600,"messageCode":760,"time":1395759812026,"expires":1395760230000,"signMessageLong":"72  Killingsworth/82nd to Clackamas TC","extraBlockID":null,"locationInScheduleDay":29040,"longitude":-122.5938935,"blockID":7244,"offRoute":false,"nextLocID":3211,"vehicleID":2276,"signMessage":"72 Clackamas TC","extraTripID":null,"nextStopSeq":49,"routeNumber":72,"vehicleLoad":"unknown","bearing":90,"lastStopSeq":48,"inCongestion":false,"delay":30,"latitude":45.5627145},{"tripID":4411567,"serviceDate":1395730800000,"direction":1,"garage":"POWELL","type":"bus","lastLocID":11956,"messageCode":266,"time":1395759806772,"expires":1395760223000,"signMessageLong":"14  Hawthorne to 94th & Foster","extraBlockID":null,"locationInScheduleDay":28976,"longitude":-122.6786475,"blockID":1439,"offRoute":false,"nextLocID":13169,"vehicleID":2275,"signMessage":"14 To 94-Foster","extraTripID":null,"nextStopSeq":44,"routeNumber":14,"vehicleLoad":"unknown","bearing":291,"lastStopSeq":43,"inCongestion":false,"delay":-27,"latitude":45.5160362},{"tripID":4417318,"serviceDate":1395730800000,"direction":1,"garage":"CENTER","type":"bus","lastLocID":6902,"messageCode":791,"time":1395759803430,"expires":1395760219000,"signMessageLong":"70  To Milwaukie","extraBlockID":null,"locationInScheduleDay":29050,"longitude":-122.6443427,"blockID":7005,"offRoute":false,"nextLocID":6903,"vehicleID":2132,"signMessage":"70 To Milwaukie","extraTripID":null,"nextStopSeq":81,"routeNumber":70,"vehicleLoad":"unknown","bearing":162,"lastStopSeq":80,"inCongestion":false,"delay":51,"latitude":45.4495446},{"tripID":4417322,"serviceDate":1395730800000,"direction":1,"garage":"CENTER","type":"bus","lastLocID":9414,"messageCode":788,"time":1395759800251,"expires":1395760216000,"signMessageLong":"70  12th/NE 33rd Ave to Milwaukie","extraBlockID":null,"locationInScheduleDay":28751,"longitude":-122.631971,"blockID":7006,"offRoute":false,"nextLocID":10450,"vehicleID":2150,"signMessage":"70 To Milwaukie","extraTripID":null,"nextStopSeq":3,"routeNumber":70,"vehicleLoad":"unknown","bearing":180,"lastStopSeq":2,"inCongestion":false,"delay":-245,"latitude":45.5873909},{"tripID":4417170,"serviceDate":1395730800000,"direction":0,"garage":"CENTER","type":"bus","lastLocID":6867,"messageCode":780,"time":1395759800336,"expires":1395760217000,"signMessageLong":"70  12th/NE 33rd Ave to NE Sunderland","extraBlockID":null,"locationInScheduleDay":28865,"longitude":-122.648425,"blockID":7008,"offRoute":false,"nextLocID":6861,"vehicleID":2506,"signMessage":"70 To Sunderlnd","extraTripID":null,"nextStopSeq":16,"routeNumber":70,"vehicleLoad":"unknown","bearing":0,"lastStopSeq":15,"inCongestion":false,"delay":-132,"latitude":45.4812352},{"tripID":4413800,"serviceDate":1395730800000,"direction":0,"garage":"CENTER","type":"bus","lastLocID":3242,"messageCode":457,"time":1395759815151,"expires":1395760233000,"signMessageLong":"31  Clackamas Town Center, continuing to Estacada","extraBlockID":null,"locationInScheduleDay":28647,"longitude":-122.613775,"blockID":3102,"offRoute":false,"nextLocID":3233,"vehicleID":2526,"signMessage":"31 To Estacada via Clackamas","extraTripID":null,"nextStopSeq":10,"routeNumber":31,"vehicleLoad":"unknown","bearing":90,"lastStopSeq":9,"inCongestion":false,"delay":-366,"latitude":45.4480179},{"tripID":4417321,"serviceDate":1395730800000,"direction":1,"garage":"CENTER","type":"bus","lastLocID":641,"messageCode":788,"time":1395759806660,"expires":1395760224000,"signMessageLong":"70  12th/NE 33rd Ave to Milwaukie","extraBlockID":null,"locationInScheduleDay":29004,"longitude":-122.6359514,"blockID":7002,"offRoute":false,"nextLocID":639,"vehicleID":2524,"signMessage":"70 To Milwaukie","extraTripID":null,"nextStopSeq":35,"routeNumber":70,"vehicleLoad":"unknown","bearing":269,"lastStopSeq":34,"inCongestion":false,"delay":0,"latitude":45.5351626},{"tripID":4419230,"serviceDate":1395730800000,"direction":1,"garage":"CENTER","type":"bus","lastLocID":6225,"messageCode":813,"time":1395759815137,"expires":1395760234000,"signMessageLong":"77  Broadway/Halsey to Montgomery Park","extraBlockID":null,"locationInScheduleDay":29053,"longitude":-122.551155,"blockID":7701,"offRoute":false,"nextLocID":6224,"vehicleID":2512,"signMessage":"77 Montgomry Pk","extraTripID":null,"nextStopSeq":44,"routeNumber":77,"vehicleLoad":"unknown","bearing":270,"lastStopSeq":43,"inCongestion":false,"delay":39,"latitude":45.5341543},{"tripID":4417872,"serviceDate":1395730800000,"direction":0,"garage":"POWELL","type":"bus","lastLocID":3315,"messageCode":768,"time":1395759755344,"expires":1395760172000,"signMessageLong":"72  Killingsworth/82nd to Swan Island-Shipyards","extraBlockID":null,"locationInScheduleDay":29040,"longitude":-122.7026464,"blockID":7239,"offRoute":false,"nextLocID":3316,"vehicleID":2540,"signMessage":"72 Swan Island","extraTripID":null,"nextStopSeq":109,"routeNumber":72,"vehicleLoad":"unknown","bearing":307,"lastStopSeq":108,"inCongestion":false,"delay":88,"latitude":45.5575955},{"tripID":4418199,"serviceDate":1395730800000,"direction":1,"garage":"POWELL","type":"bus","lastLocID":12921,"messageCode":760,"time":1395759815153,"expires":1395760233000,"signMessageLong":"72  Killingsworth/82nd to Clackamas TC","extraBlockID":null,"locationInScheduleDay":29010,"longitude":-122.5696764,"blockID":7240,"offRoute":false,"nextLocID":13247,"vehicleID":2533,"signMessage":"72 Clackamas TC","extraTripID":null,"nextStopSeq":111,"routeNumber":72,"vehicleLoad":"unknown","bearing":91,"lastStopSeq":110,"inCongestion":false,"delay":0,"latitude":45.43718},{"tripID":4417874,"serviceDate":1395730800000,"direction":0,"garage":"POWELL","type":"bus","lastLocID":7326,"messageCode":768,"time":1395759822950,"expires":1395760238000,"signMessageLong":"72  Killingsworth/82nd to Swan Island-Shipyards","extraBlockID":null,"locationInScheduleDay":28969,"longitude":-122.6368996,"blockID":7249,"offRoute":false,"nextLocID":64,"vehicleID":2558,"signMessage":"72 Swan Island","extraTripID":null,"nextStopSeq":83,"routeNumber":72,"vehicleLoad":"unknown","bearing":271,"lastStopSeq":82,"inCongestion":false,"delay":-49,"latitude":45.5590527},{"tripID":4417880,"serviceDate":1395730800000,"direction":0,"garage":"POWELL","type":"bus","lastLocID":7983,"messageCode":766,"time":1395759819009,"expires":1395760237000,"signMessageLong":"72  Killingsworth/82nd to Swan Island-Anchor St","extraBlockID":null,"locationInScheduleDay":29001,"longitude":-122.5790931,"blockID":7236,"offRoute":false,"nextLocID":7995,"vehicleID":2552,"signMessage":"72 Swan Island","extraTripID":null,"nextStopSeq":10,"routeNumber":72,"vehicleLoad":"unknown","bearing":0,"lastStopSeq":9,"inCongestion":false,"delay":-16,"latitude":45.4582422},{"tripID":4418203,"serviceDate":1395730800000,"direction":1,"garage":"POWELL","type":"bus","lastLocID":8043,"messageCode":760,"time":1395759806857,"expires":1395760223000,"signMessageLong":"72  Killingsworth/82nd to Clackamas TC","extraBlockID":null,"locationInScheduleDay":29066,"longitude":-122.5790018,"blockID":7242,"offRoute":false,"nextLocID":8000,"vehicleID":2548,"signMessage":"72 Clackamas TC","extraTripID":null,"nextStopSeq":65,"routeNumber":72,"vehicleLoad":"unknown","bearing":180,"lastStopSeq":64,"inCongestion":false,"delay":63,"latitude":45.5353855},{"tripID":4411569,"serviceDate":1395730800000,"direction":1,"garage":"POWELL","type":"bus","lastLocID":12892,"messageCode":268,"time":1395759827137,"expires":1395760246000,"signMessageLong":"14  Hawthorne to Portland","extraBlockID":null,"locationInScheduleDay":29031,"longitude":-122.6298479,"blockID":1440,"offRoute":false,"nextLocID":2619,"vehicleID":2308,"signMessage":"14 To Portland","extraTripID":null,"nextStopSeq":31,"routeNumber":14,"vehicleLoad":"unknown","bearing":270,"lastStopSeq":30,"inCongestion":false,"delay":5,"latitude":45.5120594},{"tripID":4417879,"serviceDate":1395730800000,"direction":0,"garage":"POWELL","type":"bus","lastLocID":8031,"messageCode":766,"time":1395759815350,"expires":1395760233000,"signMessageLong":"72  Killingsworth/82nd to Swan Island-Anchor St","extraBlockID":null,"locationInScheduleDay":29155,"longitude":-122.578736,"blockID":7253,"offRoute":false,"nextLocID":8023,"vehicleID":2318,"signMessage":"72 Swan Island","extraTripID":null,"nextStopSeq":29,"routeNumber":72,"vehicleLoad":"unknown","bearing":0,"lastStopSeq":28,"inCongestion":false,"delay":142,"latitude":45.4976496},{"tripID":4411572,"serviceDate":1395730800000,"direction":1,"garage":"POWELL","type":"bus","lastLocID":1811,"messageCode":268,"time":1395759815374,"expires":1395760232000,"signMessageLong":"14  Hawthorne to Portland","extraBlockID":null,"locationInScheduleDay":28971,"longitude":-122.5928474,"blockID":1435,"offRoute":false,"nextLocID":1807,"vehicleID":2316,"signMessage":"14 To Portland","extraTripID":null,"nextStopSeq":10,"routeNumber":14,"vehicleLoad":"unknown","bearing":300,"lastStopSeq":9,"inCongestion":false,"delay":-41,"latitude":45.4880111},{"tripID":4411573,"serviceDate":1395730800000,"direction":1,"garage":"CENTER","type":"bus","lastLocID":1829,"messageCode":268,"time":1395759800430,"expires":1395760216000,"signMessageLong":"14  Hawthorne to Portland","extraBlockID":null,"locationInScheduleDay":28995,"longitude":-122.570483,"blockID":1403,"offRoute":false,"nextLocID":1826,"vehicleID":2725,"signMessage":"14 To Portland","extraTripID":null,"nextStopSeq":4,"routeNumber":14,"vehicleLoad":"unknown","bearing":296,"lastStopSeq":3,"inCongestion":false,"delay":-1,"latitude":45.4804148},{"tripID":4419231,"serviceDate":1395730800000,"direction":1,"garage":"CENTER","type":"bus","lastLocID":2419,"messageCode":813,"time":1395759764143,"expires":1395760181000,"signMessageLong":"77  Broadway/Halsey to Montgomery Park","extraBlockID":null,"locationInScheduleDay":28868,"longitude":-122.4286047,"blockID":7705,"offRoute":false,"nextLocID":2417,"vehicleID":2720,"signMessage":"77 Montgomry Pk","extraTripID":null,"nextStopSeq":12,"routeNumber":77,"vehicleLoad":"unknown","bearing":259,"lastStopSeq":11,"inCongestion":false,"delay":-93,"latitude":45.535772},{"tripID":4411574,"serviceDate":1395730800000,"direction":1,"garage":"CENTER","type":"bus","lastLocID":1829,"messageCode":null,"time":1395759812000,"expires":1395760232000,"signMessageLong":null,"extraBlockID":null,"locationInScheduleDay":null,"longitude":-122.56555,"blockID":1404,"offRoute":false,"nextLocID":1826,"vehicleID":2718,"signMessage":null,"extraTripID":null,"nextStopSeq":null,"routeNumber":14,"vehicleLoad":"unknown","bearing":null,"lastStopSeq":null,"inCongestion":false,"delay":678,"latitude":45.479033},{"tripID":4417320,"serviceDate":1395730800000,"direction":1,"garage":"CENTER","type":"bus","lastLocID":6577,"messageCode":790,"time":1395759809417,"expires":1395760225000,"signMessageLong":"70  12th Ave to Milwaukie via 13th & Tacoma","extraBlockID":null,"locationInScheduleDay":28996,"longitude":-122.6536408,"blockID":7007,"offRoute":false,"nextLocID":6541,"vehicleID":2709,"signMessage":"70 To Milw via 13","extraTripID":null,"nextStopSeq":48,"routeNumber":70,"vehicleLoad":"unknown","bearing":180,"lastStopSeq":47,"inCongestion":false,"delay":-9,"latitude":45.5227795},{"tripID":4417168,"serviceDate":1395730800000,"direction":0,"garage":"CENTER","type":"bus","lastLocID":7385,"messageCode":783,"time":1395759806636,"expires":1395760224000,"signMessageLong":"70  33rd Ave to NE Sunderland","extraBlockID":null,"locationInScheduleDay":29017,"longitude":-122.6307063,"blockID":7001,"offRoute":false,"nextLocID":7399,"vehicleID":2704,"signMessage":"70 To Sunderlnd","extraTripID":null,"nextStopSeq":49,"routeNumber":70,"vehicleLoad":"unknown","bearing":359,"lastStopSeq":48,"inCongestion":false,"delay":13,"latitude":45.5427683},{"tripID":4417171,"serviceDate":1395730800000,"direction":0,"garage":"CENTER","type":"bus","lastLocID":13477,"messageCode":782,"time":1395759822713,"expires":1395760238000,"signMessageLong":"70  12th/NE 33rd Ave to NE Sunderland via 13th & Tacoma","extraBlockID":null,"locationInScheduleDay":29018,"longitude":-122.6407309,"blockID":7003,"offRoute":false,"nextLocID":8225,"vehicleID":2705,"signMessage":"70 To Sunderland via 13th","extraTripID":null,"nextStopSeq":2,"routeNumber":70,"vehicleLoad":"unknown","bearing":81,"lastStopSeq":1,"inCongestion":false,"delay":0,"latitude":45.4448667},{"tripID":4417167,"serviceDate":1395730800000,"direction":0,"garage":"CENTER","type":"bus","lastLocID":13040,"messageCode":783,"time":1395759815108,"expires":1395760232000,"signMessageLong":"70  33rd Ave to NE Sunderland","extraBlockID":null,"locationInScheduleDay":28980,"longitude":-122.6357648,"blockID":7004,"offRoute":false,"nextLocID":9368,"vehicleID":2701,"signMessage":"70 To Sunderlnd","extraTripID":null,"nextStopSeq":83,"routeNumber":70,"vehicleLoad":"unknown","bearing":180,"lastStopSeq":82,"inCongestion":false,"delay":0,"latitude":45.5898735},{"tripID":4419094,"serviceDate":1395730800000,"direction":0,"garage":"CENTER","type":"bus","lastLocID":1615,"messageCode":809,"time":1395759803843,"expires":1395760221000,"signMessageLong":"77  Broadway/Halsey to Troutdale","extraBlockID":null,"locationInScheduleDay":29006,"longitude":-122.6911599,"blockID":7704,"offRoute":false,"nextLocID":1611,"vehicleID":2614,"signMessage":"77 To Troutdale","extraTripID":null,"nextStopSeq":12,"routeNumber":77,"vehicleLoad":"unknown","bearing":87,"lastStopSeq":11,"inCongestion":false,"delay":5,"latitude":45.5249358},{"tripID":4411317,"serviceDate":1395730800000,"direction":0,"garage":"CENTER","type":"bus","lastLocID":1794,"messageCode":266,"time":1395759803816,"expires":1395760219000,"signMessageLong":"14  Hawthorne to 94th & Foster","extraBlockID":null,"locationInScheduleDay":29094,"longitude":-122.6076945,"blockID":1401,"offRoute":false,"nextLocID":12946,"vehicleID":2608,"signMessage":"14 To 94-Foster","extraTripID":null,"nextStopSeq":31,"routeNumber":14,"vehicleLoad":"unknown","bearing":126,"lastStopSeq":30,"inCongestion":false,"delay":95,"latitude":45.4949943},{"tripID":4417169,"serviceDate":1395730800000,"direction":0,"garage":"CENTER","type":"bus","lastLocID":6594,"messageCode":780,"time":1395759827115,"expires":1395760246000,"signMessageLong":"70  12th/NE 33rd Ave to NE Sunderland","extraBlockID":null,"locationInScheduleDay":29102,"longitude":-122.6536406,"blockID":7010,"offRoute":false,"nextLocID":6589,"vehicleID":2623,"signMessage":"70 To Sunderlnd","extraTripID":null,"nextStopSeq":33,"routeNumber":70,"vehicleLoad":"unknown","bearing":0,"lastStopSeq":32,"inCongestion":false,"delay":76,"latitude":45.5192286},{"tripID":4419229,"serviceDate":1395730800000,"direction":1,"garage":"CENTER","type":"bus","lastLocID":7571,"messageCode":813,"time":1395759824538,"expires":1395760241000,"signMessageLong":"77  Broadway/Halsey to Montgomery Park","extraBlockID":null,"locationInScheduleDay":29010,"longitude":-122.615407,"blockID":7707,"offRoute":false,"nextLocID":650,"vehicleID":2653,"signMessage":"77 Montgomry Pk","extraTripID":null,"nextStopSeq":66,"routeNumber":77,"vehicleLoad":"unknown","bearing":269,"lastStopSeq":65,"inCongestion":false,"delay":-11,"latitude":45.5351291},{"tripID":4417319,"serviceDate":1395730800000,"direction":1,"garage":"CENTER","type":"bus","lastLocID":13658,"messageCode":789,"time":1395759803767,"expires":1395760219000,"signMessageLong":"70  12th Ave to Milwaukie via 17th & Tacoma","extraBlockID":null,"locationInScheduleDay":28960,"longitude":-122.648357,"blockID":7009,"offRoute":false,"nextLocID":6864,"vehicleID":2626,"signMessage":"70 To Milw via 17","extraTripID":null,"nextStopSeq":62,"routeNumber":70,"vehicleLoad":"unknown","bearing":180,"lastStopSeq":61,"inCongestion":false,"delay":-39,"latitude":45.4908654},{"tripID":4419228,"serviceDate":1395730800000,"direction":1,"garage":"CENTER","type":"bus","lastLocID":631,"messageCode":813,"time":1395759800802,"expires":1395760218000,"signMessageLong":"77  Broadway/Halsey to Montgomery Park","extraBlockID":null,"locationInScheduleDay":28855,"longitude":-122.6498578,"blockID":7703,"offRoute":false,"nextLocID":629,"vehicleID":2630,"signMessage":"77 Montgomry Pk","extraTripID":null,"nextStopSeq":81,"routeNumber":77,"vehicleLoad":"unknown","bearing":269,"lastStopSeq":80,"inCongestion":false,"delay":-143,"latitude":45.5350347},{"tripID":4419090,"serviceDate":1395730800000,"direction":0,"garage":"CENTER","type":"bus","lastLocID":9472,"messageCode":809,"time":1395759827123,"expires":1395760246000,"signMessageLong":"77  Broadway/Halsey to Troutdale","extraBlockID":null,"locationInScheduleDay":29154,"longitude":-122.3987959,"blockID":7706,"offRoute":false,"nextLocID":9481,"vehicleID":2632,"signMessage":"77 To Troutdale","extraTripID":null,"nextStopSeq":102,"routeNumber":77,"vehicleLoad":"unknown","bearing":83,"lastStopSeq":101,"inCongestion":false,"delay":0,"latitude":45.5443241},{"tripID":4418206,"serviceDate":1395730800000,"direction":1,"garage":"POWELL","type":"bus","lastLocID":2195,"messageCode":760,"time":1395759824496,"expires":1395760242000,"signMessageLong":"72  Killingsworth/82nd to Clackamas TC","extraBlockID":null,"locationInScheduleDay":29079,"longitude":-122.6932916,"blockID":7237,"offRoute":false,"nextLocID":2201,"vehicleID":3004,"signMessage":"72 Clackamas TC","extraTripID":null,"nextStopSeq":5,"routeNumber":72,"vehicleLoad":"unknown","bearing":352,"lastStopSeq":4,"inCongestion":false,"delay":57,"latitude":45.5570192},{"tripID":4413882,"serviceDate":1395730800000,"direction":1,"garage":"POWELL","type":"bus","lastLocID":3652,"messageCode":466,"time":1395759818491,"expires":1395760236000,"signMessageLong":"31  Portland","extraBlockID":null,"locationInScheduleDay":28851,"longitude":-122.638777,"blockID":3136,"offRoute":false,"nextLocID":3797,"vehicleID":3007,"signMessage":"31 To Portland","extraTripID":null,"nextStopSeq":30,"routeNumber":31,"vehicleLoad":"unknown","bearing":67,"lastStopSeq":29,"inCongestion":false,"delay":-165,"latitude":45.4570878},{"tripID":4417878,"serviceDate":1395730800000,"direction":0,"garage":"POWELL","type":"bus","lastLocID":8010,"messageCode":766,"time":1395759806611,"expires":1395760224000,"signMessageLong":"72  Killingsworth/82nd to Swan Island-Anchor St","extraBlockID":null,"locationInScheduleDay":29081,"longitude":-122.5790367,"blockID":7251,"offRoute":false,"nextLocID":7999,"vehicleID":3003,"signMessage":"72 Swan Island","extraTripID":null,"nextStopSeq":48,"routeNumber":72,"vehicleLoad":"unknown","bearing":0,"lastStopSeq":47,"inCongestion":false,"delay":77,"latitude":45.5327531},{"tripID":4417873,"serviceDate":1395730800000,"direction":0,"garage":"POWELL","type":"bus","lastLocID":3167,"messageCode":766,"time":1395759809408,"expires":1395760225000,"signMessageLong":"72  Killingsworth/82nd to Swan Island-Anchor St","extraBlockID":null,"locationInScheduleDay":29370,"longitude":-122.694997,"blockID":7241,"offRoute":false,"nextLocID":2227,"vehicleID":3048,"signMessage":"72 Swan Island","extraTripID":null,"nextStopSeq":105,"routeNumber":72,"vehicleLoad":"unknown","bearing":161,"lastStopSeq":104,"inCongestion":false,"delay":365,"latitude":45.5609607},{"tripID":4418201,"serviceDate":1395730800000,"direction":1,"garage":"POWELL","type":"bus","lastLocID":7986,"messageCode":760,"time":1395759803561,"expires":1395760219000,"signMessageLong":"72  Killingsworth/82nd to Clackamas TC","extraBlockID":null,"locationInScheduleDay":29082,"longitude":-122.5788217,"blockID":7235,"offRoute":false,"nextLocID":8041,"vehicleID":3053,"signMessage":"72 Clackamas TC","extraTripID":null,"nextStopSeq":87,"routeNumber":72,"vehicleLoad":"unknown","bearing":179,"lastStopSeq":86,"inCongestion":false,"delay":83,"latitude":45.490472},{"tripID":4418207,"serviceDate":1395730800000,"direction":1,"garage":"POWELL","type":"bus","lastLocID":115,"messageCode":760,"time":1395759815112,"expires":1395760233000,"signMessageLong":"72  Killingsworth/82nd to Clackamas TC","extraBlockID":null,"locationInScheduleDay":29013,"longitude":-122.703865,"blockID":7245,"offRoute":false,"nextLocID":8681,"vehicleID":3052,"signMessage":"72 Clackamas TC","extraTripID":null,"nextStopSeq":2,"routeNumber":72,"vehicleLoad":"unknown","bearing":159,"lastStopSeq":1,"inCongestion":false,"delay":0,"latitude":45.5567629},{"tripID":4417875,"serviceDate":1395730800000,"direction":0,"garage":"POWELL","type":"bus","lastLocID":3212,"messageCode":766,"time":1395759815113,"expires":1395760232000,"signMessageLong":"72  Killingsworth/82nd to Swan Island-Anchor St","extraBlockID":null,"locationInScheduleDay":28995,"longitude":-122.5900725,"blockID":7234,"offRoute":false,"nextLocID":10601,"vehicleID":3054,"signMessage":"72 Swan Island","extraTripID":null,"nextStopSeq":66,"routeNumber":72,"vehicleLoad":"unknown","bearing":279,"lastStopSeq":65,"inCongestion":false,"delay":-17,"latitude":45.5627552},{"tripID":4419091,"serviceDate":1395730800000,"direction":0,"garage":"POWELL","type":"bus","lastLocID":2366,"messageCode":809,"time":1395759800396,"expires":1395760218000,"signMessageLong":"77  Broadway/Halsey to Troutdale","extraBlockID":null,"locationInScheduleDay":28759,"longitude":-122.5343675,"blockID":7734,"offRoute":false,"nextLocID":2368,"vehicleID":3046,"signMessage":"77 To Troutdale","extraTripID":null,"nextStopSeq":63,"routeNumber":77,"vehicleLoad":"unknown","bearing":89,"lastStopSeq":62,"inCongestion":false,"delay":-239,"latitude":45.5335552},{"tripID":4419226,"serviceDate":1395730800000,"direction":1,"garage":"POWELL","type":"bus","lastLocID":8483,"messageCode":813,"time":1395759806632,"expires":1395760224000,"signMessageLong":"77  Broadway/Halsey to Montgomery Park","extraBlockID":null,"locationInScheduleDay":28360,"longitude":-122.7069345,"blockID":7738,"offRoute":false,"nextLocID":8484,"vehicleID":3035,"signMessage":"77 Montgomry Pk","extraTripID":null,"nextStopSeq":109,"routeNumber":77,"vehicleLoad":"unknown","bearing":178,"lastStopSeq":108,"inCongestion":false,"delay":0,"latitude":45.5377966},{"tripID":4411570,"serviceDate":1395730800000,"direction":1,"garage":"POWELL","type":"bus","lastLocID":13734,"messageCode":268,"time":1395759818520,"expires":1395760236000,"signMessageLong":"14  Hawthorne to Portland","extraBlockID":null,"locationInScheduleDay":29092,"longitude":-122.6157305,"blockID":1434,"offRoute":false,"nextLocID":2632,"vehicleID":3027,"signMessage":"14 To Portland","extraTripID":null,"nextStopSeq":26,"routeNumber":14,"vehicleLoad":"unknown","bearing":270,"lastStopSeq":25,"inCongestion":false,"delay":76,"latitude":45.512029},{"tripID":4417877,"serviceDate":1395730800000,"direction":0,"garage":"POWELL","type":"bus","lastLocID":8065,"messageCode":766,"time":1395759818526,"expires":1395760236000,"signMessageLong":"72  Killingsworth/82nd to Swan Island-Anchor St","extraBlockID":null,"locationInScheduleDay":29065,"longitude":-122.5790366,"blockID":7243,"offRoute":false,"nextLocID":7928,"vehicleID":3025,"signMessage":"72 Swan Island","extraTripID":null,"nextStopSeq":39,"routeNumber":72,"vehicleLoad":"unknown","bearing":357,"lastStopSeq":38,"inCongestion":false,"delay":49,"latitude":45.5181276},{"tripID":4419227,"serviceDate":1395730800000,"direction":1,"garage":"CENTER","type":"bus","lastLocID":10972,"messageCode":813,"time":1395759809442,"expires":1395760226000,"signMessageLong":"77  Broadway/Halsey to Montgomery Park","extraBlockID":null,"locationInScheduleDay":28905,"longitude":-122.6988457,"blockID":7702,"offRoute":false,"nextLocID":6014,"vehicleID":2005,"signMessage":"77 Montgomry Pk","extraTripID":null,"nextStopSeq":102,"routeNumber":77,"vehicleLoad":"unknown","bearing":353,"lastStopSeq":101,"inCongestion":false,"delay":-101,"latitude":45.5355501},{"tripID":4411568,"serviceDate":1395730800000,"direction":1,"garage":"CENTER","type":"bus","lastLocID":3637,"messageCode":268,"time":1395759806682,"expires":1395760224000,"signMessageLong":"14  Hawthorne to Portland","extraBlockID":null,"locationInScheduleDay":28920,"longitude":-122.6545542,"blockID":1402,"offRoute":false,"nextLocID":3641,"vehicleID":2014,"signMessage":"14 To Portland","extraTripID":null,"nextStopSeq":40,"routeNumber":14,"vehicleLoad":"unknown","bearing":270,"lastStopSeq":39,"inCongestion":false,"delay":-84,"latitude":45.5129288}],"queryTime":1395759828987}}
