{"resultSet":{"vehicle":[{"tripID":4411566,"serviceDate":1395730800000,"direction":1,"garage":"POWELL","type":"bus","lastLocID":2624,"messageCode":268,"time":1395758480897,"expires":1395758899000,"signMessageLong":"14  Hawthorne to Portland","extraBlockID":null,"locationInScheduleDay":27701,"longitude":-122.6256325,"blockID":1436,"offRoute":false,"nextLocID":12892,"vehicleID":2206,"signMessage":"14 To Portland","extraTripID":null,"nextStopSeq":30,"routeNumber":14,"vehicleLoad":"unknown","bearing":270,"lastStopSeq":29,"inCongestion":false,"delay":22,"latitude":45.5120514},{"tripID":4419089,"serviceDate":1395730800000,"direction":0,"garage":"POWELL","type":"bus","lastLocID":2330,"messageCode":809,"time":1395758468619,"expires":1395758886000,"signMessageLong":"77  Broadway/Halsey to Troutdale","extraBlockID":null,"locationInScheduleDay":27598,"longitude":-122.4219299,"blockID":7735,"offRoute":false,"nextLocID":2421,"vehicleID":2222,"signMessage":"77 To Troutdale","extraTripID":null,"nextStopSeq":93,"routeNumber":77,"vehicleLoad":"unknown","bearing":79,"lastStopSeq":92,"inCongestion":false,"delay":-68,"latitude":45.5366691},{"tripID":4419092,"serviceDate":1395730800000,"direction":0,"garage":"POWELL","type":"bus","lastLocID":1612,"messageCode":809,"time":1395758480915,"expires":1395758898000,"signMessageLong":"77  Broadway/Halsey to Troutdale","extraBlockID":null,"locationInScheduleDay":27519,"longitude":-122.6706752,"blockID":7736,"offRoute":false,"nextLocID":11817,"vehicleID":2221,"signMessage":"77 To Troutdale","extraTripID":null,"nextStopSeq":19,"routeNumber":77,"vehicleLoad":"unknown","bearing":349,"lastStopSeq":18,"inCongestion":false,"delay":-159,"latitude":45.5261153},{"tripID":4411565,"serviceDate":1395730800000,"direction":1,"garage":"POWELL","type":"bus","lastLocID":2604,"messageCode":268,"time":1395758498287,"expires":1395758914000,"signMessageLong":"14  Hawthorne to Portland","extraBlockID":null,"locationInScheduleDay":27705,"longitude":-122.6509031,"blockID":1438,"offRoute":false,"nextLocID":2602,"vehicleID":2220,"signMessage":"14 To Portland","extraTripID":null,"nextStopSeq":38,"routeNumber":14,"vehicleLoad":"unknown","bearing":270,"lastStopSeq":37,"inCongestion":false,"delay":11,"latitude":45.5122037},{"tripID":4418202,"serviceDate":1395730800000,"direction":1,"garage":"POWELL","type":"bus","lastLocID":3146,"messageCode":760,"time":1395758501145,"expires":1395758919000,"signMessageLong":"72  Killingsworth/82nd to Clackamas TC","extraBlockID":null,"locationInScheduleDay":27821,"longitude":-122.6006205,"blockID":7248,"offRoute":false,"nextLocID":3148,"vehicleID":2215,"signMessage":"72 Clackamas TC","extraTripID":null,"nextStopSeq":47,"routeNumber":72,"vehicleLoad":"unknown","bearing":90,"lastStopSeq":46,"inCongestion":false,"delay":122,"latitude":45.5627549},{"tripID":4411316,"serviceDate":1395730800000,"direction":0,"garage":"POWELL","type":"bus","lastLocID":8241,"messageCode":266,"time":1395758486335,"expires":1395758904000,"signMessageLong":"14  Hawthorne to 94th & Foster","extraBlockID":null,"locationInScheduleDay":27788,"longitude":-122.6113684,"blockID":1437,"offRoute":false,"nextLocID":7666,"vehicleID":2264,"signMessage":"14 To 94-Foster","extraTripID":null,"nextStopSeq":28,"routeNumber":14,"vehicleLoad":"unknown","bearing":180,"lastStopSeq":27,"inCongestion":false,"delay":104,"latitude":45.5000883},{"tripID":4418200,"serviceDate":1395730800000,"direction":1,"garage":"POWELL","type":"bus","lastLocID":8000,"messageCode":760,"time":1395758498321,"expires":1395758915000,"signMessageLong":"72  Killingsworth/82nd to Clackamas TC","extraBlockID":null,"locationInScheduleDay":27695,"longitude":-122.5791014,"blockID":7247,"offRoute":false,"nextLocID":7978,"vehicleID":2250,"signMessage":"72 Clackamas TC","extraTripID":null,"nextStopSeq":66,"routeNumber":72,"vehicleLoad":"unknown","bearing":180,"lastStopSeq":65,"inCongestion":false,"delay":0,"latitude":45.5334929},{"tripID":4417876,"serviceDate":1395730800000,"direction":0,"garage":"POWELL","type":"bus","lastLocID":8027,"messageCode":766,"time":1395758488996,"expires":1395758906000,"signMessageLong":"72  Killingsworth/82nd to Swan Island-Anchor St","extraBlockID":null,"locationInScheduleDay":27652,"longitude":-122.5789902,"blockID":7250,"offRoute":false,"nextLocID":7964,"vehicleID":2242,"signMessage":"72 Swan Island","extraTripID":null,"nextStopSeq":22,"routeNumber":72,"vehicleLoad":"unknown","bearing":0,"lastStopSeq":21,"inCongestion":false,"delay":-34,"latitude":45.4815021},{"tripID":4418198,"serviceDate":1395730800000,"direction":1,"garage":"POWELL","type":"bus","lastLocID":8013,"messageCode":760,"time":1395758495550,"expires":1395758911000,"signMessageLong":"72  Killingsworth/82nd to Clackamas TC","extraBlockID":null,"locationInScheduleDay":27747,"longitude":-122.5790617,"blockID":7246,"offRoute":false,"nextLocID":7963,"vehicleID":2296,"signMessage":"72 Clackamas TC","extraTripID":null,"nextStopSeq":97,"routeNumber":72,"vehicleLoad":"unknown","bearing":179,"lastStopSeq":96,"inCongestion":false,"delay":56,"latitude":45.4710855},{"tripID":4419093,"serviceDate":1395730800000,"direction":0,"garage":"POWELL","type":"bus","lastLocID":6013,"messageCode":809,"time":1395758468724,"expires":1395758886000,"signMessageLong":"77  Broadway/Halsey to Troutdale","extraBlockID":null,"locationInScheduleDay":27729,"longitude":-122.6988522,"blockID":7737,"offRoute":false,"nextLocID":7168,"vehicleID":2285,"signMessage":"77 To Troutdale","extraTripID":null,"nextStopSeq":4,"routeNumber":77,"vehicleLoad":"unknown","bearing":178,"lastStopSeq":3,"inCongestion":false,"delay":63,"latitude":45.5357076},{"tripID":4418205,"serviceDate":1395730800000,"direction":1,"garage":"POWELL","type":"bus","lastLocID":115,"messageCode":760,"time":1395758486399,"expires":1395758902000,"signMessageLong":"72  Killingsworth/82nd to Clackamas TC","extraBlockID":null,"locationInScheduleDay":28083,"longitude":-122.703766,"blockID":7252,"offRoute":false,"nextLocID":8681,"vehicleID":2283,"signMessage":"72 Clackamas TC","extraTripID":null,"nextStopSeq":2,"routeNumber":72,"vehicleLoad":"unknown","bearing":147,"lastStopSeq":1,"inCongestion":false,"delay":401,"latitude":45.5566154},{"tripID":4418204,"serviceDate":1395730800000,"direction":1,"garage":"POWELL","type":"bus","lastLocID":9403,"messageCode":760,"time":1395758451008,"expires":1395758867000,"signMessageLong":"72  Killingsworth/82nd to Clackamas TC","extraBlockID":null,"locationInScheduleDay":27648,"longitude":-122.6941747,"blockID":7244,"offRoute":false,"nextLocID":3160,"vehicleID":2276,"signMessage":"72 Clackamas TC","extraTripID":null,"nextStopSeq":8,"routeNumber":72,"vehicleLoad":"unknown","bearing":89,"lastStopSeq":7,"inCongestion":false,"delay":1,"latitude":45.562748},{"tripID":4411567,"serviceDate":1395730800000,"direction":1,"garage":"POWELL","type":"bus","lastLocID":7658,"messageCode":268,"time":1395758481060,"expires":1395758898000,"signMessageLong":"14  Hawthorne to Portland","extraBlockID":null,"locationInScheduleDay":27757,"longitude":-122.6115671,"blockID":1439,"offRoute":false,"nextLocID":13734,"vehicleID":2275,"signMessage":"14 To Portland","extraTripID":null,"nextStopSeq":25,"routeNumber":14,"vehicleLoad":"unknown","bearing":356,"lastStopSeq":24,"inCongestion":false,"delay":79,"latitude":45.5117721},{"tripID":4417318,"serviceDate":1395730800000,"direction":1,"garage":"CENTER","type":"bus","lastLocID":6542,"messageCode":790,"time":1395758495249,"expires":1395758911000,"signMessageLong":"70  12th Ave to Milwaukie via 13th & Tacoma","extraBlockID":null,"locationInScheduleDay":27635,"longitude":-122.6546752,"blockID":7005,"offRoute":false,"nextLocID":6551,"vehicleID":2132,"signMessage":"70 To Milw via 13","extraTripID":null,"nextStopSeq":51,"routeNumber":70,"vehicleLoad":"unknown","bearing":180,"lastStopSeq":50,"inCongestion":false,"delay":-56,"latitude":45.5158554},{"tripID":4413880,"serviceDate":1395730800000,"direction":1,"garage":"CENTER","type":"bus","lastLocID":11956,"messageCode":467,"time":1395758483405,"expires":1395758900000,"signMessageLong":"31  Downtown Only","extraBlockID":null,"locationInScheduleDay":27438,"longitude":-122.6756,"blockID":3002,"offRoute":false,"nextLocID":7800,"vehicleID":2134,"signMessage":"31 Downtown Only","extraTripID":null,"nextStopSeq":5,"routeNumber":31,"vehicleLoad":"unknown","bearing":290,"lastStopSeq":4,"inCongestion":false,"delay":-242,"latitude":45.5151999},{"tripID":4417166,"serviceDate":1395730800000,"direction":0,"garage":"CENTER","type":"bus","lastLocID":7369,"messageCode":783,"time":1395758495442,"expires":1395758911000,"signMessageLong":"70  33rd Ave to NE Sunderland","extraBlockID":null,"locationInScheduleDay":27417,"longitude":-122.6298956,"blockID":7006,"offRoute":false,"nextLocID":8508,"vehicleID":2150,"signMessage":"70 To Sunderlnd","extraTripID":null,"nextStopSeq":65,"routeNumber":70,"vehicleLoad":"unknown","bearing":345,"lastStopSeq":64,"inCongestion":false,"delay":-274,"latitude":45.5735365},{"tripID":4417170,"serviceDate":1395730800000,"direction":0,"garage":"CENTER","type":"bus","lastLocID":13477,"messageCode":781,"time":1395758480811,"expires":1395758898000,"signMessageLong":"70  12th/NE 33rd Ave to NE Sunderland via 17th & Tacoma","extraBlockID":null,"locationInScheduleDay":27678,"longitude":-122.6407309,"blockID":7008,"offRoute":false,"nextLocID":8225,"vehicleID":2506,"signMessage":"70 To Sunderland via 17th","extraTripID":null,"nextStopSeq":2,"routeNumber":70,"vehicleLoad":"unknown","bearing":81,"lastStopSeq":1,"inCongestion":false,"delay":0,"latitude":45.4448667},{"tripID":4418197,"serviceDate":1395730800000,"direction":1,"garage":"POWELL","type":"bus","lastLocID":7942,"messageCode":760,"time":1395758501127,"expires":1395758917000,"signMessageLong":"72  Killingsworth/82nd to Clackamas TC","extraBlockID":null,"locationInScheduleDay":27824,"longitude":-122.5789287,"blockID":7238,"offRoute":false,"nextLocID":12921,"vehicleID":2527,"signMessage":"72 Clackamas TC","extraTripID":null,"nextStopSeq":110,"routeNumber":72,"vehicleLoad":"unknown","bearing":179,"lastStopSeq":109,"inCongestion":false,"delay":127,"latitude":45.441134},{"tripID":4417321,"serviceDate":1395730800000,"direction":1,"garage":"CENTER","type":"bus","lastLocID":9368,"messageCode":788,"time":1395758465212,"expires":1395758882000,"signMessageLong":"70  12th/NE 33rd Ave to Milwaukie","extraBlockID":null,"locationInScheduleDay":27660,"longitude":-122.6357648,"blockID":7002,"offRoute":false,"nextLocID":9414,"vehicleID":2524,"signMessage":"70 To Milwaukie","extraTripID":null,"nextStopSeq":2,"routeNumber":70,"vehicleLoad":"unknown","bearing":180,"lastStopSeq":1,"inCongestion":false,"delay":-2,"latitude":45.5898735},{"tripID":4419230,"serviceDate":1395730800000,"direction":1,"garage":"CENTER","type":"bus","lastLocID":2331,"messageCode":813,"time":1395758477074,"expires":1395758896000,"signMessageLong":"77  Broadway/Halsey to Montgomery Park","extraBlockID":null,"locationInScheduleDay":27789,"longitude":-122.4224983,"blockID":7701,"offRoute":false,"nextLocID":2419,"vehicleID":2512,"signMessage":"77 Montgomry Pk","extraTripID":null,"nextStopSeq":11,"routeNumber":77,"vehicleLoad":"unknown","bearing":259,"lastStopSeq":10,"inCongestion":false,"delay":113,"latitude":45.5365943},{"tripID":4417872,"serviceDate":1395730800000,"direction":0,"garage":"POWELL","type":"bus","lastLocID":3192,"messageCode":768,"time":1395758495517,"expires":1395758912000,"signMessageLong":"72  Killingsworth/82nd to Swan Island-Shipyards","extraBlockID":null,"locationInScheduleDay":27517,"longitude":-122.6309343,"blockID":7239,"offRoute":false,"nextLocID":3189,"vehicleID":2540,"signMessage":"72 Swan Island","extraTripID":null,"nextStopSeq":79,"routeNumber":72,"vehicleLoad":"unknown","bearing":269,"lastStopSeq":78,"inCongestion":false,"delay":-175,"latitude":45.5627225},{"tripID":4418199,"serviceDate":1395730800000,"direction":1,"garage":"POWELL","type":"bus","lastLocID":8062,"messageCode":760,"time":1395758483492,"expires":1395758901000,"signMessageLong":"72  Killingsworth/82nd to Clackamas TC","extraBlockID":null,"locationInScheduleDay":27764,"longitude":-122.5787187,"blockID":7240,"offRoute":false,"nextLocID":8053,"vehicleID":2533,"signMessage":"72 Clackamas TC","extraTripID":null,"nextStopSeq":82,"routeNumber":72,"vehicleLoad":"unknown","bearing":180,"lastStopSeq":81,"inCongestion":false,"delay":83,"latitude":45.5012128},{"tripID":4417874,"serviceDate":1395730800000,"direction":0,"garage":"POWELL","type":"bus","lastLocID":7999,"messageCode":768,"time":1395758495642,"expires":1395758913000,"signMessageLong":"72  Killingsworth/82nd to Swan Island-Shipyards","extraBlockID":null,"locationInScheduleDay":27693,"longitude":-122.578962,"blockID":7249,"offRoute":false,"nextLocID":8042,"vehicleID":2558,"signMessage":"72 Swan Island","extraTripID":null,"nextStopSeq":49,"routeNumber":72,"vehicleLoad":"unknown","bearing":0,"lastStopSeq":48,"inCongestion":false,"delay":0,"latitude":45.533614},{"tripID":4418203,"serviceDate":1395730800000,"direction":1,"garage":"POWELL","type":"bus","lastLocID":54,"messageCode":760,"time":1395758495654,"expires":1395758911000,"signMessageLong":"72  Killingsworth/82nd to Clackamas TC","extraBlockID":null,"locationInScheduleDay":27667,"longitude":-122.644192,"blockID":7242,"offRoute":false,"nextLocID":11471,"vehicleID":2548,"signMessage":"72 Clackamas TC","extraTripID":null,"nextStopSeq":28,"routeNumber":72,"vehicleLoad":"unknown","bearing":90,"lastStopSeq":27,"inCongestion":false,"delay":-24,"latitude":45.5590799},{"tripID":4411569,"serviceDate":1395730800000,"direction":1,"garage":"POWELL","type":"bus","lastLocID":1824,"messageCode":268,"time":1395758483596,"expires":1395758901000,"signMessageLong":"14  Hawthorne to Portland","extraBlockID":null,"locationInScheduleDay":27764,"longitude":-122.5788508,"blockID":1440,"offRoute":false,"nextLocID":1818,"vehicleID":2308,"signMessage":"14 To Portland","extraTripID":null,"nextStopSeq":6,"routeNumber":14,"vehicleLoad":"unknown","bearing":300,"lastStopSeq":5,"inCongestion":false,"delay":83,"latitude":45.4827696},{"tripID":4411315,"serviceDate":1395730800000,"direction":0,"garage":"POWELL","type":"bus","lastLocID":6398,"messageCode":266,"time":1395758495629,"expires":1395758911000,"signMessageLong":"14  Hawthorne to 94th & Foster","extraBlockID":null,"locationInScheduleDay":27691,"longitude":-122.5658691,"blockID":1435,"offRoute":false,"nextLocID":8134,"vehicleID":2316,"signMessage":"14 To 94-Foster","extraTripID":null,"nextStopSeq":48,"routeNumber":14,"vehicleLoad":"unknown","bearing":110,"lastStopSeq":47,"inCongestion":false,"delay":0,"latitude":45.4783027},{"tripID":4419231,"serviceDate":1395730800000,"direction":1,"garage":"CENTER","type":"bus","lastLocID":9481,"messageCode":813,"time":1395758495504,"expires":1395758911000,"signMessageLong":"77  Broadway/Halsey to Montgomery Park","extraBlockID":null,"locationInScheduleDay":27691,"longitude":-122.3982117,"blockID":7705,"offRoute":false,"nextLocID":9471,"vehicleID":2720,"signMessage":"77 Montgomry Pk","extraTripID":null,"nextStopSeq":2,"routeNumber":77,"vehicleLoad":"unknown","bearing":85,"lastStopSeq":1,"inCongestion":false,"delay":0,"latitude":45.5443612},{"tripID":4413881,"serviceDate":1395730800000,"direction":1,"garage":"CENTER","type":"bus","lastLocID":3797,"messageCode":466,"time":1395758503819,"expires":1395758920000,"signMessageLong":"31  Portland","extraBlockID":null,"locationInScheduleDay":27791,"longitude":-122.6418124,"blockID":3101,"offRoute":false,"nextLocID":3785,"vehicleID":2714,"signMessage":"31 To Portland","extraTripID":null,"nextStopSeq":32,"routeNumber":31,"vehicleLoad":"unknown","bearing":349,"lastStopSeq":31,"inCongestion":false,"delay":91,"latitude":45.4802593},{"tripID":4417320,"serviceDate":1395730800000,"direction":1,"garage":"CENTER","type":"bus","lastLocID":7397,"messageCode":788,"time":1395758495484,"expires":1395758911000,"signMessageLong":"70  12th/NE 33rd Ave to Milwaukie","extraBlockID":null,"locationInScheduleDay":27724,"longitude":-122.6307052,"blockID":7007,"offRoute":false,"nextLocID":7394,"vehicleID":2709,"signMessage":"70 To Milwaukie","extraTripID":null,"nextStopSeq":23,"routeNumber":70,"vehicleLoad":"unknown","bearing":179,"lastStopSeq":22,"inCongestion":false,"delay":33,"latitude":45.5540487},{"tripID":4417168,"serviceDate":1395730800000,"direction":0,"garage":"CENTER","type":"bus","lastLocID":4539,"messageCode":780,"time":1395758480802,"expires":1395758899000,"signMessageLong":"70  12th/NE 33rd Ave to NE Sunderland","extraBlockID":null,"locationInScheduleDay":27712,"longitude":-122.6537386,"blockID":7001,"offRoute":false,"nextLocID":6578,"vehicleID":2704,"signMessage":"70 To Sunderlnd","extraTripID":null,"nextStopSeq":24,"routeNumber":70,"vehicleLoad":"unknown","bearing":0,"lastStopSeq":23,"inCongestion":false,"delay":33,"latitude":45.5039854},{"tripID":4417317,"serviceDate":1395730800000,"direction":1,"garage":"CENTER","type":"bus","lastLocID":6900,"messageCode":791,"time":1395758501109,"expires":1395758918000,"signMessageLong":"70  To Milwaukie","extraBlockID":null,"locationInScheduleDay":27647,"longitude":-122.647049,"blockID":7003,"offRoute":false,"nextLocID":6852,"vehicleID":2705,"signMessage":"70 To Milwaukie","extraTripID":null,"nextStopSeq":74,"routeNumber":70,"vehicleLoad":"unknown","bearing":180,"lastStopSeq":73,"inCongestion":false,"delay":-51,"latitude":45.4610317},{"tripID":4417167,"serviceDate":1395730800000,"direction":0,"garage":"CENTER","type":"bus","lastLocID":4050,"messageCode":783,"time":1395758471337,"expires":1395758888000,"signMessageLong":"70  33rd Ave to NE Sunderland","extraBlockID":null,"locationInScheduleDay":27654,"longitude":-122.6452861,"blockID":7004,"offRoute":false,"nextLocID":7107,"vehicleID":2701,"signMessage":"70 To Sunderlnd","extraTripID":null,"nextStopSeq":41,"routeNumber":70,"vehicleLoad":"unknown","bearing":90,"lastStopSeq":40,"inCongestion":false,"delay":-14,"latitude":45.5314575},{"tripID":4419225,"serviceDate":1395730800000,"direction":1,"garage":"CENTER","type":"bus","lastLocID":8483,"messageCode":813,"time":1395758483570,"expires":1395758900000,"signMessageLong":"77  Broadway/Halsey to Montgomery Park","extraBlockID":null,"locationInScheduleDay":27340,"longitude":-122.7069345,"blockID":7704,"offRoute":false,"nextLocID":8484,"vehicleID":2614,"signMessage":"77 Montgomry Pk","extraTripID":null,"nextStopSeq":109,"routeNumber":77,"vehicleLoad":"unknown","bearing":178,"lastStopSeq":108,"inCongestion":false,"delay":0,"latitude":45.5377966},{"tripID":4411564,"serviceDate":1395730800000,"direction":1,"garage":"CENTER","type":"bus","lastLocID":13169,"messageCode":266,"time":1395758489016,"expires":1395758907000,"signMessageLong":"14  Hawthorne to 94th & Foster","extraBlockID":null,"locationInScheduleDay":27772,"longitude":-122.6789915,"blockID":1401,"offRoute":false,"nextLocID":3639,"vehicleID":2608,"signMessage":"14 To 94-Foster","extraTripID":null,"nextStopSeq":45,"routeNumber":14,"vehicleLoad":"unknown","bearing":110,"lastStopSeq":44,"inCongestion":false,"delay":85,"latitude":45.5153606},{"tripID":4417169,"serviceDate":1395730800000,"direction":0,"garage":"CENTER","type":"bus","lastLocID":6708,"messageCode":782,"time":1395758495582,"expires":1395758912000,"signMessageLong":"70  12th/NE 33rd Ave to NE Sunderland via 13th & Tacoma","extraBlockID":null,"locationInScheduleDay":27616,"longitude":-122.6529614,"blockID":7010,"offRoute":false,"nextLocID":6699,"vehicleID":2623,"signMessage":"70 To Sunderland via 13th","extraTripID":null,"nextStopSeq":11,"routeNumber":70,"vehicleLoad":"unknown","bearing":0,"lastStopSeq":10,"inCongestion":false,"delay":-76,"latitude":45.4649321},{"tripID":4419229,"serviceDate":1395730800000,"direction":1,"garage":"CENTER","type":"bus","lastLocID":2392,"messageCode":813,"time":1395758426479,"expires":1395758845000,"signMessageLong":"77  Broadway/Halsey to Montgomery Park","extraBlockID":null,"locationInScheduleDay":27589,"longitude":-122.5035666,"blockID":7707,"offRoute":false,"nextLocID":2390,"vehicleID":2653,"signMessage":"77 Montgomry Pk","extraTripID":null,"nextStopSeq":29,"routeNumber":77,"vehicleLoad":"unknown","bearing":269,"lastStopSeq":28,"inCongestion":false,"delay":-36,"latitude":45.5336662},{"tripID":4417319,"serviceDate":1395730800000,"direction":1,"garage":"CENTER","type":"bus","lastLocID":7106,"messageCode":788,"time":1395758489011,"expires":1395758906000,"signMessageLong":"70  12th/NE 33rd Ave to Milwaukie","extraBlockID":null,"locationInScheduleDay":27682,"longitude":-122.6448579,"blockID":7009,"offRoute":false,"nextLocID":7126,"vehicleID":2626,"signMessage":"70 To Milwaukie","extraTripID":null,"nextStopSeq":40,"routeNumber":70,"vehicleLoad":"unknown","bearing":180,"lastStopSeq":39,"inCongestion":false,"delay":-4,"latitude":45.5316705},{"tripID":4419228,"serviceDate":1395730800000,"direction":1,"garage":"CENTER","type":"bus","lastLocID":10846,"messageCode":813,"time":1395758501191,"expires":1395758920000,"signMessageLong":"77  Broadway/Halsey to Montgomery Park","extraBlockID":null,"locationInScheduleDay":27360,"longitude":-122.5787742,"blockID":7703,"offRoute":false,"nextLocID":7916,"vehicleID":2630,"signMessage":"77 Montgomry Pk","extraTripID":null,"nextStopSeq":53,"routeNumber":77,"vehicleLoad":"unknown","bearing":271,"lastStopSeq":52,"inCongestion":false,"delay":-340,"latitude":45.5339672},{"tripID":4419090,"serviceDate":1395730800000,"direction":0,"garage":"CENTER","type":"bus","lastLocID":2364,"messageCode":809,"time":1395758495591,"expires":1395758912000,"signMessageLong":"77  Broadway/Halsey to Troutdale","extraBlockID":null,"locationInScheduleDay":27681,"longitude":-122.540581,"blockID":7706,"offRoute":false,"nextLocID":2366,"vehicleID":2632,"signMessage":"77 To Troutdale","extraTripID":null,"nextStopSeq":62,"routeNumber":77,"vehicleLoad":"unknown","bearing":89,"lastStopSeq":61,"inCongestion":false,"delay":-11,"latitude":45.5335493},{"tripID":4417870,"serviceDate":1395730800000,"direction":0,"garage":"POWELL","type":"bus","lastLocID":1043,"messageCode":768,"time":1395758456281,"expires":1395758874000,"signMessageLong":"72  Killingsworth/82nd to Swan Island-Shipyards","extraBlockID":null,"locationInScheduleDay":27678,"longitude":-122.7091191,"blockID":7237,"offRoute":false,"nextLocID":1042,"vehicleID":3004,"signMessage":"72 Swan Island","extraTripID":null,"nextStopSeq":116,"routeNumber":72,"vehicleLoad":"unknown","bearing":128,"lastStopSeq":115,"inCongestion":false,"delay":24,"latitude":45.5588994},{"tripID":4413882,"serviceDate":1395730800000,"direction":1,"garage":"POWELL","type":"bus","lastLocID":7941,"messageCode":464,"time":1395758498201,"expires":1395758917000,"signMessageLong":"31  To Portland via Milwaukie","extraBlockID":null,"locationInScheduleDay":27687,"longitude":-122.5789287,"blockID":3136,"offRoute":false,"nextLocID":7920,"vehicleID":3007,"signMessage":"31 To Portland","extraTripID":null,"nextStopSeq":3,"routeNumber":31,"vehicleLoad":"unknown","bearing":359,"lastStopSeq":2,"inCongestion":false,"delay":-10,"latitude":45.4411229},{"tripID":4417878,"serviceDate":1395730800000,"direction":0,"garage":"POWELL","type":"bus","lastLocID":7946,"messageCode":766,"time":1395758480689,"expires":1395758898000,"signMessageLong":"72  Killingsworth/82nd to Swan Island-Anchor St","extraBlockID":null,"locationInScheduleDay":27692,"longitude":-122.5790493,"blockID":7251,"offRoute":false,"nextLocID":7953,"vehicleID":3003,"signMessage":"72 Swan Island","extraTripID":null,"nextStopSeq":13,"routeNumber":72,"vehicleLoad":"unknown","bearing":0,"lastStopSeq":12,"inCongestion":false,"delay":14,"latitude":45.4628466},{"tripID":4417873,"serviceDate":1395730800000,"direction":0,"garage":"POWELL","type":"bus","lastLocID":10601,"messageCode":766,"time":1395758430314,"expires":1395758846000,"signMessageLong":"72  Killingsworth/82nd to Swan Island-Anchor St","extraBlockID":null,"locationInScheduleDay":27780,"longitude":-122.5938595,"blockID":7241,"offRoute":false,"nextLocID":3147,"vehicleID":3048,"signMessage":"72 Swan Island","extraTripID":null,"nextStopSeq":67,"routeNumber":72,"vehicleLoad":"unknown","bearing":270,"lastStopSeq":66,"inCongestion":false,"delay":154,"latitude":45.5627143},{"tripID":4418201,"serviceDate":1395730800000,"direction":1,"garage":"POWELL","type":"bus","lastLocID":8038,"messageCode":760,"time":1395758495495,"expires":1395758911000,"signMessageLong":"72  Killingsworth/82nd to Clackamas TC","extraBlockID":null,"locationInScheduleDay":27762,"longitude":-122.5787152,"blockID":7235,"offRoute":false,"nextLocID":7934,"vehicleID":3053,"signMessage":"72 Clackamas TC","extraTripID":null,"nextStopSeq":56,"routeNumber":72,"vehicleLoad":"unknown","bearing":180,"lastStopSeq":55,"inCongestion":false,"delay":71,"latitude":45.5511878},{"tripID":4417871,"serviceDate":1395730800000,"direction":0,"garage":"POWELL","type":"bus","lastLocID":3180,"messageCode":766,"time":1395758495489,"expires":1395758913000,"signMessageLong":"72  Killingsworth/82nd to Swan Island-Anchor St","extraBlockID":null,"locationInScheduleDay":27865,"longitude":-122.690079,"blockID":7245,"offRoute":false,"nextLocID":3161,"vehicleID":3052,"signMessage":"72 Swan Island","extraTripID":null,"nextStopSeq":103,"routeNumber":72,"vehicleLoad":"unknown","bearing":270,"lastStopSeq":102,"inCongestion":false,"delay":172,"latitude":45.5627262},{"tripID":4417875,"serviceDate":1395730800000,"direction":0,"garage":"POWELL","type":"bus","lastLocID":12755,"messageCode":766,"time":1395758486194,"expires":1395758903000,"signMessageLong":"72  Killingsworth/82nd to Swan Island-Anchor St","extraBlockID":null,"locationInScheduleDay":27708,"longitude":-122.5786939,"blockID":7234,"offRoute":false,"nextLocID":8007,"vehicleID":3054,"signMessage":"72 Swan Island","extraTripID":null,"nextStopSeq":35,"routeNumber":72,"vehicleLoad":"unknown","bearing":0,"lastStopSeq":34,"inCongestion":false,"delay":25,"latitude":45.5081375},{"tripID":4419091,"serviceDate":1395730800000,"direction":0,"garage":"POWELL","type":"bus","lastLocID":10870,"messageCode":809,"time":1395758498263,"expires":1395758915000,"signMessageLong":"77  Broadway/Halsey to Troutdale","extraBlockID":null,"locationInScheduleDay":27610,"longitude":-122.6203351,"blockID":7734,"offRoute":false,"nextLocID":7509,"vehicleID":3046,"signMessage":"77 To Troutdale","extraTripID":null,"nextStopSeq":36,"routeNumber":77,"vehicleLoad":"unknown","bearing":13,"lastStopSeq":35,"inCongestion":false,"delay":-85,"latitude":45.5337194},{"tripID":4419226,"serviceDate":1395730800000,"direction":1,"garage":"POWELL","type":"bus","lastLocID":2062,"messageCode":813,"time":1395758486171,"expires":1395758905000,"signMessageLong":"77  Broadway/Halsey to Montgomery Park","extraBlockID":null,"locationInScheduleDay":27549,"longitude":-122.6871603,"blockID":7738,"offRoute":false,"nextLocID":2086,"vehicleID":3035,"signMessage":"77 Montgomry Pk","extraTripID":null,"nextStopSeq":93,"routeNumber":77,"vehicleLoad":"unknown","bearing":267,"lastStopSeq":92,"inCongestion":false,"delay":-136,"latitude":45.5264345},{"tripID":4411570,"serviceDate":1395730800000,"direction":1,"garage":"POWELL","type":"bus","lastLocID":1831,"messageCode":268,"time":1395758498214,"expires":1395758917000,"signMessageLong":"14  Hawthorne to Portland","extraBlockID":null,"locationInScheduleDay":27697,"longitude":-122.5662917,"blockID":1434,"offRoute":false,"nextLocID":13236,"vehicleID":3027,"signMessage":"14 To Portland","extraTripID":null,"nextStopSeq":2,"routeNumber":14,"vehicleLoad":"unknown","bearing":291,"lastStopSeq":1,"inCongestion":false,"delay":0,"latitude":45.4791765},{"tripID":4417877,"serviceDate":1395730800000,"direction":0,"garage":"POWELL","type":"bus","lastLocID":12922,"messageCode":766,"time":1395758498220,"expires":1395758915000,"signMessageLong":"72  Killingsworth/82nd to Swan Island-Anchor St","extraBlockID":null,"locationInScheduleDay":27616,"longitude":-122.5789923,"blockID":7243,"offRoute":false,"nextLocID":7941,"vehicleID":3025,"signMessage":"72 Swan Island","extraTripID":null,"nextStopSeq":3,"routeNumber":72,"vehicleLoad":"unknown","bearing":1,"lastStopSeq":2,"inCongestion":false,"delay":-79,"latitude":45.438531},{"tripID":4419227,"serviceDate":1395730800000,"direction":1,"garage":"CENTER","type":"bus","lastLocID":635,"messageCode":813,"time":1395758488987,"expires":1395758906000,"signMessageLong":"77  Broadway/Halsey to Montgomery Park","extraBlockID":null,"locationInScheduleDay":27688,"longitude":-122.6451188,"blockID":7702,"offRoute":false,"nextLocID":634,"vehicleID":2005,"signMessage":"77 Montgomry Pk","extraTripID":null,"nextStopSeq":78,"routeNumber":77,"vehicleLoad":"unknown","bearing":270,"lastStopSeq":77,"inCongestion":false,"delay":2,"latitude":45.5350236},{"tripID":4411568,"serviceDate":1395730800000,"direction":1,"garage":"CENTER","type":"bus","lastLocID":1793,"messageCode":268,"time":1395758498298,"expires":1395758914000,"signMessageLong":"14  Hawthorne to Portland","extraBlockID":null,"locationInScheduleDay":27770,"longitude":-122.6088324,"blockID":1402,"offRoute":false,"nextLocID":7656,"vehicleID":2014,"signMessage":"14 To Portland","extraTripID":null,"nextStopSeq":18,"routeNumber":14,"vehicleLoad":"unknown","bearing":307,"lastStopSeq":17,"inCongestion":false,"delay":76,"latitude":45.495596}],"queryTime":1395758508971}}
