{"resultSet":{"vehicle":[{"tripID":4411577,"serviceDate":1395730800000,"direction":1,"garage":"POWELL","type":"bus","lastLocID":2629,"messageCode":268,"time":1395762806007,"expires":1395763223000,"signMessageLong":"14  Hawthorne to Portland","extraBlockID":null,"locationInScheduleDay":32102,"longitude":-122.6198407,"blockID":1436,"offRoute":false,"nextLocID":2626,"vehicleID":2206,"signMessage":"14 To Portland","extraTripID":null,"nextStopSeq":28,"routeNumber":14,"vehicleLoad":"unknown","bearing":270,"lastStopSeq":27,"inCongestion":false,"delay":99,"latitude":45.5120393},{"tripID":4419232,"serviceDate":1395730800000,"direction":1,"garage":"POWELL","type":"bus","lastLocID":650,"messageCode":813,"time":1395762806040,"expires":1395763225000,"signMessageLong":"77  Broadway/Halsey to Montgomery Park","extraBlockID":null,"locationInScheduleDay":32187,"longitude":-122.6182185,"blockID":7735,"offRoute":false,"nextLocID":7510,"vehicleID":2222,"signMessage":"77 Montgomry Pk","extraTripID":null,"nextStopSeq":67,"routeNumber":77,"vehicleLoad":"unknown","bearing":269,"lastStopSeq":66,"inCongestion":false,"delay":182,"latitude":45.5351292},{"tripID":4419235,"serviceDate":1395730800000,"direction":1,"garage":"POWELL","type":"bus","lastLocID":9481,"messageCode":813,"time":1395762812201,"expires":1395763230000,"signMessageLong":"77  Broadway/Halsey to Montgomery Park","extraBlockID":null,"locationInScheduleDay":32010,"longitude":-122.3982117,"blockID":7736,"offRoute":false,"nextLocID":9471,"vehicleID":2221,"signMessage":"77 Montgomry Pk","extraTripID":null,"nextStopSeq":2,"routeNumber":77,"vehicleLoad":"unknown","bearing":85,"lastStopSeq":1,"inCongestion":false,"delay":0,"latitude":45.5443612},{"tripID":4411578,"serviceDate":1395730800000,"direction":1,"garage":"POWELL","type":"bus","lastLocID":1793,"messageCode":268,"time":1395762815310,"expires":1395763233000,"signMessageLong":"14  Hawthorne to Portland","extraBlockID":null,"locationInScheduleDay":32030,"longitude":-122.6088324,"blockID":1438,"offRoute":false,"nextLocID":7656,"vehicleID":2220,"signMessage":"14 To Portland","extraTripID":null,"nextStopSeq":18,"routeNumber":14,"vehicleLoad":"unknown","bearing":307,"lastStopSeq":17,"inCongestion":false,"delay":17,"latitude":45.495596},{"tripID":4411575,"serviceDate":1395730800000,"direction":1,"garage":"POWELL","type":"bus","lastLocID":2642,"messageCode":267,"time":1395762818329,"expires":1395763235000,"signMessageLong":"14  Downtown Only","extraBlockID":null,"locationInScheduleDay":32058,"longitude":-122.6683104,"blockID":1437,"offRoute":false,"nextLocID":11956,"vehicleID":2270,"signMessage":"14 Downtown Only","extraTripID":null,"nextStopSeq":43,"routeNumber":14,"vehicleLoad":"unknown","bearing":288,"lastStopSeq":42,"inCongestion":false,"delay":43,"latitude":45.5126085},{"tripID":4417884,"serviceDate":1395730800000,"direction":0,"garage":"POWELL","type":"bus","lastLocID":8031,"messageCode":766,"time":1395762803326,"expires":1395763222000,"signMessageLong":"72  Killingsworth/82nd to Swan Island-Anchor St","extraBlockID":null,"locationInScheduleDay":32105,"longitude":-122.5787572,"blockID":7247,"offRoute":false,"nextLocID":8023,"vehicleID":2250,"signMessage":"72 Swan Island","extraTripID":null,"nextStopSeq":29,"routeNumber":72,"vehicleLoad":"unknown","bearing":0,"lastStopSeq":28,"inCongestion":false,"delay":103,"latitude":45.4959186},{"tripID":4417882,"serviceDate":1395730800000,"direction":0,"garage":"POWELL","type":"bus","lastLocID":7991,"messageCode":766,"time":1395762812203,"expires":1395763230000,"signMessageLong":"72  Killingsworth/82nd to Swan Island-Anchor St","extraBlockID":null,"locationInScheduleDay":32009,"longitude":-122.578807,"blockID":7246,"offRoute":false,"nextLocID":7967,"vehicleID":2296,"signMessage":"72 Swan Island","extraTripID":null,"nextStopSeq":56,"routeNumber":72,"vehicleLoad":"unknown","bearing":0,"lastStopSeq":55,"inCongestion":false,"delay":-1,"latitude":45.5462528},{"tripID":4419093,"serviceDate":1395730800000,"direction":0,"garage":"POWELL","type":"bus","lastLocID":2330,"messageCode":809,"time":1395762800677,"expires":1395763216000,"signMessageLong":"77  Broadway/Halsey to Troutdale","extraBlockID":null,"locationInScheduleDay":31771,"longitude":-122.4187338,"blockID":7737,"offRoute":false,"nextLocID":2421,"vehicleID":2285,"signMessage":"77 To Troutdale","extraTripID":null,"nextStopSeq":93,"routeNumber":77,"vehicleLoad":"unknown","bearing":78,"lastStopSeq":92,"inCongestion":false,"delay":-225,"latitude":45.5370691},{"tripID":4418205,"serviceDate":1395730800000,"direction":1,"garage":"POWELL","type":"bus","lastLocID":8018,"messageCode":760,"time":1395762815362,"expires":1395763233000,"signMessageLong":"72  Killingsworth/82nd to Clackamas TC","extraBlockID":null,"locationInScheduleDay":32080,"longitude":-122.5790951,"blockID":7252,"offRoute":false,"nextLocID":8016,"vehicleID":2283,"signMessage":"72 Clackamas TC","extraTripID":null,"nextStopSeq":105,"routeNumber":72,"vehicleLoad":"unknown","bearing":178,"lastStopSeq":104,"inCongestion":false,"delay":67,"latitude":45.4521424},{"tripID":4418204,"serviceDate":1395730800000,"direction":1,"garage":"POWELL","type":"bus","lastLocID":12921,"messageCode":760,"time":1395762656716,"expires":1395763074000,"signMessageLong":"72  Killingsworth/82nd to Clackamas TC","extraBlockID":null,"locationInScheduleDay":31851,"longitude":-122.5685071,"blockID":7244,"offRoute":false,"nextLocID":13247,"vehicleID":2276,"signMessage":"72 Clackamas TC","extraTripID":null,"nextStopSeq":111,"routeNumber":72,"vehicleLoad":"unknown","bearing":86,"lastStopSeq":110,"inCongestion":false,"delay":0,"latitude":45.4355671},{"tripID":4411579,"serviceDate":1395730800000,"direction":1,"garage":"POWELL","type":"bus","lastLocID":1831,"messageCode":268,"time":1395762827263,"expires":1395763246000,"signMessageLong":"14  Hawthorne to Portland","extraBlockID":null,"locationInScheduleDay":32026,"longitude":-122.5662917,"blockID":1439,"offRoute":false,"nextLocID":13236,"vehicleID":2275,"signMessage":"14 To Portland","extraTripID":null,"nextStopSeq":2,"routeNumber":14,"vehicleLoad":"unknown","bearing":291,"lastStopSeq":1,"inCongestion":false,"delay":0,"latitude":45.4791765},{"tripID":4417322,"serviceDate":1395730800000,"direction":1,"garage":"CENTER","type":"bus","lastLocID":13658,"messageCode":790,"time":1395762803241,"expires":1395763220000,"signMessageLong":"70  12th Ave to Milwaukie via 13th & Tacoma","extraBlockID":null,"locationInScheduleDay":31544,"longitude":-122.6483576,"blockID":7006,"offRoute":false,"nextLocID":6864,"vehicleID":2150,"signMessage":"70 To Milw via 13","extraTripID":null,"nextStopSeq":62,"routeNumber":70,"vehicleLoad":"unknown","bearing":180,"lastStopSeq":61,"inCongestion":false,"delay":-456,"latitude":45.4906514},{"tripID":4417326,"serviceDate":1395730800000,"direction":1,"garage":"CENTER","type":"bus","lastLocID":9368,"messageCode":788,"time":1395762800453,"expires":1395763216000,"signMessageLong":"70  12th/NE 33rd Ave to Milwaukie","extraBlockID":null,"locationInScheduleDay":31996,"longitude":-122.6357648,"blockID":7008,"offRoute":false,"nextLocID":9414,"vehicleID":2506,"signMessage":"70 To Milwaukie","extraTripID":null,"nextStopSeq":2,"routeNumber":70,"vehicleLoad":"unknown","bearing":180,"lastStopSeq":1,"inCongestion":false,"delay":0,"latitude":45.5898735},{"tripID":4417881,"serviceDate":1395730800000,"direction":0,"garage":"POWELL","type":"bus","lastLocID":3203,"messageCode":766,"time":1395762809169,"expires":1395763225000,"signMessageLong":"72  Killingsworth/82nd to Swan Island-Anchor St","extraBlockID":null,"locationInScheduleDay":32016,"longitude":-122.6133604,"blockID":7238,"offRoute":false,"nextLocID":3201,"vehicleID":2527,"signMessage":"72 Swan Island","extraTripID":null,"nextStopSeq":73,"routeNumber":72,"vehicleLoad":"unknown","bearing":270,"lastStopSeq":72,"inCongestion":false,"delay":11,"latitude":45.5627785},{"tripID":4417174,"serviceDate":1395730800000,"direction":0,"garage":"CENTER","type":"bus","lastLocID":13477,"messageCode":781,"time":1395762805988,"expires":1395763223000,"signMessageLong":"70  12th/NE 33rd Ave to NE Sunderland via 17th & Tacoma","extraBlockID":null,"locationInScheduleDay":32003,"longitude":-122.6407309,"blockID":7002,"offRoute":false,"nextLocID":8225,"vehicleID":2524,"signMessage":"70 To Sunderland via 17th","extraTripID":null,"nextStopSeq":2,"routeNumber":70,"vehicleLoad":"unknown","bearing":81,"lastStopSeq":1,"inCongestion":false,"delay":0,"latitude":45.4448667},{"tripID":4419230,"serviceDate":1395730800000,"direction":1,"garage":"CENTER","type":"bus","lastLocID":10972,"messageCode":813,"time":1395762824004,"expires":1395763240000,"signMessageLong":"77  Broadway/Halsey to Montgomery Park","extraBlockID":null,"locationInScheduleDay":32022,"longitude":-122.698871,"blockID":7701,"offRoute":false,"nextLocID":6014,"vehicleID":2512,"signMessage":"77 Montgomry Pk","extraTripID":null,"nextStopSeq":102,"routeNumber":77,"vehicleLoad":"unknown","bearing":358,"lastStopSeq":101,"inCongestion":false,"delay":2,"latitude":45.5362696},{"tripID":4418208,"serviceDate":1395730800000,"direction":1,"garage":"POWELL","type":"bus","lastLocID":10600,"messageCode":760,"time":1395762805994,"expires":1395763223000,"signMessageLong":"72  Killingsworth/82nd to Clackamas TC","extraBlockID":null,"locationInScheduleDay":32040,"longitude":-122.5938935,"blockID":7239,"offRoute":false,"nextLocID":3211,"vehicleID":2540,"signMessage":"72 Clackamas TC","extraTripID":null,"nextStopSeq":49,"routeNumber":72,"vehicleLoad":"unknown","bearing":90,"lastStopSeq":48,"inCongestion":false,"delay":37,"latitude":45.5627145},{"tripID":4417883,"serviceDate":1395730800000,"direction":0,"garage":"POWELL","type":"bus","lastLocID":7987,"messageCode":766,"time":1395762818231,"expires":1395763236000,"signMessageLong":"72  Killingsworth/82nd to Swan Island-Anchor St","extraBlockID":null,"locationInScheduleDay":32206,"longitude":-122.5790435,"blockID":7240,"offRoute":false,"nextLocID":8010,"vehicleID":2533,"signMessage":"72 Swan Island","extraTripID":null,"nextStopSeq":47,"routeNumber":72,"vehicleLoad":"unknown","bearing":0,"lastStopSeq":46,"inCongestion":false,"delay":190,"latitude":45.5302003},{"tripID":4417880,"serviceDate":1395730800000,"direction":0,"garage":"POWELL","type":"bus","lastLocID":53,"messageCode":766,"time":1395762806135,"expires":1395763223000,"signMessageLong":"72  Killingsworth/82nd to Swan Island-Anchor St","extraBlockID":null,"locationInScheduleDay":31959,"longitude":-122.6495247,"blockID":7236,"offRoute":false,"nextLocID":51,"vehicleID":2552,"signMessage":"72 Swan Island","extraTripID":null,"nextStopSeq":88,"routeNumber":72,"vehicleLoad":"unknown","bearing":270,"lastStopSeq":87,"inCongestion":false,"delay":-44,"latitude":45.5590988},{"tripID":4413884,"serviceDate":1395730800000,"direction":1,"garage":"POWELL","type":"bus","lastLocID":2574,"messageCode":458,"time":1395762806135,"expires":1395763225000,"signMessageLong":"31  To Milwaukie","extraBlockID":null,"locationInScheduleDay":32074,"longitude":-122.63181,"blockID":3134,"offRoute":false,"nextLocID":2573,"vehicleID":2555,"signMessage":"31 To Milwaukie","extraTripID":null,"nextStopSeq":20,"routeNumber":31,"vehicleLoad":"unknown","bearing":268,"lastStopSeq":19,"inCongestion":false,"delay":69,"latitude":45.4465447},{"tripID":4417886,"serviceDate":1395730800000,"direction":0,"garage":"POWELL","type":"bus","lastLocID":13248,"messageCode":766,"time":1395762815415,"expires":1395763233000,"signMessageLong":"72  Killingsworth/82nd to Swan Island-Anchor St","extraBlockID":null,"locationInScheduleDay":32184,"longitude":-122.5690815,"blockID":7242,"offRoute":false,"nextLocID":12922,"vehicleID":2548,"signMessage":"72 Swan Island","extraTripID":null,"nextStopSeq":2,"routeNumber":72,"vehicleLoad":"unknown","bearing":353,"lastStopSeq":1,"inCongestion":false,"delay":171,"latitude":45.4358222},{"tripID":4411320,"serviceDate":1395730800000,"direction":0,"garage":"POWELL","type":"bus","lastLocID":6427,"messageCode":266,"time":1395762803411,"expires":1395763221000,"signMessageLong":"14  Hawthorne to 94th & Foster","extraBlockID":null,"locationInScheduleDay":31987,"longitude":-122.5675081,"blockID":1440,"offRoute":false,"nextLocID":6398,"vehicleID":2308,"signMessage":"14 To 94-Foster","extraTripID":null,"nextStopSeq":47,"routeNumber":14,"vehicleLoad":"unknown","bearing":112,"lastStopSeq":46,"inCongestion":false,"delay":-14,"latitude":45.4787523},{"tripID":4417879,"serviceDate":1395730800000,"direction":0,"garage":"POWELL","type":"bus","lastLocID":3170,"messageCode":766,"time":1395762791312,"expires":1395763210000,"signMessageLong":"72  Killingsworth/82nd to Swan Island-Anchor St","extraBlockID":null,"locationInScheduleDay":31911,"longitude":-122.6830056,"blockID":7253,"offRoute":false,"nextLocID":3159,"vehicleID":2318,"signMessage":"72 Swan Island","extraTripID":null,"nextStopSeq":100,"routeNumber":72,"vehicleLoad":"unknown","bearing":270,"lastStopSeq":99,"inCongestion":false,"delay":-79,"latitude":45.562663},{"tripID":4411321,"serviceDate":1395730800000,"direction":0,"garage":"POWELL","type":"bus","lastLocID":2625,"messageCode":266,"time":1395762815397,"expires":1395763232000,"signMessageLong":"14  Hawthorne to 94th & Foster","extraBlockID":null,"locationInScheduleDay":31924,"longitude":-122.6227673,"blockID":1435,"offRoute":false,"nextLocID":2628,"vehicleID":2316,"signMessage":"14 To 94-Foster","extraTripID":null,"nextStopSeq":19,"routeNumber":14,"vehicleLoad":"unknown","bearing":89,"lastStopSeq":18,"inCongestion":false,"delay":-88,"latitude":45.5120446},{"tripID":4419231,"serviceDate":1395730800000,"direction":1,"garage":"CENTER","type":"bus","lastLocID":631,"messageCode":813,"time":1395762815293,"expires":1395763233000,"signMessageLong":"77  Broadway/Halsey to Montgomery Park","extraBlockID":null,"locationInScheduleDay":31979,"longitude":-122.6533522,"blockID":7705,"offRoute":false,"nextLocID":629,"vehicleID":2720,"signMessage":"77 Montgomry Pk","extraTripID":null,"nextStopSeq":81,"routeNumber":77,"vehicleLoad":"unknown","bearing":270,"lastStopSeq":80,"inCongestion":false,"delay":-34,"latitude":45.5350515},{"tripID":4411574,"serviceDate":1395730800000,"direction":1,"garage":"CENTER","type":"bus","lastLocID":13169,"messageCode":266,"time":1395762823992,"expires":1395763242000,"signMessageLong":"14  Hawthorne to 94th & Foster","extraBlockID":null,"locationInScheduleDay":31857,"longitude":-122.6813145,"blockID":1404,"offRoute":false,"nextLocID":3639,"vehicleID":2718,"signMessage":"14 To 94-Foster","extraTripID":null,"nextStopSeq":45,"routeNumber":14,"vehicleLoad":"unknown","bearing":200,"lastStopSeq":44,"inCongestion":false,"delay":-165,"latitude":45.5162143},{"tripID":4417173,"serviceDate":1395730800000,"direction":0,"garage":"CENTER","type":"bus","lastLocID":6688,"messageCode":782,"time":1395762803265,"expires":1395763222000,"signMessageLong":"70  12th/NE 33rd Ave to NE Sunderland via 13th & Tacoma","extraBlockID":null,"locationInScheduleDay":31939,"longitude":-122.653006,"blockID":7007,"offRoute":false,"nextLocID":6711,"vehicleID":2709,"signMessage":"70 To Sunderland via 13th","extraTripID":null,"nextStopSeq":9,"routeNumber":70,"vehicleLoad":"unknown","bearing":0,"lastStopSeq":8,"inCongestion":false,"delay":-63,"latitude":45.4619441},{"tripID":4417324,"serviceDate":1395730800000,"direction":1,"garage":"CENTER","type":"bus","lastLocID":7366,"messageCode":788,"time":1395762809167,"expires":1395763225000,"signMessageLong":"70  12th/NE 33rd Ave to Milwaukie","extraBlockID":null,"locationInScheduleDay":31960,"longitude":-122.6306969,"blockID":7001,"offRoute":false,"nextLocID":7403,"vehicleID":2704,"signMessage":"70 To Milwaukie","extraTripID":null,"nextStopSeq":30,"routeNumber":70,"vehicleLoad":"unknown","bearing":180,"lastStopSeq":29,"inCongestion":false,"delay":-45,"latitude":45.5393534},{"tripID":4417171,"serviceDate":1395730800000,"direction":0,"garage":"CENTER","type":"bus","lastLocID":7365,"messageCode":783,"time":1395762740822,"expires":1395763158000,"signMessageLong":"70  33rd Ave to NE Sunderland","extraBlockID":null,"locationInScheduleDay":31988,"longitude":-122.6306977,"blockID":7003,"offRoute":false,"nextLocID":7385,"vehicleID":2705,"signMessage":"70 To Sunderlnd","extraTripID":null,"nextStopSeq":51,"routeNumber":70,"vehicleLoad":"unknown","bearing":359,"lastStopSeq":50,"inCongestion":false,"delay":50,"latitude":45.5406562},{"tripID":4417323,"serviceDate":1395730800000,"direction":1,"garage":"CENTER","type":"bus","lastLocID":6542,"messageCode":789,"time":1395762815240,"expires":1395763232000,"signMessageLong":"70  12th Ave to Milwaukie via 17th & Tacoma","extraBlockID":null,"locationInScheduleDay":32087,"longitude":-122.6546915,"blockID":7004,"offRoute":false,"nextLocID":6551,"vehicleID":2701,"signMessage":"70 To Milw via 17","extraTripID":null,"nextStopSeq":51,"routeNumber":70,"vehicleLoad":"unknown","bearing":180,"lastStopSeq":50,"inCongestion":false,"delay":75,"latitude":45.5132134},{"tripID":4419094,"serviceDate":1395730800000,"direction":0,"garage":"CENTER","type":"bus","lastLocID":2378,"messageCode":809,"time":1395762742582,"expires":1395763157000,"signMessageLong":"77  Broadway/Halsey to Troutdale","extraBlockID":null,"locationInScheduleDay":31901,"longitude":-122.5229016,"blockID":7704,"offRoute":false,"nextLocID":2380,"vehicleID":2614,"signMessage":"77 To Troutdale","extraTripID":null,"nextStopSeq":67,"routeNumber":77,"vehicleLoad":"unknown","bearing":89,"lastStopSeq":66,"inCongestion":false,"delay":-36,"latitude":45.5335748},{"tripID":4411576,"serviceDate":1395730800000,"direction":1,"garage":"CENTER","type":"bus","lastLocID":2606,"messageCode":268,"time":1395762824171,"expires":1395763241000,"signMessageLong":"14  Hawthorne to Portland","extraBlockID":null,"locationInScheduleDay":32114,"longitude":-122.6490677,"blockID":1401,"offRoute":false,"nextLocID":2604,"vehicleID":2608,"signMessage":"14 To Portland","extraTripID":null,"nextStopSeq":37,"routeNumber":14,"vehicleLoad":"unknown","bearing":269,"lastStopSeq":36,"inCongestion":false,"delay":93,"latitude":45.5121968},{"tripID":4417325,"serviceDate":1395730800000,"direction":1,"garage":"CENTER","type":"bus","lastLocID":9368,"messageCode":788,"time":1395762800648,"expires":1395763216000,"signMessageLong":"70  12th/NE 33rd Ave to Milwaukie","extraBlockID":null,"locationInScheduleDay":31996,"longitude":-122.6357648,"blockID":7010,"offRoute":false,"nextLocID":9414,"vehicleID":2623,"signMessage":"70 To Milwaukie","extraTripID":null,"nextStopSeq":2,"routeNumber":70,"vehicleLoad":"unknown","bearing":180,"lastStopSeq":1,"inCongestion":false,"delay":0,"latitude":45.5898735},{"tripID":4419229,"serviceDate":1395730800000,"direction":1,"garage":"CENTER","type":"bus","lastLocID":8483,"messageCode":813,"time":1395762806084,"expires":1395763225000,"signMessageLong":"77  Broadway/Halsey to Montgomery Park","extraBlockID":null,"locationInScheduleDay":31362,"longitude":-122.7069345,"blockID":7707,"offRoute":false,"nextLocID":8484,"vehicleID":2653,"signMessage":"77 Montgomry Pk","extraTripID":null,"nextStopSeq":109,"routeNumber":77,"vehicleLoad":"unknown","bearing":178,"lastStopSeq":108,"inCongestion":false,"delay":0,"latitude":45.5377966},{"tripID":4417172,"serviceDate":1395730800000,"direction":0,"garage":"CENTER","type":"bus","lastLocID":6576,"messageCode":780,"time":1395762818329,"expires":1395763235000,"signMessageLong":"70  12th/NE 33rd Ave to NE Sunderland","extraBlockID":null,"locationInScheduleDay":32025,"longitude":-122.6536831,"blockID":7009,"offRoute":false,"nextLocID":6585,"vehicleID":2626,"signMessage":"70 To Sunderlnd","extraTripID":null,"nextStopSeq":27,"routeNumber":70,"vehicleLoad":"unknown","bearing":359,"lastStopSeq":26,"inCongestion":false,"delay":10,"latitude":45.5125047},{"tripID":4419097,"serviceDate":1395730800000,"direction":0,"garage":"CENTER","type":"bus","lastLocID":6013,"messageCode":809,"time":1395762806098,"expires":1395763225000,"signMessageLong":"77  Broadway/Halsey to Troutdale","extraBlockID":null,"locationInScheduleDay":31958,"longitude":-122.6988899,"blockID":7703,"offRoute":false,"nextLocID":7168,"vehicleID":2630,"signMessage":"77 To Troutdale","extraTripID":null,"nextStopSeq":4,"routeNumber":77,"vehicleLoad":"unknown","bearing":179,"lastStopSeq":3,"inCongestion":false,"delay":-47,"latitude":45.5368721},{"tripID":4419233,"serviceDate":1395730800000,"direction":1,"garage":"CENTER","type":"bus","lastLocID":2367,"messageCode":813,"time":1395762818336,"expires":1395763236000,"signMessageLong":"77  Broadway/Halsey to Montgomery Park","extraBlockID":null,"locationInScheduleDay":31980,"longitude":-122.5382634,"blockID":7706,"offRoute":false,"nextLocID":2365,"vehicleID":2632,"signMessage":"77 Montgomry Pk","extraTripID":null,"nextStopSeq":40,"routeNumber":77,"vehicleLoad":"unknown","bearing":269,"lastStopSeq":39,"inCongestion":false,"delay":-36,"latitude":45.5335683},{"tripID":4418206,"serviceDate":1395730800000,"direction":1,"garage":"POWELL","type":"bus","lastLocID":8024,"messageCode":760,"time":1395762803214,"expires":1395763222000,"signMessageLong":"72  Killingsworth/82nd to Clackamas TC","extraBlockID":null,"locationInScheduleDay":32100,"longitude":-122.5787393,"blockID":7237,"offRoute":false,"nextLocID":13707,"vehicleID":3004,"signMessage":"72 Clackamas TC","extraTripID":null,"nextStopSeq":84,"routeNumber":72,"vehicleLoad":"unknown","bearing":180,"lastStopSeq":83,"inCongestion":false,"delay":98,"latitude":45.4971097},{"tripID":4417878,"serviceDate":1395730800000,"direction":0,"garage":"POWELL","type":"bus","lastLocID":2161,"messageCode":766,"time":1395762809154,"expires":1395763228000,"signMessageLong":"72  Killingsworth/82nd to Swan Island-Anchor St","extraBlockID":null,"locationInScheduleDay":31734,"longitude":-122.7039353,"blockID":7251,"offRoute":false,"nextLocID":115,"vehicleID":3003,"signMessage":"72 Swan Island","extraTripID":null,"nextStopSeq":108,"routeNumber":72,"vehicleLoad":"unknown","bearing":185,"lastStopSeq":107,"inCongestion":false,"delay":0,"latitude":45.5570695},{"tripID":4418209,"serviceDate":1395730800000,"direction":1,"garage":"POWELL","type":"bus","lastLocID":46,"messageCode":760,"time":1395762809157,"expires":1395763225000,"signMessageLong":"72  Killingsworth/82nd to Clackamas TC","extraBlockID":null,"locationInScheduleDay":31878,"longitude":-122.6597527,"blockID":7241,"offRoute":false,"nextLocID":11478,"vehicleID":3048,"signMessage":"72 Clackamas TC","extraTripID":null,"nextStopSeq":22,"routeNumber":72,"vehicleLoad":"unknown","bearing":89,"lastStopSeq":21,"inCongestion":false,"delay":-127,"latitude":45.5591242},{"tripID":4417885,"serviceDate":1395730800000,"direction":0,"garage":"POWELL","type":"bus","lastLocID":7951,"messageCode":766,"time":1395762803270,"expires":1395763220000,"signMessageLong":"72  Killingsworth/82nd to Swan Island-Anchor St","extraBlockID":null,"locationInScheduleDay":32036,"longitude":-122.5790632,"blockID":7235,"offRoute":false,"nextLocID":7946,"vehicleID":3053,"signMessage":"72 Swan Island","extraTripID":null,"nextStopSeq":12,"routeNumber":72,"vehicleLoad":"unknown","bearing":0,"lastStopSeq":11,"inCongestion":false,"delay":36,"latitude":45.4605178},{"tripID":4418207,"serviceDate":1395730800000,"direction":1,"garage":"POWELL","type":"bus","lastLocID":8056,"messageCode":760,"time":1395762805964,"expires":1395763224000,"signMessageLong":"72  Killingsworth/82nd to Clackamas TC","extraBlockID":null,"locationInScheduleDay":31938,"longitude":-122.5789896,"blockID":7245,"offRoute":false,"nextLocID":8043,"vehicleID":3052,"signMessage":"72 Clackamas TC","extraTripID":null,"nextStopSeq":64,"routeNumber":72,"vehicleLoad":"unknown","bearing":180,"lastStopSeq":63,"inCongestion":false,"delay":-66,"latitude":45.5360145},{"tripID":4418210,"serviceDate":1395730800000,"direction":1,"garage":"POWELL","type":"bus","lastLocID":3160,"messageCode":760,"time":1395762815259,"expires":1395763232000,"signMessageLong":"72  Killingsworth/82nd to Clackamas TC","extraBlockID":null,"locationInScheduleDay":32119,"longitude":-122.6917684,"blockID":7234,"offRoute":false,"nextLocID":3179,"vehicleID":3054,"signMessage":"72 Clackamas TC","extraTripID":null,"nextStopSeq":9,"routeNumber":72,"vehicleLoad":"unknown","bearing":90,"lastStopSeq":8,"inCongestion":false,"delay":107,"latitude":45.5627407},{"tripID":4419234,"serviceDate":1395730800000,"direction":1,"garage":"POWELL","type":"bus","lastLocID":2437,"messageCode":813,"time":1395762815286,"expires":1395763232000,"signMessageLong":"77  Broadway/Halsey to Montgomery Park","extraBlockID":null,"locationInScheduleDay":32046,"longitude":-122.4455072,"blockID":7734,"offRoute":false,"nextLocID":2414,"vehicleID":3046,"signMessage":"77 Montgomry Pk","extraTripID":null,"nextStopSeq":15,"routeNumber":77,"vehicleLoad":"unknown","bearing":265,"lastStopSeq":14,"inCongestion":false,"delay":34,"latitude":45.533652},{"tripID":4419095,"serviceDate":1395730800000,"direction":0,"garage":"POWELL","type":"bus","lastLocID":10870,"messageCode":809,"time":1395762805956,"expires":1395763223000,"signMessageLong":"77  Broadway/Halsey to Troutdale","extraBlockID":null,"locationInScheduleDay":31885,"longitude":-122.6203086,"blockID":7738,"offRoute":false,"nextLocID":7509,"vehicleID":3035,"signMessage":"77 To Troutdale","extraTripID":null,"nextStopSeq":36,"routeNumber":77,"vehicleLoad":"unknown","bearing":0,"lastStopSeq":35,"inCongestion":false,"delay":-118,"latitude":45.5345327},{"tripID":4419096,"serviceDate":1395730800000,"direction":0,"garage":"CENTER","type":"bus","lastLocID":1612,"messageCode":809,"time":1395762815306,"expires":1395763233000,"signMessageLong":"77  Broadway/Halsey to Troutdale","extraBlockID":null,"locationInScheduleDay":31984,"longitude":-122.6660381,"blockID":7702,"offRoute":false,"nextLocID":11817,"vehicleID":2005,"signMessage":"77 To Troutdale","extraTripID":null,"nextStopSeq":19,"routeNumber":77,"vehicleLoad":"unknown","bearing":314,"lastStopSeq":18,"inCongestion":false,"delay":-29,"latitude":45.5295158}],"queryTime":1395762829112}}
