{"resultSet":{"vehicle":[{"tripID":4411577,"serviceDate":1395730800000,"direction":1,"garage":"POWELL","type":"bus","lastLocID":3633,"messageCode":268,"time":1395763541264,"expires":1395763959000,"signMessageLong":"14  Hawthorne to Portland","extraBlockID":null,"locationInScheduleDay":32874,"longitude":-122.6650065,"blockID":1436,"offRoute":false,"nextLocID":2642,"vehicleID":2206,"signMessage":"14 To Portland","extraTripID":null,"nextStopSeq":42,"routeNumber":14,"vehicleLoad":"unknown","bearing":270,"lastStopSeq":41,"inCongestion":false,"delay":135,"latitude":45.5129529},{"tripID":4419232,"serviceDate":1395730800000,"direction":1,"garage":"POWELL","type":"bus","lastLocID":637,"messageCode":813,"time":1395763538397,"expires":1395763954000,"signMessageLong":"77  Broadway/Halsey to Montgomery Park","extraBlockID":null,"locationInScheduleDay":32746,"longitude":-122.6395676,"blockID":7735,"offRoute":false,"nextLocID":635,"vehicleID":2222,"signMessage":"77 Montgomry Pk","extraTripID":null,"nextStopSeq":77,"routeNumber":77,"vehicleLoad":"unknown","bearing":269,"lastStopSeq":76,"inCongestion":false,"delay":12,"latitude":45.5351617},{"tripID":4419235,"serviceDate":1395730800000,"direction":1,"garage":"POWELL","type":"bus","lastLocID":2419,"messageCode":813,"time":1395763532350,"expires":1395763948000,"signMessageLong":"77  Broadway/Halsey to Montgomery Park","extraBlockID":null,"locationInScheduleDay":32812,"longitude":-122.4269541,"blockID":7736,"offRoute":false,"nextLocID":2417,"vehicleID":2221,"signMessage":"77 Montgomry Pk","extraTripID":null,"nextStopSeq":12,"routeNumber":77,"vehicleLoad":"unknown","bearing":259,"lastStopSeq":11,"inCongestion":false,"delay":84,"latitude":45.5359949},{"tripID":4411578,"serviceDate":1395730800000,"direction":1,"garage":"POWELL","type":"bus","lastLocID":2624,"messageCode":268,"time":1395763544622,"expires":1395763961000,"signMessageLong":"14  Hawthorne to Portland","extraBlockID":null,"locationInScheduleDay":32740,"longitude":-122.6291882,"blockID":1438,"offRoute":false,"nextLocID":12892,"vehicleID":2220,"signMessage":"14 To Portland","extraTripID":null,"nextStopSeq":30,"routeNumber":14,"vehicleLoad":"unknown","bearing":270,"lastStopSeq":29,"inCongestion":false,"delay":-1,"latitude":45.5120584},{"tripID":4417884,"serviceDate":1395730800000,"direction":0,"garage":"POWELL","type":"bus","lastLocID":7955,"messageCode":766,"time":1395763541355,"expires":1395763959000,"signMessageLong":"72  Killingsworth/82nd to Swan Island-Anchor St","extraBlockID":null,"locationInScheduleDay":32723,"longitude":-122.5790573,"blockID":7247,"offRoute":false,"nextLocID":7972,"vehicleID":2250,"signMessage":"72 Swan Island","extraTripID":null,"nextStopSeq":44,"routeNumber":72,"vehicleLoad":"unknown","bearing":359,"lastStopSeq":43,"inCongestion":false,"delay":-16,"latitude":45.5263816},{"tripID":4417882,"serviceDate":1395730800000,"direction":0,"garage":"POWELL","type":"bus","lastLocID":3200,"messageCode":766,"time":1395763532514,"expires":1395763948000,"signMessageLong":"72  Killingsworth/82nd to Swan Island-Anchor St","extraBlockID":null,"locationInScheduleDay":32667,"longitude":-122.6197033,"blockID":7246,"offRoute":false,"nextLocID":3197,"vehicleID":2296,"signMessage":"72 Swan Island","extraTripID":null,"nextStopSeq":75,"routeNumber":72,"vehicleLoad":"unknown","bearing":270,"lastStopSeq":74,"inCongestion":false,"delay":-61,"latitude":45.5628098},{"tripID":4418205,"serviceDate":1395730800000,"direction":1,"garage":"POWELL","type":"bus","lastLocID":12921,"messageCode":760,"time":1395763325480,"expires":1395763743000,"signMessageLong":"72  Killingsworth/82nd to Clackamas TC","extraBlockID":null,"locationInScheduleDay":32559,"longitude":-122.5689813,"blockID":7252,"offRoute":false,"nextLocID":13247,"vehicleID":2283,"signMessage":"72 Clackamas TC","extraTripID":null,"nextStopSeq":111,"routeNumber":72,"vehicleLoad":"unknown","bearing":81,"lastStopSeq":110,"inCongestion":false,"delay":0,"latitude":45.4354978},{"tripID":4411579,"serviceDate":1395730800000,"direction":1,"garage":"POWELL","type":"bus","lastLocID":1811,"messageCode":268,"time":1395763526385,"expires":1395763945000,"signMessageLong":"14  Hawthorne to Portland","extraBlockID":null,"locationInScheduleDay":32618,"longitude":-122.5897531,"blockID":1439,"offRoute":false,"nextLocID":1807,"vehicleID":2275,"signMessage":"14 To Portland","extraTripID":null,"nextStopSeq":10,"routeNumber":14,"vehicleLoad":"unknown","bearing":299,"lastStopSeq":9,"inCongestion":false,"delay":-107,"latitude":45.486742},{"tripID":4417322,"serviceDate":1395730800000,"direction":1,"garage":"CENTER","type":"bus","lastLocID":6886,"messageCode":791,"time":1395763538303,"expires":1395763954000,"signMessageLong":"70  To Milwaukie","extraBlockID":null,"locationInScheduleDay":32261,"longitude":-122.6468763,"blockID":7006,"offRoute":false,"nextLocID":6902,"vehicleID":2150,"signMessage":"70 To Milwaukie","extraTripID":null,"nextStopSeq":80,"routeNumber":70,"vehicleLoad":"unknown","bearing":166,"lastStopSeq":79,"inCongestion":false,"delay":-473,"latitude":45.4584531},{"tripID":4417326,"serviceDate":1395730800000,"direction":1,"garage":"CENTER","type":"bus","lastLocID":9368,"messageCode":788,"time":1395763532210,"expires":1395763951000,"signMessageLong":"70  12th/NE 33rd Ave to Milwaukie","extraBlockID":null,"locationInScheduleDay":32731,"longitude":-122.6357648,"blockID":7008,"offRoute":false,"nextLocID":9414,"vehicleID":2506,"signMessage":"70 To Milwaukie","extraTripID":null,"nextStopSeq":2,"routeNumber":70,"vehicleLoad":"unknown","bearing":180,"lastStopSeq":1,"inCongestion":false,"delay":0,"latitude":45.5898735},{"tripID":4417881,"serviceDate":1395730800000,"direction":0,"garage":"POWELL","type":"bus","lastLocID":5890,"messageCode":766,"time":1395763538346,"expires":1395763954000,"signMessageLong":"72  Killingsworth/82nd to Swan Island-Anchor St","extraBlockID":null,"locationInScheduleDay":32813,"longitude":-122.6613752,"blockID":7238,"offRoute":false,"nextLocID":10957,"vehicleID":2527,"signMessage":"72 Swan Island","extraTripID":null,"nextStopSeq":93,"routeNumber":72,"vehicleLoad":"unknown","bearing":0,"lastStopSeq":92,"inCongestion":false,"delay":79,"latitude":45.5625341},{"tripID":4417174,"serviceDate":1395730800000,"direction":0,"garage":"CENTER","type":"bus","lastLocID":13477,"messageCode":781,"time":1395763532307,"expires":1395763951000,"signMessageLong":"70  12th/NE 33rd Ave to NE Sunderland via 17th & Tacoma","extraBlockID":null,"locationInScheduleDay":32731,"longitude":-122.6407309,"blockID":7002,"offRoute":false,"nextLocID":8225,"vehicleID":2524,"signMessage":"70 To Sunderland via 17th","extraTripID":null,"nextStopSeq":2,"routeNumber":70,"vehicleLoad":"unknown","bearing":81,"lastStopSeq":1,"inCongestion":false,"delay":0,"latitude":45.4448667},{"tripID":4418208,"serviceDate":1395730800000,"direction":1,"garage":"POWELL","type":"bus","lastLocID":8000,"messageCode":760,"time":1395763541247,"expires":1395763959000,"signMessageLong":"72  Killingsworth/82nd to Clackamas TC","extraBlockID":null,"locationInScheduleDay":32739,"longitude":-122.5791014,"blockID":7239,"offRoute":false,"nextLocID":7978,"vehicleID":2540,"signMessage":"72 Clackamas TC","extraTripID":null,"nextStopSeq":66,"routeNumber":72,"vehicleLoad":"unknown","bearing":180,"lastStopSeq":65,"inCongestion":false,"delay":0,"latitude":45.5334929},{"tripID":4417883,"serviceDate":1395730800000,"direction":0,"garage":"POWELL","type":"bus","lastLocID":7933,"messageCode":766,"time":1395763538368,"expires":1395763957000,"signMessageLong":"72  Killingsworth/82nd to Swan Island-Anchor St","extraBlockID":null,"locationInScheduleDay":32707,"longitude":-122.5786942,"blockID":7240,"offRoute":false,"nextLocID":8039,"vehicleID":2533,"signMessage":"72 Swan Island","extraTripID":null,"nextStopSeq":58,"routeNumber":72,"vehicleLoad":"unknown","bearing":0,"lastStopSeq":57,"inCongestion":false,"delay":-30,"latitude":45.5521999},{"tripID":4417880,"serviceDate":1395730800000,"direction":0,"garage":"POWELL","type":"bus","lastLocID":3161,"messageCode":766,"time":1395763532750,"expires":1395763951000,"signMessageLong":"72  Killingsworth/82nd to Swan Island-Anchor St","extraBlockID":null,"locationInScheduleDay":32674,"longitude":-122.6951786,"blockID":7236,"offRoute":false,"nextLocID":3167,"vehicleID":2552,"signMessage":"72 Swan Island","extraTripID":null,"nextStopSeq":104,"routeNumber":72,"vehicleLoad":"unknown","bearing":270,"lastStopSeq":103,"inCongestion":false,"delay":-57,"latitude":45.5627447},{"tripID":4417886,"serviceDate":1395730800000,"direction":0,"garage":"POWELL","type":"bus","lastLocID":8015,"messageCode":766,"time":1395763541512,"expires":1395763959000,"signMessageLong":"72  Killingsworth/82nd to Swan Island-Anchor St","extraBlockID":null,"locationInScheduleDay":32664,"longitude":-122.5791428,"blockID":7242,"offRoute":false,"nextLocID":8017,"vehicleID":2548,"signMessage":"72 Swan Island","extraTripID":null,"nextStopSeq":8,"routeNumber":72,"vehicleLoad":"unknown","bearing":0,"lastStopSeq":7,"inCongestion":false,"delay":-75,"latitude":45.4545696},{"tripID":4411580,"serviceDate":1395730800000,"direction":1,"garage":"POWELL","type":"bus","lastLocID":1831,"messageCode":268,"time":1395763532732,"expires":1395763948000,"signMessageLong":"14  Hawthorne to Portland","extraBlockID":null,"locationInScheduleDay":32728,"longitude":-122.5662917,"blockID":1440,"offRoute":false,"nextLocID":13236,"vehicleID":2308,"signMessage":"14 To Portland","extraTripID":null,"nextStopSeq":2,"routeNumber":14,"vehicleLoad":"unknown","bearing":291,"lastStopSeq":1,"inCongestion":false,"delay":0,"latitude":45.4791765},{"tripID":4418212,"serviceDate":1395730800000,"direction":1,"garage":"POWELL","type":"bus","lastLocID":8681,"messageCode":760,"time":1395763526426,"expires":1395763942000,"signMessageLong":"72  Killingsworth/82nd to Clackamas TC","extraBlockID":null,"locationInScheduleDay":33242,"longitude":-122.6992441,"blockID":7253,"offRoute":false,"nextLocID":9399,"vehicleID":2318,"signMessage":"72 Clackamas TC","extraTripID":null,"nextStopSeq":3,"routeNumber":72,"vehicleLoad":"unknown","bearing":101,"lastStopSeq":2,"inCongestion":false,"delay":520,"latitude":45.5562381},{"tripID":4411321,"serviceDate":1395730800000,"direction":0,"garage":"POWELL","type":"bus","lastLocID":1816,"messageCode":266,"time":1395763541488,"expires":1395763959000,"signMessageLong":"14  Hawthorne to 94th & Foster","extraBlockID":null,"locationInScheduleDay":32727,"longitude":-122.5819659,"blockID":1435,"offRoute":false,"nextLocID":1819,"vehicleID":2316,"signMessage":"14 To 94-Foster","extraTripID":null,"nextStopSeq":42,"routeNumber":14,"vehicleLoad":"unknown","bearing":118,"lastStopSeq":41,"inCongestion":false,"delay":-12,"latitude":45.4839882},{"tripID":4419231,"serviceDate":1395730800000,"direction":1,"garage":"CENTER","type":"bus","lastLocID":2046,"messageCode":813,"time":1395763541236,"expires":1395763959000,"signMessageLong":"77  Broadway/Halsey to Montgomery Park","extraBlockID":null,"locationInScheduleDay":32682,"longitude":-122.6851604,"blockID":7705,"offRoute":false,"nextLocID":2062,"vehicleID":2720,"signMessage":"77 Montgomry Pk","extraTripID":null,"nextStopSeq":92,"routeNumber":77,"vehicleLoad":"unknown","bearing":268,"lastStopSeq":91,"inCongestion":false,"delay":-57,"latitude":45.5264711},{"tripID":4411322,"serviceDate":1395730800000,"direction":0,"garage":"CENTER","type":"bus","lastLocID":2614,"messageCode":266,"time":1395763541223,"expires":1395763959000,"signMessageLong":"14  Hawthorne to 94th & Foster","extraBlockID":null,"locationInScheduleDay":32602,"longitude":-122.6370475,"blockID":1404,"offRoute":false,"nextLocID":2615,"vehicleID":2718,"signMessage":"14 To 94-Foster","extraTripID":null,"nextStopSeq":14,"routeNumber":14,"vehicleLoad":"unknown","bearing":90,"lastStopSeq":13,"inCongestion":false,"delay":-137,"latitude":45.5120721},{"tripID":4417173,"serviceDate":1395730800000,"direction":0,"garage":"CENTER","type":"bus","lastLocID":6893,"messageCode":780,"time":1395763532195,"expires":1395763948000,"signMessageLong":"70  12th/NE 33rd Ave to NE Sunderland","extraBlockID":null,"locationInScheduleDay":32556,"longitude":-122.6483675,"blockID":7007,"offRoute":false,"nextLocID":6863,"vehicleID":2709,"signMessage":"70 To Sunderlnd","extraTripID":null,"nextStopSeq":22,"routeNumber":70,"vehicleLoad":"unknown","bearing":0,"lastStopSeq":21,"inCongestion":false,"delay":-172,"latitude":45.4873142},{"tripID":4417324,"serviceDate":1395730800000,"direction":1,"garage":"CENTER","type":"bus","lastLocID":4044,"messageCode":790,"time":1395763541170,"expires":1395763959000,"signMessageLong":"70  12th Ave to Milwaukie via 13th & Tacoma","extraBlockID":null,"locationInScheduleDay":32545,"longitude":-122.6566061,"blockID":7001,"offRoute":false,"nextLocID":8937,"vehicleID":2704,"signMessage":"70 To Milw via 13","extraTripID":null,"nextStopSeq":44,"routeNumber":70,"vehicleLoad":"unknown","bearing":180,"lastStopSeq":43,"inCongestion":false,"delay":-194,"latitude":45.530319},{"tripID":4417171,"serviceDate":1395730800000,"direction":0,"garage":"CENTER","type":"bus","lastLocID":9339,"messageCode":783,"time":1395763526271,"expires":1395763945000,"signMessageLong":"70  33rd Ave to NE Sunderland","extraBlockID":null,"locationInScheduleDay":32859,"longitude":-122.6350417,"blockID":7003,"offRoute":false,"nextLocID":11171,"vehicleID":2705,"signMessage":"70 To Sunderlnd","extraTripID":null,"nextStopSeq":80,"routeNumber":70,"vehicleLoad":"unknown","bearing":336,"lastStopSeq":79,"inCongestion":false,"delay":134,"latitude":45.5943809},{"tripID":4417323,"serviceDate":1395730800000,"direction":1,"garage":"CENTER","type":"bus","lastLocID":6846,"messageCode":789,"time":1395763538316,"expires":1395763957000,"signMessageLong":"70  12th Ave to Milwaukie via 17th & Tacoma","extraBlockID":null,"locationInScheduleDay":32692,"longitude":-122.6483721,"blockID":7004,"offRoute":false,"nextLocID":6862,"vehicleID":2701,"signMessage":"70 To Milw via 17","extraTripID":null,"nextStopSeq":65,"routeNumber":70,"vehicleLoad":"unknown","bearing":180,"lastStopSeq":64,"inCongestion":false,"delay":-45,"latitude":45.4838814},{"tripID":4419094,"serviceDate":1395730800000,"direction":0,"garage":"CENTER","type":"bus","lastLocID":2327,"messageCode":809,"time":1395763502234,"expires":1395763919000,"signMessageLong":"77  Broadway/Halsey to Troutdale","extraBlockID":null,"locationInScheduleDay":32521,"longitude":-122.4404097,"blockID":7704,"offRoute":false,"nextLocID":2436,"vehicleID":2614,"signMessage":"77 To Troutdale","extraTripID":null,"nextStopSeq":88,"routeNumber":77,"vehicleLoad":"unknown","bearing":80,"lastStopSeq":87,"inCongestion":false,"delay":-178,"latitude":45.534049},{"tripID":4411576,"serviceDate":1395730800000,"direction":1,"garage":"CENTER","type":"bus","lastLocID":13169,"messageCode":266,"time":1395763526403,"expires":1395763943000,"signMessageLong":"14  Hawthorne to 94th & Foster","extraBlockID":null,"locationInScheduleDay":32814,"longitude":-122.6788462,"blockID":1401,"offRoute":false,"nextLocID":3639,"vehicleID":2608,"signMessage":"14 To 94-Foster","extraTripID":null,"nextStopSeq":45,"routeNumber":14,"vehicleLoad":"unknown","bearing":110,"lastStopSeq":44,"inCongestion":false,"delay":91,"latitude":45.5153222},{"tripID":4417325,"serviceDate":1395730800000,"direction":1,"garage":"CENTER","type":"bus","lastLocID":7381,"messageCode":788,"time":1395763532581,"expires":1395763948000,"signMessageLong":"70  12th/NE 33rd Ave to Milwaukie","extraBlockID":null,"locationInScheduleDay":32748,"longitude":-122.6306805,"blockID":7010,"offRoute":false,"nextLocID":7382,"vehicleID":2623,"signMessage":"70 To Milwaukie","extraTripID":null,"nextStopSeq":18,"routeNumber":70,"vehicleLoad":"unknown","bearing":179,"lastStopSeq":17,"inCongestion":false,"delay":20,"latitude":45.5639269},{"tripID":4419229,"serviceDate":1395730800000,"direction":1,"garage":"CENTER","type":"bus","lastLocID":8483,"messageCode":813,"time":1395763535260,"expires":1395763952000,"signMessageLong":"77  Broadway/Halsey to Montgomery Park","extraBlockID":null,"locationInScheduleDay":31362,"longitude":-122.7069345,"blockID":7707,"offRoute":false,"nextLocID":8484,"vehicleID":2653,"signMessage":"77 Montgomry Pk","extraTripID":null,"nextStopSeq":109,"routeNumber":77,"vehicleLoad":"unknown","bearing":178,"lastStopSeq":108,"inCongestion":false,"delay":0,"latitude":45.5377966},{"tripID":4417172,"serviceDate":1395730800000,"direction":0,"garage":"CENTER","type":"bus","lastLocID":4048,"messageCode":783,"time":1395763538425,"expires":1395763957000,"signMessageLong":"70  33rd Ave to NE Sunderland","extraBlockID":null,"locationInScheduleDay":32720,"longitude":-122.6475541,"blockID":7009,"offRoute":false,"nextLocID":4050,"vehicleID":2626,"signMessage":"70 To Sunderlnd","extraTripID":null,"nextStopSeq":37,"routeNumber":70,"vehicleLoad":"unknown","bearing":89,"lastStopSeq":36,"inCongestion":false,"delay":-17,"latitude":45.5314591},{"tripID":4419097,"serviceDate":1395730800000,"direction":0,"garage":"CENTER","type":"bus","lastLocID":1608,"messageCode":809,"time":1395763541461,"expires":1395763959000,"signMessageLong":"77  Broadway/Halsey to Troutdale","extraBlockID":null,"locationInScheduleDay":32517,"longitude":-122.6853748,"blockID":7703,"offRoute":false,"nextLocID":1607,"vehicleID":2630,"signMessage":"77 To Troutdale","extraTripID":null,"nextStopSeq":14,"routeNumber":77,"vehicleLoad":"unknown","bearing":88,"lastStopSeq":13,"inCongestion":false,"delay":-222,"latitude":45.5250428},{"tripID":4419233,"serviceDate":1395730800000,"direction":1,"garage":"CENTER","type":"bus","lastLocID":2443,"messageCode":813,"time":1395763523129,"expires":1395763940000,"signMessageLong":"77  Broadway/Halsey to Montgomery Park","extraBlockID":null,"locationInScheduleDay":32635,"longitude":-122.5960617,"blockID":7706,"offRoute":false,"nextLocID":2441,"vehicleID":2632,"signMessage":"77 Montgomry Pk","extraTripID":null,"nextStopSeq":59,"routeNumber":77,"vehicleLoad":"unknown","bearing":270,"lastStopSeq":58,"inCongestion":false,"delay":-85,"latitude":45.5336721},{"tripID":4418206,"serviceDate":1395730800000,"direction":1,"garage":"POWELL","type":"bus","lastLocID":7988,"messageCode":760,"time":1395763532091,"expires":1395763951000,"signMessageLong":"72  Killingsworth/82nd to Clackamas TC","extraBlockID":null,"locationInScheduleDay":32796,"longitude":-122.5791202,"blockID":7237,"offRoute":false,"nextLocID":8018,"vehicleID":3004,"signMessage":"72 Clackamas TC","extraTripID":null,"nextStopSeq":104,"routeNumber":72,"vehicleLoad":"unknown","bearing":180,"lastStopSeq":103,"inCongestion":false,"delay":65,"latitude":45.4559807},{"tripID":4413802,"serviceDate":1395730800000,"direction":0,"garage":"POWELL","type":"bus","lastLocID":2575,"messageCode":457,"time":1395763544537,"expires":1395763961000,"signMessageLong":"31  Clackamas Town Center, continuing to Estacada","extraBlockID":null,"locationInScheduleDay":32544,"longitude":-122.6289275,"blockID":3136,"offRoute":false,"nextLocID":2578,"vehicleID":3007,"signMessage":"31 To Estacada via Clackamas","extraTripID":null,"nextStopSeq":6,"routeNumber":31,"vehicleLoad":"unknown","bearing":88,"lastStopSeq":5,"inCongestion":false,"delay":-197,"latitude":45.4466042},{"tripID":4418211,"serviceDate":1395730800000,"direction":1,"garage":"POWELL","type":"bus","lastLocID":2226,"messageCode":760,"time":1395763538291,"expires":1395763955000,"signMessageLong":"72  Killingsworth/82nd to Clackamas TC","extraBlockID":null,"locationInScheduleDay":32788,"longitude":-122.6956396,"blockID":7251,"offRoute":false,"nextLocID":9403,"vehicleID":3003,"signMessage":"72 Clackamas TC","extraTripID":null,"nextStopSeq":7,"routeNumber":72,"vehicleLoad":"unknown","bearing":0,"lastStopSeq":6,"inCongestion":false,"delay":53,"latitude":45.5626785},{"tripID":4418209,"serviceDate":1395730800000,"direction":1,"garage":"POWELL","type":"bus","lastLocID":3145,"messageCode":760,"time":1395763541108,"expires":1395763959000,"signMessageLong":"72  Killingsworth/82nd to Clackamas TC","extraBlockID":null,"locationInScheduleDay":32676,"longitude":-122.6015115,"blockID":7241,"offRoute":false,"nextLocID":3146,"vehicleID":3048,"signMessage":"72 Clackamas TC","extraTripID":null,"nextStopSeq":46,"routeNumber":72,"vehicleLoad":"unknown","bearing":90,"lastStopSeq":45,"inCongestion":false,"delay":-63,"latitude":45.5627578},{"tripID":4417885,"serviceDate":1395730800000,"direction":0,"garage":"POWELL","type":"bus","lastLocID":8031,"messageCode":766,"time":1395763467060,"expires":1395763885000,"signMessageLong":"72  Killingsworth/82nd to Swan Island-Anchor St","extraBlockID":null,"locationInScheduleDay":32754,"longitude":-122.5787362,"blockID":7235,"offRoute":false,"nextLocID":8023,"vehicleID":3053,"signMessage":"72 Swan Island","extraTripID":null,"nextStopSeq":29,"routeNumber":72,"vehicleLoad":"unknown","bearing":0,"lastStopSeq":28,"inCongestion":false,"delay":89,"latitude":45.497615},{"tripID":4418207,"serviceDate":1395730800000,"direction":1,"garage":"POWELL","type":"bus","lastLocID":7948,"messageCode":760,"time":1395763532213,"expires":1395763951000,"signMessageLong":"72  Killingsworth/82nd to Clackamas TC","extraBlockID":null,"locationInScheduleDay":32669,"longitude":-122.5787117,"blockID":7245,"offRoute":false,"nextLocID":8062,"vehicleID":3052,"signMessage":"72 Clackamas TC","extraTripID":null,"nextStopSeq":81,"routeNumber":72,"vehicleLoad":"unknown","bearing":180,"lastStopSeq":80,"inCongestion":false,"delay":-62,"latitude":45.5025073},{"tripID":4418210,"serviceDate":1395730800000,"direction":1,"garage":"POWELL","type":"bus","lastLocID":50,"messageCode":760,"time":1395763538325,"expires":1395763957000,"signMessageLong":"72  Killingsworth/82nd to Clackamas TC","extraBlockID":null,"locationInScheduleDay":32717,"longitude":-122.6510536,"blockID":7234,"offRoute":false,"nextLocID":52,"vehicleID":3054,"signMessage":"72 Clackamas TC","extraTripID":null,"nextStopSeq":26,"routeNumber":72,"vehicleLoad":"unknown","bearing":90,"lastStopSeq":25,"inCongestion":false,"delay":-20,"latitude":45.5590992},{"tripID":4419234,"serviceDate":1395730800000,"direction":1,"garage":"POWELL","type":"bus","lastLocID":2373,"messageCode":813,"time":1395763544588,"expires":1395763961000,"signMessageLong":"77  Broadway/Halsey to Montgomery Park","extraBlockID":null,"locationInScheduleDay":32830,"longitude":-122.5319609,"blockID":7734,"offRoute":false,"nextLocID":2369,"vehicleID":3046,"signMessage":"77 Montgomry Pk","extraTripID":null,"nextStopSeq":37,"routeNumber":77,"vehicleLoad":"unknown","bearing":270,"lastStopSeq":36,"inCongestion":false,"delay":89,"latitude":45.5335434},{"tripID":4419095,"serviceDate":1395730800000,"direction":0,"garage":"POWELL","type":"bus","lastLocID":7999,"messageCode":809,"time":1395763528970,"expires":1395763945000,"signMessageLong":"77  Broadway/Halsey to Troutdale","extraBlockID":null,"locationInScheduleDay":32546,"longitude":-122.5775127,"blockID":7738,"offRoute":false,"nextLocID":2456,"vehicleID":3035,"signMessage":"77 To Troutdale","extraTripID":null,"nextStopSeq":53,"routeNumber":77,"vehicleLoad":"unknown","bearing":106,"lastStopSeq":52,"inCongestion":false,"delay":-179,"latitude":45.5335799},{"tripID":4419096,"serviceDate":1395730800000,"direction":0,"garage":"CENTER","type":"bus","lastLocID":642,"messageCode":809,"time":1395763544607,"expires":1395763963000,"signMessageLong":"77  Broadway/Halsey to Troutdale","extraBlockID":null,"locationInScheduleDay":32848,"longitude":-122.632175,"blockID":7702,"offRoute":false,"nextLocID":645,"vehicleID":2005,"signMessage":"77 To Troutdale","extraTripID":null,"nextStopSeq":32,"routeNumber":77,"vehicleLoad":"unknown","bearing":90,"lastStopSeq":31,"inCongestion":false,"delay":105,"latitude":45.5351601}],"queryTime":1395763549138}}
