{"resultSet":{"vehicle":[{"tripID":4411313,"serviceDate":1395730800000,"direction":0,"garage":"POWELL","type":"bus","lastLocID":7655,"messageCode":266,"time":1395755362827,"expires":1395755780000,"signMessageLong":"14  Hawthorne to 94th & Foster","extraBlockID":null,"locationInScheduleDay":24677,"longitude":-122.6110245,"blockID":1436,"offRoute":false,"nextLocID":7653,"vehicleID":2206,"signMessage":"14 To 94-Foster","extraTripID":null,"nextStopSeq":26,"routeNumber":14,"vehicleLoad":"unknown","bearing":180,"lastStopSeq":25,"inCongestion":false,"delay":117,"latitude":45.503777},{"tripID":4419089,"serviceDate":1395730800000,"direction":0,"garage":"POWELL","type":"bus","lastLocID":1612,"messageCode":809,"time":1395755362891,"expires":1395755781000,"signMessageLong":"77  Broadway/Halsey to Troutdale","extraBlockID":null,"locationInScheduleDay":24456,"longitude":-122.6706559,"blockID":7735,"offRoute":false,"nextLocID":11817,"vehicleID":2222,"signMessage":"77 To Troutdale","extraTripID":null,"nextStopSeq":19,"routeNumber":77,"vehicleLoad":"unknown","bearing":359,"lastStopSeq":18,"inCongestion":false,"delay":-105,"latitude":45.526001},{"tripID":4419223,"serviceDate":1395730800000,"direction":1,"garage":"POWELL","type":"bus","lastLocID":1997,"messageCode":813,"time":1395755366127,"expires":1395755784000,"signMessageLong":"77  Broadway/Halsey to Montgomery Park","extraBlockID":null,"locationInScheduleDay":24542,"longitude":-122.6796676,"blockID":7736,"offRoute":false,"nextLocID":2011,"vehicleID":2221,"signMessage":"77 Montgomry Pk","extraTripID":null,"nextStopSeq":89,"routeNumber":77,"vehicleLoad":"unknown","bearing":268,"lastStopSeq":88,"inCongestion":false,"delay":-22,"latitude":45.526572},{"tripID":4411562,"serviceDate":1395730800000,"direction":1,"garage":"POWELL","type":"bus","lastLocID":1818,"messageCode":268,"time":1395755366139,"expires":1395755784000,"signMessageLong":"14  Hawthorne to Portland","extraBlockID":null,"locationInScheduleDay":24540,"longitude":-122.5796973,"blockID":1437,"offRoute":false,"nextLocID":1815,"vehicleID":2264,"signMessage":"14 To Portland","extraTripID":null,"nextStopSeq":7,"routeNumber":14,"vehicleLoad":"unknown","bearing":299,"lastStopSeq":6,"inCongestion":false,"delay":-24,"latitude":45.4831103},{"tripID":4418198,"serviceDate":1395730800000,"direction":1,"garage":"POWELL","type":"bus","lastLocID":3179,"messageCode":760,"time":1395755360080,"expires":1395755776000,"signMessageLong":"72  Killingsworth/82nd to Clackamas TC","extraBlockID":null,"locationInScheduleDay":24606,"longitude":-122.6879457,"blockID":7246,"offRoute":false,"nextLocID":3162,"vehicleID":2296,"signMessage":"72 Clackamas TC","extraTripID":null,"nextStopSeq":10,"routeNumber":72,"vehicleLoad":"unknown","bearing":90,"lastStopSeq":9,"inCongestion":false,"delay":50,"latitude":45.5627104},{"tripID":4419224,"serviceDate":1395730800000,"direction":1,"garage":"POWELL","type":"bus","lastLocID":10869,"messageCode":813,"time":1395755375020,"expires":1395755791000,"signMessageLong":"77  Broadway/Halsey to Montgomery Park","extraBlockID":null,"locationInScheduleDay":24427,"longitude":-122.6203395,"blockID":7737,"offRoute":false,"nextLocID":7484,"vehicleID":2285,"signMessage":"77 Montgomry Pk","extraTripID":null,"nextStopSeq":69,"routeNumber":77,"vehicleLoad":"unknown","bearing":1,"lastStopSeq":68,"inCongestion":false,"delay":-144,"latitude":45.5334363},{"tripID":4417869,"serviceDate":1395730800000,"direction":0,"garage":"POWELL","type":"bus","lastLocID":8026,"messageCode":766,"time":1395755360115,"expires":1395755776000,"signMessageLong":"72  Killingsworth/82nd to Swan Island-Anchor St","extraBlockID":null,"locationInScheduleDay":24570,"longitude":-122.5786296,"blockID":7244,"offRoute":false,"nextLocID":8063,"vehicleID":2276,"signMessage":"72 Swan Island","extraTripID":null,"nextStopSeq":60,"routeNumber":72,"vehicleLoad":"unknown","bearing":0,"lastStopSeq":59,"inCongestion":false,"delay":14,"latitude":45.555543},{"tripID":4417163,"serviceDate":1395730800000,"direction":0,"garage":"CENTER","type":"bus","lastLocID":13040,"messageCode":783,"time":1395755302777,"expires":1395755721000,"signMessageLong":"70  33rd Ave to NE Sunderland","extraBlockID":null,"locationInScheduleDay":24360,"longitude":-122.6357648,"blockID":7005,"offRoute":false,"nextLocID":9368,"vehicleID":2132,"signMessage":"70 To Sunderlnd","extraTripID":null,"nextStopSeq":83,"routeNumber":70,"vehicleLoad":"unknown","bearing":180,"lastStopSeq":82,"inCongestion":false,"delay":0,"latitude":45.5898735},{"tripID":4413878,"serviceDate":1395730800000,"direction":1,"garage":"CENTER","type":"bus","lastLocID":2574,"messageCode":462,"time":1395755362733,"expires":1395755780000,"signMessageLong":"31L Portland Limited","extraBlockID":null,"locationInScheduleDay":24120,"longitude":-122.6398568,"blockID":3001,"offRoute":false,"nextLocID":3858,"vehicleID":2123,"signMessage":"31L To Portland Limited","extraTripID":null,"nextStopSeq":6,"routeNumber":31,"vehicleLoad":"unknown","bearing":3,"lastStopSeq":5,"inCongestion":false,"delay":-440,"latitude":45.4579007},{"tripID":4417166,"serviceDate":1395730800000,"direction":0,"garage":"CENTER","type":"bus","lastLocID":13477,"messageCode":781,"time":1395755374839,"expires":1395755794000,"signMessageLong":"70  12th/NE 33rd Ave to NE Sunderland via 17th & Tacoma","extraBlockID":null,"locationInScheduleDay":24540,"longitude":-122.6407309,"blockID":7006,"offRoute":false,"nextLocID":8225,"vehicleID":2150,"signMessage":"70 To Sunderland via 17th","extraTripID":null,"nextStopSeq":2,"routeNumber":70,"vehicleLoad":"unknown","bearing":81,"lastStopSeq":1,"inCongestion":false,"delay":-34,"latitude":45.4448667},{"tripID":4418197,"serviceDate":1395730800000,"direction":1,"garage":"POWELL","type":"bus","lastLocID":5927,"messageCode":760,"time":1395755384038,"expires":1395755801000,"signMessageLong":"72  Killingsworth/82nd to Clackamas TC","extraBlockID":null,"locationInScheduleDay":24592,"longitude":-122.6615652,"blockID":7238,"offRoute":false,"nextLocID":46,"vehicleID":2527,"signMessage":"72 Clackamas TC","extraTripID":null,"nextStopSeq":21,"routeNumber":72,"vehicleLoad":"unknown","bearing":180,"lastStopSeq":20,"inCongestion":false,"delay":11,"latitude":45.5592815},{"tripID":4417165,"serviceDate":1395730800000,"direction":0,"garage":"CENTER","type":"bus","lastLocID":13693,"messageCode":780,"time":1395755374935,"expires":1395755792000,"signMessageLong":"70  12th/NE 33rd Ave to NE Sunderland","extraBlockID":null,"locationInScheduleDay":24558,"longitude":-122.6527813,"blockID":7002,"offRoute":false,"nextLocID":4539,"vehicleID":2524,"signMessage":"70 To Sunderlnd","extraTripID":null,"nextStopSeq":26,"routeNumber":70,"vehicleLoad":"unknown","bearing":289,"lastStopSeq":25,"inCongestion":false,"delay":-14,"latitude":45.5008097},{"tripID":4419087,"serviceDate":1395730800000,"direction":0,"garage":"CENTER","type":"bus","lastLocID":2360,"messageCode":809,"time":1395755359985,"expires":1395755776000,"signMessageLong":"77  Broadway/Halsey to Troutdale","extraBlockID":null,"locationInScheduleDay":24635,"longitude":-122.5447031,"blockID":7701,"offRoute":false,"nextLocID":2364,"vehicleID":2512,"signMessage":"77 To Troutdale","extraTripID":null,"nextStopSeq":61,"routeNumber":77,"vehicleLoad":"unknown","bearing":88,"lastStopSeq":60,"inCongestion":false,"delay":79,"latitude":45.5335125},{"tripID":4417872,"serviceDate":1395730800000,"direction":0,"garage":"POWELL","type":"bus","lastLocID":13248,"messageCode":768,"time":1395755366096,"expires":1395755784000,"signMessageLong":"72  Killingsworth/82nd to Swan Island-Shipyards","extraBlockID":null,"locationInScheduleDay":24578,"longitude":-122.5691516,"blockID":7239,"offRoute":false,"nextLocID":12922,"vehicleID":2540,"signMessage":"72 Swan Island","extraTripID":null,"nextStopSeq":2,"routeNumber":72,"vehicleLoad":"unknown","bearing":353,"lastStopSeq":1,"inCongestion":false,"delay":14,"latitude":45.4362402},{"tripID":4418199,"serviceDate":1395730800000,"direction":1,"garage":"POWELL","type":"bus","lastLocID":115,"messageCode":760,"time":1395755360006,"expires":1395755777000,"signMessageLong":"72  Killingsworth/82nd to Clackamas TC","extraBlockID":null,"locationInScheduleDay":24557,"longitude":-122.703865,"blockID":7240,"offRoute":false,"nextLocID":8681,"vehicleID":2533,"signMessage":"72 Clackamas TC","extraTripID":null,"nextStopSeq":2,"routeNumber":72,"vehicleLoad":"unknown","bearing":159,"lastStopSeq":1,"inCongestion":false,"delay":0,"latitude":45.5567629},{"tripID":4418196,"serviceDate":1395730800000,"direction":1,"garage":"POWELL","type":"bus","lastLocID":3190,"messageCode":760,"time":1395755380990,"expires":1395755798000,"signMessageLong":"72  Killingsworth/82nd to Clackamas TC","extraBlockID":null,"locationInScheduleDay":24537,"longitude":-122.631271,"blockID":7236,"offRoute":false,"nextLocID":3191,"vehicleID":2552,"signMessage":"72 Clackamas TC","extraTripID":null,"nextStopSeq":36,"routeNumber":72,"vehicleLoad":"unknown","bearing":89,"lastStopSeq":35,"inCongestion":false,"delay":-41,"latitude":45.562721},{"tripID":4413798,"serviceDate":1395730800000,"direction":0,"garage":"POWELL","type":"bus","lastLocID":4002,"messageCode":457,"time":1395755360166,"expires":1395755779000,"signMessageLong":"31  Clackamas Town Center, continuing to Estacada","extraBlockID":null,"locationInScheduleDay":24709,"longitude":-122.576207,"blockID":3134,"offRoute":false,"nextLocID":12922,"vehicleID":2555,"signMessage":"31 To Estacada via Clackamas","extraTripID":null,"nextStopSeq":24,"routeNumber":31,"vehicleLoad":"unknown","bearing":90,"lastStopSeq":23,"inCongestion":false,"delay":150,"latitude":45.4382809},{"tripID":4417868,"serviceDate":1395730800000,"direction":0,"garage":"POWELL","type":"bus","lastLocID":3192,"messageCode":768,"time":1395755378749,"expires":1395755795000,"signMessageLong":"72  Killingsworth/82nd to Swan Island-Shipyards","extraBlockID":null,"locationInScheduleDay":24286,"longitude":-122.6317976,"blockID":7242,"offRoute":false,"nextLocID":3189,"vehicleID":2548,"signMessage":"72 Swan Island","extraTripID":null,"nextStopSeq":79,"routeNumber":72,"vehicleLoad":"unknown","bearing":269,"lastStopSeq":78,"inCongestion":false,"delay":-289,"latitude":45.56272},{"tripID":4411561,"serviceDate":1395730800000,"direction":1,"garage":"POWELL","type":"bus","lastLocID":7654,"messageCode":268,"time":1395755380970,"expires":1395755798000,"signMessageLong":"14  Hawthorne to Portland","extraBlockID":null,"locationInScheduleDay":24435,"longitude":-122.6110231,"blockID":1435,"offRoute":false,"nextLocID":7659,"vehicleID":2316,"signMessage":"14 To Portland","extraTripID":null,"nextStopSeq":22,"routeNumber":14,"vehicleLoad":"unknown","bearing":353,"lastStopSeq":21,"inCongestion":false,"delay":-143,"latitude":45.505117},{"tripID":4413879,"serviceDate":1395730800000,"direction":1,"garage":"CENTER","type":"bus","lastLocID":3228,"messageCode":464,"time":1395755380860,"expires":1395755799000,"signMessageLong":"31  To Portland via Milwaukie","extraBlockID":null,"locationInScheduleDay":24463,"longitude":-122.580357,"blockID":1403,"offRoute":false,"nextLocID":3254,"vehicleID":2725,"signMessage":"31 To Portland","extraTripID":null,"nextStopSeq":6,"routeNumber":31,"vehicleLoad":"unknown","bearing":270,"lastStopSeq":5,"inCongestion":false,"delay":-116,"latitude":45.4470326},{"tripID":4419088,"serviceDate":1395730800000,"direction":0,"garage":"CENTER","type":"bus","lastLocID":10870,"messageCode":809,"time":1395755374926,"expires":1395755794000,"signMessageLong":"77  Broadway/Halsey to Troutdale","extraBlockID":null,"locationInScheduleDay":24545,"longitude":-122.6203392,"blockID":7705,"offRoute":false,"nextLocID":7509,"vehicleID":2720,"signMessage":"77 To Troutdale","extraTripID":null,"nextStopSeq":36,"routeNumber":77,"vehicleLoad":"unknown","bearing":0,"lastStopSeq":35,"inCongestion":false,"delay":-29,"latitude":45.5334476},{"tripID":4417164,"serviceDate":1395730800000,"direction":0,"garage":"CENTER","type":"bus","lastLocID":636,"messageCode":783,"time":1395755366042,"expires":1395755782000,"signMessageLong":"70  33rd Ave to NE Sunderland","extraBlockID":null,"locationInScheduleDay":24490,"longitude":-122.637256,"blockID":7007,"offRoute":false,"nextLocID":638,"vehicleID":2709,"signMessage":"70 To Sunderlnd","extraTripID":null,"nextStopSeq":43,"routeNumber":70,"vehicleLoad":"unknown","bearing":89,"lastStopSeq":42,"inCongestion":false,"delay":-72,"latitude":45.5351631},{"tripID":4417315,"serviceDate":1395730800000,"direction":1,"garage":"CENTER","type":"bus","lastLocID":6544,"messageCode":789,"time":1395755380830,"expires":1395755799000,"signMessageLong":"70  12th Ave to Milwaukie via 17th & Tacoma","extraBlockID":null,"locationInScheduleDay":24578,"longitude":-122.654227,"blockID":7001,"offRoute":false,"nextLocID":10472,"vehicleID":2704,"signMessage":"70 To Milw via 17","extraTripID":null,"nextStopSeq":57,"routeNumber":70,"vehicleLoad":"unknown","bearing":179,"lastStopSeq":56,"inCongestion":false,"delay":-1,"latitude":45.5015512},{"tripID":4417317,"serviceDate":1395730800000,"direction":1,"garage":"CENTER","type":"bus","lastLocID":9402,"messageCode":788,"time":1395755359964,"expires":1395755777000,"signMessageLong":"70  12th/NE 33rd Ave to Milwaukie","extraBlockID":null,"locationInScheduleDay":24655,"longitude":-122.6439372,"blockID":7003,"offRoute":false,"nextLocID":118,"vehicleID":2705,"signMessage":"70 To Milwaukie","extraTripID":null,"nextStopSeq":8,"routeNumber":70,"vehicleLoad":"unknown","bearing":180,"lastStopSeq":7,"inCongestion":false,"delay":98,"latitude":45.5795454},{"tripID":4417167,"serviceDate":1395730800000,"direction":0,"garage":"CENTER","type":"bus","lastLocID":13477,"messageCode":782,"time":1395755359951,"expires":1395755777000,"signMessageLong":"70  12th/NE 33rd Ave to NE Sunderland via 13th & Tacoma","extraBlockID":null,"locationInScheduleDay":24557,"longitude":-122.6407309,"blockID":7004,"offRoute":false,"nextLocID":8225,"vehicleID":2701,"signMessage":"70 To Sunderland via 13th","extraTripID":null,"nextStopSeq":2,"routeNumber":70,"vehicleLoad":"unknown","bearing":81,"lastStopSeq":1,"inCongestion":false,"delay":0,"latitude":45.4448667},{"tripID":4419225,"serviceDate":1395730800000,"direction":1,"garage":"CENTER","type":"bus","lastLocID":2457,"messageCode":813,"time":1395755380951,"expires":1395755798000,"signMessageLong":"77  Broadway/Halsey to Montgomery Park","extraBlockID":null,"locationInScheduleDay":24393,"longitude":-122.5759296,"blockID":7704,"offRoute":false,"nextLocID":10846,"vehicleID":2614,"signMessage":"77 Montgomry Pk","extraTripID":null,"nextStopSeq":52,"routeNumber":77,"vehicleLoad":"unknown","bearing":295,"lastStopSeq":51,"inCongestion":false,"delay":-185,"latitude":45.5335864},{"tripID":4411564,"serviceDate":1395730800000,"direction":1,"garage":"CENTER","type":"bus","lastLocID":1831,"messageCode":268,"time":1395755378654,"expires":1395755795000,"signMessageLong":"14  Hawthorne to Portland","extraBlockID":null,"locationInScheduleDay":24575,"longitude":-122.5662917,"blockID":1401,"offRoute":false,"nextLocID":13236,"vehicleID":2608,"signMessage":"14 To Portland","extraTripID":null,"nextStopSeq":2,"routeNumber":14,"vehicleLoad":"unknown","bearing":291,"lastStopSeq":1,"inCongestion":false,"delay":0,"latitude":45.4791765},{"tripID":4419086,"serviceDate":1395730800000,"direction":0,"garage":"CENTER","type":"bus","lastLocID":10758,"messageCode":809,"time":1395755360110,"expires":1395755776000,"signMessageLong":"77  Broadway/Halsey to Troutdale","extraBlockID":null,"locationInScheduleDay":24741,"longitude":-122.3947659,"blockID":7703,"offRoute":false,"nextLocID":9472,"vehicleID":2630,"signMessage":"77 To Troutdale","extraTripID":null,"nextStopSeq":101,"routeNumber":77,"vehicleLoad":"unknown","bearing":263,"lastStopSeq":100,"inCongestion":false,"delay":185,"latitude":45.545458},{"tripID":4417870,"serviceDate":1395730800000,"direction":0,"garage":"POWELL","type":"bus","lastLocID":8029,"messageCode":768,"time":1395755272964,"expires":1395755689000,"signMessageLong":"72  Killingsworth/82nd to Swan Island-Shipyards","extraBlockID":null,"locationInScheduleDay":24066,"longitude":-122.5789249,"blockID":7237,"offRoute":false,"nextLocID":8040,"vehicleID":3004,"signMessage":"72 Swan Island","extraTripID":null,"nextStopSeq":24,"routeNumber":72,"vehicleLoad":"unknown","bearing":0,"lastStopSeq":23,"inCongestion":false,"delay":-403,"latitude":45.4857025},{"tripID":4418193,"serviceDate":1395730800000,"direction":1,"garage":"POWELL","type":"bus","lastLocID":7942,"messageCode":760,"time":1395755366042,"expires":1395755782000,"signMessageLong":"72  Killingsworth/82nd to Clackamas TC","extraBlockID":null,"locationInScheduleDay":24187,"longitude":-122.5782392,"blockID":7241,"offRoute":false,"nextLocID":12921,"vehicleID":3048,"signMessage":"72 Clackamas TC","extraTripID":null,"nextStopSeq":110,"routeNumber":72,"vehicleLoad":"unknown","bearing":84,"lastStopSeq":109,"inCongestion":false,"delay":-375,"latitude":45.4370711},{"tripID":4417867,"serviceDate":1395730800000,"direction":0,"garage":"POWELL","type":"bus","lastLocID":2202,"messageCode":768,"time":1395755374888,"expires":1395755791000,"signMessageLong":"72  Killingsworth/82nd to Swan Island-Shipyards","extraBlockID":null,"locationInScheduleDay":24588,"longitude":-122.6914167,"blockID":7235,"offRoute":false,"nextLocID":2161,"vehicleID":3053,"signMessage":"72 Swan Island","extraTripID":null,"nextStopSeq":107,"routeNumber":72,"vehicleLoad":"unknown","bearing":270,"lastStopSeq":106,"inCongestion":false,"delay":17,"latitude":45.5559973},{"tripID":4417871,"serviceDate":1395730800000,"direction":0,"garage":"POWELL","type":"bus","lastLocID":7982,"messageCode":766,"time":1395755374882,"expires":1395755794000,"signMessageLong":"72  Killingsworth/82nd to Swan Island-Anchor St","extraBlockID":null,"locationInScheduleDay":24596,"longitude":-122.5790861,"blockID":7245,"offRoute":false,"nextLocID":7970,"vehicleID":3052,"signMessage":"72 Swan Island","extraTripID":null,"nextStopSeq":17,"routeNumber":72,"vehicleLoad":"unknown","bearing":359,"lastStopSeq":16,"inCongestion":false,"delay":22,"latitude":45.4724184},{"tripID":4418194,"serviceDate":1395730800000,"direction":1,"garage":"POWELL","type":"bus","lastLocID":8058,"messageCode":760,"time":1395755380831,"expires":1395755799000,"signMessageLong":"72  Killingsworth/82nd to Clackamas TC","extraBlockID":null,"locationInScheduleDay":24624,"longitude":-122.579089,"blockID":7234,"offRoute":false,"nextLocID":7961,"vehicleID":3054,"signMessage":"72 Clackamas TC","extraTripID":null,"nextStopSeq":94,"routeNumber":72,"vehicleLoad":"unknown","bearing":180,"lastStopSeq":93,"inCongestion":false,"delay":45,"latitude":45.4763262},{"tripID":4419222,"serviceDate":1395730800000,"direction":1,"garage":"POWELL","type":"bus","lastLocID":8483,"messageCode":813,"time":1395755362799,"expires":1395755780000,"signMessageLong":"77  Broadway/Halsey to Montgomery Park","extraBlockID":null,"locationInScheduleDay":24042,"longitude":-122.7069345,"blockID":7734,"offRoute":false,"nextLocID":8484,"vehicleID":3046,"signMessage":"77 Montgomry Pk","extraTripID":null,"nextStopSeq":109,"routeNumber":77,"vehicleLoad":"unknown","bearing":178,"lastStopSeq":108,"inCongestion":false,"delay":0,"latitude":45.5377966},{"tripID":4419226,"serviceDate":1395730800000,"direction":1,"garage":"POWELL","type":"bus","lastLocID":2406,"messageCode":813,"time":1395755359898,"expires":1395755776000,"signMessageLong":"77  Broadway/Halsey to Montgomery Park","extraBlockID":null,"locationInScheduleDay":24525,"longitude":-122.4767074,"blockID":7738,"offRoute":false,"nextLocID":8860,"vehicleID":3035,"signMessage":"77 Montgomry Pk","extraTripID":null,"nextStopSeq":22,"routeNumber":77,"vehicleLoad":"unknown","bearing":281,"lastStopSeq":21,"inCongestion":false,"delay":-31,"latitude":45.534692},{"tripID":4411560,"serviceDate":1395730800000,"direction":1,"garage":"POWELL","type":"bus","lastLocID":2602,"messageCode":268,"time":1395755362750,"expires":1395755780000,"signMessageLong":"14  Hawthorne to Portland","extraBlockID":null,"locationInScheduleDay":24149,"longitude":-122.6535218,"blockID":1434,"offRoute":false,"nextLocID":3637,"vehicleID":3027,"signMessage":"14 To Portland","extraTripID":null,"nextStopSeq":39,"routeNumber":14,"vehicleLoad":"unknown","bearing":292,"lastStopSeq":38,"inCongestion":false,"delay":-411,"latitude":45.512277},{"tripID":4418195,"serviceDate":1395730800000,"direction":1,"garage":"POWELL","type":"bus","lastLocID":8038,"messageCode":760,"time":1395755351032,"expires":1395755767000,"signMessageLong":"72  Killingsworth/82nd to Clackamas TC","extraBlockID":null,"locationInScheduleDay":24224,"longitude":-122.5786844,"blockID":7243,"offRoute":false,"nextLocID":7934,"vehicleID":3025,"signMessage":"72 Clackamas TC","extraTripID":null,"nextStopSeq":56,"routeNumber":72,"vehicleLoad":"unknown","bearing":180,"lastStopSeq":55,"inCongestion":false,"delay":-323,"latitude":45.5526992},{"tripID":4419227,"serviceDate":1395730800000,"direction":1,"garage":"CENTER","type":"bus","lastLocID":9471,"messageCode":813,"time":1395755374941,"expires":1395755791000,"signMessageLong":"77  Broadway/Halsey to Montgomery Park","extraBlockID":null,"locationInScheduleDay":24602,"longitude":-122.3910902,"blockID":7702,"offRoute":false,"nextLocID":8746,"vehicleID":2005,"signMessage":"77 Montgomry Pk","extraTripID":null,"nextStopSeq":3,"routeNumber":77,"vehicleLoad":"unknown","bearing":270,"lastStopSeq":2,"inCongestion":false,"delay":31,"latitude":45.5407691},{"tripID":4413877,"serviceDate":1395730800000,"direction":1,"garage":"CENTER","type":"bus","lastLocID":2171,"messageCode":466,"time":1395755362843,"expires":1395755780000,"signMessageLong":"31  Portland","extraBlockID":null,"locationInScheduleDay":24432,"longitude":-122.6607954,"blockID":1402,"offRoute":false,"nextLocID":2642,"vehicleID":2014,"signMessage":"31 To Portland","extraTripID":null,"nextStopSeq":37,"routeNumber":31,"vehicleLoad":"unknown","bearing":0,"lastStopSeq":36,"inCongestion":false,"delay":-128,"latitude":45.5100033}],"queryTime":1395755388823}}
