{"resultSet":{"vehicle":[{"tripID":4411577,"serviceDate":1395730800000,"direction":1,"garage":"POWELL","type":"bus","lastLocID":3641,"messageCode":268,"time":1395763358431,"expires":1395763776000,"signMessageLong":"14  Hawthorne to Portland","extraBlockID":null,"locationInScheduleDay":32771,"longitude":-122.6588214,"blockID":1436,"offRoute":false,"nextLocID":3633,"vehicleID":2206,"signMessage":"14 To Portland","extraTripID":null,"nextStopSeq":41,"routeNumber":14,"vehicleLoad":"unknown","bearing":270,"lastStopSeq":40,"inCongestion":false,"delay":215,"latitude":45.5129243},{"tripID":4419232,"serviceDate":1395730800000,"direction":1,"garage":"POWELL","type":"bus","lastLocID":10869,"messageCode":813,"time":1395763256476,"expires":1395763675000,"signMessageLong":"77  Broadway/Halsey to Montgomery Park","extraBlockID":null,"locationInScheduleDay":32403,"longitude":-122.6227637,"blockID":7735,"offRoute":false,"nextLocID":7484,"vehicleID":2222,"signMessage":"77 Montgomry Pk","extraTripID":null,"nextStopSeq":69,"routeNumber":77,"vehicleLoad":"unknown","bearing":254,"lastStopSeq":68,"inCongestion":false,"delay":-52,"latitude":45.5338616},{"tripID":4419235,"serviceDate":1395730800000,"direction":1,"garage":"POWELL","type":"bus","lastLocID":10630,"messageCode":813,"time":1395763353637,"expires":1395763771000,"signMessageLong":"77  Broadway/Halsey to Montgomery Park","extraBlockID":null,"locationInScheduleDay":32599,"longitude":-122.4047964,"blockID":7736,"offRoute":false,"nextLocID":2340,"vehicleID":2221,"signMessage":"77 Montgomry Pk","extraTripID":null,"nextStopSeq":6,"routeNumber":77,"vehicleLoad":"unknown","bearing":266,"lastStopSeq":5,"inCongestion":false,"delay":48,"latitude":45.5387895},{"tripID":4411578,"serviceDate":1395730800000,"direction":1,"garage":"POWELL","type":"bus","lastLocID":2632,"messageCode":268,"time":1395763265252,"expires":1395763681000,"signMessageLong":"14  Hawthorne to Portland","extraBlockID":null,"locationInScheduleDay":32553,"longitude":-122.6181265,"blockID":1438,"offRoute":false,"nextLocID":2629,"vehicleID":2220,"signMessage":"14 To Portland","extraTripID":null,"nextStopSeq":27,"routeNumber":14,"vehicleLoad":"unknown","bearing":270,"lastStopSeq":26,"inCongestion":false,"delay":92,"latitude":45.5120368},{"tripID":4417884,"serviceDate":1395730800000,"direction":0,"garage":"POWELL","type":"bus","lastLocID":7928,"messageCode":766,"time":1395763358456,"expires":1395763775000,"signMessageLong":"72  Killingsworth/82nd to Swan Island-Anchor St","extraBlockID":null,"locationInScheduleDay":32558,"longitude":-122.5790637,"blockID":7247,"offRoute":false,"nextLocID":8047,"vehicleID":2250,"signMessage":"72 Swan Island","extraTripID":null,"nextStopSeq":40,"routeNumber":72,"vehicleLoad":"unknown","bearing":358,"lastStopSeq":39,"inCongestion":false,"delay":3,"latitude":45.5187283},{"tripID":4417882,"serviceDate":1395730800000,"direction":0,"garage":"POWELL","type":"bus","lastLocID":3147,"messageCode":766,"time":1395763343393,"expires":1395763760000,"signMessageLong":"72  Killingsworth/82nd to Swan Island-Anchor St","extraBlockID":null,"locationInScheduleDay":32506,"longitude":-122.5996131,"blockID":7246,"offRoute":false,"nextLocID":3210,"vehicleID":2296,"signMessage":"72 Swan Island","extraTripID":null,"nextStopSeq":68,"routeNumber":72,"vehicleLoad":"unknown","bearing":270,"lastStopSeq":67,"inCongestion":false,"delay":-34,"latitude":45.5627541},{"tripID":4418205,"serviceDate":1395730800000,"direction":1,"garage":"POWELL","type":"bus","lastLocID":12921,"messageCode":760,"time":1395763325480,"expires":1395763743000,"signMessageLong":"72  Killingsworth/82nd to Clackamas TC","extraBlockID":null,"locationInScheduleDay":32559,"longitude":-122.5689813,"blockID":7252,"offRoute":false,"nextLocID":13247,"vehicleID":2283,"signMessage":"72 Clackamas TC","extraTripID":null,"nextStopSeq":111,"routeNumber":72,"vehicleLoad":"unknown","bearing":81,"lastStopSeq":110,"inCongestion":false,"delay":0,"latitude":45.4354978},{"tripID":4411579,"serviceDate":1395730800000,"direction":1,"garage":"POWELL","type":"bus","lastLocID":1818,"messageCode":268,"time":1395763367471,"expires":1395763786000,"signMessageLong":"14  Hawthorne to Portland","extraBlockID":null,"locationInScheduleDay":32462,"longitude":-122.5798226,"blockID":1439,"offRoute":false,"nextLocID":1815,"vehicleID":2275,"signMessage":"14 To Portland","extraTripID":null,"nextStopSeq":7,"routeNumber":14,"vehicleLoad":"unknown","bearing":299,"lastStopSeq":6,"inCongestion":false,"delay":-104,"latitude":45.4831593},{"tripID":4417322,"serviceDate":1395730800000,"direction":1,"garage":"CENTER","type":"bus","lastLocID":6700,"messageCode":791,"time":1395763316588,"expires":1395763735000,"signMessageLong":"70  To Milwaukie","extraBlockID":null,"locationInScheduleDay":32095,"longitude":-122.6530053,"blockID":7006,"offRoute":false,"nextLocID":6709,"vehicleID":2150,"signMessage":"70 To Milwaukie","extraTripID":null,"nextStopSeq":75,"routeNumber":70,"vehicleLoad":"unknown","bearing":179,"lastStopSeq":74,"inCongestion":false,"delay":-420,"latitude":45.4643282},{"tripID":4417326,"serviceDate":1395730800000,"direction":1,"garage":"CENTER","type":"bus","lastLocID":9368,"messageCode":788,"time":1395763343288,"expires":1395763762000,"signMessageLong":"70  12th/NE 33rd Ave to Milwaukie","extraBlockID":null,"locationInScheduleDay":32542,"longitude":-122.6357648,"blockID":7008,"offRoute":false,"nextLocID":9414,"vehicleID":2506,"signMessage":"70 To Milwaukie","extraTripID":null,"nextStopSeq":2,"routeNumber":70,"vehicleLoad":"unknown","bearing":180,"lastStopSeq":1,"inCongestion":false,"delay":0,"latitude":45.5898735},{"tripID":4417881,"serviceDate":1395730800000,"direction":0,"garage":"POWELL","type":"bus","lastLocID":5890,"messageCode":766,"time":1395763349655,"expires":1395763766000,"signMessageLong":"72  Killingsworth/82nd to Swan Island-Anchor St","extraBlockID":null,"locationInScheduleDay":32760,"longitude":-122.6614271,"blockID":7238,"offRoute":false,"nextLocID":10957,"vehicleID":2527,"signMessage":"72 Swan Island","extraTripID":null,"nextStopSeq":93,"routeNumber":72,"vehicleLoad":"unknown","bearing":0,"lastStopSeq":92,"inCongestion":false,"delay":214,"latitude":45.5595755},{"tripID":4417174,"serviceDate":1395730800000,"direction":0,"garage":"CENTER","type":"bus","lastLocID":13477,"messageCode":781,"time":1395763316638,"expires":1395763733000,"signMessageLong":"70  12th/NE 33rd Ave to NE Sunderland via 17th & Tacoma","extraBlockID":null,"locationInScheduleDay":32513,"longitude":-122.6407309,"blockID":7002,"offRoute":false,"nextLocID":8225,"vehicleID":2524,"signMessage":"70 To Sunderland via 17th","extraTripID":null,"nextStopSeq":2,"routeNumber":70,"vehicleLoad":"unknown","bearing":81,"lastStopSeq":1,"inCongestion":false,"delay":0,"latitude":45.4448667},{"tripID":4418208,"serviceDate":1395730800000,"direction":1,"garage":"POWELL","type":"bus","lastLocID":8035,"messageCode":760,"time":1395763358415,"expires":1395763776000,"signMessageLong":"72  Killingsworth/82nd to Clackamas TC","extraBlockID":null,"locationInScheduleDay":32633,"longitude":-122.5789753,"blockID":7239,"offRoute":false,"nextLocID":8056,"vehicleID":2540,"signMessage":"72 Clackamas TC","extraTripID":null,"nextStopSeq":63,"routeNumber":72,"vehicleLoad":"unknown","bearing":180,"lastStopSeq":62,"inCongestion":false,"delay":77,"latitude":45.5375781},{"tripID":4417883,"serviceDate":1395730800000,"direction":0,"garage":"POWELL","type":"bus","lastLocID":8046,"messageCode":766,"time":1395763328622,"expires":1395763746000,"signMessageLong":"72  Killingsworth/82nd to Swan Island-Anchor St","extraBlockID":null,"locationInScheduleDay":32604,"longitude":-122.5788132,"blockID":7240,"offRoute":false,"nextLocID":7991,"vehicleID":2533,"signMessage":"72 Swan Island","extraTripID":null,"nextStopSeq":55,"routeNumber":72,"vehicleLoad":"unknown","bearing":0,"lastStopSeq":54,"inCongestion":false,"delay":78,"latitude":45.5459483},{"tripID":4417880,"serviceDate":1395730800000,"direction":0,"garage":"POWELL","type":"bus","lastLocID":3170,"messageCode":766,"time":1395763346627,"expires":1395763763000,"signMessageLong":"72  Killingsworth/82nd to Swan Island-Anchor St","extraBlockID":null,"locationInScheduleDay":32519,"longitude":-122.6836101,"blockID":7236,"offRoute":false,"nextLocID":3159,"vehicleID":2552,"signMessage":"72 Swan Island","extraTripID":null,"nextStopSeq":100,"routeNumber":72,"vehicleLoad":"unknown","bearing":270,"lastStopSeq":99,"inCongestion":false,"delay":-24,"latitude":45.5626678},{"tripID":4417886,"serviceDate":1395730800000,"direction":0,"garage":"POWELL","type":"bus","lastLocID":7941,"messageCode":766,"time":1395763355340,"expires":1395763773000,"signMessageLong":"72  Killingsworth/82nd to Swan Island-Anchor St","extraBlockID":null,"locationInScheduleDay":32488,"longitude":-122.5789246,"blockID":7242,"offRoute":false,"nextLocID":7920,"vehicleID":2548,"signMessage":"72 Swan Island","extraTripID":null,"nextStopSeq":4,"routeNumber":72,"vehicleLoad":"unknown","bearing":0,"lastStopSeq":3,"inCongestion":false,"delay":-65,"latitude":45.443195},{"tripID":4411580,"serviceDate":1395730800000,"direction":1,"garage":"POWELL","type":"bus","lastLocID":1831,"messageCode":268,"time":1395763313563,"expires":1395763730000,"signMessageLong":"14  Hawthorne to Portland","extraBlockID":null,"locationInScheduleDay":32510,"longitude":-122.5662917,"blockID":1440,"offRoute":false,"nextLocID":13236,"vehicleID":2308,"signMessage":"14 To Portland","extraTripID":null,"nextStopSeq":2,"routeNumber":14,"vehicleLoad":"unknown","bearing":291,"lastStopSeq":1,"inCongestion":false,"delay":0,"latitude":45.4791765},{"tripID":4417879,"serviceDate":1395730800000,"direction":0,"garage":"POWELL","type":"bus","lastLocID":2161,"messageCode":766,"time":1395763211412,"expires":1395763630000,"signMessageLong":"72  Killingsworth/82nd to Swan Island-Anchor St","extraBlockID":null,"locationInScheduleDay":32410,"longitude":-122.7015777,"blockID":7253,"offRoute":false,"nextLocID":115,"vehicleID":2318,"signMessage":"72 Swan Island","extraTripID":null,"nextStopSeq":108,"routeNumber":72,"vehicleLoad":"unknown","bearing":307,"lastStopSeq":107,"inCongestion":false,"delay":0,"latitude":45.5570181},{"tripID":4411321,"serviceDate":1395730800000,"direction":0,"garage":"POWELL","type":"bus","lastLocID":10196,"messageCode":266,"time":1395763358666,"expires":1395763775000,"signMessageLong":"14  Hawthorne to 94th & Foster","extraBlockID":null,"locationInScheduleDay":32525,"longitude":-122.5980356,"blockID":1435,"offRoute":false,"nextLocID":1802,"vehicleID":2316,"signMessage":"14 To 94-Foster","extraTripID":null,"nextStopSeq":35,"routeNumber":14,"vehicleLoad":"unknown","bearing":120,"lastStopSeq":34,"inCongestion":false,"delay":-30,"latitude":45.4901778},{"tripID":4419231,"serviceDate":1395730800000,"direction":1,"garage":"CENTER","type":"bus","lastLocID":9311,"messageCode":813,"time":1395763358394,"expires":1395763776000,"signMessageLong":"77  Broadway/Halsey to Montgomery Park","extraBlockID":null,"locationInScheduleDay":32576,"longitude":-122.677331,"blockID":7705,"offRoute":false,"nextLocID":1997,"vehicleID":2720,"signMessage":"77 Montgomry Pk","extraTripID":null,"nextStopSeq":88,"routeNumber":77,"vehicleLoad":"unknown","bearing":268,"lastStopSeq":87,"inCongestion":false,"delay":20,"latitude":45.5266168},{"tripID":4411322,"serviceDate":1395730800000,"direction":0,"garage":"CENTER","type":"bus","lastLocID":2594,"messageCode":266,"time":1395763316623,"expires":1395763733000,"signMessageLong":"14  Hawthorne to 94th & Foster","extraBlockID":null,"locationInScheduleDay":32278,"longitude":-122.6576168,"blockID":1404,"offRoute":false,"nextLocID":2597,"vehicleID":2718,"signMessage":"14 To 94-Foster","extraTripID":null,"nextStopSeq":5,"routeNumber":14,"vehicleLoad":"unknown","bearing":90,"lastStopSeq":4,"inCongestion":false,"delay":-235,"latitude":45.5122344},{"tripID":4417173,"serviceDate":1395730800000,"direction":0,"garage":"CENTER","type":"bus","lastLocID":6898,"messageCode":780,"time":1395763313443,"expires":1395763732000,"signMessageLong":"70  12th/NE 33rd Ave to NE Sunderland","extraBlockID":null,"locationInScheduleDay":32344,"longitude":-122.6482044,"blockID":7007,"offRoute":false,"nextLocID":6867,"vehicleID":2709,"signMessage":"70 To Sunderlnd","extraTripID":null,"nextStopSeq":18,"routeNumber":70,"vehicleLoad":"unknown","bearing":355,"lastStopSeq":17,"inCongestion":false,"delay":-168,"latitude":45.4776668},{"tripID":4417324,"serviceDate":1395730800000,"direction":1,"garage":"CENTER","type":"bus","lastLocID":4045,"messageCode":788,"time":1395763310290,"expires":1395763728000,"signMessageLong":"70  12th/NE 33rd Ave to Milwaukie","extraBlockID":null,"locationInScheduleDay":32452,"longitude":-122.6523513,"blockID":7001,"offRoute":false,"nextLocID":4044,"vehicleID":2704,"signMessage":"70 To Milwaukie","extraTripID":null,"nextStopSeq":43,"routeNumber":70,"vehicleLoad":"unknown","bearing":270,"lastStopSeq":42,"inCongestion":false,"delay":-56,"latitude":45.531488},{"tripID":4417171,"serviceDate":1395730800000,"direction":0,"garage":"CENTER","type":"bus","lastLocID":8498,"messageCode":783,"time":1395763250181,"expires":1395763667000,"signMessageLong":"70  33rd Ave to NE Sunderland","extraBlockID":null,"locationInScheduleDay":32558,"longitude":-122.64298,"blockID":7003,"offRoute":false,"nextLocID":8303,"vehicleID":2705,"signMessage":"70 To Sunderlnd","extraTripID":null,"nextStopSeq":71,"routeNumber":70,"vehicleLoad":"unknown","bearing":287,"lastStopSeq":70,"inCongestion":false,"delay":111,"latitude":45.5763333},{"tripID":4417323,"serviceDate":1395730800000,"direction":1,"garage":"CENTER","type":"bus","lastLocID":13658,"messageCode":789,"time":1395763353601,"expires":1395763771000,"signMessageLong":"70  12th Ave to Milwaukie via 17th & Tacoma","extraBlockID":null,"locationInScheduleDay":32520,"longitude":-122.6483482,"blockID":7004,"offRoute":false,"nextLocID":6864,"vehicleID":2701,"signMessage":"70 To Milw via 17","extraTripID":null,"nextStopSeq":62,"routeNumber":70,"vehicleLoad":"unknown","bearing":180,"lastStopSeq":61,"inCongestion":false,"delay":-31,"latitude":45.4930062},{"tripID":4419094,"serviceDate":1395730800000,"direction":0,"garage":"CENTER","type":"bus","lastLocID":2353,"messageCode":809,"time":1395763353671,"expires":1395763771000,"signMessageLong":"77  Broadway/Halsey to Troutdale","extraBlockID":null,"locationInScheduleDay":32394,"longitude":-122.456397,"blockID":7704,"offRoute":false,"nextLocID":2410,"vehicleID":2614,"signMessage":"77 To Troutdale","extraTripID":null,"nextStopSeq":84,"routeNumber":77,"vehicleLoad":"unknown","bearing":94,"lastStopSeq":83,"inCongestion":false,"delay":-157,"latitude":45.5335251},{"tripID":4411576,"serviceDate":1395730800000,"direction":1,"garage":"CENTER","type":"bus","lastLocID":13169,"messageCode":266,"time":1395763364372,"expires":1395763781000,"signMessageLong":"14  Hawthorne to 94th & Foster","extraBlockID":null,"locationInScheduleDay":32720,"longitude":-122.6798638,"blockID":1401,"offRoute":false,"nextLocID":3639,"vehicleID":2608,"signMessage":"14 To 94-Foster","extraTripID":null,"nextStopSeq":45,"routeNumber":14,"vehicleLoad":"unknown","bearing":290,"lastStopSeq":44,"inCongestion":false,"delay":159,"latitude":45.516358},{"tripID":4417325,"serviceDate":1395730800000,"direction":1,"garage":"CENTER","type":"bus","lastLocID":8499,"messageCode":788,"time":1395763301596,"expires":1395763720000,"signMessageLong":"70  12th/NE 33rd Ave to Milwaukie","extraBlockID":null,"locationInScheduleDay":32587,"longitude":-122.6343913,"blockID":7010,"offRoute":false,"nextLocID":7370,"vehicleID":2623,"signMessage":"70 To Milwaukie","extraTripID":null,"nextStopSeq":13,"routeNumber":70,"vehicleLoad":"unknown","bearing":107,"lastStopSeq":12,"inCongestion":false,"delay":87,"latitude":45.5744649},{"tripID":4419229,"serviceDate":1395730800000,"direction":1,"garage":"CENTER","type":"bus","lastLocID":8483,"messageCode":813,"time":1395763316714,"expires":1395763734000,"signMessageLong":"77  Broadway/Halsey to Montgomery Park","extraBlockID":null,"locationInScheduleDay":31362,"longitude":-122.7069345,"blockID":7707,"offRoute":false,"nextLocID":8484,"vehicleID":2653,"signMessage":"77 Montgomry Pk","extraTripID":null,"nextStopSeq":109,"routeNumber":77,"vehicleLoad":"unknown","bearing":178,"lastStopSeq":108,"inCongestion":false,"delay":0,"latitude":45.5377966},{"tripID":4417172,"serviceDate":1395730800000,"direction":0,"garage":"CENTER","type":"bus","lastLocID":8513,"messageCode":783,"time":1395763355299,"expires":1395763774000,"signMessageLong":"70  33rd Ave to NE Sunderland","extraBlockID":null,"locationInScheduleDay":32580,"longitude":-122.6545979,"blockID":7009,"offRoute":false,"nextLocID":8938,"vehicleID":2626,"signMessage":"70 To Sunderlnd","extraTripID":null,"nextStopSeq":34,"routeNumber":70,"vehicleLoad":"unknown","bearing":0,"lastStopSeq":33,"inCongestion":false,"delay":26,"latitude":45.5298956},{"tripID":4419097,"serviceDate":1395730800000,"direction":0,"garage":"CENTER","type":"bus","lastLocID":1615,"messageCode":809,"time":1395763358568,"expires":1395763775000,"signMessageLong":"77  Broadway/Halsey to Troutdale","extraBlockID":null,"locationInScheduleDay":32413,"longitude":-122.6910567,"blockID":7703,"offRoute":false,"nextLocID":1611,"vehicleID":2630,"signMessage":"77 To Troutdale","extraTripID":null,"nextStopSeq":12,"routeNumber":77,"vehicleLoad":"unknown","bearing":87,"lastStopSeq":11,"inCongestion":false,"delay":-142,"latitude":45.5249384},{"tripID":4419233,"serviceDate":1395730800000,"direction":1,"garage":"CENTER","type":"bus","lastLocID":7916,"messageCode":813,"time":1395763358557,"expires":1395763776000,"signMessageLong":"77  Broadway/Halsey to Montgomery Park","extraBlockID":null,"locationInScheduleDay":32444,"longitude":-122.5800158,"blockID":7706,"offRoute":false,"nextLocID":2455,"vehicleID":2632,"signMessage":"77 Montgomry Pk","extraTripID":null,"nextStopSeq":54,"routeNumber":77,"vehicleLoad":"unknown","bearing":0,"lastStopSeq":53,"inCongestion":false,"delay":-112,"latitude":45.5327416},{"tripID":4418206,"serviceDate":1395730800000,"direction":1,"garage":"POWELL","type":"bus","lastLocID":7963,"messageCode":760,"time":1395763313419,"expires":1395763732000,"signMessageLong":"72  Killingsworth/82nd to Clackamas TC","extraBlockID":null,"locationInScheduleDay":32580,"longitude":-122.5790547,"blockID":7237,"offRoute":false,"nextLocID":7994,"vehicleID":3004,"signMessage":"72 Clackamas TC","extraTripID":null,"nextStopSeq":98,"routeNumber":72,"vehicleLoad":"unknown","bearing":179,"lastStopSeq":97,"inCongestion":false,"delay":68,"latitude":45.4688707},{"tripID":4417878,"serviceDate":1395730800000,"direction":0,"garage":"POWELL","type":"bus","lastLocID":2161,"messageCode":766,"time":1395763349641,"expires":1395763768000,"signMessageLong":"72  Killingsworth/82nd to Swan Island-Anchor St","extraBlockID":null,"locationInScheduleDay":31740,"longitude":-122.703865,"blockID":7251,"offRoute":false,"nextLocID":115,"vehicleID":3003,"signMessage":"72 Swan Island","extraTripID":null,"nextStopSeq":108,"routeNumber":72,"vehicleLoad":"unknown","bearing":159,"lastStopSeq":107,"inCongestion":false,"delay":-88,"latitude":45.5567629},{"tripID":4418209,"serviceDate":1395730800000,"direction":1,"garage":"POWELL","type":"bus","lastLocID":3198,"messageCode":760,"time":1395763346529,"expires":1395763765000,"signMessageLong":"72  Killingsworth/82nd to Clackamas TC","extraBlockID":null,"locationInScheduleDay":32462,"longitude":-122.620913,"blockID":7241,"offRoute":false,"nextLocID":3199,"vehicleID":3048,"signMessage":"72 Clackamas TC","extraTripID":null,"nextStopSeq":40,"routeNumber":72,"vehicleLoad":"unknown","bearing":89,"lastStopSeq":39,"inCongestion":false,"delay":-83,"latitude":45.5628084},{"tripID":4417885,"serviceDate":1395730800000,"direction":0,"garage":"POWELL","type":"bus","lastLocID":7984,"messageCode":766,"time":1395763349652,"expires":1395763766000,"signMessageLong":"72  Killingsworth/82nd to Swan Island-Anchor St","extraBlockID":null,"locationInScheduleDay":32558,"longitude":-122.5788225,"blockID":7235,"offRoute":false,"nextLocID":7935,"vehicleID":3053,"signMessage":"72 Swan Island","extraTripID":null,"nextStopSeq":26,"routeNumber":72,"vehicleLoad":"unknown","bearing":359,"lastStopSeq":25,"inCongestion":false,"delay":12,"latitude":45.4907912},{"tripID":4418207,"serviceDate":1395730800000,"direction":1,"garage":"POWELL","type":"bus","lastLocID":7929,"messageCode":760,"time":1395763316603,"expires":1395763734000,"signMessageLong":"72  Killingsworth/82nd to Clackamas TC","extraBlockID":null,"locationInScheduleDay":32383,"longitude":-122.5790175,"blockID":7245,"offRoute":false,"nextLocID":8066,"vehicleID":3052,"signMessage":"72 Clackamas TC","extraTripID":null,"nextStopSeq":74,"routeNumber":72,"vehicleLoad":"unknown","bearing":177,"lastStopSeq":73,"inCongestion":false,"delay":-131,"latitude":45.5177924},{"tripID":4418210,"serviceDate":1395730800000,"direction":1,"garage":"POWELL","type":"bus","lastLocID":5927,"messageCode":760,"time":1395763355232,"expires":1395763772000,"signMessageLong":"72  Killingsworth/82nd to Clackamas TC","extraBlockID":null,"locationInScheduleDay":32570,"longitude":-122.6615646,"blockID":7234,"offRoute":false,"nextLocID":46,"vehicleID":3054,"signMessage":"72 Clackamas TC","extraTripID":null,"nextStopSeq":21,"routeNumber":72,"vehicleLoad":"unknown","bearing":180,"lastStopSeq":20,"inCongestion":false,"delay":18,"latitude":45.5593127},{"tripID":4419234,"serviceDate":1395730800000,"direction":1,"garage":"POWELL","type":"bus","lastLocID":2392,"messageCode":813,"time":1395763340673,"expires":1395763758000,"signMessageLong":"77  Broadway/Halsey to Montgomery Park","extraBlockID":null,"locationInScheduleDay":32591,"longitude":-122.5020442,"blockID":7734,"offRoute":false,"nextLocID":2390,"vehicleID":3046,"signMessage":"77 Montgomry Pk","extraTripID":null,"nextStopSeq":29,"routeNumber":77,"vehicleLoad":"unknown","bearing":270,"lastStopSeq":28,"inCongestion":false,"delay":53,"latitude":45.5336691},{"tripID":4419095,"serviceDate":1395730800000,"direction":0,"garage":"POWELL","type":"bus","lastLocID":2454,"messageCode":809,"time":1395763343255,"expires":1395763762000,"signMessageLong":"77  Broadway/Halsey to Troutdale","extraBlockID":null,"locationInScheduleDay":32448,"longitude":-122.5810661,"blockID":7738,"offRoute":false,"nextLocID":9217,"vehicleID":3035,"signMessage":"77 To Troutdale","extraTripID":null,"nextStopSeq":51,"routeNumber":77,"vehicleLoad":"unknown","bearing":90,"lastStopSeq":50,"inCongestion":false,"delay":-94,"latitude":45.5335674},{"tripID":4419096,"serviceDate":1395730800000,"direction":0,"garage":"CENTER","type":"bus","lastLocID":6239,"messageCode":809,"time":1395763361746,"expires":1395763780000,"signMessageLong":"77  Broadway/Halsey to Troutdale","extraBlockID":null,"locationInScheduleDay":32656,"longitude":-122.6411942,"blockID":7702,"offRoute":false,"nextLocID":636,"vehicleID":2005,"signMessage":"77 To Troutdale","extraTripID":null,"nextStopSeq":29,"routeNumber":77,"vehicleLoad":"unknown","bearing":0,"lastStopSeq":28,"inCongestion":false,"delay":96,"latitude":45.5345906}],"queryTime":1395763369136}}
