{"resultSet":{"vehicle":[{"tripID":4417863,"serviceDate":1395730800000,"direction":0,"garage":"POWELL","type":"bus","lastLocID":13248,"messageCode":768,"time":1395747862495,"expires":1395748279000,"signMessageLong":"72  Killingsworth/82nd to Swan Island-Shipyards","extraBlockID":null,"locationInScheduleDay":17083,"longitude":-122.5732797,"blockID":7234,"offRoute":false,"nextLocID":12922,"vehicleID":3054,"signMessage":"72 Swan Island","extraTripID":null,"nextStopSeq":2,"routeNumber":72,"vehicleLoad":"unknown","bearing":271,"lastStopSeq":1,"inCongestion":false,"delay":24,"latitude":45.4374013}],"queryTime":1395747888499}}
