{"resultSet":{"vehicle":[{"tripID":4419221,"serviceDate":1395730800000,"direction":1,"garage":"POWELL","type":"bus","lastLocID":649,"messageCode":813,"time":1395751523048,"expires":1395751942000,"signMessageLong":"77  Broadway/Halsey to Montgomery Park","extraBlockID":null,"locationInScheduleDay":20677,"longitude":-122.6258083,"blockID":7735,"offRoute":false,"nextLocID":647,"vehicleID":2222,"signMessage":"77 Montgomry Pk","extraTripID":null,"nextStopSeq":25,"routeNumber":77,"vehicleLoad":"unknown","bearing":270,"lastStopSeq":24,"inCongestion":false,"delay":-45,"latitude":45.5351534},{"tripID":4413875,"serviceDate":1395730800000,"direction":1,"garage":"POWELL","type":"bus","lastLocID":12922,"messageCode":464,"time":1395751546812,"expires":1395751966000,"signMessageLong":"31  To Portland via Milwaukie","extraBlockID":null,"locationInScheduleDay":20651,"longitude":-122.5750085,"blockID":3137,"offRoute":false,"nextLocID":7941,"vehicleID":2258,"signMessage":"31 To Portland","extraTripID":null,"nextStopSeq":3,"routeNumber":31,"vehicleLoad":"unknown","bearing":246,"lastStopSeq":2,"inCongestion":false,"delay":-95,"latitude":45.437311},{"tripID":4417865,"serviceDate":1395730800000,"direction":0,"garage":"POWELL","type":"bus","lastLocID":8010,"messageCode":768,"time":1395751537601,"expires":1395751955000,"signMessageLong":"72  Killingsworth/82nd to Swan Island-Shipyards","extraBlockID":null,"locationInScheduleDay":20737,"longitude":-122.5790349,"blockID":7238,"offRoute":false,"nextLocID":7999,"vehicleID":2527,"signMessage":"72 Swan Island","extraTripID":null,"nextStopSeq":48,"routeNumber":72,"vehicleLoad":"unknown","bearing":0,"lastStopSeq":47,"inCongestion":false,"delay":2,"latitude":45.5321704},{"tripID":4417312,"serviceDate":1395730800000,"direction":1,"garage":"CENTER","type":"bus","lastLocID":7106,"messageCode":788,"time":1395751495841,"expires":1395751912000,"signMessageLong":"70  12th/NE 33rd Ave to Milwaukie","extraBlockID":null,"locationInScheduleDay":20563,"longitude":-122.6448569,"blockID":7002,"offRoute":false,"nextLocID":7126,"vehicleID":2524,"signMessage":"70 To Milwaukie","extraTripID":null,"nextStopSeq":40,"routeNumber":70,"vehicleLoad":"unknown","bearing":180,"lastStopSeq":39,"inCongestion":false,"delay":-129,"latitude":45.5318181},{"tripID":4419220,"serviceDate":1395730800000,"direction":1,"garage":"CENTER","type":"bus","lastLocID":8482,"messageCode":813,"time":1395751519672,"expires":1395751938000,"signMessageLong":"77  Broadway/Halsey to Montgomery Park","extraBlockID":null,"locationInScheduleDay":20634,"longitude":-122.7081617,"blockID":7701,"offRoute":false,"nextLocID":4105,"vehicleID":2512,"signMessage":"77 Montgomry Pk","extraTripID":null,"nextStopSeq":61,"routeNumber":77,"vehicleLoad":"unknown","bearing":61,"lastStopSeq":60,"inCongestion":false,"delay":-84,"latitude":45.5392947},{"tripID":4418192,"serviceDate":1395730800000,"direction":1,"garage":"POWELL","type":"bus","lastLocID":7330,"messageCode":760,"time":1395751519676,"expires":1395751938000,"signMessageLong":"72  Killingsworth/82nd to Clackamas TC","extraBlockID":null,"locationInScheduleDay":20765,"longitude":-122.6348932,"blockID":7239,"offRoute":false,"nextLocID":7327,"vehicleID":2540,"signMessage":"72 Clackamas TC","extraTripID":null,"nextStopSeq":33,"routeNumber":72,"vehicleLoad":"unknown","bearing":359,"lastStopSeq":32,"inCongestion":false,"delay":47,"latitude":45.5601701},{"tripID":4417866,"serviceDate":1395730800000,"direction":0,"garage":"POWELL","type":"bus","lastLocID":7993,"messageCode":766,"time":1395751537621,"expires":1395751956000,"signMessageLong":"72  Killingsworth/82nd to Swan Island-Anchor St","extraBlockID":null,"locationInScheduleDay":20682,"longitude":-122.5790517,"blockID":7240,"offRoute":false,"nextLocID":7962,"vehicleID":2533,"signMessage":"72 Swan Island","extraTripID":null,"nextStopSeq":15,"routeNumber":72,"vehicleLoad":"unknown","bearing":0,"lastStopSeq":14,"inCongestion":false,"delay":-54,"latitude":45.4670255},{"tripID":4417864,"serviceDate":1395730800000,"direction":0,"garage":"POWELL","type":"bus","lastLocID":10601,"messageCode":768,"time":1395751496061,"expires":1395751913000,"signMessageLong":"72  Killingsworth/82nd to Swan Island-Shipyards","extraBlockID":null,"locationInScheduleDay":20468,"longitude":-122.595259,"blockID":7236,"offRoute":false,"nextLocID":3147,"vehicleID":2552,"signMessage":"72 Swan Island","extraTripID":null,"nextStopSeq":67,"routeNumber":72,"vehicleLoad":"unknown","bearing":271,"lastStopSeq":66,"inCongestion":false,"delay":-225,"latitude":45.5627301},{"tripID":4413874,"serviceDate":1395730800000,"direction":1,"garage":"POWELL","type":"bus","lastLocID":3657,"messageCode":466,"time":1395751523199,"expires":1395751941000,"signMessageLong":"31  Portland","extraBlockID":null,"locationInScheduleDay":20612,"longitude":-122.6406912,"blockID":3134,"offRoute":false,"nextLocID":3658,"vehicleID":2555,"signMessage":"31 To Portland","extraTripID":null,"nextStopSeq":28,"routeNumber":31,"vehicleLoad":"unknown","bearing":23,"lastStopSeq":27,"inCongestion":false,"delay":-109,"latitude":45.4524178},{"tripID":4411557,"serviceDate":1395730800000,"direction":1,"garage":"POWELL","type":"bus","lastLocID":2604,"messageCode":268,"time":1395751540788,"expires":1395751958000,"signMessageLong":"14  Hawthorne to Portland","extraBlockID":null,"locationInScheduleDay":20751,"longitude":-122.650763,"blockID":1435,"offRoute":false,"nextLocID":2602,"vehicleID":2316,"signMessage":"14 To Portland","extraTripID":null,"nextStopSeq":38,"routeNumber":14,"vehicleLoad":"unknown","bearing":270,"lastStopSeq":37,"inCongestion":false,"delay":13,"latitude":45.5122031},{"tripID":4417161,"serviceDate":1395730800000,"direction":0,"garage":"CENTER","type":"bus","lastLocID":7404,"messageCode":783,"time":1395751522860,"expires":1395751940000,"signMessageLong":"70  33rd Ave to NE Sunderland","extraBlockID":null,"locationInScheduleDay":20662,"longitude":-122.6306887,"blockID":7001,"offRoute":false,"nextLocID":7371,"vehicleID":2704,"signMessage":"70 To Sunderlnd","extraTripID":null,"nextStopSeq":61,"routeNumber":70,"vehicleLoad":"unknown","bearing":0,"lastStopSeq":60,"inCongestion":false,"delay":-58,"latitude":45.5597248},{"tripID":4417162,"serviceDate":1395730800000,"direction":0,"garage":"CENTER","type":"bus","lastLocID":6876,"messageCode":780,"time":1395751534834,"expires":1395751952000,"signMessageLong":"70  12th/NE 33rd Ave to NE Sunderland","extraBlockID":null,"locationInScheduleDay":20796,"longitude":-122.6483516,"blockID":7003,"offRoute":false,"nextLocID":6849,"vehicleID":2705,"signMessage":"70 To Sunderlnd","extraTripID":null,"nextStopSeq":21,"routeNumber":70,"vehicleLoad":"unknown","bearing":0,"lastStopSeq":20,"inCongestion":false,"delay":64,"latitude":45.4922247},{"tripID":4411558,"serviceDate":1395730800000,"direction":1,"garage":"CENTER","type":"bus","lastLocID":1818,"messageCode":268,"time":1395751519722,"expires":1395751938000,"signMessageLong":"14  Hawthorne to Portland","extraBlockID":null,"locationInScheduleDay":20700,"longitude":-122.5796973,"blockID":1401,"offRoute":false,"nextLocID":1815,"vehicleID":2608,"signMessage":"14 To Portland","extraTripID":null,"nextStopSeq":7,"routeNumber":14,"vehicleLoad":"unknown","bearing":299,"lastStopSeq":6,"inCongestion":false,"delay":-18,"latitude":45.4831103},{"tripID":4418191,"serviceDate":1395730800000,"direction":1,"garage":"POWELL","type":"bus","lastLocID":8043,"messageCode":760,"time":1395751537550,"expires":1395751957000,"signMessageLong":"72  Killingsworth/82nd to Clackamas TC","extraBlockID":null,"locationInScheduleDay":20600,"longitude":-122.5789919,"blockID":7237,"offRoute":false,"nextLocID":8000,"vehicleID":3004,"signMessage":"72 Clackamas TC","extraTripID":null,"nextStopSeq":65,"routeNumber":72,"vehicleLoad":"unknown","bearing":180,"lastStopSeq":64,"inCongestion":false,"delay":-137,"latitude":45.5358887},{"tripID":4413796,"serviceDate":1395730800000,"direction":0,"garage":"POWELL","type":"bus","lastLocID":8225,"messageCode":457,"time":1395751510856,"expires":1395751924000,"signMessageLong":"31  Clackamas Town Center, continuing to Estacada","extraBlockID":null,"locationInScheduleDay":20672,"longitude":-122.6393248,"blockID":3136,"offRoute":false,"nextLocID":2569,"vehicleID":3007,"signMessage":"31 To Estacada via Clackamas","extraTripID":null,"nextStopSeq":2,"routeNumber":31,"vehicleLoad":"unknown","bearing":65,"lastStopSeq":1,"inCongestion":false,"delay":-32,"latitude":45.446362},{"tripID":4417867,"serviceDate":1395730800000,"direction":0,"garage":"POWELL","type":"bus","lastLocID":13248,"messageCode":768,"time":1395751489969,"expires":1395751907000,"signMessageLong":"72  Killingsworth/82nd to Swan Island-Shipyards","extraBlockID":null,"locationInScheduleDay":21028,"longitude":-122.5691015,"blockID":7235,"offRoute":false,"nextLocID":12922,"vehicleID":3053,"signMessage":"72 Swan Island","extraTripID":null,"nextStopSeq":2,"routeNumber":72,"vehicleLoad":"unknown","bearing":353,"lastStopSeq":1,"inCongestion":false,"delay":341,"latitude":45.4359416},{"tripID":4417863,"serviceDate":1395730800000,"direction":0,"garage":"POWELL","type":"bus","lastLocID":3319,"messageCode":768,"time":1395751537586,"expires":1395751955000,"signMessageLong":"72  Killingsworth/82nd to Swan Island-Shipyards","extraBlockID":null,"locationInScheduleDay":20593,"longitude":-122.7151335,"blockID":7234,"offRoute":false,"nextLocID":3318,"vehicleID":3054,"signMessage":"72 Swan Island","extraTripID":null,"nextStopSeq":112,"routeNumber":72,"vehicleLoad":"unknown","bearing":217,"lastStopSeq":111,"inCongestion":false,"delay":-142,"latitude":45.5629104},{"tripID":4419222,"serviceDate":1395730800000,"direction":1,"garage":"POWELL","type":"bus","lastLocID":2406,"messageCode":813,"time":1395751534861,"expires":1395751952000,"signMessageLong":"77  Broadway/Halsey to Montgomery Park","extraBlockID":null,"locationInScheduleDay":20628,"longitude":-122.4767933,"blockID":7734,"offRoute":false,"nextLocID":8860,"vehicleID":3046,"signMessage":"77 Montgomry Pk","extraTripID":null,"nextStopSeq":22,"routeNumber":77,"vehicleLoad":"unknown","bearing":271,"lastStopSeq":21,"inCongestion":false,"delay":-104,"latitude":45.5347019},{"tripID":4411310,"serviceDate":1395730800000,"direction":0,"garage":"POWELL","type":"bus","lastLocID":1794,"messageCode":266,"time":1395751522812,"expires":1395751941000,"signMessageLong":"14  Hawthorne to 94th & Foster","extraBlockID":null,"locationInScheduleDay":20753,"longitude":-122.6070907,"blockID":1434,"offRoute":false,"nextLocID":12946,"vehicleID":3027,"signMessage":"14 To 94-Foster","extraTripID":null,"nextStopSeq":31,"routeNumber":14,"vehicleLoad":"unknown","bearing":121,"lastStopSeq":30,"inCongestion":false,"delay":32,"latitude":45.4947089},{"tripID":4419085,"serviceDate":1395730800000,"direction":0,"garage":"CENTER","type":"bus","lastLocID":10870,"messageCode":809,"time":1395751519687,"expires":1395751938000,"signMessageLong":"77  Broadway/Halsey to Troutdale","extraBlockID":null,"locationInScheduleDay":20940,"longitude":-122.6206027,"blockID":7702,"offRoute":false,"nextLocID":7509,"vehicleID":2005,"signMessage":"77 To Troutdale","extraTripID":null,"nextStopSeq":36,"routeNumber":77,"vehicleLoad":"unknown","bearing":91,"lastStopSeq":35,"inCongestion":false,"delay":222,"latitude":45.5333119}],"queryTime":1395751548664}}
