{"resultSet":{"vehicle":[{"tripID":4411566,"serviceDate":1395730800000,"direction":1,"garage":"POWELL","type":"bus","lastLocID":1798,"messageCode":268,"time":1395757823129,"expires":1395758239000,"signMessageLong":"14  Hawthorne to Portland","extraBlockID":null,"locationInScheduleDay":27030,"longitude":-122.6072717,"blockID":1436,"offRoute":false,"nextLocID":1793,"vehicleID":2206,"signMessage":"14 To Portland","extraTripID":null,"nextStopSeq":17,"routeNumber":14,"vehicleLoad":"unknown","bearing":300,"lastStopSeq":16,"inCongestion":false,"delay":11,"latitude":45.4947858},{"tripID":4419089,"serviceDate":1395730800000,"direction":0,"garage":"POWELL","type":"bus","lastLocID":2397,"messageCode":809,"time":1395757838236,"expires":1395758252000,"signMessageLong":"77  Broadway/Halsey to Troutdale","extraBlockID":null,"locationInScheduleDay":27036,"longitude":-122.4899055,"blockID":7735,"offRoute":false,"nextLocID":2400,"vehicleID":2222,"signMessage":"77 To Troutdale","extraTripID":null,"nextStopSeq":76,"routeNumber":77,"vehicleLoad":"unknown","bearing":80,"lastStopSeq":75,"inCongestion":false,"delay":4,"latitude":45.5343687},{"tripID":4419092,"serviceDate":1395730800000,"direction":0,"garage":"POWELL","type":"bus","lastLocID":7112,"messageCode":809,"time":1395757820797,"expires":1395758239000,"signMessageLong":"77  Broadway/Halsey to Troutdale","extraBlockID":null,"locationInScheduleDay":27065,"longitude":-122.6943851,"blockID":7736,"offRoute":false,"nextLocID":1615,"vehicleID":2221,"signMessage":"77 To Troutdale","extraTripID":null,"nextStopSeq":11,"routeNumber":77,"vehicleLoad":"unknown","bearing":178,"lastStopSeq":10,"inCongestion":false,"delay":46,"latitude":45.5251677},{"tripID":4411565,"serviceDate":1395730800000,"direction":1,"garage":"POWELL","type":"bus","lastLocID":13734,"messageCode":268,"time":1395757838127,"expires":1395758254000,"signMessageLong":"14  Hawthorne to Portland","extraBlockID":null,"locationInScheduleDay":27106,"longitude":-122.6153817,"blockID":1438,"offRoute":false,"nextLocID":2632,"vehicleID":2220,"signMessage":"14 To Portland","extraTripID":null,"nextStopSeq":26,"routeNumber":14,"vehicleLoad":"unknown","bearing":270,"lastStopSeq":25,"inCongestion":false,"delay":72,"latitude":45.5120281},{"tripID":4418202,"serviceDate":1395730800000,"direction":1,"garage":"POWELL","type":"bus","lastLocID":11478,"messageCode":760,"time":1395757828871,"expires":1395758245000,"signMessageLong":"72  Killingsworth/82nd to Clackamas TC","extraBlockID":null,"locationInScheduleDay":26974,"longitude":-122.6587333,"blockID":7248,"offRoute":false,"nextLocID":69,"vehicleID":2215,"signMessage":"72 Clackamas TC","extraTripID":null,"nextStopSeq":23,"routeNumber":72,"vehicleLoad":"unknown","bearing":90,"lastStopSeq":22,"inCongestion":false,"delay":-51,"latitude":45.5591214},{"tripID":4411316,"serviceDate":1395730800000,"direction":0,"garage":"POWELL","type":"bus","lastLocID":2596,"messageCode":266,"time":1395757838191,"expires":1395758253000,"signMessageLong":"14  Hawthorne to 94th & Foster","extraBlockID":null,"locationInScheduleDay":27100,"longitude":-122.6465484,"blockID":1437,"offRoute":false,"nextLocID":2607,"vehicleID":2264,"signMessage":"14 To 94-Foster","extraTripID":null,"nextStopSeq":10,"routeNumber":14,"vehicleLoad":"unknown","bearing":89,"lastStopSeq":9,"inCongestion":false,"delay":67,"latitude":45.5121949},{"tripID":4413799,"serviceDate":1395730800000,"direction":0,"garage":"POWELL","type":"bus","lastLocID":4002,"messageCode":457,"time":1395757826019,"expires":1395758242000,"signMessageLong":"31  Clackamas Town Center, continuing to Estacada","extraBlockID":null,"locationInScheduleDay":27022,"longitude":-122.5736495,"blockID":3137,"offRoute":false,"nextLocID":12922,"vehicleID":2258,"signMessage":"31 To Estacada via Clackamas","extraTripID":null,"nextStopSeq":24,"routeNumber":31,"vehicleLoad":"unknown","bearing":90,"lastStopSeq":23,"inCongestion":false,"delay":0,"latitude":45.4382786},{"tripID":4418200,"serviceDate":1395730800000,"direction":1,"garage":"POWELL","type":"bus","lastLocID":3211,"messageCode":760,"time":1395757751188,"expires":1395758170000,"signMessageLong":"72  Killingsworth/82nd to Clackamas TC","extraBlockID":null,"locationInScheduleDay":26961,"longitude":-122.5875743,"blockID":7247,"offRoute":false,"nextLocID":3186,"vehicleID":2250,"signMessage":"72 Clackamas TC","extraTripID":null,"nextStopSeq":50,"routeNumber":72,"vehicleLoad":"unknown","bearing":90,"lastStopSeq":49,"inCongestion":false,"delay":11,"latitude":45.5626641},{"tripID":4417876,"serviceDate":1395730800000,"direction":0,"garage":"POWELL","type":"bus","lastLocID":12922,"messageCode":766,"time":1395757820883,"expires":1395758239000,"signMessageLong":"72  Killingsworth/82nd to Swan Island-Anchor St","extraBlockID":null,"locationInScheduleDay":26931,"longitude":-122.5786481,"blockID":7250,"offRoute":false,"nextLocID":7941,"vehicleID":2242,"signMessage":"72 Swan Island","extraTripID":null,"nextStopSeq":3,"routeNumber":72,"vehicleLoad":"unknown","bearing":271,"lastStopSeq":2,"inCongestion":false,"delay":-88,"latitude":45.4371844},{"tripID":4418198,"serviceDate":1395730800000,"direction":1,"garage":"POWELL","type":"bus","lastLocID":7929,"messageCode":760,"time":1395757831928,"expires":1395758250000,"signMessageLong":"72  Killingsworth/82nd to Clackamas TC","extraBlockID":null,"locationInScheduleDay":26948,"longitude":-122.5789365,"blockID":7246,"offRoute":false,"nextLocID":8066,"vehicleID":2296,"signMessage":"72 Clackamas TC","extraTripID":null,"nextStopSeq":74,"routeNumber":72,"vehicleLoad":"unknown","bearing":177,"lastStopSeq":73,"inCongestion":false,"delay":-82,"latitude":45.5163881},{"tripID":4419093,"serviceDate":1395730800000,"direction":0,"garage":"POWELL","type":"bus","lastLocID":8484,"messageCode":809,"time":1395757838347,"expires":1395758256000,"signMessageLong":"77  Broadway/Halsey to Troutdale","extraBlockID":null,"locationInScheduleDay":27036,"longitude":-122.7069049,"blockID":7737,"offRoute":false,"nextLocID":8385,"vehicleID":2285,"signMessage":"77 To Troutdale","extraTripID":null,"nextStopSeq":2,"routeNumber":77,"vehicleLoad":"unknown","bearing":178,"lastStopSeq":1,"inCongestion":false,"delay":0,"latitude":45.5370429},{"tripID":4417869,"serviceDate":1395730800000,"direction":0,"garage":"POWELL","type":"bus","lastLocID":2161,"messageCode":766,"time":1395757820950,"expires":1395758237000,"signMessageLong":"72  Killingsworth/82nd to Swan Island-Anchor St","extraBlockID":null,"locationInScheduleDay":26479,"longitude":-122.7021093,"blockID":7244,"offRoute":false,"nextLocID":115,"vehicleID":2276,"signMessage":"72 Swan Island","extraTripID":null,"nextStopSeq":108,"routeNumber":72,"vehicleLoad":"unknown","bearing":307,"lastStopSeq":107,"inCongestion":false,"delay":0,"latitude":45.5573054},{"tripID":4411567,"serviceDate":1395730800000,"direction":1,"garage":"POWELL","type":"bus","lastLocID":1811,"messageCode":268,"time":1395757823196,"expires":1395758239000,"signMessageLong":"14  Hawthorne to Portland","extraBlockID":null,"locationInScheduleDay":27057,"longitude":-122.5909462,"blockID":1439,"offRoute":false,"nextLocID":1807,"vehicleID":2275,"signMessage":"14 To Portland","extraTripID":null,"nextStopSeq":10,"routeNumber":14,"vehicleLoad":"unknown","bearing":299,"lastStopSeq":9,"inCongestion":false,"delay":38,"latitude":45.4872239},{"tripID":4417318,"serviceDate":1395730800000,"direction":1,"garage":"CENTER","type":"bus","lastLocID":4044,"messageCode":790,"time":1395757810937,"expires":1395758226000,"signMessageLong":"70  12th Ave to Milwaukie via 13th & Tacoma","extraBlockID":null,"locationInScheduleDay":27074,"longitude":-122.6544356,"blockID":7005,"offRoute":false,"nextLocID":8937,"vehicleID":2132,"signMessage":"70 To Milw via 13","extraTripID":null,"nextStopSeq":44,"routeNumber":70,"vehicleLoad":"unknown","bearing":270,"lastStopSeq":43,"inCongestion":false,"delay":68,"latitude":45.5314904},{"tripID":4413880,"serviceDate":1395730800000,"direction":1,"garage":"CENTER","type":"bus","lastLocID":8223,"messageCode":454,"time":1395757823041,"expires":1395758241000,"signMessageLong":"31E Portland Express","extraBlockID":null,"locationInScheduleDay":26707,"longitude":-122.6425861,"blockID":3002,"offRoute":false,"nextLocID":3858,"vehicleID":2134,"signMessage":"31E Portland Express","extraTripID":null,"nextStopSeq":2,"routeNumber":31,"vehicleLoad":"unknown","bearing":338,"lastStopSeq":1,"inCongestion":false,"delay":-314,"latitude":45.482017},{"tripID":4417166,"serviceDate":1395730800000,"direction":0,"garage":"CENTER","type":"bus","lastLocID":6239,"messageCode":783,"time":1395757838002,"expires":1395758255000,"signMessageLong":"70  33rd Ave to NE Sunderland","extraBlockID":null,"locationInScheduleDay":26712,"longitude":-122.6410915,"blockID":7006,"offRoute":false,"nextLocID":636,"vehicleID":2150,"signMessage":"70 To Sunderlnd","extraTripID":null,"nextStopSeq":42,"routeNumber":70,"vehicleLoad":"unknown","bearing":61,"lastStopSeq":41,"inCongestion":false,"delay":-323,"latitude":45.5350563},{"tripID":4417316,"serviceDate":1395730800000,"direction":1,"garage":"CENTER","type":"bus","lastLocID":6872,"messageCode":738,"time":1395757820697,"expires":1395758237000,"signMessageLong":"70  12th Ave to Milwaukie via 13th & Tacoma","extraBlockID":null,"locationInScheduleDay":26935,"longitude":-122.6411572,"blockID":7008,"offRoute":false,"nextLocID":13477,"vehicleID":2506,"signMessage":"70 To Milwaukie","extraTripID":null,"nextStopSeq":40,"routeNumber":70,"vehicleLoad":"unknown","bearing":81,"lastStopSeq":39,"inCongestion":false,"delay":0,"latitude":45.4448198},{"tripID":4418197,"serviceDate":1395730800000,"direction":1,"garage":"POWELL","type":"bus","lastLocID":8237,"messageCode":760,"time":1395757811090,"expires":1395758227000,"signMessageLong":"72  Killingsworth/82nd to Clackamas TC","extraBlockID":null,"locationInScheduleDay":27003,"longitude":-122.5788063,"blockID":7238,"offRoute":false,"nextLocID":7986,"vehicleID":2527,"signMessage":"72 Clackamas TC","extraTripID":null,"nextStopSeq":86,"routeNumber":72,"vehicleLoad":"unknown","bearing":180,"lastStopSeq":85,"inCongestion":false,"delay":-4,"latitude":45.4920515},{"tripID":4417165,"serviceDate":1395730800000,"direction":0,"garage":"CENTER","type":"bus","lastLocID":13040,"messageCode":783,"time":1395757838100,"expires":1395758252000,"signMessageLong":"70  33rd Ave to NE Sunderland","extraBlockID":null,"locationInScheduleDay":26820,"longitude":-122.6357648,"blockID":7002,"offRoute":false,"nextLocID":9368,"vehicleID":2524,"signMessage":"70 To Sunderlnd","extraTripID":null,"nextStopSeq":83,"routeNumber":70,"vehicleLoad":"unknown","bearing":180,"lastStopSeq":82,"inCongestion":false,"delay":0,"latitude":45.5898735},{"tripID":4419230,"serviceDate":1395730800000,"direction":1,"garage":"CENTER","type":"bus","lastLocID":9481,"messageCode":813,"time":1395757820737,"expires":1395758236000,"signMessageLong":"77  Broadway/Halsey to Montgomery Park","extraBlockID":null,"locationInScheduleDay":27016,"longitude":-122.3982117,"blockID":7701,"offRoute":false,"nextLocID":9471,"vehicleID":2512,"signMessage":"77 Montgomry Pk","extraTripID":null,"nextStopSeq":2,"routeNumber":77,"vehicleLoad":"unknown","bearing":85,"lastStopSeq":1,"inCongestion":false,"delay":0,"latitude":45.5443612},{"tripID":4417872,"serviceDate":1395730800000,"direction":0,"garage":"POWELL","type":"bus","lastLocID":7933,"messageCode":768,"time":1395757766147,"expires":1395758183000,"signMessageLong":"72  Killingsworth/82nd to Swan Island-Shipyards","extraBlockID":null,"locationInScheduleDay":26830,"longitude":-122.5786899,"blockID":7239,"offRoute":false,"nextLocID":8039,"vehicleID":2540,"signMessage":"72 Swan Island","extraTripID":null,"nextStopSeq":58,"routeNumber":72,"vehicleLoad":"unknown","bearing":1,"lastStopSeq":57,"inCongestion":false,"delay":-133,"latitude":45.5523817},{"tripID":4418199,"serviceDate":1395730800000,"direction":1,"garage":"POWELL","type":"bus","lastLocID":8043,"messageCode":760,"time":1395757823121,"expires":1395758242000,"signMessageLong":"72  Killingsworth/82nd to Clackamas TC","extraBlockID":null,"locationInScheduleDay":27022,"longitude":-122.5789972,"blockID":7240,"offRoute":false,"nextLocID":8000,"vehicleID":2533,"signMessage":"72 Clackamas TC","extraTripID":null,"nextStopSeq":65,"routeNumber":72,"vehicleLoad":"unknown","bearing":180,"lastStopSeq":64,"inCongestion":false,"delay":0,"latitude":45.5356091},{"tripID":4417874,"serviceDate":1395730800000,"direction":0,"garage":"POWELL","type":"bus","lastLocID":8023,"messageCode":768,"time":1395757838496,"expires":1395758253000,"signMessageLong":"72  Killingsworth/82nd to Swan Island-Shipyards","extraBlockID":null,"locationInScheduleDay":27000,"longitude":-122.578735,"blockID":7249,"offRoute":false,"nextLocID":8052,"vehicleID":2558,"signMessage":"72 Swan Island","extraTripID":null,"nextStopSeq":30,"routeNumber":72,"vehicleLoad":"unknown","bearing":0,"lastStopSeq":29,"inCongestion":false,"delay":-33,"latitude":45.4978227},{"tripID":4418196,"serviceDate":1395730800000,"direction":1,"garage":"POWELL","type":"bus","lastLocID":7945,"messageCode":760,"time":1395757811442,"expires":1395758227000,"signMessageLong":"72  Killingsworth/82nd to Clackamas TC","extraBlockID":null,"locationInScheduleDay":27008,"longitude":-122.5790557,"blockID":7236,"offRoute":false,"nextLocID":7952,"vehicleID":2552,"signMessage":"72 Clackamas TC","extraTripID":null,"nextStopSeq":101,"routeNumber":72,"vehicleLoad":"unknown","bearing":180,"lastStopSeq":100,"inCongestion":false,"delay":1,"latitude":45.4612216},{"tripID":4418203,"serviceDate":1395730800000,"direction":1,"garage":"POWELL","type":"bus","lastLocID":3158,"messageCode":760,"time":1395757838527,"expires":1395758252000,"signMessageLong":"72  Killingsworth/82nd to Clackamas TC","extraBlockID":null,"locationInScheduleDay":27069,"longitude":-122.6831569,"blockID":7242,"offRoute":false,"nextLocID":3169,"vehicleID":2548,"signMessage":"72 Clackamas TC","extraTripID":null,"nextStopSeq":12,"routeNumber":72,"vehicleLoad":"unknown","bearing":90,"lastStopSeq":11,"inCongestion":false,"delay":37,"latitude":45.5626642},{"tripID":4411315,"serviceDate":1395730800000,"direction":0,"garage":"POWELL","type":"bus","lastLocID":7653,"messageCode":266,"time":1395757778375,"expires":1395758197000,"signMessageLong":"14  Hawthorne to 94th & Foster","extraBlockID":null,"locationInScheduleDay":26959,"longitude":-122.6110283,"blockID":1435,"offRoute":false,"nextLocID":8241,"vehicleID":2316,"signMessage":"14 To 94-Foster","extraTripID":null,"nextStopSeq":27,"routeNumber":14,"vehicleLoad":"unknown","bearing":180,"lastStopSeq":26,"inCongestion":false,"delay":-18,"latitude":45.5027196},{"tripID":4413879,"serviceDate":1395730800000,"direction":1,"garage":"CENTER","type":"bus","lastLocID":7800,"messageCode":467,"time":1395757823108,"expires":1395758241000,"signMessageLong":"31  Downtown Only","extraBlockID":null,"locationInScheduleDay":26790,"longitude":-122.6789792,"blockID":1403,"offRoute":false,"nextLocID":7797,"vehicleID":2725,"signMessage":"31 Downtown Only","extraTripID":null,"nextStopSeq":40,"routeNumber":31,"vehicleLoad":"unknown","bearing":21,"lastStopSeq":39,"inCongestion":false,"delay":-231,"latitude":45.5184791},{"tripID":4419088,"serviceDate":1395730800000,"direction":0,"garage":"CENTER","type":"bus","lastLocID":10758,"messageCode":809,"time":1395757838100,"expires":1395758252000,"signMessageLong":"77  Broadway/Halsey to Troutdale","extraBlockID":null,"locationInScheduleDay":27032,"longitude":-122.395837,"blockID":7705,"offRoute":false,"nextLocID":9472,"vehicleID":2720,"signMessage":"77 To Troutdale","extraTripID":null,"nextStopSeq":101,"routeNumber":77,"vehicleLoad":"unknown","bearing":269,"lastStopSeq":100,"inCongestion":false,"delay":0,"latitude":45.5454168},{"tripID":4411563,"serviceDate":1395730800000,"direction":1,"garage":"CENTER","type":"bus","lastLocID":3641,"messageCode":268,"time":1395757838065,"expires":1395758253000,"signMessageLong":"14  Hawthorne to Portland","extraBlockID":null,"locationInScheduleDay":26825,"longitude":-122.6584655,"blockID":1404,"offRoute":false,"nextLocID":3633,"vehicleID":2718,"signMessage":"14 To Portland","extraTripID":null,"nextStopSeq":41,"routeNumber":14,"vehicleLoad":"unknown","bearing":270,"lastStopSeq":40,"inCongestion":false,"delay":-208,"latitude":45.5129222},{"tripID":4413881,"serviceDate":1395730800000,"direction":1,"garage":"CENTER","type":"bus","lastLocID":2577,"messageCode":464,"time":1395757838058,"expires":1395758256000,"signMessageLong":"31  To Portland via Milwaukie","extraBlockID":null,"locationInScheduleDay":27125,"longitude":-122.6295786,"blockID":3101,"offRoute":false,"nextLocID":2574,"vehicleID":2714,"signMessage":"31 To Portland","extraTripID":null,"nextStopSeq":20,"routeNumber":31,"vehicleLoad":"unknown","bearing":268,"lastStopSeq":19,"inCongestion":false,"delay":89,"latitude":45.4465928},{"tripID":4417320,"serviceDate":1395730800000,"direction":1,"garage":"CENTER","type":"bus","lastLocID":9368,"messageCode":788,"time":1395757684973,"expires":1395758102000,"signMessageLong":"70  12th/NE 33rd Ave to Milwaukie","extraBlockID":null,"locationInScheduleDay":26880,"longitude":-122.6357648,"blockID":7007,"offRoute":false,"nextLocID":9414,"vehicleID":2709,"signMessage":"70 To Milwaukie","extraTripID":null,"nextStopSeq":2,"routeNumber":70,"vehicleLoad":"unknown","bearing":180,"lastStopSeq":1,"inCongestion":false,"delay":-2,"latitude":45.5898735},{"tripID":4417168,"serviceDate":1395730800000,"direction":0,"garage":"CENTER","type":"bus","lastLocID":6889,"messageCode":781,"time":1395757823075,"expires":1395758239000,"signMessageLong":"70  12th/NE 33rd Ave to NE Sunderland via 17th & Tacoma","extraBlockID":null,"locationInScheduleDay":26971,"longitude":-122.6476354,"blockID":7001,"offRoute":false,"nextLocID":6848,"vehicleID":2704,"signMessage":"70 To Sunderland via 17th","extraTripID":null,"nextStopSeq":12,"routeNumber":70,"vehicleLoad":"unknown","bearing":355,"lastStopSeq":11,"inCongestion":false,"delay":-48,"latitude":45.4729695},{"tripID":4417317,"serviceDate":1395730800000,"direction":1,"garage":"CENTER","type":"bus","lastLocID":3941,"messageCode":789,"time":1395757811019,"expires":1395758228000,"signMessageLong":"70  12th Ave to Milwaukie via 17th & Tacoma","extraBlockID":null,"locationInScheduleDay":27064,"longitude":-122.6531018,"blockID":7003,"offRoute":false,"nextLocID":3909,"vehicleID":2705,"signMessage":"70 To Milw via 17","extraTripID":null,"nextStopSeq":60,"routeNumber":70,"vehicleLoad":"unknown","bearing":167,"lastStopSeq":59,"inCongestion":false,"delay":56,"latitude":45.4949407},{"tripID":4417167,"serviceDate":1395730800000,"direction":0,"garage":"CENTER","type":"bus","lastLocID":6588,"messageCode":780,"time":1395757838040,"expires":1395758255000,"signMessageLong":"70  12th/NE 33rd Ave to NE Sunderland","extraBlockID":null,"locationInScheduleDay":27117,"longitude":-122.6536532,"blockID":7004,"offRoute":false,"nextLocID":6594,"vehicleID":2701,"signMessage":"70 To Sunderlnd","extraTripID":null,"nextStopSeq":32,"routeNumber":70,"vehicleLoad":"unknown","bearing":0,"lastStopSeq":31,"inCongestion":false,"delay":82,"latitude":45.5170609},{"tripID":4419225,"serviceDate":1395730800000,"direction":1,"garage":"CENTER","type":"bus","lastLocID":4788,"messageCode":813,"time":1395757828901,"expires":1395758248000,"signMessageLong":"77  Broadway/Halsey to Montgomery Park","extraBlockID":null,"locationInScheduleDay":26902,"longitude":-122.6976878,"blockID":7704,"offRoute":false,"nextLocID":10972,"vehicleID":2614,"signMessage":"77 Montgomry Pk","extraTripID":null,"nextStopSeq":101,"routeNumber":77,"vehicleLoad":"unknown","bearing":268,"lastStopSeq":100,"inCongestion":false,"delay":-126,"latitude":45.5355166},{"tripID":4411564,"serviceDate":1395730800000,"direction":1,"garage":"CENTER","type":"bus","lastLocID":2609,"messageCode":268,"time":1395757781055,"expires":1395758198000,"signMessageLong":"14  Hawthorne to Portland","extraBlockID":null,"locationInScheduleDay":27047,"longitude":-122.6439324,"blockID":1401,"offRoute":false,"nextLocID":2606,"vehicleID":2608,"signMessage":"14 To Portland","extraTripID":null,"nextStopSeq":36,"routeNumber":14,"vehicleLoad":"unknown","bearing":270,"lastStopSeq":35,"inCongestion":false,"delay":69,"latitude":45.5120933},{"tripID":4417169,"serviceDate":1395730800000,"direction":0,"garage":"CENTER","type":"bus","lastLocID":8225,"messageCode":782,"time":1395757838301,"expires":1395758253000,"signMessageLong":"70  12th/NE 33rd Ave to NE Sunderland via 13th & Tacoma","extraBlockID":null,"locationInScheduleDay":27123,"longitude":-122.6405049,"blockID":7010,"offRoute":false,"nextLocID":6871,"vehicleID":2623,"signMessage":"70 To Sunderland via 13th","extraTripID":null,"nextStopSeq":3,"routeNumber":70,"vehicleLoad":"unknown","bearing":81,"lastStopSeq":2,"inCongestion":false,"delay":90,"latitude":45.4448916},{"tripID":4419229,"serviceDate":1395730800000,"direction":1,"garage":"CENTER","type":"bus","lastLocID":2417,"messageCode":813,"time":1395757640357,"expires":1395758057000,"signMessageLong":"77  Broadway/Halsey to Montgomery Park","extraBlockID":null,"locationInScheduleDay":26859,"longitude":-122.4318296,"blockID":7707,"offRoute":false,"nextLocID":2342,"vehicleID":2653,"signMessage":"77 Montgomry Pk","extraTripID":null,"nextStopSeq":13,"routeNumber":77,"vehicleLoad":"unknown","bearing":258,"lastStopSeq":12,"inCongestion":false,"delay":22,"latitude":45.5353247},{"tripID":4417319,"serviceDate":1395730800000,"direction":1,"garage":"CENTER","type":"bus","lastLocID":7368,"messageCode":788,"time":1395757838316,"expires":1395758254000,"signMessageLong":"70  12th/NE 33rd Ave to Milwaukie","extraBlockID":null,"locationInScheduleDay":27057,"longitude":-122.6307194,"blockID":7009,"offRoute":false,"nextLocID":7374,"vehicleID":2626,"signMessage":"70 To Milwaukie","extraTripID":null,"nextStopSeq":25,"routeNumber":70,"vehicleLoad":"unknown","bearing":180,"lastStopSeq":24,"inCongestion":false,"delay":23,"latitude":45.5485277},{"tripID":4419228,"serviceDate":1395730800000,"direction":1,"garage":"CENTER","type":"bus","lastLocID":2379,"messageCode":813,"time":1395757838317,"expires":1395758255000,"signMessageLong":"77  Broadway/Halsey to Montgomery Park","extraBlockID":null,"locationInScheduleDay":26834,"longitude":-122.5264309,"blockID":7703,"offRoute":false,"nextLocID":2375,"vehicleID":2630,"signMessage":"77 Montgomry Pk","extraTripID":null,"nextStopSeq":35,"routeNumber":77,"vehicleLoad":"unknown","bearing":268,"lastStopSeq":34,"inCongestion":false,"delay":-201,"latitude":45.5335309},{"tripID":4419090,"serviceDate":1395730800000,"direction":0,"garage":"CENTER","type":"bus","lastLocID":2442,"messageCode":809,"time":1395757826252,"expires":1395758244000,"signMessageLong":"77  Broadway/Halsey to Troutdale","extraBlockID":null,"locationInScheduleDay":27011,"longitude":-122.5923006,"blockID":7706,"offRoute":false,"nextLocID":2446,"vehicleID":2632,"signMessage":"77 To Troutdale","extraTripID":null,"nextStopSeq":46,"routeNumber":77,"vehicleLoad":"unknown","bearing":90,"lastStopSeq":45,"inCongestion":false,"delay":-13,"latitude":45.5336407},{"tripID":4417870,"serviceDate":1395730800000,"direction":0,"garage":"POWELL","type":"bus","lastLocID":3163,"messageCode":768,"time":1395757825823,"expires":1395758245000,"signMessageLong":"72  Killingsworth/82nd to Swan Island-Shipyards","extraBlockID":null,"locationInScheduleDay":26944,"longitude":-122.6873119,"blockID":7237,"offRoute":false,"nextLocID":3180,"vehicleID":3004,"signMessage":"72 Swan Island","extraTripID":null,"nextStopSeq":102,"routeNumber":72,"vehicleLoad":"unknown","bearing":270,"lastStopSeq":101,"inCongestion":false,"delay":-81,"latitude":45.5627047},{"tripID":4417873,"serviceDate":1395730800000,"direction":0,"garage":"POWELL","type":"bus","lastLocID":7999,"messageCode":766,"time":1395757825899,"expires":1395758242000,"signMessageLong":"72  Killingsworth/82nd to Swan Island-Anchor St","extraBlockID":null,"locationInScheduleDay":27022,"longitude":-122.578962,"blockID":7241,"offRoute":false,"nextLocID":8042,"vehicleID":3048,"signMessage":"72 Swan Island","extraTripID":null,"nextStopSeq":49,"routeNumber":72,"vehicleLoad":"unknown","bearing":0,"lastStopSeq":48,"inCongestion":false,"delay":0,"latitude":45.533614},{"tripID":4418201,"serviceDate":1395730800000,"direction":1,"garage":"POWELL","type":"bus","lastLocID":3198,"messageCode":760,"time":1395757793008,"expires":1395758211000,"signMessageLong":"72  Killingsworth/82nd to Clackamas TC","extraBlockID":null,"locationInScheduleDay":27060,"longitude":-122.6210961,"blockID":7235,"offRoute":false,"nextLocID":3199,"vehicleID":3053,"signMessage":"72 Clackamas TC","extraTripID":null,"nextStopSeq":40,"routeNumber":72,"vehicleLoad":"unknown","bearing":89,"lastStopSeq":39,"inCongestion":false,"delay":69,"latitude":45.5628068},{"tripID":4417871,"serviceDate":1395730800000,"direction":0,"garage":"POWELL","type":"bus","lastLocID":53,"messageCode":766,"time":1395757838049,"expires":1395758253000,"signMessageLong":"72  Killingsworth/82nd to Swan Island-Anchor St","extraBlockID":null,"locationInScheduleDay":27159,"longitude":-122.6495247,"blockID":7245,"offRoute":false,"nextLocID":51,"vehicleID":3052,"signMessage":"72 Swan Island","extraTripID":null,"nextStopSeq":88,"routeNumber":72,"vehicleLoad":"unknown","bearing":270,"lastStopSeq":87,"inCongestion":false,"delay":126,"latitude":45.5590988},{"tripID":4417875,"serviceDate":1395730800000,"direction":0,"garage":"POWELL","type":"bus","lastLocID":7960,"messageCode":766,"time":1395757820695,"expires":1395758239000,"signMessageLong":"72  Killingsworth/82nd to Swan Island-Anchor St","extraBlockID":null,"locationInScheduleDay":27086,"longitude":-122.5790834,"blockID":7234,"offRoute":false,"nextLocID":8057,"vehicleID":3054,"signMessage":"72 Swan Island","extraTripID":null,"nextStopSeq":19,"routeNumber":72,"vehicleLoad":"unknown","bearing":0,"lastStopSeq":18,"inCongestion":false,"delay":67,"latitude":45.4766916},{"tripID":4419091,"serviceDate":1395730800000,"direction":0,"garage":"POWELL","type":"bus","lastLocID":4042,"messageCode":809,"time":1395757838093,"expires":1395758255000,"signMessageLong":"77  Broadway/Halsey to Troutdale","extraBlockID":null,"locationInScheduleDay":26903,"longitude":-122.6565931,"blockID":7734,"offRoute":false,"nextLocID":10866,"vehicleID":3046,"signMessage":"77 To Troutdale","extraTripID":null,"nextStopSeq":22,"routeNumber":77,"vehicleLoad":"unknown","bearing":0,"lastStopSeq":21,"inCongestion":false,"delay":-132,"latitude":45.5325975},{"tripID":4419226,"serviceDate":1395730800000,"direction":1,"garage":"POWELL","type":"bus","lastLocID":629,"messageCode":813,"time":1395757828826,"expires":1395758245000,"signMessageLong":"77  Broadway/Halsey to Montgomery Park","extraBlockID":null,"locationInScheduleDay":26894,"longitude":-122.6541526,"blockID":7738,"offRoute":false,"nextLocID":10867,"vehicleID":3035,"signMessage":"77 Montgomry Pk","extraTripID":null,"nextStopSeq":82,"routeNumber":77,"vehicleLoad":"unknown","bearing":269,"lastStopSeq":81,"inCongestion":false,"delay":-131,"latitude":45.5350519},{"tripID":4411570,"serviceDate":1395730800000,"direction":1,"garage":"POWELL","type":"bus","lastLocID":1831,"messageCode":268,"time":1395757810970,"expires":1395758226000,"signMessageLong":"14  Hawthorne to Portland","extraBlockID":null,"locationInScheduleDay":27006,"longitude":-122.5662917,"blockID":1434,"offRoute":false,"nextLocID":13236,"vehicleID":3027,"signMessage":"14 To Portland","extraTripID":null,"nextStopSeq":2,"routeNumber":14,"vehicleLoad":"unknown","bearing":291,"lastStopSeq":1,"inCongestion":false,"delay":0,"latitude":45.4791765},{"tripID":4418195,"serviceDate":1395730800000,"direction":1,"garage":"POWELL","type":"bus","lastLocID":12921,"messageCode":760,"time":1395757478616,"expires":1395757896000,"signMessageLong":"72  Killingsworth/82nd to Clackamas TC","extraBlockID":null,"locationInScheduleDay":26496,"longitude":-122.5690354,"blockID":7243,"offRoute":false,"nextLocID":13247,"vehicleID":3025,"signMessage":"72 Clackamas TC","extraTripID":null,"nextStopSeq":111,"routeNumber":72,"vehicleLoad":"unknown","bearing":173,"lastStopSeq":110,"inCongestion":false,"delay":0,"latitude":45.4355465},{"tripID":4419227,"serviceDate":1395730800000,"direction":1,"garage":"CENTER","type":"bus","lastLocID":650,"messageCode":813,"time":1395757828861,"expires":1395758248000,"signMessageLong":"77  Broadway/Halsey to Montgomery Park","extraBlockID":null,"locationInScheduleDay":27073,"longitude":-122.619474,"blockID":7702,"offRoute":false,"nextLocID":7510,"vehicleID":2005,"signMessage":"77 Montgomry Pk","extraTripID":null,"nextStopSeq":67,"routeNumber":77,"vehicleLoad":"unknown","bearing":269,"lastStopSeq":66,"inCongestion":false,"delay":45,"latitude":45.5351274},{"tripID":4411568,"serviceDate":1395730800000,"direction":1,"garage":"CENTER","type":"bus","lastLocID":1831,"messageCode":268,"time":1395757838136,"expires":1395758254000,"signMessageLong":"14  Hawthorne to Portland","extraBlockID":null,"locationInScheduleDay":27000,"longitude":-122.5662917,"blockID":1402,"offRoute":false,"nextLocID":13236,"vehicleID":2014,"signMessage":"14 To Portland","extraTripID":null,"nextStopSeq":2,"routeNumber":14,"vehicleLoad":"unknown","bearing":291,"lastStopSeq":1,"inCongestion":false,"delay":-34,"latitude":45.4791765}],"queryTime":1395757848914}}
