{"resultSet":{"vehicle":[{"tripID":4419220,"serviceDate":1395730800000,"direction":1,"garage":"CENTER","type":"bus","lastLocID":2455,"messageCode":813,"time":1395749134434,"expires":1395749554000,"signMessageLong":"77  Broadway/Halsey to Montgomery Park","extraBlockID":null,"locationInScheduleDay":18329,"longitude":-122.5829768,"blockID":7701,"offRoute":false,"nextLocID":2453,"vehicleID":2512,"signMessage":"77 Montgomry Pk","extraTripID":null,"nextStopSeq":9,"routeNumber":77,"vehicleLoad":"unknown","bearing":270,"lastStopSeq":8,"inCongestion":false,"delay":-5,"latitude":45.5336117},{"tripID":4417161,"serviceDate":1395730800000,"direction":0,"garage":"CENTER","type":"bus","lastLocID":3421,"messageCode":782,"time":1395749134424,"expires":1395749553000,"signMessageLong":"70  12th/NE 33rd Ave to NE Sunderland via 13th & Tacoma","extraBlockID":null,"locationInScheduleDay":18388,"longitude":-122.6517218,"blockID":7001,"offRoute":false,"nextLocID":3419,"vehicleID":2704,"signMessage":"70 To Sunderland via 13th","extraTripID":null,"nextStopSeq":7,"routeNumber":70,"vehicleLoad":"unknown","bearing":270,"lastStopSeq":6,"inCongestion":false,"delay":55,"latitude":45.4593376},{"tripID":4417863,"serviceDate":1395730800000,"direction":0,"garage":"POWELL","type":"bus","lastLocID":7936,"messageCode":768,"time":1395749122801,"expires":1395749539000,"signMessageLong":"72  Killingsworth/82nd to Swan Island-Shipyards","extraBlockID":null,"locationInScheduleDay":18307,"longitude":-122.5790768,"blockID":7234,"offRoute":false,"nextLocID":7955,"vehicleID":3054,"signMessage":"72 Swan Island","extraTripID":null,"nextStopSeq":43,"routeNumber":72,"vehicleLoad":"unknown","bearing":0,"lastStopSeq":42,"inCongestion":false,"delay":-12,"latitude":45.5226576},{"tripID":4411556,"serviceDate":1395730800000,"direction":1,"garage":"POWELL","type":"bus","lastLocID":1793,"messageCode":268,"time":1395749134408,"expires":1395749554000,"signMessageLong":"14  Hawthorne to Portland","extraBlockID":null,"locationInScheduleDay":18371,"longitude":-122.6092594,"blockID":1434,"offRoute":false,"nextLocID":7656,"vehicleID":3027,"signMessage":"14 To Portland","extraTripID":null,"nextStopSeq":18,"routeNumber":14,"vehicleLoad":"unknown","bearing":313,"lastStopSeq":17,"inCongestion":false,"delay":37,"latitude":45.4958526}],"queryTime":1395749148566}}
