{"resultSet":{"route":[{"desc":"31-King Rd","dir":[{"stop":[{"desc":"SW 5th & Pine","locid":7631,"tp":false,"seq":100,"lng":-122.675826575826,"lat":45.5222364442435},{"desc":"SW 5th & Washington","locid":7642,"tp":false,"seq":150,"lng":-122.676855023676,"lat":45.5202699534868},{"desc":"SW 5th & Salmon","locid":7634,"tp":true,"seq":200,"lng":-122.678651081816,"lat":45.5169398122195},{"desc":"SW Madison & 4th","locid":3639,"tp":false,"seq":250,"lng":-122.67857274754,"lat":45.5151854260328},{"desc":"SW Madison & 1st","locid":3635,"tp":false,"seq":300,"lng":-122.675838876043,"lat":45.5144552232906},{"desc":"Hawthorne Bridge","locid":2641,"tp":false,"seq":350,"lng":-122.665111779531,"lat":45.5121533451496},{"desc":"SE M L King & Mill","locid":5933,"tp":false,"seq":400,"lng":-122.661973759836,"lat":45.5096438789623},{"desc":"4300 Block SE McLoughlin","locid":13487,"tp":false,"seq":425,"lng":-122.656867678425,"lat":45.4927517027988},{"desc":"SE McLoughlin & 17th","locid":3859,"tp":true,"seq":450,"lng":-122.647688853545,"lat":45.4857749086309},{"desc":"SE McLoughlin & Harold","locid":3836,"tp":false,"seq":500,"lng":-122.643689025621,"lat":45.4832920760234},{"desc":"8500 Block SE McLoughlin","locid":3854,"tp":false,"seq":600,"lng":-122.639309328693,"lat":45.4612886755229},{"desc":"SE Frontage Rd & Ochoco St","locid":3846,"tp":false,"seq":650,"lng":-122.640265207496,"lat":45.4583825893608},{"desc":"SE Main & Beta","locid":12842,"tp":false,"seq":700,"lng":-122.638803848392,"lat":45.4571397454966},{"desc":"SE Main & Milport","locid":3661,"tp":false,"seq":750,"lng":-122.64087999998,"lat":45.452272999998},{"desc":"10200 Block SE Main","locid":12463,"tp":false,"seq":800,"lng":-122.641955050817,"lat":45.448641909806},{"desc":"Main & Scott","locid":3668,"tp":false,"seq":850,"lng":-122.641934625769,"lat":45.4463315595026},{"desc":"SE Jackson & 21st","locid":8225,"tp":true,"seq":1300,"lng":-122.640490507498,"lat":45.4448268363439},{"desc":"SE Harrison & 24th","locid":2569,"tp":false,"seq":1350,"lng":-122.637921,"lat":45.446356},{"desc":"SE Harrison & 28th","locid":2572,"tp":false,"seq":1400,"lng":-122.635,"lat":45.446415},{"desc":"SE Harrison & Hwy 224","locid":2568,"tp":false,"seq":1450,"lng":-122.63265599998,"lat":45.446458999998},{"desc":"SE Harrison & 32nd","locid":2575,"tp":false,"seq":1500,"lng":-122.628922750119,"lat":45.4464911281225},{"desc":"SE Harrison & 37th","locid":2578,"tp":false,"seq":1600,"lng":-122.624793625114,"lat":45.4466189772304},{"desc":"SE Harrison & 40th","locid":2582,"tp":false,"seq":1650,"lng":-122.622218384146,"lat":45.4465636893343},{"desc":"SE 42nd & Llewellyn","locid":7523,"tp":false,"seq":1700,"lng":-122.619426693357,"lat":45.4475669150283},{"desc":"SE King & 47th","locid":3242,"tp":false,"seq":1800,"lng":-122.61452699998,"lat":45.447934999998},{"desc":"SE King & Home","locid":3233,"tp":false,"seq":1850,"lng":-122.61132999998,"lat":45.447931999998},{"desc":"SE King & 52nd","locid":3245,"tp":false,"seq":1900,"lng":-122.60936713612,"lat":45.44791292154},{"desc":"SE King & Stanley","locid":3238,"tp":false,"seq":2000,"lng":-122.604275891994,"lat":45.4479011285878},{"desc":"SE King & Hollywood","locid":3231,"tp":false,"seq":2050,"lng":-122.602622000382,"lat":45.4478810083066},{"desc":"SE King & Linwood","locid":3234,"tp":true,"seq":2100,"lng":-122.599521897554,"lat":45.4478680989829},{"desc":"SE King & 66th","locid":3250,"tp":false,"seq":2150,"lng":-122.595346804003,"lat":45.4478614554131},{"desc":"SE King & Bell","locid":3230,"tp":false,"seq":2200,"lng":-122.592956587193,"lat":45.4478217553979},{"desc":"7100 Block SE King","locid":3224,"tp":false,"seq":2250,"lng":-122.590273336807,"lat":45.4469850070432},{"desc":"SE King & 74th","locid":3251,"tp":false,"seq":2300,"lng":-122.587335484064,"lat":45.446987282159},{"desc":"7900 Block SE King","locid":3226,"tp":false,"seq":2400,"lng":-122.582216615225,"lat":45.4469598596333},{"desc":"SE 82nd & King","locid":7990,"tp":false,"seq":2450,"lng":-122.579070785894,"lat":45.4465850612263},{"desc":"SE 82nd & Boyer Drive","locid":7921,"tp":false,"seq":2500,"lng":-122.57906846007,"lat":45.4442166866364},{"desc":"SE 82nd & Causey","locid":7942,"tp":false,"seq":2550,"lng":-122.579108658057,"lat":45.4415492347115},{"desc":"Clackamas Town Center Mall","locid":12921,"tp":true,"seq":2650,"lng":-122.573312428829,"lat":45.4373103291871},{"desc":"Clackamas Town Center TC","locid":13247,"tp":false,"seq":2700,"lng":-122.568134018879,"lat":45.435552020342},{"desc":"Clackamas Town Center Transit Center","locid":13248,"tp":true,"seq":2775,"lng":-122.568707452941,"lat":45.4356663622781},{"desc":"Clackamas Town Center Mall","locid":12922,"tp":true,"seq":2800,"lng":-122.574003185798,"lat":45.4375035060266}],"desc":"To Clackamas Town Center","dir":0},{"stop":[{"desc":"Clackamas Town Center Transit Center","locid":13248,"tp":true,"seq":3375,"lng":-122.568707452941,"lat":45.4356663622781},{"desc":"Clackamas Town Center Mall","locid":12922,"tp":true,"seq":3400,"lng":-122.574003185798,"lat":45.4375035060266},{"desc":"SE 82nd & Causey","locid":7941,"tp":false,"seq":3450,"lng":-122.578736261109,"lat":45.4411225309735},{"desc":"SE 82nd & Boyer Drive","locid":7920,"tp":false,"seq":3550,"lng":-122.578691681177,"lat":45.4436479471432},{"desc":"SE King & Fuller","locid":3228,"tp":false,"seq":3600,"lng":-122.580064685929,"lat":45.4471065536257},{"desc":"SE King & 77th","locid":3254,"tp":false,"seq":3700,"lng":-122.584081368713,"lat":45.4471268567744},{"desc":"SE King & Cook Ct","locid":12956,"tp":false,"seq":3775,"lng":-122.588617995027,"lat":45.447180423785},{"desc":"SE King & Bell","locid":3229,"tp":false,"seq":3850,"lng":-122.59256617552,"lat":45.4479194066638},{"desc":"SE King & 66th","locid":3249,"tp":false,"seq":3900,"lng":-122.59504956972,"lat":45.4480129886678},{"desc":"SE King & Linwood","locid":3235,"tp":true,"seq":3950,"lng":-122.598729167366,"lat":45.4480175907012},{"desc":"SE King & Hollywood","locid":3232,"tp":false,"seq":4000,"lng":-122.602684295163,"lat":45.4480390463328},{"desc":"SE King & Stanley","locid":3237,"tp":false,"seq":4050,"lng":-122.604368168501,"lat":45.448048416688},{"desc":"SE King & 52nd","locid":3246,"tp":false,"seq":4150,"lng":-122.609051196591,"lat":45.4480719343304},{"desc":"SE King & Home","locid":10303,"tp":false,"seq":4200,"lng":-122.612042570142,"lat":45.4480829837967},{"desc":"SE King & 47th","locid":3243,"tp":false,"seq":4250,"lng":-122.614354191499,"lat":45.448096361546},{"desc":"SE 42nd & Llewellyn","locid":7524,"tp":false,"seq":4350,"lng":-122.619628693453,"lat":45.4474815516768},{"desc":"SE Harrison & 40th","locid":2583,"tp":false,"seq":4400,"lng":-122.62196899998,"lat":45.446684999998},{"desc":"SE Harrison & 37th","locid":2579,"tp":false,"seq":4450,"lng":-122.624447795602,"lat":45.4467006498631},{"desc":"SE Harrison & 34th","locid":2577,"tp":false,"seq":4500,"lng":-122.627360953706,"lat":45.4466932525321},{"desc":"SE Harrison & 31st","locid":2574,"tp":false,"seq":4700,"lng":-122.63027,"lat":45.446659},{"desc":"SE Harrison & 29th","locid":2573,"tp":false,"seq":4750,"lng":-122.63335399998,"lat":45.446591999998},{"desc":"2700 Block SE Harrison","locid":2571,"tp":false,"seq":4800,"lng":-122.63570899998,"lat":45.446514999998},{"desc":"SE Harrison & 24th","locid":2570,"tp":false,"seq":4850,"lng":-122.638045,"lat":45.446469},{"desc":"SE Jackson & 21st","locid":8225,"tp":true,"seq":4900,"lng":-122.640490507498,"lat":45.4448268363439},{"desc":"SE Jackson & Main St","locid":8223,"tp":true,"seq":4925,"lng":-122.64126899998,"lat":45.444895999998},{"desc":"SE Main & Scott","locid":3672,"tp":false,"seq":4950,"lng":-122.641816837444,"lat":45.4465052443402},{"desc":"10200 Block SE Main","locid":12462,"tp":false,"seq":4975,"lng":-122.641816399336,"lat":45.4485357352718},{"desc":"SE Main & Milport","locid":3657,"tp":false,"seq":5050,"lng":-122.640580878673,"lat":45.4523836025079},{"desc":"SE Main & Mailwell","locid":3658,"tp":false,"seq":5060,"lng":-122.639976269975,"lat":45.4556221150204},{"desc":"SE Main & Beta","locid":3652,"tp":false,"seq":5150,"lng":-122.63874599998,"lat":45.457033999998},{"desc":"SE Ochoco & McLoughlin","locid":3797,"tp":false,"seq":5200,"lng":-122.639337756479,"lat":45.4588053744141},{"desc":"SE McLoughlin & Harold","locid":3785,"tp":false,"seq":5400,"lng":-122.643043003988,"lat":45.482970612861},{"desc":"SE McLoughlin & 17th","locid":3858,"tp":true,"seq":5450,"lng":-122.64889260039,"lat":45.486689746723},{"desc":"SE McLoughlin & Holgate","locid":3837,"tp":false,"seq":5500,"lng":-122.65363199998,"lat":45.490158999998},{"desc":"4300 Block SE McLoughlin","locid":13488,"tp":false,"seq":5525,"lng":-122.656490291211,"lat":45.4930024216141},{"desc":"SE Grand & Mill","locid":2171,"tp":false,"seq":5550,"lng":-122.660701681856,"lat":45.5100033811478},{"desc":"Hawthorne Bridge","locid":2642,"tp":false,"seq":5600,"lng":-122.666184157163,"lat":45.5130214632769},{"desc":"SW Main & 2nd","locid":11956,"tp":false,"seq":5650,"lng":-122.67556642584,"lat":45.5152587254327},{"desc":"SW 6th & Taylor","locid":7800,"tp":false,"seq":5700,"lng":-122.679315553183,"lat":45.5176044015768},{"desc":"SW 6th & Stark","locid":7797,"tp":false,"seq":5750,"lng":-122.677521430089,"lat":45.5209306674435},{"desc":"SW 6th & W Burnside","locid":7751,"tp":true,"seq":5800,"lng":-122.676415012828,"lat":45.52288023545}],"desc":"To Milwaukie or Portland City Center","dir":1}],"route":31,"type":"B"},{"desc":"14-Hawthorne","dir":[{"stop":[{"desc":"SW Madison & 4th","locid":3639,"tp":true,"seq":400,"lng":-122.67857274754,"lat":45.5151854260328},{"desc":"SW Madison & 1st","locid":3635,"tp":false,"seq":450,"lng":-122.675838876043,"lat":45.5144552232906},{"desc":"Hawthorne Bridge","locid":2641,"tp":false,"seq":500,"lng":-122.665111779531,"lat":45.5121533451496},{"desc":"SE Hawthorne & 6th","locid":2594,"tp":false,"seq":550,"lng":-122.65989377954,"lat":45.512167711384},{"desc":"SE Hawthorne & 9th","locid":2597,"tp":false,"seq":600,"lng":-122.65687799998,"lat":45.512155999998},{"desc":"SE Hawthorne & 12th","locid":2599,"tp":true,"seq":650,"lng":-122.653870659341,"lat":45.5121323268823},{"desc":"SE Hawthorne & Maple","locid":2595,"tp":false,"seq":700,"lng":-122.651570939361,"lat":45.5121360757108},{"desc":"SE Hawthorne & 16th","locid":2603,"tp":false,"seq":750,"lng":-122.64912509948,"lat":45.512128940081},{"desc":"SE Hawthorne & Poplar","locid":2596,"tp":false,"seq":800,"lng":-122.64712799998,"lat":45.512118999998},{"desc":"SE Hawthorne & 20th","locid":2607,"tp":false,"seq":850,"lng":-122.644674715892,"lat":45.5120065100764},{"desc":"SE Hawthorne & 23rd","locid":2608,"tp":false,"seq":900,"lng":-122.642332695456,"lat":45.5120033162158},{"desc":"SE Hawthorne & 25th","locid":2612,"tp":false,"seq":950,"lng":-122.640090799418,"lat":45.5120118840765},{"desc":"SE Hawthorne & 28th","locid":2614,"tp":false,"seq":1000,"lng":-122.637048016796,"lat":45.5120106054679},{"desc":"SE Hawthorne & 30th","locid":2615,"tp":false,"seq":1050,"lng":-122.634913952906,"lat":45.5120021163256},{"desc":"SE Hawthorne & 32nd Pl","locid":2617,"tp":false,"seq":1100,"lng":-122.631285624728,"lat":45.5119892381524},{"desc":"SE Hawthorne & 34th","locid":2620,"tp":false,"seq":1150,"lng":-122.629337879413,"lat":45.5119952723424},{"desc":"SE Hawthorne & 37th","locid":2623,"tp":false,"seq":1200,"lng":-122.625457457085,"lat":45.5119745570112},{"desc":"SE Hawthorne & Cesar Chavez Blvd","locid":2625,"tp":true,"seq":1250,"lng":-122.623079752618,"lat":45.5119594841567},{"desc":"SE Hawthorne & 41st","locid":2628,"tp":false,"seq":1300,"lng":-122.62034852562,"lat":45.5119722756405},{"desc":"SE Hawthorne & 44th","locid":2630,"tp":false,"seq":1350,"lng":-122.617292527743,"lat":45.5119707121746},{"desc":"SE Hawthorne & 47th","locid":2633,"tp":false,"seq":1400,"lng":-122.613831649701,"lat":45.5119579367526},{"desc":"SE 50th & Clay","locid":7651,"tp":false,"seq":1450,"lng":-122.611615248383,"lat":45.5113804938693},{"desc":"SE 50th & Mill","locid":7662,"tp":false,"seq":1500,"lng":-122.611513967333,"lat":45.5100912323906},{"desc":"SE 50th & Lincoln","locid":7660,"tp":false,"seq":1550,"lng":-122.61137999998,"lat":45.508110999998},{"desc":"SE 50th & Division","locid":7655,"tp":false,"seq":1650,"lng":-122.611283823184,"lat":45.5055108048214},{"desc":"SE 50th & Clinton","locid":7653,"tp":false,"seq":1700,"lng":-122.611084388812,"lat":45.5035854842239},{"desc":"SE 50th & Brooklyn","locid":8241,"tp":false,"seq":1750,"lng":-122.611464330691,"lat":45.5006867578512},{"desc":"SE 50th & Kelly","locid":7666,"tp":false,"seq":1800,"lng":-122.611442878223,"lat":45.4994323716105},{"desc":"SE Foster & Powell","locid":1792,"tp":true,"seq":1900,"lng":-122.611345631416,"lat":45.4972568478916},{"desc":"SE Foster & 52nd","locid":1794,"tp":false,"seq":1950,"lng":-122.608652766395,"lat":45.4953886416158},{"desc":"SE Foster & 56th","locid":12946,"tp":false,"seq":2000,"lng":-122.604948649253,"lat":45.4936793184915},{"desc":"SE Foster & Gladstone","locid":1775,"tp":false,"seq":2050,"lng":-122.60333545225,"lat":45.4928403403264},{"desc":"SE Foster & 61st","locid":12947,"tp":false,"seq":2100,"lng":-122.600330061544,"lat":45.4911647833787},{"desc":"SE Foster & 63rd","locid":10196,"tp":false,"seq":2150,"lng":-122.59809803955,"lat":45.4900985718349},{"desc":"SE Foster & 65th","locid":1802,"tp":false,"seq":2200,"lng":-122.595630778959,"lat":45.4890723772079},{"desc":"SE Foster & 67th","locid":1804,"tp":false,"seq":2250,"lng":-122.59383699998,"lat":45.488338999998},{"desc":"SE Foster & 70th","locid":1808,"tp":false,"seq":2300,"lng":-122.591509359406,"lat":45.4873444445872},{"desc":"SE Foster & 72nd","locid":1810,"tp":false,"seq":2350,"lng":-122.588742941475,"lat":45.4862503412695},{"desc":"SE Foster & 75th","locid":1812,"tp":false,"seq":2400,"lng":-122.58621799998,"lat":45.485410999998},{"desc":"SE Foster & 77th","locid":1814,"tp":false,"seq":2450,"lng":-122.583758137056,"lat":45.4845651397439},{"desc":"SE Foster & 79th","locid":1816,"tp":false,"seq":2500,"lng":-122.582026112062,"lat":45.4839056287905},{"desc":"SE Foster & 82nd","locid":1819,"tp":true,"seq":2550,"lng":-122.57938699998,"lat":45.482898999998},{"desc":"SE Foster & 85th","locid":1821,"tp":false,"seq":2600,"lng":-122.57602099998,"lat":45.481827999998},{"desc":"SE Foster & 86th","locid":1823,"tp":false,"seq":2650,"lng":-122.57439699998,"lat":45.481429999998},{"desc":"SE Foster & 89th","locid":1827,"tp":false,"seq":2700,"lng":-122.571108454389,"lat":45.4804829273811},{"desc":"SE Woodstock & 92nd","locid":6427,"tp":false,"seq":2750,"lng":-122.568789633293,"lat":45.4790664853741},{"desc":"SE Woodstock & 94th (I-205 West End)","locid":6398,"tp":false,"seq":2800,"lng":-122.566121324754,"lat":45.4782656575703},{"desc":"SE 97th & Foster","locid":8134,"tp":false,"seq":2850,"lng":-122.56336844958,"lat":45.4781734677004},{"desc":"SE Foster & 94th (I-205 Overpass)","locid":1831,"tp":true,"seq":2900,"lng":-122.566246313604,"lat":45.4792593804903}],"desc":"To Foster & 94th","dir":0},{"stop":[{"desc":"SE Foster & 94th","locid":13236,"tp":false,"seq":125,"lng":-122.567496664654,"lat":45.4795858499658},{"desc":"SE Foster & 91st","locid":1829,"tp":false,"seq":150,"lng":-122.570123479921,"lat":45.4803425522329},{"desc":"SE Foster & 88th","locid":1826,"tp":false,"seq":200,"lng":-122.572364959658,"lat":45.4810415086949},{"desc":"SE Foster & 86th","locid":1824,"tp":false,"seq":250,"lng":-122.575575325462,"lat":45.4818677467497},{"desc":"SE Foster & 82nd","locid":1818,"tp":true,"seq":300,"lng":-122.579640820652,"lat":45.4831815092846},{"desc":"SE Foster & 78th","locid":1815,"tp":false,"seq":400,"lng":-122.58336199998,"lat":45.484595999998},{"desc":"SE Foster & 74th","locid":12948,"tp":false,"seq":450,"lng":-122.586808089095,"lat":45.4857676085509},{"desc":"SE Foster & 72nd","locid":1811,"tp":false,"seq":500,"lng":-122.58969899998,"lat":45.486806999998},{"desc":"SE Foster & 69th","locid":1807,"tp":false,"seq":550,"lng":-122.59299099998,"lat":45.488188999998},{"desc":"SE Foster & 67th","locid":1805,"tp":false,"seq":600,"lng":-122.59417710312,"lat":45.4886719224888},{"desc":"SE Foster & 65th","locid":1803,"tp":false,"seq":650,"lng":-122.595734359951,"lat":45.4893311509378},{"desc":"SE Foster & Holgate","locid":1778,"tp":false,"seq":700,"lng":-122.597881715356,"lat":45.4902203238054},{"desc":"SE Foster & Cora","locid":12904,"tp":false,"seq":750,"lng":-122.600701641824,"lat":45.4916043540396},{"desc":"SE Foster & 58th","locid":1799,"tp":false,"seq":800,"lng":-122.603125642639,"lat":45.492943940699},{"desc":"SE Foster & 56th","locid":1798,"tp":false,"seq":850,"lng":-122.604991985432,"lat":45.4939182260041},{"desc":"SE Foster & 52nd","locid":1793,"tp":false,"seq":950,"lng":-122.60875005874,"lat":45.4956695199037},{"desc":"SE 50th & Haig","locid":7656,"tp":true,"seq":1050,"lng":-122.611254790593,"lat":45.498006243964},{"desc":"SE 50th & Tibbetts","locid":7665,"tp":false,"seq":1100,"lng":-122.61125299998,"lat":45.500196999998},{"desc":"SE 50th & Woodward","locid":8242,"tp":false,"seq":1150,"lng":-122.610931740735,"lat":45.5022898301541},{"desc":"SE 50th & Division","locid":7654,"tp":false,"seq":1250,"lng":-122.610898232201,"lat":45.5051236103916},{"desc":"SE 50th & Lincoln","locid":7659,"tp":false,"seq":1350,"lng":-122.61118794418,"lat":45.507939075259},{"desc":"SE 50th & Mill","locid":12917,"tp":false,"seq":1400,"lng":-122.61135096914,"lat":45.509980659545},{"desc":"SE 50th & Hawthorne","locid":7658,"tp":false,"seq":1500,"lng":-122.611475711873,"lat":45.5117732197249},{"desc":"SE Hawthorne & 46th","locid":13734,"tp":false,"seq":1550,"lng":-122.614801596477,"lat":45.5120987959862},{"desc":"SE Hawthorne & 44th","locid":2632,"tp":false,"seq":1600,"lng":-122.617357242384,"lat":45.5120836933299},{"desc":"SE Hawthorne & 41st","locid":2629,"tp":false,"seq":1650,"lng":-122.619841106511,"lat":45.512111850781},{"desc":"SE Hawthorne & Cesar Chavez Blvd","locid":2626,"tp":true,"seq":1700,"lng":-122.623211728367,"lat":45.5121304589185},{"desc":"SE Hawthorne & 37th","locid":2624,"tp":false,"seq":1750,"lng":-122.625631082355,"lat":45.5121234642594},{"desc":"SE Hawthorne & 34th","locid":12892,"tp":false,"seq":1800,"lng":-122.629429875374,"lat":45.5121199702695},{"desc":"SE Hawthorne & 32nd","locid":2619,"tp":false,"seq":1850,"lng":-122.632417263536,"lat":45.5121385975276},{"desc":"SE Hawthorne & 30th","locid":2616,"tp":false,"seq":1900,"lng":-122.63461354047,"lat":45.5121401405636},{"desc":"SE Hawthorne & 27th","locid":2613,"tp":false,"seq":1950,"lng":-122.637997792068,"lat":45.5121391578243},{"desc":"SE Hawthorne & 25th","locid":2611,"tp":false,"seq":2000,"lng":-122.640514520728,"lat":45.5121325229861},{"desc":"SE Hawthorne & 22nd","locid":2609,"tp":false,"seq":2050,"lng":-122.643398412052,"lat":45.5121517658677},{"desc":"SE Hawthorne & 19th","locid":2606,"tp":false,"seq":2100,"lng":-122.64707399998,"lat":45.512271999998},{"desc":"SE Hawthorne & 16th","locid":2604,"tp":false,"seq":2150,"lng":-122.649475,"lat":45.512268},{"desc":"SE Hawthorne & 14th","locid":2602,"tp":false,"seq":2200,"lng":-122.651911952483,"lat":45.5122720771545},{"desc":"SE Madison & 11th","locid":3637,"tp":true,"seq":2250,"lng":-122.65455499998,"lat":45.512984999998},{"desc":"SE Madison & 7th","locid":3641,"tp":false,"seq":2350,"lng":-122.65846599998,"lat":45.513013},{"desc":"SE Madison & Grand","locid":3633,"tp":false,"seq":2400,"lng":-122.66059999998,"lat":45.513008999998},{"desc":"Hawthorne Bridge","locid":2642,"tp":false,"seq":2450,"lng":-122.666184157163,"lat":45.5130214632769},{"desc":"SW Main & 2nd","locid":11956,"tp":false,"seq":2500,"lng":-122.67556642584,"lat":45.5152587254327},{"desc":"SW Main & 6th","locid":13169,"tp":false,"seq":2550,"lng":-122.679838182103,"lat":45.5163993975517},{"desc":"SW Madison & 4th","locid":3639,"tp":true,"seq":2600,"lng":-122.67857274754,"lat":45.5151854260328}],"desc":"To Portland City Center","dir":1}],"route":14,"type":"B"},{"desc":"72-Killingsworth/82nd Ave","dir":[{"stop":[{"desc":"Clackamas Town Center Transit Center","locid":13248,"tp":true,"seq":50,"lng":-122.568707452941,"lat":45.4356663622781},{"desc":"Clackamas Town Center Mall","locid":12922,"tp":true,"seq":75,"lng":-122.574003185798,"lat":45.4375035060266},{"desc":"SE 82nd & Causey","locid":7941,"tp":false,"seq":150,"lng":-122.578736261109,"lat":45.4411225309735},{"desc":"SE 82nd & Boyer Drive","locid":7920,"tp":false,"seq":200,"lng":-122.578691681177,"lat":45.4436479471432},{"desc":"SE 82nd & King","locid":7918,"tp":false,"seq":300,"lng":-122.578738354234,"lat":45.44740635749},{"desc":"SE 82nd & Glencoe","locid":7968,"tp":false,"seq":350,"lng":-122.578843277945,"lat":45.4495097220587},{"desc":"SE 82nd & Otty","locid":8015,"tp":false,"seq":400,"lng":-122.578847838053,"lat":45.4512354846884},{"desc":"SE 82nd & Overland","locid":8017,"tp":false,"seq":450,"lng":-122.578959869025,"lat":45.4546335492306},{"desc":"SE 82nd & Hinckley","locid":7983,"tp":false,"seq":500,"lng":-122.578886532933,"lat":45.4578647422757},{"desc":"SE 82nd & Lindy","locid":7995,"tp":false,"seq":550,"lng":-122.578929582251,"lat":45.4587376988049},{"desc":"SE 82nd & Cornwell","locid":7951,"tp":false,"seq":600,"lng":-122.578945511663,"lat":45.4599949935806},{"desc":"SE 82nd & Clatsop","locid":7946,"tp":false,"seq":650,"lng":-122.578925154337,"lat":45.4613006583221},{"desc":"SE 82nd & Crystal Springs","locid":7953,"tp":false,"seq":750,"lng":-122.578924909098,"lat":45.4647463060521},{"desc":"SE 82nd & Lambert","locid":7993,"tp":false,"seq":800,"lng":-122.57892399998,"lat":45.467026999998},{"desc":"SE 82nd & Flavel","locid":7962,"tp":true,"seq":850,"lng":-122.578907848081,"lat":45.468484031564},{"desc":"SE 82nd & Ogden","locid":7982,"tp":false,"seq":900,"lng":-122.57891297012,"lat":45.471093547378},{"desc":"SE 82nd & Glenwood","locid":7970,"tp":false,"seq":1000,"lng":-122.57895299998,"lat":45.473884999998},{"desc":"SE 82nd & Duke","locid":7960,"tp":false,"seq":1050,"lng":-122.578962,"lat":45.475734},{"desc":"SE 82nd & Tolman","locid":8057,"tp":false,"seq":1100,"lng":-122.57892899998,"lat":45.477536999998},{"desc":"SE 82nd & Woodstock","locid":8059,"tp":false,"seq":1150,"lng":-122.57890099998,"lat":45.479342999998},{"desc":"SE 82nd & Ramona","locid":8027,"tp":false,"seq":1200,"lng":-122.578843,"lat":45.480999},{"desc":"SE 82nd & Foster","locid":7964,"tp":false,"seq":1250,"lng":-122.5787826666,"lat":45.483281015561},{"desc":"SE 82nd & Raymond Ct","locid":8029,"tp":false,"seq":1350,"lng":-122.57876549322,"lat":45.485700502361},{"desc":"SE 82nd & Schiller","locid":8040,"tp":false,"seq":1400,"lng":-122.57870052005,"lat":45.4878601826345},{"desc":"SE 82nd & Holgate","locid":7984,"tp":false,"seq":1450,"lng":-122.578650897719,"lat":45.4907914357385},{"desc":"SE 82nd & Boise","locid":7935,"tp":false,"seq":1550,"lng":-122.578580335103,"lat":45.4924243554258},{"desc":"SE 82nd & Francis","locid":7943,"tp":false,"seq":1600,"lng":-122.578616,"lat":45.493959},{"desc":"SE 82nd & Rhone","locid":8031,"tp":false,"seq":1650,"lng":-122.57861793466,"lat":45.495329164393},{"desc":"SE 82nd & Powell","locid":8023,"tp":true,"seq":1700,"lng":-122.578571020036,"lat":45.4978223288102},{"desc":"SE 82nd & Tibbetts","locid":8052,"tp":false,"seq":1750,"lng":-122.578582,"lat":45.499952},{"desc":"SE 82nd & Woodward","locid":8061,"tp":false,"seq":1800,"lng":-122.578571,"lat":45.501314},{"desc":"SE 82nd & Clinton","locid":7947,"tp":false,"seq":1850,"lng":-122.57857305996,"lat":45.503151289799},{"desc":"SE 82nd & Division","locid":7957,"tp":false,"seq":1900,"lng":-122.578523,"lat":45.504554},{"desc":"SE 82nd & Harrison","locid":12755,"tp":false,"seq":1950,"lng":-122.578566939857,"lat":45.508137135022},{"desc":"SE 82nd & Mill","locid":8007,"tp":false,"seq":2000,"lng":-122.57855099998,"lat":45.509980999998},{"desc":"SE 82nd & Hawthorne","locid":7979,"tp":false,"seq":2050,"lng":-122.578532,"lat":45.511913},{"desc":"SE 82nd & Salmon","locid":8037,"tp":false,"seq":2100,"lng":-122.57867599998,"lat":45.514218999998},{"desc":"SE 82nd & Yamhill","locid":8065,"tp":false,"seq":2150,"lng":-122.578782,"lat":45.515991},{"desc":"SE 82nd & Washington","locid":7928,"tp":false,"seq":2200,"lng":-122.57889571467,"lat":45.518266988883},{"desc":"SE 82nd & Stark","locid":8047,"tp":false,"seq":2250,"lng":-122.57895000608,"lat":45.519471122275},{"desc":"SE 82nd & Ash","locid":7930,"tp":false,"seq":2300,"lng":-122.578941,"lat":45.520969},{"desc":"SE 82nd & E Burnside","locid":7936,"tp":false,"seq":2350,"lng":-122.57894997262,"lat":45.522657408027},{"desc":"NE 82nd & Davis","locid":7955,"tp":false,"seq":2400,"lng":-122.57892,"lat":45.524478},{"desc":"NE 82nd & Glisan","locid":7972,"tp":false,"seq":2450,"lng":-122.57894,"lat":45.526661},{"desc":"NE 82nd & Oregon","locid":8014,"tp":false,"seq":2500,"lng":-122.578911,"lat":45.528299},{"desc":"NE 82nd & Holladay","locid":7987,"tp":false,"seq":2550,"lng":-122.578905354743,"lat":45.5298250321726},{"desc":"NE 82nd & Multnomah","locid":8010,"tp":false,"seq":2600,"lng":-122.578906,"lat":45.5316},{"desc":"NE 82nd & 82nd Ave MAX Stn/I-84","locid":7999,"tp":true,"seq":2650,"lng":-122.578852372779,"lat":45.5336101418064},{"desc":"NE 82nd & Schuyler","locid":8042,"tp":false,"seq":2700,"lng":-122.57887613208,"lat":45.535924675172},{"desc":"NE 82nd & Tillamook","locid":8055,"tp":false,"seq":2750,"lng":-122.57885599998,"lat":45.537116999998},{"desc":"NE 82nd & Sacramento","locid":8036,"tp":false,"seq":2800,"lng":-122.57879,"lat":45.539303},{"desc":"NE 82nd & Russell","locid":8033,"tp":false,"seq":2850,"lng":-122.578748105737,"lat":45.5407666773997},{"desc":"NE 82nd & Madison HS","locid":8001,"tp":false,"seq":2900,"lng":-122.578729,"lat":45.542839},{"desc":"NE 82nd & Siskiyou","locid":8046,"tp":false,"seq":2950,"lng":-122.578705,"lat":45.544972},{"desc":"NE 82nd & Klickitat","locid":7991,"tp":false,"seq":3000,"lng":-122.57866699998,"lat":45.546250999998},{"desc":"NE 82nd & Fremont","locid":7967,"tp":false,"seq":3050,"lng":-122.578636,"lat":45.54788},{"desc":"NE 82nd & Beech","locid":7933,"tp":false,"seq":3100,"lng":-122.578583,"lat":45.549472},{"desc":"NE 82nd & Sandy","locid":8039,"tp":false,"seq":3150,"lng":-122.578532,"lat":45.553107},{"desc":"NE 82nd & Prescott","locid":8026,"tp":false,"seq":3200,"lng":-122.578465812135,"lat":45.5553348920487},{"desc":"NE 82nd & Wygant","locid":8063,"tp":false,"seq":3300,"lng":-122.5784254898,"lat":45.5578373183112},{"desc":"NE 82nd & Alberta","locid":7927,"tp":false,"seq":3350,"lng":-122.57842288567,"lat":45.559147730924},{"desc":"NE Killingsworth & 82nd","locid":3216,"tp":false,"seq":3400,"lng":-122.57903599998,"lat":45.562806999998},{"desc":"7700 Block NE Killingsworth","locid":3149,"tp":false,"seq":3450,"lng":-122.58209899998,"lat":45.562773999998},{"desc":"NE Killingsworth & 75th","locid":3215,"tp":false,"seq":3500,"lng":-122.58567147559,"lat":45.562741452799},{"desc":"NE Killingsworth & 72nd","locid":3212,"tp":false,"seq":3600,"lng":-122.588258291562,"lat":45.5627754452098},{"desc":"NE Killingsworth & Cully","locid":10601,"tp":true,"seq":3700,"lng":-122.593859,"lat":45.562797},{"desc":"6300 Block NE Killingsworth","locid":3147,"tp":false,"seq":3900,"lng":-122.59718199998,"lat":45.562806999998},{"desc":"NE Killingsworth & 60th","locid":3210,"tp":false,"seq":3950,"lng":-122.60063699998,"lat":45.562818999998},{"desc":"NE Killingsworth & 57th","locid":3209,"tp":false,"seq":4000,"lng":-122.60404499998,"lat":45.562846999998},{"desc":"NE Killingsworth & 54th","locid":3207,"tp":false,"seq":4050,"lng":-122.607045934445,"lat":45.5628423660977},{"desc":"NE Killingsworth & 52nd","locid":3205,"tp":false,"seq":4100,"lng":-122.60942599998,"lat":45.562845999998},{"desc":"NE Killingsworth & 49th","locid":3203,"tp":false,"seq":4150,"lng":-122.612237,"lat":45.562857},{"desc":"NE Killingsworth & 46th Pl","locid":3201,"tp":false,"seq":4200,"lng":-122.61498,"lat":45.562867},{"desc":"NE Killingsworth & 42nd","locid":3200,"tp":false,"seq":4300,"lng":-122.61970099998,"lat":45.562883999998},{"desc":"NE Killingsworth & Cesar Chavez Blvd","locid":3197,"tp":false,"seq":4350,"lng":-122.62332199998,"lat":45.562822999998},{"desc":"NE Killingsworth & 36th","locid":3196,"tp":false,"seq":4400,"lng":-122.626507351898,"lat":45.5628062378188},{"desc":"NE Killingsworth & 35th","locid":3194,"tp":false,"seq":4450,"lng":-122.62849099998,"lat":45.562797999998},{"desc":"NE Killingsworth & 33rd","locid":3192,"tp":false,"seq":4500,"lng":-122.63093399998,"lat":45.562755999998},{"desc":"NE Killingsworth & 31st","locid":3189,"tp":false,"seq":4599,"lng":-122.63374848954,"lat":45.5627695576461},{"desc":"NE 30th & Emerson","locid":7328,"tp":false,"seq":4600,"lng":-122.63494199998,"lat":45.561575999998},{"desc":"NE 30th & Sumner","locid":7331,"tp":false,"seq":4650,"lng":-122.634966503714,"lat":45.5603717772444},{"desc":"NE 30th & Alberta","locid":7326,"tp":false,"seq":4700,"lng":-122.63497399998,"lat":45.559232999998},{"desc":"NE Alberta & 27th","locid":64,"tp":false,"seq":4750,"lng":-122.637779,"lat":45.559091},{"desc":"NE Alberta & 24th","locid":61,"tp":false,"seq":4850,"lng":-122.64080499998,"lat":45.559116999998},{"desc":"NE Alberta & 21st","locid":11472,"tp":false,"seq":4900,"lng":-122.643745307097,"lat":45.5591096182031},{"desc":"NE Alberta & 18th","locid":55,"tp":false,"seq":5000,"lng":-122.646680318352,"lat":45.5591199444254},{"desc":"NE Alberta & 15th","locid":53,"tp":false,"seq":5050,"lng":-122.649524165363,"lat":45.5591567994333},{"desc":"NE Alberta & 13th","locid":51,"tp":false,"seq":5100,"lng":-122.65253072394,"lat":45.559153362995},{"desc":"NE Alberta & 11th","locid":49,"tp":false,"seq":5150,"lng":-122.65448499998,"lat":45.559164999998},{"desc":"NE Alberta & 9th","locid":70,"tp":false,"seq":5200,"lng":-122.65643599998,"lat":45.559173999998},{"desc":"NE Alberta & 7th","locid":10184,"tp":false,"seq":5250,"lng":-122.658384574559,"lat":45.5591789735861},{"desc":"NE M L King & Alberta","locid":5890,"tp":true,"seq":5300,"lng":-122.661358543528,"lat":45.5595748720728},{"desc":"NE Killingsworth & Garfield","locid":10957,"tp":false,"seq":5400,"lng":-122.662504,"lat":45.562804},{"desc":"NE Killingsworth & N Williams","locid":3187,"tp":false,"seq":5500,"lng":-122.666806090092,"lat":45.5627808982545},{"desc":"N Killingsworth & Vancouver","locid":3184,"tp":false,"seq":5550,"lng":-122.668361228676,"lat":45.5627752474687},{"desc":"N Killingsworth & Commercial","locid":3157,"tp":false,"seq":5600,"lng":-122.671568344289,"lat":45.5627445803251},{"desc":"N Killingsworth & Albina","locid":3154,"tp":false,"seq":5700,"lng":-122.674804,"lat":45.56274},{"desc":"N Killingsworth & Michigan","locid":3174,"tp":false,"seq":5750,"lng":-122.67679941718,"lat":45.5627209435105},{"desc":"N Killingsworth & Interstate","locid":3170,"tp":false,"seq":5825,"lng":-122.681948207878,"lat":45.5627226532583},{"desc":"N Killingsworth & Concord","locid":3159,"tp":false,"seq":5900,"lng":-122.68466599998,"lat":45.562738999998},{"desc":"N Killingsworth & Denver","locid":3163,"tp":false,"seq":5950,"lng":-122.68731199998,"lat":45.562745999998},{"desc":"N Killingsworth & Omaha","locid":3180,"tp":false,"seq":6000,"lng":-122.69007901026,"lat":45.562785943789},{"desc":"N Killingsworth & Delaware","locid":3161,"tp":false,"seq":6050,"lng":-122.692418590762,"lat":45.5628189106473},{"desc":"N Greeley & Willamette","locid":3167,"tp":false,"seq":6100,"lng":-122.69568689559,"lat":45.562171098651},{"desc":"N Greeley & Sumner","locid":2227,"tp":false,"seq":6150,"lng":-122.694795577412,"lat":45.5602751532897},{"desc":"N Greeley & Humboldt","locid":2202,"tp":false,"seq":6200,"lng":-122.693742896747,"lat":45.5586635563211},{"desc":"N Going & Port Center Way","locid":2161,"tp":false,"seq":6250,"lng":-122.698654892962,"lat":45.5562851420519},{"desc":"N Lagoon & Anchor","locid":3315,"tp":true,"seq":6300,"lng":-122.702554391189,"lat":45.557675721341},{"desc":"N Anchor & Channel","locid":115,"tp":true,"seq":6350,"lng":-122.703932342589,"lat":45.5567451959892},{"desc":"N Lagoon & Ballast","locid":3316,"tp":false,"seq":6800,"lng":-122.70588099998,"lat":45.559429999998},{"desc":"N Lagoon & Commerce","locid":3317,"tp":false,"seq":6850,"lng":-122.70982766045,"lat":45.5615533557814},{"desc":"5500 Block N Lagoon (at Gate 18)","locid":3319,"tp":false,"seq":6900,"lng":-122.71326699998,"lat":45.563434999998},{"desc":"N Dolphin & Channel","locid":3318,"tp":false,"seq":6950,"lng":-122.715475369481,"lat":45.5626722467777},{"desc":"5500 Block N Channel Ave (Shipyards)","locid":8496,"tp":true,"seq":7000,"lng":-122.718865,"lat":45.562973},{"desc":"N Channel Ave & Dolphin","locid":1044,"tp":false,"seq":7050,"lng":-122.715712150248,"lat":45.5623308476515},{"desc":"N Channel Ave & Commerce","locid":1043,"tp":false,"seq":7100,"lng":-122.712027673628,"lat":45.5603723641909},{"desc":"N Channel Ave & Ballast","locid":1042,"tp":false,"seq":7150,"lng":-122.70763999998,"lat":45.558012999998},{"desc":"N Channel Ave & Anchor","locid":1041,"tp":true,"seq":7200,"lng":-122.70390299998,"lat":45.556628999998}],"desc":"To Swan Island","dir":0},{"stop":[{"desc":"N Anchor & Channel","locid":115,"tp":true,"seq":700,"lng":-122.703932342589,"lat":45.5567451959892},{"desc":"N Channel Ave & Ports O Call","locid":8681,"tp":false,"seq":750,"lng":-122.702286371723,"lat":45.5563738144131},{"desc":"N Going & Port Center Way","locid":9399,"tp":false,"seq":800,"lng":-122.698512215723,"lat":45.5559599442668},{"desc":"N Greeley & Going Overpass","locid":2195,"tp":false,"seq":850,"lng":-122.69230799998,"lat":45.555588999998},{"desc":"N Greeley & Humboldt","locid":2201,"tp":false,"seq":950,"lng":-122.693533068014,"lat":45.5587333598873},{"desc":"N Greeley & Sumner","locid":2226,"tp":false,"seq":1000,"lng":-122.694555830413,"lat":45.56036644561},{"desc":"N Killingsworth & Greeley","locid":9403,"tp":false,"seq":1050,"lng":-122.69502699998,"lat":45.562678999998},{"desc":"N Killingsworth & Delaware","locid":3160,"tp":false,"seq":1100,"lng":-122.69270299998,"lat":45.562689999998},{"desc":"N Killingsworth & Gay Ave","locid":3179,"tp":false,"seq":1150,"lng":-122.69013218745,"lat":45.562677297957},{"desc":"N Killingsworth & Denver","locid":3162,"tp":false,"seq":1200,"lng":-122.687675461297,"lat":45.5626253424832},{"desc":"N Killingsworth & Concord","locid":3158,"tp":false,"seq":1250,"lng":-122.68502299998,"lat":45.562638999998},{"desc":"N Killingsworth & Interstate","locid":3169,"tp":false,"seq":1300,"lng":-122.681679600224,"lat":45.5625889087571},{"desc":"N Killingsworth & Michigan","locid":3173,"tp":false,"seq":1400,"lng":-122.67714920086,"lat":45.5626306450146},{"desc":"N Killingsworth & Albina","locid":3153,"tp":false,"seq":1450,"lng":-122.675126378691,"lat":45.5626410491559},{"desc":"N Killingsworth & Kerby","locid":3171,"tp":false,"seq":1500,"lng":-122.673145791206,"lat":45.5626487043964},{"desc":"N Killingsworth & Commercial","locid":3156,"tp":false,"seq":1550,"lng":-122.671356917763,"lat":45.5626523315611},{"desc":"N Killingsworth & Vancouver","locid":3183,"tp":false,"seq":1600,"lng":-122.668882909389,"lat":45.5626489918264},{"desc":"N Killingsworth & Williams","locid":3188,"tp":false,"seq":1650,"lng":-122.667083474473,"lat":45.5626566990581},{"desc":"NE Killingsworth & Garfield","locid":3165,"tp":false,"seq":1750,"lng":-122.663227027996,"lat":45.5626839512607},{"desc":"NE M L King & Killingsworth","locid":5927,"tp":false,"seq":1800,"lng":-122.661571169522,"lat":45.5623421560999},{"desc":"NE Alberta & M L King","locid":46,"tp":true,"seq":1900,"lng":-122.661063507944,"lat":45.5590614855543},{"desc":"NE Alberta & 7th","locid":11478,"tp":false,"seq":1950,"lng":-122.658734333458,"lat":45.5590531375375},{"desc":"NE Alberta & 9th","locid":69,"tp":false,"seq":2000,"lng":-122.656696719201,"lat":45.5590608504694},{"desc":"NE Alberta & 11th","locid":48,"tp":false,"seq":2050,"lng":-122.65469799998,"lat":45.559051999998},{"desc":"NE Alberta & 13th","locid":50,"tp":false,"seq":2100,"lng":-122.65274499998,"lat":45.559045999998},{"desc":"NE Alberta & 15th","locid":52,"tp":false,"seq":2150,"lng":-122.649877006832,"lat":45.5590318331931},{"desc":"NE Alberta & 18th","locid":54,"tp":false,"seq":2200,"lng":-122.646899264571,"lat":45.5590413936912},{"desc":"NE Alberta & 21st","locid":11471,"tp":false,"seq":2300,"lng":-122.643983065244,"lat":45.5590294099526},{"desc":"NE Alberta & 24th","locid":60,"tp":false,"seq":2350,"lng":-122.64104199998,"lat":45.559008999998},{"desc":"NE Alberta & 27th","locid":63,"tp":false,"seq":2400,"lng":-122.637997318287,"lat":45.5590001655549},{"desc":"NE Alberta & 30th","locid":11722,"tp":false,"seq":2450,"lng":-122.634960991721,"lat":45.5589923731358},{"desc":"NE 30th & Sumner","locid":7330,"tp":false,"seq":2500,"lng":-122.63479,"lat":45.56017},{"desc":"NE 30th & Emerson","locid":7327,"tp":false,"seq":2525,"lng":-122.63479899998,"lat":45.561414999998},{"desc":"NE 30th & Killingsworth","locid":7329,"tp":false,"seq":2550,"lng":-122.63477999998,"lat":45.562622999998},{"desc":"NE Killingsworth & 32nd","locid":3190,"tp":false,"seq":2600,"lng":-122.63288599998,"lat":45.562651999998},{"desc":"NE Killingsworth & 33rd","locid":3191,"tp":false,"seq":2650,"lng":-122.63033199998,"lat":45.562658999998},{"desc":"NE Killingsworth & 35th","locid":3193,"tp":false,"seq":2700,"lng":-122.62874299998,"lat":45.562668999998},{"desc":"NE Killingsworth & 36th","locid":3195,"tp":false,"seq":2750,"lng":-122.62671299998,"lat":45.562686999998},{"desc":"NE Killingsworth & Cesar Chavez Blvd","locid":3198,"tp":false,"seq":2800,"lng":-122.62356599998,"lat":45.562703999998},{"desc":"NE Killingsworth & 42nd","locid":3199,"tp":false,"seq":2850,"lng":-122.61990863074,"lat":45.56271106536},{"desc":"4500 Block NE Killingsworth","locid":3144,"tp":false,"seq":2900,"lng":-122.61588299998,"lat":45.562696999998},{"desc":"NE Killingsworth & 49th","locid":3202,"tp":false,"seq":2950,"lng":-122.61164605553,"lat":45.562673327115},{"desc":"NE Killingsworth & 52nd","locid":3204,"tp":false,"seq":3000,"lng":-122.609223019849,"lat":45.5626554270092},{"desc":"NE Killingsworth & 55th","locid":3208,"tp":false,"seq":3100,"lng":-122.60590899998,"lat":45.562658999998},{"desc":"5700 Block NE Killingsworth","locid":3145,"tp":false,"seq":3150,"lng":-122.603711406884,"lat":45.5626491920387},{"desc":"NE Killingsworth & 60th","locid":3146,"tp":false,"seq":3200,"lng":-122.600962161762,"lat":45.5626790299168},{"desc":"NE Killingsworth & 64th","locid":3148,"tp":false,"seq":3250,"lng":-122.59721164895,"lat":45.5626274176038},{"desc":"NE Killingsworth & Cully","locid":10601,"tp":true,"seq":3265,"lng":-122.593859,"lat":45.562797},{"desc":"Cully & Killingsworth","locid":1243,"tp":false,"seq":3280,"lng":-122.593775188366,"lat":45.5630243028803},{"desc":"NE Killingsworth & Cully","locid":10600,"tp":true,"seq":3300,"lng":-122.59389400997,"lat":45.5626067217334},{"desc":"NE Killingsworth & 72nd","locid":3211,"tp":false,"seq":3400,"lng":-122.588125957142,"lat":45.5625435944786},{"desc":"7600 Block NE Killingsworth","locid":3186,"tp":false,"seq":3500,"lng":-122.58286499998,"lat":45.562543999998},{"desc":"8100 Block NE Killingsworth","locid":3185,"tp":false,"seq":3550,"lng":-122.57961499998,"lat":45.562544999998},{"desc":"NE 82nd & Webster","locid":8889,"tp":false,"seq":3575,"lng":-122.578651,"lat":45.559872},{"desc":"NE 82nd & Wygant","locid":8064,"tp":false,"seq":3600,"lng":-122.578700380884,"lat":45.5582966923476},{"desc":"NE 82nd & Prescott","locid":8025,"tp":false,"seq":3650,"lng":-122.578740170765,"lat":45.5549941657368},{"desc":"NE 82nd & Sandy","locid":8038,"tp":true,"seq":3700,"lng":-122.578801871386,"lat":45.5527004337575},{"desc":"NE 82nd & Beech","locid":7934,"tp":false,"seq":3750,"lng":-122.578822,"lat":45.549734},{"desc":"NE 82nd & Fremont","locid":7966,"tp":false,"seq":3800,"lng":-122.578862198325,"lat":45.5483461999068},{"desc":"NE 82nd & Klickitat","locid":7992,"tp":false,"seq":3850,"lng":-122.578893266715,"lat":45.5464233655823},{"desc":"NE 82nd & Siskiyou","locid":8045,"tp":false,"seq":3900,"lng":-122.57892659341,"lat":45.5446915781431},{"desc":"NE 82nd & Madison HS","locid":8002,"tp":false,"seq":3950,"lng":-122.57897799341,"lat":45.542326514059},{"desc":"NE 82nd & Russell","locid":8034,"tp":false,"seq":4000,"lng":-122.57901299998,"lat":45.540845999998},{"desc":"NE 82nd & Thompson","locid":8035,"tp":false,"seq":4050,"lng":-122.579043057613,"lat":45.5388374358033},{"desc":"NE 82nd & Tillamook","locid":8056,"tp":false,"seq":4100,"lng":-122.579074958512,"lat":45.5374024334936},{"desc":"NE 82nd & Schuyler","locid":8043,"tp":false,"seq":4150,"lng":-122.579095124721,"lat":45.5358860744647},{"desc":"NE 82nd & 82nd Ave MAX Stn/I-84","locid":8000,"tp":true,"seq":4200,"lng":-122.579190655334,"lat":45.5334930200276},{"desc":"NE 82nd & Hassalo","locid":7978,"tp":false,"seq":4250,"lng":-122.579151,"lat":45.530994},{"desc":"NE 82nd & Pacific","locid":7932,"tp":false,"seq":4300,"lng":-122.579166429641,"lat":45.5290310056769},{"desc":"NE 82nd & Glisan","locid":7973,"tp":false,"seq":4350,"lng":-122.579179817483,"lat":45.5267628230613},{"desc":"NE 82nd & Davis","locid":7956,"tp":false,"seq":4400,"lng":-122.579187,"lat":45.524704},{"desc":"NE 82nd & E Burnside","locid":7937,"tp":false,"seq":4450,"lng":-122.579201,"lat":45.522921},{"desc":"SE 82nd & Ash","locid":7931,"tp":false,"seq":4500,"lng":-122.57918099998,"lat":45.520881999998},{"desc":"SE 82nd & Stark","locid":8048,"tp":false,"seq":4550,"lng":-122.579218401083,"lat":45.5192941274108},{"desc":"SE 82nd & Alder","locid":7929,"tp":false,"seq":4600,"lng":-122.579115,"lat":45.517791},{"desc":"SE 82nd & Yamhill","locid":8066,"tp":false,"seq":4650,"lng":-122.579003353917,"lat":45.5159361832706},{"desc":"SE 82nd & Main","locid":8004,"tp":false,"seq":4750,"lng":-122.578882547366,"lat":45.5136682611279},{"desc":"SE 82nd & Hawthorne","locid":7980,"tp":false,"seq":4800,"lng":-122.57882669417,"lat":45.5124486543698},{"desc":"SE 82nd & Mill","locid":8008,"tp":false,"seq":4850,"lng":-122.57880326982,"lat":45.5098022657869},{"desc":"2200 Block SE 82nd","locid":7923,"tp":false,"seq":4900,"lng":-122.578794058,"lat":45.5071641431515},{"desc":"SE 82nd & Division","locid":7958,"tp":false,"seq":4950,"lng":-122.578794517235,"lat":45.5050686095219},{"desc":"SE 82nd & Clinton","locid":7948,"tp":false,"seq":5000,"lng":-122.578801870381,"lat":45.5035503811356},{"desc":"SE 82nd & Woodward","locid":8062,"tp":false,"seq":5050,"lng":-122.578813,"lat":45.501212},{"desc":"SE 82nd & Tibbetts","locid":8053,"tp":false,"seq":5100,"lng":-122.578833,"lat":45.500181},{"desc":"SE 82nd & Powell","locid":8024,"tp":true,"seq":5150,"lng":-122.578875720223,"lat":45.4971100514449},{"desc":"SE 82nd & Center","locid":13707,"tp":false,"seq":5215,"lng":-122.578889275532,"lat":45.4936244504599},{"desc":"SE 82nd & Boise","locid":8237,"tp":false,"seq":5275,"lng":-122.578911522357,"lat":45.4921624769743},{"desc":"SE 82nd & Holgate","locid":7986,"tp":false,"seq":5300,"lng":-122.578969185513,"lat":45.4904804270984},{"desc":"SE 82nd & Schiller","locid":8041,"tp":false,"seq":5350,"lng":-122.57895599998,"lat":45.488080999998},{"desc":"SE 82nd & Raymond","locid":8030,"tp":false,"seq":5400,"lng":-122.579004043612,"lat":45.4866753584638},{"desc":"SE 82nd & Mitchell","locid":8009,"tp":false,"seq":5450,"lng":-122.579075937917,"lat":45.4849167966987},{"desc":"SE 82nd & Insley","locid":7965,"tp":false,"seq":5500,"lng":-122.579097148487,"lat":45.483619154125},{"desc":"SE 82nd & Ramona","locid":8028,"tp":false,"seq":5550,"lng":-122.579099324538,"lat":45.4810638453016},{"desc":"SE 82nd & Woodstock","locid":8060,"tp":false,"seq":5600,"lng":-122.579123114464,"lat":45.4796821626511},{"desc":"SE 82nd & Tolman","locid":8058,"tp":false,"seq":5650,"lng":-122.579173781854,"lat":45.4777359780206},{"desc":"SE 82nd & Duke","locid":7961,"tp":false,"seq":5700,"lng":-122.579189053191,"lat":45.4760150463859},{"desc":"SE 82nd & Cooper","locid":7950,"tp":false,"seq":5750,"lng":-122.579189372078,"lat":45.4737222648488},{"desc":"SE 82nd & Ogden","locid":8013,"tp":false,"seq":5800,"lng":-122.57917343682,"lat":45.471083910735},{"desc":"SE 82nd & Flavel","locid":7963,"tp":true,"seq":5850,"lng":-122.57916362564,"lat":45.468870751296},{"desc":"SE 82nd & Lambert","locid":7994,"tp":false,"seq":5900,"lng":-122.579172464309,"lat":45.4670176829786},{"desc":"SE 82nd & Crystal Springs","locid":7954,"tp":false,"seq":5950,"lng":-122.579167786571,"lat":45.4641966139799},{"desc":"SE 82nd & Clatsop","locid":7945,"tp":false,"seq":6025,"lng":-122.5791593953,"lat":45.461642136564},{"desc":"SE 82nd & Cornwell","locid":7952,"tp":false,"seq":6050,"lng":-122.579196071086,"lat":45.4600248270554},{"desc":"SE 82nd & Lindy","locid":7996,"tp":false,"seq":6100,"lng":-122.579206211536,"lat":45.4585020033749},{"desc":"SE 82nd & Johnson Creek","locid":7988,"tp":false,"seq":6150,"lng":-122.57926878953,"lat":45.4564058940052},{"desc":"SE 82nd & Overland","locid":8018,"tp":false,"seq":6200,"lng":-122.579302851495,"lat":45.4543907646393},{"desc":"SE 82nd & Otty","locid":8016,"tp":false,"seq":6250,"lng":-122.579185018242,"lat":45.4510105543482},{"desc":"SE 82nd & Glencoe","locid":7969,"tp":false,"seq":6300,"lng":-122.579133996804,"lat":45.449222888204},{"desc":"SE 82nd & King","locid":7990,"tp":false,"seq":6350,"lng":-122.579070785894,"lat":45.4465850612263},{"desc":"SE 82nd & Boyer Drive","locid":7921,"tp":false,"seq":6400,"lng":-122.57906846007,"lat":45.4442166866364},{"desc":"SE 82nd & Causey","locid":7942,"tp":false,"seq":6450,"lng":-122.579108658057,"lat":45.4415492347115},{"desc":"Clackamas Town Center Mall","locid":12921,"tp":true,"seq":6550,"lng":-122.573312428829,"lat":45.4373103291871},{"desc":"Clackamas Town Center TC","locid":13247,"tp":true,"seq":6600,"lng":-122.568134018879,"lat":45.435552020342},{"desc":"Clackamas Town Center Transit Center","locid":13248,"tp":false,"seq":6675,"lng":-122.568707452941,"lat":45.4356663622781}],"desc":"To Clackamas Town Center","dir":1}],"route":72,"type":"B"},{"desc":"77-Broadway/Halsey","dir":[{"stop":[{"desc":"NW 27th & Vaughn at Montgomery Park","locid":8484,"tp":true,"seq":60,"lng":-122.706951341902,"lat":45.5370389855407},{"desc":"NW Vaughn & 26th","locid":8385,"tp":false,"seq":70,"lng":-122.70509099998,"lat":45.536754999998},{"desc":"NW Vaughn & 24th","locid":6013,"tp":false,"seq":100,"lng":-122.70095166652,"lat":45.536803132988},{"desc":"NW Thurman & 22nd","locid":7168,"tp":false,"seq":150,"lng":-122.69688799998,"lat":45.535475999998},{"desc":"NW 21st & Savier","locid":10693,"tp":false,"seq":200,"lng":-122.694814890044,"lat":45.5349654222582},{"desc":"NW 21st & Quimby","locid":7132,"tp":false,"seq":250,"lng":-122.694751331633,"lat":45.53314758523},{"desc":"NW 21st & Northrup","locid":7127,"tp":false,"seq":300,"lng":-122.694660257251,"lat":45.5313872902806},{"desc":"NW 21st & Lovejoy","locid":7121,"tp":true,"seq":350,"lng":-122.694628393292,"lat":45.5299704041429},{"desc":"NW 21st & Irving","locid":7114,"tp":false,"seq":400,"lng":-122.694538648389,"lat":45.5278182319198},{"desc":"NW 21st & Glisan","locid":7112,"tp":false,"seq":450,"lng":-122.694502916513,"lat":45.5264076707427},{"desc":"NW Everett & 21st","locid":1615,"tp":false,"seq":500,"lng":-122.693980050533,"lat":45.524832908004},{"desc":"NW Everett & 19th","locid":1611,"tp":false,"seq":550,"lng":-122.69050172369,"lat":45.524934829472},{"desc":"NW Everett & 14th","locid":1608,"tp":false,"seq":600,"lng":-122.68536999998,"lat":45.524980999998},{"desc":"NW Everett & 11th","locid":1607,"tp":false,"seq":650,"lng":-122.68186999998,"lat":45.525060999998},{"desc":"NW Everett & Park","locid":8402,"tp":false,"seq":700,"lng":-122.67928999998,"lat":45.525095999998},{"desc":"NW Everett & Broadway","locid":1606,"tp":false,"seq":750,"lng":-122.67766399998,"lat":45.525111999998},{"desc":"NW Everett & 5th","locid":8886,"tp":false,"seq":800,"lng":-122.675621924573,"lat":45.5251824484602},{"desc":"NW Everett & 2nd","locid":1612,"tp":false,"seq":900,"lng":-122.672586,"lat":45.525213},{"desc":"Rose Quarter Transit Center","locid":11817,"tp":true,"seq":950,"lng":-122.66599,"lat":45.530703},{"desc":"NE Multnomah & 2nd","locid":13708,"tp":false,"seq":1000,"lng":-122.663367111335,"lat":45.530752420984},{"desc":"NE Multnomah & Grand","locid":4042,"tp":false,"seq":1100,"lng":-122.66017899998,"lat":45.531418999998},{"desc":"NE 9th & Halsey","locid":10866,"tp":false,"seq":1250,"lng":-122.656463,"lat":45.533492},{"desc":"NE Weidler & Lloyd Center","locid":6216,"tp":true,"seq":1300,"lng":-122.65371827891,"lat":45.534290065699},{"desc":"NE Weidler & 15th","locid":10425,"tp":false,"seq":1310,"lng":-122.650682085355,"lat":45.5342554646469},{"desc":"NE Weidler & 17th","locid":6227,"tp":false,"seq":1350,"lng":-122.64868235313,"lat":45.53426596014},{"desc":"NE Weidler & 21st","locid":6235,"tp":false,"seq":1450,"lng":-122.644975532889,"lat":45.5342520848893},{"desc":"NE Weidler & 22nd","locid":6237,"tp":false,"seq":1500,"lng":-122.64309999998,"lat":45.534246999998},{"desc":"NE Weidler & 24th","locid":6239,"tp":false,"seq":1550,"lng":-122.641283120291,"lat":45.5342653214203},{"desc":"NE Broadway & 26th","locid":636,"tp":false,"seq":1600,"lng":-122.638671462688,"lat":45.5350679996389},{"desc":"NE Broadway & 28th","locid":638,"tp":false,"seq":1650,"lng":-122.636379666941,"lat":45.5350689085306},{"desc":"NE Broadway & 32nd","locid":642,"tp":false,"seq":1750,"lng":-122.633438807693,"lat":45.5350774066971},{"desc":"NE Broadway & 33rd","locid":645,"tp":false,"seq":1800,"lng":-122.630000545095,"lat":45.5350605442133},{"desc":"NE Broadway & 35th","locid":646,"tp":false,"seq":1850,"lng":-122.62779799998,"lat":45.535065999998},{"desc":"NE Broadway & 37th","locid":648,"tp":false,"seq":1900,"lng":-122.62552199998,"lat":45.535057999998},{"desc":"Hollywood Transit Center ","locid":10870,"tp":true,"seq":1950,"lng":-122.620604,"lat":45.533284},{"desc":"NE 42nd & Broadway","locid":7509,"tp":false,"seq":2000,"lng":-122.62022899998,"lat":45.534966999998},{"desc":"NE Broadway & 44th","locid":651,"tp":false,"seq":2050,"lng":-122.61754386396,"lat":45.5350582718459},{"desc":"NE Broadway & 47th","locid":653,"tp":false,"seq":2100,"lng":-122.615114314276,"lat":45.5350695445652},{"desc":"NE Halsey & 50th","locid":2426,"tp":false,"seq":2150,"lng":-122.612027466961,"lat":45.5336801649016},{"desc":"NE Halsey & 53rd","locid":2429,"tp":false,"seq":2200,"lng":-122.609059204747,"lat":45.5336638621731},{"desc":"NE Halsey & 55th","locid":2430,"tp":false,"seq":2250,"lng":-122.606952240194,"lat":45.5336601582775},{"desc":"NE Halsey & 58th","locid":2434,"tp":false,"seq":2300,"lng":-122.604176229369,"lat":45.5336555099723},{"desc":"NE Halsey & 60th","locid":2439,"tp":true,"seq":2350,"lng":-122.601694082074,"lat":45.5336480130449},{"desc":"NE Halsey & 63rd","locid":2440,"tp":false,"seq":2400,"lng":-122.599056194046,"lat":45.5336379444541},{"desc":"NE Halsey & 66th","locid":2442,"tp":false,"seq":2450,"lng":-122.596166226901,"lat":45.5336065238361},{"desc":"NE Halsey & 69th","locid":2446,"tp":false,"seq":2550,"lng":-122.591873747755,"lat":45.5335259370717},{"desc":"NE Halsey & 72nd","locid":2448,"tp":false,"seq":2650,"lng":-122.589326202053,"lat":45.5335167979812},{"desc":"NE Halsey & 74th","locid":2450,"tp":false,"seq":2700,"lng":-122.587044189171,"lat":45.5335092152661},{"desc":"NE Halsey & 76th","locid":2452,"tp":false,"seq":2750,"lng":-122.584942067455,"lat":45.5335246763285},{"desc":"NE Halsey & 78th","locid":2454,"tp":false,"seq":2800,"lng":-122.583039822511,"lat":45.5335330844476},{"desc":"NE Wasco & 82nd","locid":9217,"tp":false,"seq":2875,"lng":-122.579209014337,"lat":45.5323719305814},{"desc":"NE 82nd & 82nd Ave MAX Stn/I-84","locid":7999,"tp":true,"seq":2900,"lng":-122.578852372779,"lat":45.5336101418064},{"desc":"NE Halsey & 86th","locid":2456,"tp":false,"seq":2950,"lng":-122.574569141354,"lat":45.5334715803478},{"desc":"NE Halsey & 88th","locid":2458,"tp":false,"seq":3000,"lng":-122.572249238724,"lat":45.5334386984038},{"desc":"NE Halsey & 92nd","locid":2460,"tp":false,"seq":3050,"lng":-122.568814900123,"lat":45.5333703431313},{"desc":"NE Halsey & 102nd","locid":10747,"tp":false,"seq":3100,"lng":-122.558578328579,"lat":45.5334448546767},{"desc":"10500 Block NE Halsey","locid":2356,"tp":false,"seq":3600,"lng":-122.554518147901,"lat":45.5334436102903},{"desc":"NE Halsey & 108th","locid":2357,"tp":false,"seq":3650,"lng":-122.551495850346,"lat":45.5334281593603},{"desc":"NE Halsey & 111th","locid":2358,"tp":false,"seq":3700,"lng":-122.549193399543,"lat":45.5333984410879},{"desc":"NE Halsey & 114th","locid":2360,"tp":false,"seq":3800,"lng":-122.544698107487,"lat":45.5333834212934},{"desc":"NE Halsey & 119th","locid":2364,"tp":false,"seq":3900,"lng":-122.540580042202,"lat":45.5334261797691},{"desc":"NE Halsey & 122nd","locid":2366,"tp":true,"seq":3950,"lng":-122.537085706967,"lat":45.5334582089959},{"desc":"NE Halsey & 126th","locid":2368,"tp":false,"seq":4000,"lng":-122.534081168012,"lat":45.5334435599143},{"desc":"NE Halsey & 128th","locid":2370,"tp":false,"seq":4050,"lng":-122.531263843702,"lat":45.5334217567598},{"desc":"NE Halsey & 131st Pl","locid":2374,"tp":false,"seq":4150,"lng":-122.527401452033,"lat":45.5333968554685},{"desc":"NE Halsey & 136th Pl","locid":2378,"tp":false,"seq":4250,"lng":-122.522901131521,"lat":45.5334682396819},{"desc":"NE Halsey & 140th","locid":2380,"tp":false,"seq":4300,"lng":-122.51939153735,"lat":45.5335240143843},{"desc":"NE Halsey & 143rd","locid":2383,"tp":false,"seq":4350,"lng":-122.515631905464,"lat":45.533568578121},{"desc":"NE Halsey & 146th","locid":2385,"tp":false,"seq":4400,"lng":-122.513086383985,"lat":45.533558945977},{"desc":"NE Halsey & 148th","locid":2320,"tp":false,"seq":4450,"lng":-122.508196879359,"lat":45.5335682264461},{"desc":"NE Halsey & 155th","locid":2389,"tp":false,"seq":4550,"lng":-122.503711879523,"lat":45.5335716841017},{"desc":"NE Halsey & 157th","locid":2391,"tp":false,"seq":4600,"lng":-122.501100086427,"lat":45.5335553015008},{"desc":"NE Halsey & 160th","locid":2393,"tp":false,"seq":4650,"lng":-122.498059549236,"lat":45.5335793829319},{"desc":"NE Halsey & 162nd","locid":2396,"tp":false,"seq":4700,"lng":-122.496111280088,"lat":45.5340881716725},{"desc":"NE Halsey & 168th Pl","locid":2397,"tp":false,"seq":4800,"lng":-122.489881777846,"lat":45.5342532021348},{"desc":"NE Halsey & 172nd","locid":2400,"tp":false,"seq":4850,"lng":-122.485827102819,"lat":45.5345781742133},{"desc":"NE Halsey & 176th","locid":2322,"tp":false,"seq":4900,"lng":-122.482546705473,"lat":45.5345813952515},{"desc":"NE Halsey & 181st","locid":2401,"tp":true,"seq":5000,"lng":-122.478058796028,"lat":45.5345878223751},{"desc":"NE Halsey & 186th","locid":2405,"tp":false,"seq":5100,"lng":-122.472425878424,"lat":45.5335371271175},{"desc":"18900 Block NE Halsey","locid":2325,"tp":false,"seq":5150,"lng":-122.468373341638,"lat":45.5335441015179},{"desc":"NE Halsey & 192nd","locid":2408,"tp":false,"seq":5200,"lng":-122.465686879577,"lat":45.5335830934185},{"desc":"NE Halsey & 195th","locid":2409,"tp":false,"seq":5250,"lng":-122.461746618181,"lat":45.5335806114224},{"desc":"NE Halsey & Wasco","locid":2353,"tp":false,"seq":5300,"lng":-122.459029485758,"lat":45.5335775759412},{"desc":"NE Halsey & 201st","locid":2410,"tp":false,"seq":5350,"lng":-122.456033201649,"lat":45.533382205147},{"desc":"20700 Block NE Halsey","locid":10125,"tp":false,"seq":5480,"lng":-122.449344419465,"lat":45.5333341400521},{"desc":"NE Halsey & Fairview Parkway","locid":2415,"tp":false,"seq":5500,"lng":-122.445352960215,"lat":45.5335553786084},{"desc":"NE Halsey & Market Dr","locid":2327,"tp":false,"seq":5550,"lng":-122.442386624463,"lat":45.5337378956756},{"desc":"NE Halsey & Village St","locid":2436,"tp":false,"seq":5600,"lng":-122.439267447483,"lat":45.5340784543492},{"desc":"NE Halsey & Fairview/223rd","locid":2341,"tp":true,"seq":5700,"lng":-122.433169421809,"lat":45.5349971957473},{"desc":"NE Halsey & 227th","locid":2416,"tp":false,"seq":5750,"lng":-122.42883267437,"lat":45.535661540946},{"desc":"NE Halsey & 230th Ct","locid":2418,"tp":false,"seq":5800,"lng":-122.426456,"lat":45.535979},{"desc":"23300 Block NE Halsey","locid":2330,"tp":false,"seq":5850,"lng":-122.42239399998,"lat":45.536525999998},{"desc":"NE Halsey & 238th","locid":2421,"tp":false,"seq":5900,"lng":-122.417642407463,"lat":45.5371068315286},{"desc":"NE Halsey & 244th","locid":2422,"tp":false,"seq":6050,"lng":-122.412170699575,"lat":45.5378607103137},{"desc":"2100 Block SW Halsey (Edgefield Manor)","locid":2339,"tp":false,"seq":6100,"lng":-122.406465497616,"lat":45.5386058377037},{"desc":"SW Halsey & Edgefield Meadows","locid":10598,"tp":false,"seq":6200,"lng":-122.400557864935,"lat":45.5388878562111},{"desc":"SW Halsey & Halsey Loop","locid":2345,"tp":false,"seq":6250,"lng":-122.396117150229,"lat":45.53904729503},{"desc":"NW 257th/Graham & W Columbia River Hwy","locid":13532,"tp":false,"seq":6300,"lng":-122.39039809755,"lat":45.541235060018},{"desc":"NW 257th/Graham & 257th Way","locid":9470,"tp":false,"seq":6350,"lng":-122.390360014458,"lat":45.5434909814806},{"desc":"NW 257th/Graham & North Frontage Rd","locid":10758,"tp":false,"seq":6400,"lng":-122.39104533357,"lat":45.5454423904256},{"desc":"900 Block NW North Frontage Rd","locid":9472,"tp":false,"seq":6450,"lng":-122.396518312711,"lat":45.5454925438041},{"desc":"1100 Block NW Frontage Rd","locid":9481,"tp":true,"seq":6500,"lng":-122.398192429314,"lat":45.5442849513021}],"desc":"To Troutdale","dir":0},{"stop":[{"desc":"1100 Block NW Frontage Rd","locid":9481,"tp":true,"seq":33,"lng":-122.398192429314,"lat":45.5442849513021},{"desc":"NW 257th/Graham & 257th Way","locid":9471,"tp":false,"seq":66,"lng":-122.390741563478,"lat":45.5432042240606},{"desc":"W Columbia River Hwy & NW Graham","locid":8746,"tp":false,"seq":100,"lng":-122.391299,"lat":45.54084},{"desc":"SW Halsey & Halsey Loop","locid":2346,"tp":false,"seq":200,"lng":-122.396738840878,"lat":45.5392026592699},{"desc":"SW Halsey & Edgefield Meadows","locid":10630,"tp":false,"seq":250,"lng":-122.400211059483,"lat":45.5390564077599},{"desc":"2100 Block SW Halsey (Edgefield Manor)","locid":2340,"tp":false,"seq":300,"lng":-122.40640163932,"lat":45.538744859403},{"desc":"NE Halsey & 244th","locid":2423,"tp":false,"seq":350,"lng":-122.412406968438,"lat":45.5379944587311},{"desc":"23900 Block NE Halsey","locid":2333,"tp":false,"seq":400,"lng":-122.415813720486,"lat":45.5375722872835},{"desc":"NE Halsey & 238th","locid":2420,"tp":false,"seq":450,"lng":-122.419332753048,"lat":45.5370901056865},{"desc":"23300 Block NE Halsey","locid":2331,"tp":false,"seq":500,"lng":-122.422514034965,"lat":45.5366541351588},{"desc":"NE Halsey & 230th Ct","locid":2419,"tp":false,"seq":550,"lng":-122.42615399998,"lat":45.536192999998},{"desc":"NE Halsey & 227th","locid":2417,"tp":false,"seq":600,"lng":-122.42903499998,"lat":45.535779999998},{"desc":"NE Halsey & Fairview/223rd","locid":2342,"tp":true,"seq":700,"lng":-122.434046375745,"lat":45.5350806773025},{"desc":"NE Halsey & 7th St","locid":2437,"tp":false,"seq":750,"lng":-122.440369554932,"lat":45.5341627126919},{"desc":"NE Halsey & Fairview Parkway","locid":2414,"tp":false,"seq":850,"lng":-122.44598219681,"lat":45.5337241048138},{"desc":"NE Halsey & 208th Pl","locid":13505,"tp":false,"seq":900,"lng":-122.449113868145,"lat":45.5335592955657},{"desc":"NE Halsey & 201st","locid":2411,"tp":false,"seq":1000,"lng":-122.456948331874,"lat":45.5336680493},{"desc":"19800 Block NE Halsey","locid":8825,"tp":false,"seq":1050,"lng":-122.458982293675,"lat":45.5336927904204},{"desc":"NE Halsey & 196th","locid":2326,"tp":false,"seq":1100,"lng":-122.461692850939,"lat":45.5337456402963},{"desc":"NE Halsey & 192nd","locid":2407,"tp":false,"seq":1150,"lng":-122.466681113522,"lat":45.5337619892647},{"desc":"NE Halsey & 186th","locid":2406,"tp":false,"seq":1200,"lng":-122.471772470207,"lat":45.5337755562506},{"desc":"NE Halsey & 181st","locid":8860,"tp":true,"seq":1300,"lng":-122.478303969984,"lat":45.5348074966396},{"desc":"NE Halsey & 176th","locid":2349,"tp":false,"seq":1350,"lng":-122.481752295267,"lat":45.5348158032225},{"desc":"NE Halsey & 172nd","locid":2399,"tp":false,"seq":1400,"lng":-122.486141571636,"lat":45.5348077421188},{"desc":"NE Halsey & 169th","locid":2398,"tp":false,"seq":1450,"lng":-122.488975263583,"lat":45.5346351978309},{"desc":"NE Halsey & 162nd","locid":2395,"tp":false,"seq":1550,"lng":-122.495460576092,"lat":45.5344284461528},{"desc":"NE Halsey & 159th Ct","locid":13026,"tp":false,"seq":1600,"lng":-122.498877922041,"lat":45.5337531772909},{"desc":"NE Halsey & 157th","locid":2392,"tp":false,"seq":1650,"lng":-122.500914964352,"lat":45.5337586510136},{"desc":"NE Halsey & 155th","locid":2390,"tp":false,"seq":1700,"lng":-122.503678166505,"lat":45.5337576388759},{"desc":"NE Halsey & 148th","locid":2386,"tp":false,"seq":1800,"lng":-122.508764811773,"lat":45.5337777111914},{"desc":"NE Halsey & 146th","locid":2384,"tp":false,"seq":1850,"lng":-122.51302599998,"lat":45.533766999998},{"desc":"NE Halsey & 143rd","locid":2382,"tp":false,"seq":1900,"lng":-122.515899440763,"lat":45.5337914741252},{"desc":"NE Halsey & 141st","locid":2381,"tp":false,"seq":1950,"lng":-122.518708194087,"lat":45.5337608096352},{"desc":"NE Halsey & 136th Pl","locid":2379,"tp":false,"seq":2000,"lng":-122.522471469235,"lat":45.5336742375986},{"desc":"NE Halsey & 132nd","locid":2375,"tp":false,"seq":2100,"lng":-122.526985324579,"lat":45.533624156009},{"desc":"NE Halsey & 129th Pl","locid":2373,"tp":false,"seq":2200,"lng":-122.52924799998,"lat":45.533618999998},{"desc":"NE Halsey & 126th","locid":2369,"tp":false,"seq":2250,"lng":-122.533067007848,"lat":45.5336526372693},{"desc":"12400 Block NE Halsey","locid":2352,"tp":false,"seq":2300,"lng":-122.535773980206,"lat":45.5336660797458},{"desc":"NE Halsey & 122nd","locid":2367,"tp":true,"seq":2350,"lng":-122.538264734181,"lat":45.5336795961506},{"desc":"NE Halsey & 119th","locid":2365,"tp":false,"seq":2400,"lng":-122.540692521971,"lat":45.5336550277669},{"desc":"NE Halsey & 114th","locid":2361,"tp":false,"seq":2500,"lng":-122.544411610658,"lat":45.5336114370025},{"desc":"NE Weidler & 112th","locid":6226,"tp":false,"seq":2550,"lng":-122.54692199998,"lat":45.534020999998},{"desc":"NE Weidler & 111th","locid":6225,"tp":false,"seq":2600,"lng":-122.548906921024,"lat":45.5342096217434},{"desc":"NE Weidler & 108th","locid":6224,"tp":false,"seq":2650,"lng":-122.55144899998,"lat":45.534211999998},{"desc":"NE Weidler & 106th","locid":6223,"tp":false,"seq":2700,"lng":-122.553395188224,"lat":45.5342290508111},{"desc":"NE Weidler & 103rd Pl","locid":10746,"tp":false,"seq":2800,"lng":-122.556937106441,"lat":45.5342490713264},{"desc":"NE Weidler & 102nd","locid":10973,"tp":true,"seq":2825,"lng":-122.558483311961,"lat":45.5340956281696},{"desc":"NE Halsey & 100th","locid":2343,"tp":false,"seq":2850,"lng":-122.561263255349,"lat":45.5336471593161},{"desc":"9000 Block NE Halsey","locid":2334,"tp":false,"seq":2900,"lng":-122.569693745304,"lat":45.5335694009775},{"desc":"NE Halsey & 90th","locid":2459,"tp":false,"seq":2950,"lng":-122.572316633117,"lat":45.533598558402},{"desc":"NE Halsey & 86th","locid":2457,"tp":false,"seq":3000,"lng":-122.574414588842,"lat":45.5336293590588},{"desc":"NE Jonesmore & 82nd","locid":10846,"tp":true,"seq":3050,"lng":-122.578772067804,"lat":45.5340311031726},{"desc":"NE 81st & Clackamas","locid":7916,"tp":false,"seq":3100,"lng":-122.579925983739,"lat":45.5327425458484},{"desc":"NE Halsey & 79th","locid":2455,"tp":false,"seq":3150,"lng":-122.58190299998,"lat":45.533687999998},{"desc":"NE Halsey & 76th","locid":2453,"tp":false,"seq":3200,"lng":-122.585040649518,"lat":45.5336620770182},{"desc":"NE Halsey & 74th","locid":2451,"tp":false,"seq":3250,"lng":-122.587080063064,"lat":45.533659175547},{"desc":"NE Halsey & 69th","locid":2445,"tp":false,"seq":3350,"lng":-122.591500770146,"lat":45.5336765987436},{"desc":"NE Halsey & 66th","locid":2443,"tp":false,"seq":3400,"lng":-122.595702013497,"lat":45.5337161979666},{"desc":"NE Halsey & 63rd","locid":2441,"tp":false,"seq":3450,"lng":-122.598479734297,"lat":45.533742116874},{"desc":"NE Halsey & 60th","locid":2438,"tp":true,"seq":3500,"lng":-122.601915088145,"lat":45.5337648557838},{"desc":"NE Halsey & 57th","locid":2432,"tp":false,"seq":3550,"lng":-122.604538729994,"lat":45.5337671361034},{"desc":"NE Halsey & 55th","locid":2431,"tp":false,"seq":3600,"lng":-122.606733831229,"lat":45.5337683828513},{"desc":"NE Halsey & 53rd","locid":2428,"tp":false,"seq":3650,"lng":-122.60866841203,"lat":45.5337907050803},{"desc":"NE Halsey & 49th","locid":2425,"tp":false,"seq":3750,"lng":-122.612872550418,"lat":45.5337966149579},{"desc":"NE 47th & Halsey","locid":7571,"tp":false,"seq":3800,"lng":-122.61489599998,"lat":45.534051999998},{"desc":"NE Broadway & 44th","locid":650,"tp":false,"seq":3900,"lng":-122.61775199998,"lat":45.535187999998},{"desc":"NE 42nd & Broadway","locid":7510,"tp":false,"seq":3950,"lng":-122.620382479943,"lat":45.5347732181872},{"desc":"Hollywood Transit Center ","locid":10869,"tp":true,"seq":4000,"lng":-122.620624,"lat":45.533233},{"desc":"NE Cesar Chavez Blvd & Sandy","locid":7484,"tp":false,"seq":4100,"lng":-122.622775809672,"lat":45.5347549174817},{"desc":"NE Broadway & 37th","locid":649,"tp":false,"seq":4150,"lng":-122.624789455244,"lat":45.5352319204868},{"desc":"NE Broadway & 35th","locid":647,"tp":false,"seq":4200,"lng":-122.62827499998,"lat":45.535238999998},{"desc":"NE Broadway & 33rd","locid":644,"tp":false,"seq":4250,"lng":-122.631149981399,"lat":45.5352389051442},{"desc":"NE Broadway & 32nd","locid":643,"tp":false,"seq":4300,"lng":-122.633094704481,"lat":45.5352446706717},{"desc":"NE Broadway & 30th","locid":641,"tp":false,"seq":4350,"lng":-122.634861359344,"lat":45.5352518168781},{"desc":"NE Broadway & 28th","locid":639,"tp":false,"seq":4400,"lng":-122.636588902197,"lat":45.5352385870462},{"desc":"NE Broadway & 26th","locid":637,"tp":false,"seq":4450,"lng":-122.639566070736,"lat":45.535237843984},{"desc":"NE Broadway & 24th","locid":635,"tp":false,"seq":4500,"lng":-122.641606454434,"lat":45.53512227578},{"desc":"NE Broadway & 21st","locid":634,"tp":false,"seq":4550,"lng":-122.645338106328,"lat":45.5350986456328},{"desc":"NE Broadway & 17th","locid":632,"tp":false,"seq":4600,"lng":-122.648332266251,"lat":45.5351041356521},{"desc":"NE Broadway & 16th","locid":631,"tp":false,"seq":4650,"lng":-122.649856667729,"lat":45.5351162020394},{"desc":"NE Broadway & 12th","locid":629,"tp":true,"seq":4700,"lng":-122.653405261786,"lat":45.535103472578},{"desc":"NE 9th & Weidler","locid":10867,"tp":false,"seq":4725,"lng":-122.656686974745,"lat":45.5344391816189},{"desc":"NE Multnomah & 9th","locid":10876,"tp":false,"seq":4750,"lng":-122.657075228275,"lat":45.531572591161},{"desc":"NE Multnomah & Grand","locid":4043,"tp":false,"seq":4900,"lng":-122.66048199998,"lat":45.531585999998},{"desc":"NE Multnomah & 3rd","locid":11492,"tp":false,"seq":5000,"lng":-122.66293,"lat":45.531159},{"desc":"Rose Quarter Transit Center","locid":2592,"tp":true,"seq":5100,"lng":-122.66647599998,"lat":45.530004999998},{"desc":"NW Glisan & 3rd","locid":9311,"tp":false,"seq":5585,"lng":-122.673986503055,"lat":45.5268403492029},{"desc":"NW Glisan & Broadway","locid":1997,"tp":false,"seq":5600,"lng":-122.678068692338,"lat":45.5266584897364},{"desc":"NW Glisan & 10th","locid":2011,"tp":false,"seq":5650,"lng":-122.681103302797,"lat":45.5265814297928},{"desc":"NW Glisan & 12th","locid":2030,"tp":false,"seq":5700,"lng":-122.68314199998,"lat":45.526577999998},{"desc":"NW Glisan & 14th","locid":2046,"tp":false,"seq":5750,"lng":-122.68516399998,"lat":45.526531999998},{"desc":"NW Glisan & 16th","locid":2062,"tp":false,"seq":5800,"lng":-122.68716499998,"lat":45.526502999998},{"desc":"NW Glisan & 19th","locid":2086,"tp":false,"seq":5850,"lng":-122.690172611889,"lat":45.5264409253164},{"desc":"NW Glisan & 21st","locid":2099,"tp":false,"seq":5900,"lng":-122.693786772274,"lat":45.5263725854662},{"desc":"NW 21st & Irving","locid":7113,"tp":false,"seq":5950,"lng":-122.69440699998,"lat":45.527647999998},{"desc":"NW 21st & Lovejoy","locid":7122,"tp":true,"seq":6000,"lng":-122.69447499998,"lat":45.530113999998},{"desc":"NW 21st & Northrup","locid":7128,"tp":false,"seq":6050,"lng":-122.69454003549,"lat":45.531179251151},{"desc":"NW 21st & Pettygrove","locid":7130,"tp":false,"seq":6100,"lng":-122.694583889294,"lat":45.5329592373533},{"desc":"NW 21st & Savier","locid":10694,"tp":false,"seq":6150,"lng":-122.694665785241,"lat":45.53518849496},{"desc":"NW Thurman & 22nd","locid":4788,"tp":false,"seq":6200,"lng":-122.696412882681,"lat":45.5355964661131},{"desc":"NW Thurman & 23rd","locid":10972,"tp":false,"seq":6250,"lng":-122.698538636749,"lat":45.5355599938109},{"desc":"NW Vaughn & 24th","locid":6014,"tp":false,"seq":6300,"lng":-122.7007491895,"lat":45.53695642456},{"desc":"NW Vaughn & 26th","locid":8414,"tp":false,"seq":6825,"lng":-122.70472599998,"lat":45.536886999998},{"desc":"NW Vaughn & 27th","locid":8802,"tp":false,"seq":6875,"lng":-122.70669399998,"lat":45.536843999998},{"desc":"NW Wardway & Montgomery Pk","locid":8481,"tp":false,"seq":6900,"lng":-122.70844199998,"lat":45.536950999998},{"desc":"NW Nicolai & Wardway","locid":8482,"tp":false,"seq":6925,"lng":-122.71020699998,"lat":45.538599999998},{"desc":"NW Nicolai & 27th","locid":4105,"tp":false,"seq":6975,"lng":-122.70767299998,"lat":45.539412999998},{"desc":"NW 27th & Wilson","locid":8483,"tp":false,"seq":7025,"lng":-122.70698699998,"lat":45.537794999998}],"desc":"To Montgomery Park","dir":1}],"route":77,"type":"B"},{"detour":true,"desc":"70-12th/NE 33rd Ave","dir":[{"stop":[{"desc":"SE Jackson & Main","locid":13477,"tp":true,"seq":50,"lng":-122.640713160972,"lat":45.4447863301485},{"desc":"SE Jackson & 21st","locid":8225,"tp":false,"seq":100,"lng":-122.640490507498,"lat":45.4448268363439},{"desc":"SE 17th & Lava","locid":6871,"tp":false,"seq":150,"lng":-122.643462707508,"lat":45.4479570560149},{"desc":"SE 17th & Waverly","locid":6901,"tp":false,"seq":200,"lng":-122.645928,"lat":45.452991},{"desc":"SE 17th & Ochoco St","locid":6885,"tp":false,"seq":250,"lng":-122.646769733808,"lat":45.4584014927124},{"desc":"SE Linn & 16th","locid":3421,"tp":false,"seq":300,"lng":-122.64890624299,"lat":45.4593824528713},{"desc":"SE Linn & 13th","locid":3419,"tp":false,"seq":350,"lng":-122.652514823947,"lat":45.4593774417061},{"desc":"SE 13th & Clatsop","locid":6688,"tp":false,"seq":400,"lng":-122.652896708501,"lat":45.4607022675116},{"desc":"SE 13th & Umatilla","locid":6711,"tp":false,"seq":450,"lng":-122.65291642583,"lat":45.4628069222408},{"desc":"SE 13th & Tacoma","locid":6708,"tp":true,"seq":500,"lng":-122.652910322264,"lat":45.4642012224045},{"desc":"SE 13th & Nehalem","locid":6699,"tp":false,"seq":550,"lng":-122.65294299998,"lat":45.465614999998},{"desc":"SE 13th & Lambert","locid":6693,"tp":false,"seq":600,"lng":-122.65290599998,"lat":45.468483999998},{"desc":"SE 13th & Knapp","locid":6691,"tp":false,"seq":650,"lng":-122.652904,"lat":45.471388},{"desc":"SE Bybee & 14th","locid":844,"tp":false,"seq":700,"lng":-122.65142199998,"lat":45.473626999998},{"desc":"SE Bybee & Milwaukie","locid":839,"tp":false,"seq":750,"lng":-122.648916,"lat":45.47365},{"desc":"SE 17th & Marion","locid":6853,"tp":false,"seq":800,"lng":-122.646964954961,"lat":45.4599853618148},{"desc":"SE 17th & Harney","locid":6860,"tp":false,"seq":850,"lng":-122.646932320352,"lat":45.4621001726671},{"desc":"SE 17th & Tenino","locid":6897,"tp":false,"seq":900,"lng":-122.64696318918,"lat":45.4634669121181},{"desc":"SE 17th & Spokane","locid":10302,"tp":true,"seq":950,"lng":-122.646937122226,"lat":45.4649474505712},{"desc":"SE 17th & Lexington","locid":6873,"tp":false,"seq":1000,"lng":-122.64695699998,"lat":45.466994999998},{"desc":"SE 17th & Rex","locid":6889,"tp":false,"seq":1050,"lng":-122.64718561244,"lat":45.47009340272},{"desc":"SE 17th & Bybee","locid":6848,"tp":false,"seq":1100,"lng":-122.647652214276,"lat":45.4736639008249},{"desc":"SE 17th & Claybourne","locid":6856,"tp":false,"seq":1150,"lng":-122.647865893699,"lat":45.4755110636819},{"desc":"SE 17th & Tolman","locid":6898,"tp":false,"seq":1200,"lng":-122.648066,"lat":45.477266},{"desc":"SE 17th & Knight","locid":6867,"tp":false,"seq":1250,"lng":-122.64832799998,"lat":45.479954999998},{"desc":"SE 17th & Harold","locid":6861,"tp":false,"seq":1300,"lng":-122.64832399998,"lat":45.483054999998},{"desc":"SE 17th & McLoughlin","locid":6882,"tp":false,"seq":1350,"lng":-122.648258,"lat":45.485838},{"desc":"SE 17th & Schiller","locid":6893,"tp":false,"seq":1400,"lng":-122.648283278914,"lat":45.4873103533133},{"desc":"SE 17th & Holgate","locid":6863,"tp":false,"seq":1450,"lng":-122.648287,"lat":45.490018},{"desc":"SE 17th & Mall","locid":6876,"tp":false,"seq":1500,"lng":-122.64825,"lat":45.491673},{"desc":"SE 17th & Center","locid":6849,"tp":true,"seq":1550,"lng":-122.648222369485,"lat":45.4938763173984},{"desc":"SE 17th & Rhine","locid":13693,"tp":false,"seq":1625,"lng":-122.648201027686,"lat":45.4977806450582},{"desc":"SE Powell & Milwaukie","locid":4539,"tp":false,"seq":1700,"lng":-122.654005982411,"lat":45.5013997072642},{"desc":"SE 12th & Division","locid":6578,"tp":false,"seq":1750,"lng":-122.6536516228,"lat":45.504752452219},{"desc":"SE 12th & Harrison","locid":6581,"tp":false,"seq":1800,"lng":-122.65363499998,"lat":45.508420999998},{"desc":"SE 12th & Clay","locid":6576,"tp":false,"seq":1850,"lng":-122.65359499998,"lat":45.511315999998},{"desc":"SE 12th & Madison","locid":6585,"tp":true,"seq":1900,"lng":-122.653625108047,"lat":45.5131145886889},{"desc":"SE 12th & Morrison","locid":6588,"tp":false,"seq":1950,"lng":-122.65357999998,"lat":45.517058999998},{"desc":"SE 12th & Stark","locid":6594,"tp":false,"seq":2000,"lng":-122.65354599998,"lat":45.519228999998},{"desc":"SE 12th & Pine","locid":6589,"tp":false,"seq":2050,"lng":-122.65354399998,"lat":45.520673999998},{"desc":"NE 12th & Sandy","locid":6592,"tp":true,"seq":2100,"lng":-122.653486270445,"lat":45.5231919243037},{"desc":"NE 12th & Irving","locid":6582,"tp":false,"seq":2150,"lng":-122.653462,"lat":45.527449},{"desc":"NE 11th & Holladay","locid":8513,"tp":true,"seq":2200,"lng":-122.654460254085,"lat":45.5298942223546},{"desc":"NE 11th & Multnomah","locid":8938,"tp":false,"seq":2250,"lng":-122.65449699998,"lat":45.531349999998},{"desc":"NE Multnomah & 13th","locid":4047,"tp":false,"seq":2350,"lng":-122.65207127486,"lat":45.531372247987},{"desc":"NE Multnomah & 16th","locid":4048,"tp":false,"seq":2400,"lng":-122.649739200547,"lat":45.5313766347227},{"desc":"NE Multnomah & 19th","locid":4050,"tp":false,"seq":2450,"lng":-122.646821981196,"lat":45.531365393737},{"desc":"NE 21st & Clackamas","locid":7107,"tp":false,"seq":2500,"lng":-122.64474699998,"lat":45.532800999998},{"desc":"NE 21st & Weidler","locid":7138,"tp":false,"seq":2550,"lng":-122.644753286262,"lat":45.5342121171082},{"desc":"NE Weidler & 22nd","locid":6237,"tp":false,"seq":2600,"lng":-122.64309999998,"lat":45.534246999998},{"desc":"NE Weidler & 24th","locid":6239,"tp":false,"seq":2650,"lng":-122.641283120291,"lat":45.5342653214203},{"desc":"NE Broadway & 26th","locid":636,"tp":false,"seq":2700,"lng":-122.638671462688,"lat":45.5350679996389},{"desc":"NE Broadway & 28th","locid":638,"tp":false,"seq":2750,"lng":-122.636379666941,"lat":45.5350689085306},{"desc":"NE Broadway & 32nd","locid":642,"tp":false,"seq":2800,"lng":-122.633438807693,"lat":45.5350774066971},{"desc":"NE 33rd & Schuyler","locid":7392,"tp":true,"seq":2850,"lng":-122.630553304709,"lat":45.535698689002},{"desc":"NE 33rd & US Grant Pl","locid":7402,"tp":false,"seq":2900,"lng":-122.630595699409,"lat":45.5381733376194},{"desc":"NE 33rd & Brazee","locid":7365,"tp":false,"seq":2950,"lng":-122.630626544748,"lat":45.5399965785796},{"desc":"NE 33rd & Knott","locid":7385,"tp":false,"seq":3000,"lng":-122.630608226296,"lat":45.5423319878042},{"desc":"NE 33rd & Stanton","locid":7399,"tp":false,"seq":3050,"lng":-122.630602890968,"lat":45.5437800634171},{"desc":"NE 33rd & Siskiyou","locid":7395,"tp":false,"seq":3100,"lng":-122.630605658891,"lat":45.5459111167701},{"desc":"NE 33rd & Alameda","locid":7373,"tp":true,"seq":3150,"lng":-122.630615165307,"lat":45.5488155975017},{"desc":"NE 33rd & Shaver","locid":7393,"tp":false,"seq":3200,"lng":-122.630614951018,"lat":45.5516897304243},{"desc":"NE 33rd & Skidmore","locid":7398,"tp":false,"seq":3250,"lng":-122.630586583614,"lat":45.5535503304808},{"desc":"NE 33rd & Prescott","locid":7390,"tp":false,"seq":3300,"lng":-122.63059221067,"lat":45.5550751351486},{"desc":"NE 33rd & Going","locid":7375,"tp":false,"seq":3350,"lng":-122.63061656255,"lat":45.5566320117006},{"desc":"NE 33rd & Alberta Ct","locid":7364,"tp":false,"seq":3400,"lng":-122.630593949637,"lat":45.5581964021853},{"desc":"NE 33rd & Webster","locid":7404,"tp":false,"seq":3450,"lng":-122.630553933759,"lat":45.5597223554474},{"desc":"NE 33rd & Emerson","locid":7371,"tp":false,"seq":3500,"lng":-122.630607,"lat":45.561433},{"desc":"NE 33rd & Killingsworth","locid":7383,"tp":true,"seq":3550,"lng":-122.630582369121,"lat":45.5625960528388},{"desc":"NE 33rd & Jarrett","locid":7380,"tp":false,"seq":3600,"lng":-122.630582888116,"lat":45.5645678657461},{"desc":"NE 33rd & Ainsworth","locid":7362,"tp":false,"seq":3650,"lng":-122.630571397956,"lat":45.5662123712576},{"desc":"NE 33rd & Holman","locid":7378,"tp":false,"seq":3700,"lng":-122.630568727916,"lat":45.5681672910875},{"desc":"NE 33rd & Rosa Parks Way","locid":7389,"tp":false,"seq":3750,"lng":-122.630562723258,"lat":45.5698639563539},{"desc":"NE 33rd & Dekum","locid":7369,"tp":false,"seq":3800,"lng":-122.630535403357,"lat":45.5717531272087},{"desc":"NE Columbia Blvd & 29th","locid":8508,"tp":false,"seq":3850,"lng":-122.636320259487,"lat":45.5749697936322},{"desc":"NE Columbia Blvd & 27th","locid":1115,"tp":false,"seq":3900,"lng":-122.638302493715,"lat":45.5753713738581},{"desc":"NE Columbia Blvd & 24th","locid":8498,"tp":false,"seq":3950,"lng":-122.641676194425,"lat":45.5761394381801},{"desc":"7500 Block NE 21st","locid":8303,"tp":false,"seq":4000,"lng":-122.643853336534,"lat":45.5771778810311},{"desc":"NE 21st & Argyle","locid":7105,"tp":false,"seq":4050,"lng":-122.643832002723,"lat":45.5792510103181},{"desc":"NE 21st & Riverside Way","locid":8883,"tp":false,"seq":4100,"lng":-122.643806343029,"lat":45.5813998831848},{"desc":"2500 Block NE Riverside Way","locid":8854,"tp":false,"seq":4150,"lng":-122.63961033801,"lat":45.5807984477452},{"desc":"2800 Block NE Riverside Way","locid":9550,"tp":false,"seq":4200,"lng":-122.636000573944,"lat":45.5799990711082},{"desc":"N Riverside Way & 33rd Dr","locid":4912,"tp":false,"seq":4250,"lng":-122.633662609484,"lat":45.5800061158298},{"desc":"NE 33rd Dr & Elrod Dr","locid":9365,"tp":false,"seq":4300,"lng":-122.633106312995,"lat":45.581409277535},{"desc":"8400 Block NE 33rd Dr","locid":10452,"tp":false,"seq":4350,"lng":-122.63281912558,"lat":45.583573679921},{"desc":"NE 33rd Dr & Sunderland","locid":9339,"tp":false,"seq":4400,"lng":-122.631995324514,"lat":45.589586676276},{"desc":"NE Sunderland & 33rd Dr","locid":11171,"tp":false,"seq":4450,"lng":-122.635862,"lat":45.595007},{"desc":"9600 Block NE Sunderland","locid":9367,"tp":false,"seq":4500,"lng":-122.635853834635,"lat":45.5931786834534},{"desc":"9400 Block NE Sunderland","locid":13040,"tp":false,"seq":4550,"lng":-122.635850117356,"lat":45.5912829983284},{"desc":"NE Sunderland & Columbia River Corr Cntr","locid":9368,"tp":true,"seq":4600,"lng":-122.635888171762,"lat":45.5898715670259}],"desc":"To 33rd & Sunderland","dir":0},{"stop":[{"desc":"NE Sunderland & Columbia River Corr Cntr","locid":9368,"tp":true,"seq":50,"lng":-122.635888171762,"lat":45.5898715670259},{"desc":"NE Sunderland & 33rd Dr (In)","locid":9414,"tp":false,"seq":100,"lng":-122.632698070569,"lat":45.5893360513134},{"desc":"8400 Block NE 33rd Dr","locid":10450,"tp":false,"seq":150,"lng":-122.632924827788,"lat":45.5840574799775},{"desc":"NE 33rd Dr & Elrod Dr","locid":9369,"tp":false,"seq":200,"lng":-122.633278531083,"lat":45.5819432399049},{"desc":"NE Riverside Way & 33rd Dr","locid":9549,"tp":false,"seq":250,"lng":-122.635504580119,"lat":45.5801332803815},{"desc":"2400 Block NE Riverside Way","locid":9371,"tp":false,"seq":300,"lng":-122.63879793399,"lat":45.580658701896},{"desc":"NE 21st & Riverside Way","locid":9402,"tp":false,"seq":350,"lng":-122.643969754412,"lat":45.5814964185849},{"desc":"NE 21st & Argyle","locid":118,"tp":false,"seq":400,"lng":-122.64400684982,"lat":45.5793910438235},{"desc":"7500 Block NE 21st","locid":8304,"tp":false,"seq":450,"lng":-122.644026179711,"lat":45.5773612368844},{"desc":"NE Columbia Blvd & 24th","locid":8507,"tp":false,"seq":500,"lng":-122.640392120742,"lat":45.5756621589036},{"desc":"NE Columbia Blvd & 27th","locid":8500,"tp":false,"seq":550,"lng":-122.638334718578,"lat":45.575206283112},{"desc":"NE Columbia Blvd & 29th","locid":8499,"tp":false,"seq":600,"lng":-122.6358816199,"lat":45.5746947399266},{"desc":"33rd & Dekum","locid":7370,"tp":false,"seq":650,"lng":-122.630732701574,"lat":45.5721059023258},{"desc":"NE 33rd & Rosa Parks Way","locid":7388,"tp":false,"seq":700,"lng":-122.630731173527,"lat":45.5701303135145},{"desc":"NE 33rd & Holman","locid":7379,"tp":false,"seq":750,"lng":-122.630738679459,"lat":45.5681078218665},{"desc":"NE 33rd & Ainsworth","locid":7361,"tp":false,"seq":800,"lng":-122.630730212737,"lat":45.5659775484022},{"desc":"NE 33rd & Jarrett","locid":7381,"tp":false,"seq":850,"lng":-122.630708704928,"lat":45.5645427087334},{"desc":"NE 33rd & Killingsworth","locid":7382,"tp":true,"seq":900,"lng":-122.630736382799,"lat":45.5629962679257},{"desc":"NE 33rd & Emerson","locid":7372,"tp":false,"seq":950,"lng":-122.630719263414,"lat":45.5615962040012},{"desc":"NE 33rd & Alberta","locid":7363,"tp":false,"seq":1000,"lng":-122.630744976889,"lat":45.5591080256107},{"desc":"NE 33rd & Prescott","locid":7391,"tp":false,"seq":1050,"lng":-122.630759943939,"lat":45.5554698463084},{"desc":"NE 33rd & Skidmore","locid":7397,"tp":false,"seq":1100,"lng":-122.630757260568,"lat":45.5543861563697},{"desc":"NE 33rd & Shaver","locid":7394,"tp":false,"seq":1150,"lng":-122.630766781852,"lat":45.5519002102163},{"desc":"NE 33rd & Bryce","locid":7368,"tp":false,"seq":1200,"lng":-122.630776326781,"lat":45.5501877709642},{"desc":"NE 33rd & Fremont","locid":7374,"tp":true,"seq":1250,"lng":-122.630779823902,"lat":45.5483785738469},{"desc":"NE 33rd & Siskiyou","locid":7396,"tp":false,"seq":1300,"lng":-122.630770619808,"lat":45.5453577678771},{"desc":"NE 33rd & Stanton","locid":7400,"tp":false,"seq":1350,"lng":-122.63075903524,"lat":45.5437113682067},{"desc":"NE 33rd & Knott","locid":7386,"tp":false,"seq":1400,"lng":-122.630767018249,"lat":45.5417496242664},{"desc":"NE 33rd & Brazee","locid":7366,"tp":false,"seq":1450,"lng":-122.630741320445,"lat":45.5402044161733},{"desc":"NE 33rd & US Grant Pl","locid":7403,"tp":false,"seq":1500,"lng":-122.630749080407,"lat":45.5378683126322},{"desc":"NE 33rd & Hancock","locid":7377,"tp":false,"seq":1550,"lng":-122.63074510384,"lat":45.5365910482638},{"desc":"NE Broadway & 33rd","locid":644,"tp":true,"seq":1600,"lng":-122.631149981399,"lat":45.5352389051442},{"desc":"NE Broadway & 32nd","locid":643,"tp":false,"seq":1650,"lng":-122.633094704481,"lat":45.5352446706717},{"desc":"NE Broadway & 30th","locid":641,"tp":false,"seq":1700,"lng":-122.634861359344,"lat":45.5352518168781},{"desc":"NE Broadway & 28th","locid":639,"tp":false,"seq":1750,"lng":-122.636588902197,"lat":45.5352385870462},{"desc":"NE Broadway & 26th","locid":637,"tp":false,"seq":1800,"lng":-122.639566070736,"lat":45.535237843984},{"desc":"NE Broadway & 24th","locid":635,"tp":false,"seq":1850,"lng":-122.641606454434,"lat":45.53512227578},{"desc":"NE 21st & Weidler","locid":7139,"tp":false,"seq":1900,"lng":-122.644914405654,"lat":45.5345224948626},{"desc":"NE 21st & Clackamas","locid":7106,"tp":false,"seq":1950,"lng":-122.644946170523,"lat":45.5329566376484},{"desc":"NE 21st & Multnomah","locid":7126,"tp":false,"seq":2000,"lng":-122.644940392348,"lat":45.5315879263136},{"desc":"NE Multnomah & 16th","locid":4049,"tp":false,"seq":2050,"lng":-122.649258707017,"lat":45.5315491369357},{"desc":"NE Multnomah & 13th","locid":4045,"tp":false,"seq":2100,"lng":-122.652350374845,"lat":45.5315712506375},{"desc":"NE Multnomah & 11th","locid":4044,"tp":false,"seq":2150,"lng":-122.65443599998,"lat":45.531574999998},{"desc":"NE Holladay & 11th","locid":8937,"tp":true,"seq":2250,"lng":-122.654803830624,"lat":45.5299539124275},{"desc":"NE 12th & Irving","locid":6583,"tp":false,"seq":2350,"lng":-122.653672,"lat":45.528083},{"desc":"NE 12th & Glisan","locid":6580,"tp":false,"seq":2400,"lng":-122.65368399998,"lat":45.526718999998},{"desc":"NE 12th & Couch","locid":6577,"tp":true,"seq":2450,"lng":-122.653725,"lat":45.52337},{"desc":"SE 11th & Ash","locid":6541,"tp":false,"seq":2500,"lng":-122.654703,"lat":45.5216},{"desc":"SE 11th & Stark","locid":6554,"tp":false,"seq":2550,"lng":-122.654723,"lat":45.519464},{"desc":"SE 11th & Belmont","locid":6542,"tp":false,"seq":2600,"lng":-122.6547360537,"lat":45.516661327614},{"desc":"SE 11th & Madison","locid":6551,"tp":true,"seq":2650,"lng":-122.654777981798,"lat":45.5127368788558},{"desc":"SE 11th & Clay","locid":6543,"tp":false,"seq":2700,"lng":-122.654784312694,"lat":45.5116741838037},{"desc":"SE 11th & Stephens","locid":6555,"tp":false,"seq":2750,"lng":-122.654791,"lat":45.509471},{"desc":"SE 11th & Sherman","locid":6553,"tp":false,"seq":2800,"lng":-122.65481837516,"lat":45.506599983226},{"desc":"SE 11th & Division","locid":6545,"tp":false,"seq":2850,"lng":-122.65482897415,"lat":45.5049485231872},{"desc":"SE 11th & Clinton","locid":6544,"tp":false,"seq":2900,"lng":-122.654537304436,"lat":45.503282794389},{"desc":"SE Milwaukie & Powell","locid":10472,"tp":true,"seq":2950,"lng":-122.654335487979,"lat":45.5006626595063},{"desc":"SE Milwaukie & Haig","locid":3916,"tp":false,"seq":3000,"lng":-122.654144408319,"lat":45.4981931577262},{"desc":"SE Milwaukie & Rhone","locid":3941,"tp":false,"seq":3050,"lng":-122.65349799998,"lat":45.496024999998},{"desc":"SE Milwaukie & Center","locid":3909,"tp":false,"seq":3100,"lng":-122.652898838242,"lat":45.4941125042028},{"desc":"SE 17th & Boise","locid":13658,"tp":true,"seq":3150,"lng":-122.648426041648,"lat":45.4930064139178},{"desc":"SE 17th & Pardee","locid":6864,"tp":false,"seq":3200,"lng":-122.648459489756,"lat":45.4896868500154},{"desc":"SE 17th & Schiller","locid":6894,"tp":false,"seq":3250,"lng":-122.648436501106,"lat":45.4877334917972},{"desc":"SE 17th & Mitchell","locid":6846,"tp":false,"seq":3300,"lng":-122.64845599998,"lat":45.485451999998},{"desc":"SE 17th & Harold","locid":6862,"tp":false,"seq":3350,"lng":-122.64843219666,"lat":45.483200598999},{"desc":"SE 17th & Knight","locid":6868,"tp":false,"seq":3400,"lng":-122.64848699998,"lat":45.480087999998},{"desc":"SE 17th & Tolman","locid":6899,"tp":false,"seq":3450,"lng":-122.648248,"lat":45.477498},{"desc":"SE 17th & Claybourne","locid":6857,"tp":false,"seq":3500,"lng":-122.64802299998,"lat":45.475670999998},{"desc":"SE 17th & Bybee","locid":6847,"tp":false,"seq":3550,"lng":-122.647793,"lat":45.473897},{"desc":"SE Bybee & Milwaukie","locid":838,"tp":false,"seq":3600,"lng":-122.648402432945,"lat":45.4737966421606},{"desc":"SE Bybee & 14th","locid":843,"tp":false,"seq":3650,"lng":-122.651634,"lat":45.473737},{"desc":"SE 13th & Sellwood","locid":6707,"tp":false,"seq":3700,"lng":-122.653065,"lat":45.471594},{"desc":"SE 13th & Lambert","locid":6694,"tp":false,"seq":3750,"lng":-122.653075779153,"lat":45.4686904102052},{"desc":"SE 13th & Nehalem","locid":6700,"tp":false,"seq":3800,"lng":-122.65306099998,"lat":45.465836999998},{"desc":"SE 13th & Tacoma","locid":6709,"tp":true,"seq":3850,"lng":-122.653076964347,"lat":45.4640706561183},{"desc":"SE Umatilla & 16th","locid":5884,"tp":false,"seq":3900,"lng":-122.64945333175,"lat":45.4628410442419},{"desc":"SE 17th & Rex","locid":6890,"tp":false,"seq":3950,"lng":-122.64738099998,"lat":45.470260999998},{"desc":"SE 17th & Lexington","locid":6874,"tp":false,"seq":4000,"lng":-122.64710899998,"lat":45.467148999998},{"desc":"SE 17th & Tacoma","locid":6896,"tp":true,"seq":4050,"lng":-122.647126764023,"lat":45.4644509405092},{"desc":"SE 17th & Umatilla","locid":6900,"tp":false,"seq":4100,"lng":-122.647115616277,"lat":45.4625590905419},{"desc":"SE 17th & Clatsop","locid":6852,"tp":false,"seq":4150,"lng":-122.647116712642,"lat":45.4608927770305},{"desc":"SE 17th & Ochoco St","locid":6886,"tp":false,"seq":4200,"lng":-122.647112139612,"lat":45.4587252674568},{"desc":"SE 17th & Waverly","locid":6902,"tp":false,"seq":4250,"lng":-122.64629699998,"lat":45.453482999998},{"desc":"SE 17th & Waverly Greens Apts","locid":6903,"tp":false,"seq":4300,"lng":-122.64404599998,"lat":45.448708999998},{"desc":"SE 17th & Lava","locid":6872,"tp":false,"seq":4350,"lng":-122.643374323511,"lat":45.4469393396463},{"desc":"SE Jackson & Main","locid":13477,"tp":true,"seq":4400,"lng":-122.640713160972,"lat":45.4447863301485}],"desc":"To Milwaukie","dir":1}],"route":70,"type":"B"}]}}